sentence,modelo_exemplo,arg1,rel,arg2,n_modelos_concordando
"Michael J. Shea, formado em 1904, escreveu a música, e seu irmão, John F. Shea, que se formou em 1906 e 1908, escreveu a letra original.",Claude_Sonnet5,"seu irmão, John F. Shea",se formou em,1906,4
"Michael J. Shea, formado em 1904, escreveu a música, e seu irmão, John F. Shea, que se formou em 1906 e 1908, escreveu a letra original.",Claude_Sonnet5,"seu irmão, John F. Shea",se formou em,1908,4
"Michael J. Shea, formado em 1904, escreveu a música, e seu irmão, John F. Shea, que se formou em 1906 e 1908, escreveu a letra original.",Claude_Sonnet5,"seu irmão, John F. Shea",escreveu,a letra original,7
"Michael J. Shea, formado em 1904, escreveu a música, e seu irmão, John F. Shea, que se formou em 1906 e 1908, escreveu a letra original.",LlamaPortOIE3,"seu irmão, John F. Shea",escreveu,a letra original,7
"Michael J. Shea, formado em 1904, escreveu a música, e seu irmão, John F. Shea, que se formou em 1906 e 1908, escreveu a letra original.",Qwen3OIE_0_6B,John F. Shea,se formou em,1906,4
"Michael J. Shea, formado em 1904, escreveu a música, e seu irmão, John F. Shea, que se formou em 1906 e 1908, escreveu a letra original.",Qwen3OIE_0_6B,John F. Shea,se formou em,1908,4
"Michael J. Shea, formado em 1904, escreveu a música, e seu irmão, John F. Shea, que se formou em 1906 e 1908, escreveu a letra original.",Qwen3OIE_0_6B,John F. Shea,escreveu,a letra original,7
"Michael J. Shea, formado em 1904, escreveu a música, e seu irmão, John F. Shea, que se formou em 1906 e 1908, escreveu a letra original.",Qwen3OIE_4B,John F. Shea,se formou em,1906,4
"Michael J. Shea, formado em 1904, escreveu a música, e seu irmão, John F. Shea, que se formou em 1906 e 1908, escreveu a letra original.",Qwen3OIE_4B,John F. Shea,se formou em,1908,4
"Michael J. Shea, formado em 1904, escreveu a música, e seu irmão, John F. Shea, que se formou em 1906 e 1908, escreveu a letra original.",Qwen3OIE_4B,John F. Shea,escreveu,a letra original,7
"Michael J. Shea, formado em 1904, escreveu a música, e seu irmão, John F. Shea, que se formou em 1906 e 1908, escreveu a letra original.",respostaGrok4.0Fast,"seu irmão, John F. Shea",escreveu,a letra original,7
"Michael J. Shea, formado em 1904, escreveu a música, e seu irmão, John F. Shea, que se formou em 1906 e 1908, escreveu a letra original.",respostas_gpt5.5_mini,"seu irmão, John F. Shea",escreveu,a letra original,7
"Michael J. Shea, formado em 1904, escreveu a música, e seu irmão, John F. Shea, que se formou em 1906 e 1908, escreveu a letra original.",respostasGemini3.1Pro,"seu irmão, John F. Shea",escreveu,a letra original,7
"Michael J. Shea, formado em 1904, escreveu a música, e seu irmão, John F. Shea, que se formou em 1906 e 1908, escreveu a letra original.",respostasGemini3.1Pro,John F. Shea,se formou em,1906,4
"Michael J. Shea, formado em 1904, escreveu a música, e seu irmão, John F. Shea, que se formou em 1906 e 1908, escreveu a letra original.",respostasGemini3.1Pro,John F. Shea,se formou em,1908,4
"A Universidade de Notre Dame du Lac (ou simplesmente Notre Dame / ˌnoʊtərˈdeɪm / NOH-tər-DAYM) é uma Universidade Católica de Pesquisa localizada a o lado de South Bend, Indiana, em os Estados Unidos.",Claude_Sonnet5,A Universidade de Notre Dame du Lac,é localizada a o lado de,"South Bend, Indiana",3
"A Universidade de Notre Dame du Lac (ou simplesmente Notre Dame / ˌnoʊtərˈdeɪm / NOH-tər-DAYM) é uma Universidade Católica de Pesquisa localizada a o lado de South Bend, Indiana, em os Estados Unidos.",Claude_Sonnet5,A Universidade de Notre Dame du Lac,é localizada em,os Estados Unidos,4
"A Universidade de Notre Dame du Lac (ou simplesmente Notre Dame / ˌnoʊtərˈdeɪm / NOH-tər-DAYM) é uma Universidade Católica de Pesquisa localizada a o lado de South Bend, Indiana, em os Estados Unidos.",Qwen3OIE_0_6B,A Universidade de Notre Dame du Lac,é localizada em,os Estados Unidos,4
"A Universidade de Notre Dame du Lac (ou simplesmente Notre Dame / ˌnoʊtərˈdeɪm / NOH-tər-DAYM) é uma Universidade Católica de Pesquisa localizada a o lado de South Bend, Indiana, em os Estados Unidos.",Qwen3OIE_4B,A Universidade de Notre Dame du Lac,é localizada a o lado de,"South Bend, Indiana",3
"A Universidade de Notre Dame du Lac (ou simplesmente Notre Dame / ˌnoʊtərˈdeɪm / NOH-tər-DAYM) é uma Universidade Católica de Pesquisa localizada a o lado de South Bend, Indiana, em os Estados Unidos.",Qwen3OIE_4B,A Universidade de Notre Dame du Lac,é localizada em,os Estados Unidos,4
"A Universidade de Notre Dame du Lac (ou simplesmente Notre Dame / ˌnoʊtərˈdeɪm / NOH-tər-DAYM) é uma Universidade Católica de Pesquisa localizada a o lado de South Bend, Indiana, em os Estados Unidos.",respostaGrok4.0Fast,A Universidade de Notre Dame du Lac,localizada a o lado de,"South Bend, Indiana",3
"A Universidade de Notre Dame du Lac (ou simplesmente Notre Dame / ˌnoʊtərˈdeɪm / NOH-tər-DAYM) é uma Universidade Católica de Pesquisa localizada a o lado de South Bend, Indiana, em os Estados Unidos.",respostasGemini3.1Pro,A Universidade de Notre Dame du Lac,localizada em,os Estados Unidos,4
"Em fevereiro de 2013, Beyoncé disse que Madonna a inspirou a assumir o controle de sua própria carreira.",Claude_Sonnet5,Beyoncé,disse,que Madonna a inspirou a assumir o controle de sua própria carreira,7
"Em fevereiro de 2013, Beyoncé disse que Madonna a inspirou a assumir o controle de sua própria carreira.",Claude_Sonnet5,Beyoncé,disse em,fevereiro de 2013,3
"Em fevereiro de 2013, Beyoncé disse que Madonna a inspirou a assumir o controle de sua própria carreira.",LlamaPortOIE3,Beyoncé,disse,que Madonna a inspirou a assumir o controle de sua própria carreira,7
"Em fevereiro de 2013, Beyoncé disse que Madonna a inspirou a assumir o controle de sua própria carreira.",Qwen3OIE_0_6B,Beyoncé,disse,que Madonna a inspirou a assumir o controle de sua própria carreira,7
"Em fevereiro de 2013, Beyoncé disse que Madonna a inspirou a assumir o controle de sua própria carreira.",Qwen3OIE_4B,Beyoncé,disse,que Madonna a inspirou a assumir o controle de sua própria carreira,7
"Em fevereiro de 2013, Beyoncé disse que Madonna a inspirou a assumir o controle de sua própria carreira.",Qwen3OIE_4B,Beyoncé,disse em,fevereiro de 2013,3
"Em fevereiro de 2013, Beyoncé disse que Madonna a inspirou a assumir o controle de sua própria carreira.",Qwen3OIE_4B,Madonna,inspirou,Beyoncé a assumir o controle de sua própria carreira,3
"Em fevereiro de 2013, Beyoncé disse que Madonna a inspirou a assumir o controle de sua própria carreira.",respostaGrok4.0Fast,Beyoncé,disse,que Madonna a inspirou a assumir o controle de sua própria carreira,7
"Em fevereiro de 2013, Beyoncé disse que Madonna a inspirou a assumir o controle de sua própria carreira.",respostaGrok4.0Fast,Madonna,inspirou,Beyoncé a assumir o controle de sua própria carreira,3
"Em fevereiro de 2013, Beyoncé disse que Madonna a inspirou a assumir o controle de sua própria carreira.",respostas_gpt5.5_mini,Beyoncé,disse,que Madonna a inspirou a assumir o controle de sua própria carreira,7
"Em fevereiro de 2013, Beyoncé disse que Madonna a inspirou a assumir o controle de sua própria carreira.",respostas_gpt5.5_mini,Madonna,inspirou,Beyoncé a assumir o controle de sua própria carreira,3
"Em fevereiro de 2013, Beyoncé disse que Madonna a inspirou a assumir o controle de sua própria carreira.",respostasGemini3.1Pro,Beyoncé,disse,que Madonna a inspirou a assumir o controle de sua própria carreira,7
"Em fevereiro de 2013, Beyoncé disse que Madonna a inspirou a assumir o controle de sua própria carreira.",respostasGemini3.1Pro,Beyoncé,disse em,fevereiro de 2013,3
"Em 2013, Beyoncé fez a Lista Time 100, Baz Luhrmann escrevendo ninguém tem essa voz, ninguém se move de o jeito que ela se move, ninguém pode manter uma audiência de o jeito que ela faz... Quando Beyoncé faz um álbum, quando Beyoncé canta uma música, quando Beyoncé faz qualquer coisa, é um evento e é amplamente influente.",Claude_Sonnet5,Beyoncé,faz,um álbum,4
"Em 2013, Beyoncé fez a Lista Time 100, Baz Luhrmann escrevendo ninguém tem essa voz, ninguém se move de o jeito que ela se move, ninguém pode manter uma audiência de o jeito que ela faz... Quando Beyoncé faz um álbum, quando Beyoncé canta uma música, quando Beyoncé faz qualquer coisa, é um evento e é amplamente influente.",Claude_Sonnet5,Beyoncé,faz,qualquer coisa,4
"Em 2013, Beyoncé fez a Lista Time 100, Baz Luhrmann escrevendo ninguém tem essa voz, ninguém se move de o jeito que ela se move, ninguém pode manter uma audiência de o jeito que ela faz... Quando Beyoncé faz um álbum, quando Beyoncé canta uma música, quando Beyoncé faz qualquer coisa, é um evento e é amplamente influente.",Qwen3OIE_4B,Beyoncé,faz,um álbum,4
"Em 2013, Beyoncé fez a Lista Time 100, Baz Luhrmann escrevendo ninguém tem essa voz, ninguém se move de o jeito que ela se move, ninguém pode manter uma audiência de o jeito que ela faz... Quando Beyoncé faz um álbum, quando Beyoncé canta uma música, quando Beyoncé faz qualquer coisa, é um evento e é amplamente influente.",Qwen3OIE_4B,Beyoncé,faz,qualquer coisa,4
"Em 2013, Beyoncé fez a Lista Time 100, Baz Luhrmann escrevendo ninguém tem essa voz, ninguém se move de o jeito que ela se move, ninguém pode manter uma audiência de o jeito que ela faz... Quando Beyoncé faz um álbum, quando Beyoncé canta uma música, quando Beyoncé faz qualquer coisa, é um evento e é amplamente influente.",respostaGrok4.0Fast,Beyoncé,faz,um álbum,4
"Em 2013, Beyoncé fez a Lista Time 100, Baz Luhrmann escrevendo ninguém tem essa voz, ninguém se move de o jeito que ela se move, ninguém pode manter uma audiência de o jeito que ela faz... Quando Beyoncé faz um álbum, quando Beyoncé canta uma música, quando Beyoncé faz qualquer coisa, é um evento e é amplamente influente.",respostaGrok4.0Fast,Beyoncé,faz,qualquer coisa,4
"Em 2013, Beyoncé fez a Lista Time 100, Baz Luhrmann escrevendo ninguém tem essa voz, ninguém se move de o jeito que ela se move, ninguém pode manter uma audiência de o jeito que ela faz... Quando Beyoncé faz um álbum, quando Beyoncé canta uma música, quando Beyoncé faz qualquer coisa, é um evento e é amplamente influente.",respostas_gpt5.5_mini,Beyoncé,faz,um álbum,4
"Em 2013, Beyoncé fez a Lista Time 100, Baz Luhrmann escrevendo ninguém tem essa voz, ninguém se move de o jeito que ela se move, ninguém pode manter uma audiência de o jeito que ela faz... Quando Beyoncé faz um álbum, quando Beyoncé canta uma música, quando Beyoncé faz qualquer coisa, é um evento e é amplamente influente.",respostas_gpt5.5_mini,Beyoncé,faz,qualquer coisa,4
"Em 2013, foi anunciado que Beyoncé trabalharia com Salma Hayek e Frida Giannini em uma campanha de a Gucci Chime for Change, que visa espalhar o empoderamento feminino.",Claude_Sonnet5,Beyoncé,trabalharia com,Salma Hayek,4
"Em 2013, foi anunciado que Beyoncé trabalharia com Salma Hayek e Frida Giannini em uma campanha de a Gucci Chime for Change, que visa espalhar o empoderamento feminino.",Claude_Sonnet5,Beyoncé,trabalharia com,Frida Giannini,4
"Em 2013, foi anunciado que Beyoncé trabalharia com Salma Hayek e Frida Giannini em uma campanha de a Gucci Chime for Change, que visa espalhar o empoderamento feminino.",Claude_Sonnet5,Beyoncé,trabalharia em,uma campanha de a Gucci Chime for Change,3
"Em 2013, foi anunciado que Beyoncé trabalharia com Salma Hayek e Frida Giannini em uma campanha de a Gucci Chime for Change, que visa espalhar o empoderamento feminino.",Claude_Sonnet5,uma campanha de a Gucci Chime for Change,visa espalhar,o empoderamento feminino,4
"Em 2013, foi anunciado que Beyoncé trabalharia com Salma Hayek e Frida Giannini em uma campanha de a Gucci Chime for Change, que visa espalhar o empoderamento feminino.",Qwen3OIE_0_6B,Beyoncé,trabalharia com,Salma Hayek,4
"Em 2013, foi anunciado que Beyoncé trabalharia com Salma Hayek e Frida Giannini em uma campanha de a Gucci Chime for Change, que visa espalhar o empoderamento feminino.",Qwen3OIE_0_6B,Beyoncé,trabalharia com,Frida Giannini,4
"Em 2013, foi anunciado que Beyoncé trabalharia com Salma Hayek e Frida Giannini em uma campanha de a Gucci Chime for Change, que visa espalhar o empoderamento feminino.",Qwen3OIE_4B,Beyoncé,trabalharia com,Salma Hayek,4
"Em 2013, foi anunciado que Beyoncé trabalharia com Salma Hayek e Frida Giannini em uma campanha de a Gucci Chime for Change, que visa espalhar o empoderamento feminino.",Qwen3OIE_4B,Beyoncé,trabalharia com,Frida Giannini,4
"Em 2013, foi anunciado que Beyoncé trabalharia com Salma Hayek e Frida Giannini em uma campanha de a Gucci Chime for Change, que visa espalhar o empoderamento feminino.",Qwen3OIE_4B,Beyoncé,trabalharia em,uma campanha de a Gucci Chime for Change,3
"Em 2013, foi anunciado que Beyoncé trabalharia com Salma Hayek e Frida Giannini em uma campanha de a Gucci Chime for Change, que visa espalhar o empoderamento feminino.",Qwen3OIE_4B,uma campanha de a Gucci Chime for Change,visa espalhar,o empoderamento feminino,4
"Em 2013, foi anunciado que Beyoncé trabalharia com Salma Hayek e Frida Giannini em uma campanha de a Gucci Chime for Change, que visa espalhar o empoderamento feminino.",respostaGrok4.0Fast,uma campanha de a Gucci Chime for Change,visa espalhar,o empoderamento feminino,4
"Em 2013, foi anunciado que Beyoncé trabalharia com Salma Hayek e Frida Giannini em uma campanha de a Gucci Chime for Change, que visa espalhar o empoderamento feminino.",respostas_gpt5.5_mini,Beyoncé,trabalharia com,Salma Hayek,4
"Em 2013, foi anunciado que Beyoncé trabalharia com Salma Hayek e Frida Giannini em uma campanha de a Gucci Chime for Change, que visa espalhar o empoderamento feminino.",respostas_gpt5.5_mini,Beyoncé,trabalharia com,Frida Giannini,4
"Em 2013, foi anunciado que Beyoncé trabalharia com Salma Hayek e Frida Giannini em uma campanha de a Gucci Chime for Change, que visa espalhar o empoderamento feminino.",respostas_gpt5.5_mini,Beyoncé,trabalharia em,uma campanha de a Gucci Chime for Change,3
"Em 2013, foi anunciado que Beyoncé trabalharia com Salma Hayek e Frida Giannini em uma campanha de a Gucci Chime for Change, que visa espalhar o empoderamento feminino.",respostasGemini3.1Pro,uma campanha de a Gucci Chime for Change,visa espalhar,o empoderamento feminino,4
"O Bureau de o Censo de os Estados Unidos estima que a população de Montana era 1.032.949 em 1º de julho de 2015, um aumento de 4,40 % desde o Censo de os Estados Unidos de 2010.",LlamaPortOIE3,a população de Montana,era,1.032.949 em 1º de julho de 2015,3
"O Bureau de o Censo de os Estados Unidos estima que a população de Montana era 1.032.949 em 1º de julho de 2015, um aumento de 4,40 % desde o Censo de os Estados Unidos de 2010.",respostaGrok4.0Fast,a população de Montana,era,1.032.949 em 1º de julho de 2015,3
"O Bureau de o Censo de os Estados Unidos estima que a população de Montana era 1.032.949 em 1º de julho de 2015, um aumento de 4,40 % desde o Censo de os Estados Unidos de 2010.",respostas_gpt5.5_mini,a população de Montana,era,1.032.949 em 1º de julho de 2015,3
"Na primavera de 1834, Chopin participou de o Festival de Música de o Baixo Reno em Aix-la-Chapelle com Hiller, e foi lá que Chopin conheceu Felix Mendelssohn.",Claude_Sonnet5,Chopin,participou em,Aix-la-Chapelle,4
"Na primavera de 1834, Chopin participou de o Festival de Música de o Baixo Reno em Aix-la-Chapelle com Hiller, e foi lá que Chopin conheceu Felix Mendelssohn.",Claude_Sonnet5,Chopin,participou com,Hiller,5
"Na primavera de 1834, Chopin participou de o Festival de Música de o Baixo Reno em Aix-la-Chapelle com Hiller, e foi lá que Chopin conheceu Felix Mendelssohn.",Claude_Sonnet5,Chopin,participou em,a primavera de 1834,3
"Na primavera de 1834, Chopin participou de o Festival de Música de o Baixo Reno em Aix-la-Chapelle com Hiller, e foi lá que Chopin conheceu Felix Mendelssohn.",Claude_Sonnet5,Chopin,conheceu,Felix Mendelssohn,7
"Na primavera de 1834, Chopin participou de o Festival de Música de o Baixo Reno em Aix-la-Chapelle com Hiller, e foi lá que Chopin conheceu Felix Mendelssohn.",PortNOIE,Chopin Chopin,conheceu,Felix Mendelssohn,7
"Na primavera de 1834, Chopin participou de o Festival de Música de o Baixo Reno em Aix-la-Chapelle com Hiller, e foi lá que Chopin conheceu Felix Mendelssohn.",Qwen3OIE_0_6B,Chopin,participou em,Aix-la-Chapelle,4
"Na primavera de 1834, Chopin participou de o Festival de Música de o Baixo Reno em Aix-la-Chapelle com Hiller, e foi lá que Chopin conheceu Felix Mendelssohn.",Qwen3OIE_0_6B,Chopin,participou com,Hiller,5
"Na primavera de 1834, Chopin participou de o Festival de Música de o Baixo Reno em Aix-la-Chapelle com Hiller, e foi lá que Chopin conheceu Felix Mendelssohn.",Qwen3OIE_0_6B,Chopin,conheceu,Felix Mendelssohn,7
"Na primavera de 1834, Chopin participou de o Festival de Música de o Baixo Reno em Aix-la-Chapelle com Hiller, e foi lá que Chopin conheceu Felix Mendelssohn.",Qwen3OIE_4B,Chopin,participou em,Aix-la-Chapelle,4
"Na primavera de 1834, Chopin participou de o Festival de Música de o Baixo Reno em Aix-la-Chapelle com Hiller, e foi lá que Chopin conheceu Felix Mendelssohn.",Qwen3OIE_4B,Chopin,participou em,a primavera de 1834,3
"Na primavera de 1834, Chopin participou de o Festival de Música de o Baixo Reno em Aix-la-Chapelle com Hiller, e foi lá que Chopin conheceu Felix Mendelssohn.",Qwen3OIE_4B,Chopin,participou com,Hiller,5
"Na primavera de 1834, Chopin participou de o Festival de Música de o Baixo Reno em Aix-la-Chapelle com Hiller, e foi lá que Chopin conheceu Felix Mendelssohn.",Qwen3OIE_4B,Chopin,conheceu,Felix Mendelssohn,7
"Na primavera de 1834, Chopin participou de o Festival de Música de o Baixo Reno em Aix-la-Chapelle com Hiller, e foi lá que Chopin conheceu Felix Mendelssohn.",respostaGrok4.0Fast,Chopin,conheceu,Felix Mendelssohn,7
"Na primavera de 1834, Chopin participou de o Festival de Música de o Baixo Reno em Aix-la-Chapelle com Hiller, e foi lá que Chopin conheceu Felix Mendelssohn.",respostas_gpt5.5_mini,Chopin,participou com,Hiller,5
"Na primavera de 1834, Chopin participou de o Festival de Música de o Baixo Reno em Aix-la-Chapelle com Hiller, e foi lá que Chopin conheceu Felix Mendelssohn.",respostas_gpt5.5_mini,Chopin,conheceu,Felix Mendelssohn,7
"Na primavera de 1834, Chopin participou de o Festival de Música de o Baixo Reno em Aix-la-Chapelle com Hiller, e foi lá que Chopin conheceu Felix Mendelssohn.",respostasGemini3.1Pro,Chopin,participou em,Aix-la-Chapelle,4
"Na primavera de 1834, Chopin participou de o Festival de Música de o Baixo Reno em Aix-la-Chapelle com Hiller, e foi lá que Chopin conheceu Felix Mendelssohn.",respostasGemini3.1Pro,Chopin,participou em,Na primavera de 1834,3
"Na primavera de 1834, Chopin participou de o Festival de Música de o Baixo Reno em Aix-la-Chapelle com Hiller, e foi lá que Chopin conheceu Felix Mendelssohn.",respostasGemini3.1Pro,Chopin,participou com,Hiller,5
"Na primavera de 1834, Chopin participou de o Festival de Música de o Baixo Reno em Aix-la-Chapelle com Hiller, e foi lá que Chopin conheceu Felix Mendelssohn.",respostasGemini3.1Pro,Chopin,conheceu,Felix Mendelssohn,7
"Mais tarde naquela manhã, o marido de Solange, Clésinger, fez a máscara mortuária de Chopin e um giro de a mão esquerda.",Claude_Sonnet5,"o marido de Solange, Clésinger",fez,um giro de a mão esquerda,6
"Mais tarde naquela manhã, o marido de Solange, Clésinger, fez a máscara mortuária de Chopin e um giro de a mão esquerda.",LlamaPortOIE3,"o marido de Solange, Clésinger",fez,a máscara mortuária de Chopin e um giro de a mão esquerda,6
"Mais tarde naquela manhã, o marido de Solange, Clésinger, fez a máscara mortuária de Chopin e um giro de a mão esquerda.",Qwen3OIE_0_6B,"o marido de Solange, Clésinger",fez,um giro de a mão esquerda,6
"Mais tarde naquela manhã, o marido de Solange, Clésinger, fez a máscara mortuária de Chopin e um giro de a mão esquerda.",respostaGrok4.0Fast,"o marido de Solange, Clésinger",fez,um giro de a mão esquerda,6
"Mais tarde naquela manhã, o marido de Solange, Clésinger, fez a máscara mortuária de Chopin e um giro de a mão esquerda.",respostas_gpt5.5_mini,"o marido de Solange, Clésinger",fez,um giro de a mão esquerda,6
"Mais tarde naquela manhã, o marido de Solange, Clésinger, fez a máscara mortuária de Chopin e um giro de a mão esquerda.",respostasGemini3.1Pro,"o marido de Solange, Clésinger",fez,um giro de a mão esquerda,6
"Em 1841, Léon Escudier escreveu sobre um recital de Chopin naquele ano Pode-se dizer que Chopin é o criador de uma escola de piano e escola de composição.",Claude_Sonnet5,Léon Escudier,escreveu em,1841,4
"Em 1841, Léon Escudier escreveu sobre um recital de Chopin naquele ano Pode-se dizer que Chopin é o criador de uma escola de piano e escola de composição.",Qwen3OIE_0_6B,Léon Escudier,escreveu em,1841,4
"Em 1841, Léon Escudier escreveu sobre um recital de Chopin naquele ano Pode-se dizer que Chopin é o criador de uma escola de piano e escola de composição.",Qwen3OIE_4B,Léon Escudier,escreveu em,1841,4
"Em 1841, Léon Escudier escreveu sobre um recital de Chopin naquele ano Pode-se dizer que Chopin é o criador de uma escola de piano e escola de composição.",respostasGemini3.1Pro,Léon Escudier,escreveu em,1841,4
"Em setembro de 1828, Chopin, ainda estudante, visitou Berlim com um amigo de a família, o zoólogo Feliks Jarocki, desfrutando de óperas dirigidas por Gaspare Spontini e assistindo a concertos de Carl Friedrich Zelter, Felix Mendelssohn e outras celebridades.",Claude_Sonnet5,Chopin,visitou em,setembro de 1828,4
"Em setembro de 1828, Chopin, ainda estudante, visitou Berlim com um amigo de a família, o zoólogo Feliks Jarocki, desfrutando de óperas dirigidas por Gaspare Spontini e assistindo a concertos de Carl Friedrich Zelter, Felix Mendelssohn e outras celebridades.",Claude_Sonnet5,Chopin,visitou com,"um amigo de a família, o zoólogo Feliks Jarocki",4
"Em setembro de 1828, Chopin, ainda estudante, visitou Berlim com um amigo de a família, o zoólogo Feliks Jarocki, desfrutando de óperas dirigidas por Gaspare Spontini e assistindo a concertos de Carl Friedrich Zelter, Felix Mendelssohn e outras celebridades.",Claude_Sonnet5,Chopin,desfrutando de,óperas dirigidas por Gaspare Spontini,4
"Em setembro de 1828, Chopin, ainda estudante, visitou Berlim com um amigo de a família, o zoólogo Feliks Jarocki, desfrutando de óperas dirigidas por Gaspare Spontini e assistindo a concertos de Carl Friedrich Zelter, Felix Mendelssohn e outras celebridades.",Claude_Sonnet5,Chopin,assistindo a,concertos de Carl Friedrich Zelter,3
"Em setembro de 1828, Chopin, ainda estudante, visitou Berlim com um amigo de a família, o zoólogo Feliks Jarocki, desfrutando de óperas dirigidas por Gaspare Spontini e assistindo a concertos de Carl Friedrich Zelter, Felix Mendelssohn e outras celebridades.",Claude_Sonnet5,Chopin,assistindo a,concertos de Felix Mendelssohn,3
"Em setembro de 1828, Chopin, ainda estudante, visitou Berlim com um amigo de a família, o zoólogo Feliks Jarocki, desfrutando de óperas dirigidas por Gaspare Spontini e assistindo a concertos de Carl Friedrich Zelter, Felix Mendelssohn e outras celebridades.",Claude_Sonnet5,Chopin,assistindo a,concertos de outras celebridades,3
"Em setembro de 1828, Chopin, ainda estudante, visitou Berlim com um amigo de a família, o zoólogo Feliks Jarocki, desfrutando de óperas dirigidas por Gaspare Spontini e assistindo a concertos de Carl Friedrich Zelter, Felix Mendelssohn e outras celebridades.",Qwen3OIE_0_6B,Chopin,visitou em,setembro de 1828,4
"Em setembro de 1828, Chopin, ainda estudante, visitou Berlim com um amigo de a família, o zoólogo Feliks Jarocki, desfrutando de óperas dirigidas por Gaspare Spontini e assistindo a concertos de Carl Friedrich Zelter, Felix Mendelssohn e outras celebridades.",Qwen3OIE_4B,Chopin,visitou em,setembro de 1828,4
"Em setembro de 1828, Chopin, ainda estudante, visitou Berlim com um amigo de a família, o zoólogo Feliks Jarocki, desfrutando de óperas dirigidas por Gaspare Spontini e assistindo a concertos de Carl Friedrich Zelter, Felix Mendelssohn e outras celebridades.",Qwen3OIE_4B,Chopin,visitou com,"um amigo de a família, o zoólogo Feliks Jarocki",4
"Em setembro de 1828, Chopin, ainda estudante, visitou Berlim com um amigo de a família, o zoólogo Feliks Jarocki, desfrutando de óperas dirigidas por Gaspare Spontini e assistindo a concertos de Carl Friedrich Zelter, Felix Mendelssohn e outras celebridades.",respostaGrok4.0Fast,Chopin,desfrutando de,óperas dirigidas por Gaspare Spontini,4
"Em setembro de 1828, Chopin, ainda estudante, visitou Berlim com um amigo de a família, o zoólogo Feliks Jarocki, desfrutando de óperas dirigidas por Gaspare Spontini e assistindo a concertos de Carl Friedrich Zelter, Felix Mendelssohn e outras celebridades.",respostas_gpt5.5_mini,Chopin,visitou com,"um amigo de a família, o zoólogo Feliks Jarocki",4
"Em setembro de 1828, Chopin, ainda estudante, visitou Berlim com um amigo de a família, o zoólogo Feliks Jarocki, desfrutando de óperas dirigidas por Gaspare Spontini e assistindo a concertos de Carl Friedrich Zelter, Felix Mendelssohn e outras celebridades.",respostas_gpt5.5_mini,Chopin,desfrutando de,óperas dirigidas por Gaspare Spontini,4
"Em setembro de 1828, Chopin, ainda estudante, visitou Berlim com um amigo de a família, o zoólogo Feliks Jarocki, desfrutando de óperas dirigidas por Gaspare Spontini e assistindo a concertos de Carl Friedrich Zelter, Felix Mendelssohn e outras celebridades.",respostas_gpt5.5_mini,Chopin,assistindo a,concertos de Carl Friedrich Zelter,3
"Em setembro de 1828, Chopin, ainda estudante, visitou Berlim com um amigo de a família, o zoólogo Feliks Jarocki, desfrutando de óperas dirigidas por Gaspare Spontini e assistindo a concertos de Carl Friedrich Zelter, Felix Mendelssohn e outras celebridades.",respostas_gpt5.5_mini,Chopin,assistindo a,concertos de Felix Mendelssohn,3
"Em setembro de 1828, Chopin, ainda estudante, visitou Berlim com um amigo de a família, o zoólogo Feliks Jarocki, desfrutando de óperas dirigidas por Gaspare Spontini e assistindo a concertos de Carl Friedrich Zelter, Felix Mendelssohn e outras celebridades.",respostas_gpt5.5_mini,Chopin,assistindo a,concertos de outras celebridades,3
"Em setembro de 1828, Chopin, ainda estudante, visitou Berlim com um amigo de a família, o zoólogo Feliks Jarocki, desfrutando de óperas dirigidas por Gaspare Spontini e assistindo a concertos de Carl Friedrich Zelter, Felix Mendelssohn e outras celebridades.",respostasGemini3.1Pro,Chopin,visitou em,setembro de 1828,4
"Em setembro de 1828, Chopin, ainda estudante, visitou Berlim com um amigo de a família, o zoólogo Feliks Jarocki, desfrutando de óperas dirigidas por Gaspare Spontini e assistindo a concertos de Carl Friedrich Zelter, Felix Mendelssohn e outras celebridades.",respostasGemini3.1Pro,Chopin,visitou com,"um amigo de a família, o zoólogo Feliks Jarocki",4
"Em setembro de 1828, Chopin, ainda estudante, visitou Berlim com um amigo de a família, o zoólogo Feliks Jarocki, desfrutando de óperas dirigidas por Gaspare Spontini e assistindo a concertos de Carl Friedrich Zelter, Felix Mendelssohn e outras celebridades.",respostasGemini3.1Pro,Chopin,desfrutando de,óperas dirigidas por Gaspare Spontini,4
"Em setembro de 1828, Chopin, ainda estudante, visitou Berlim com um amigo de a família, o zoólogo Feliks Jarocki, desfrutando de óperas dirigidas por Gaspare Spontini e assistindo a concertos de Carl Friedrich Zelter, Felix Mendelssohn e outras celebridades.",respostasGemini3.1Pro,Chopin,assistindo a,concertos de Carl Friedrich Zelter,3
"Em setembro de 1828, Chopin, ainda estudante, visitou Berlim com um amigo de a família, o zoólogo Feliks Jarocki, desfrutando de óperas dirigidas por Gaspare Spontini e assistindo a concertos de Carl Friedrich Zelter, Felix Mendelssohn e outras celebridades.",respostasGemini3.1Pro,Chopin,assistindo a,concertos de Felix Mendelssohn,3
"Em setembro de 1828, Chopin, ainda estudante, visitou Berlim com um amigo de a família, o zoólogo Feliks Jarocki, desfrutando de óperas dirigidas por Gaspare Spontini e assistindo a concertos de Carl Friedrich Zelter, Felix Mendelssohn e outras celebridades.",respostasGemini3.1Pro,Chopin,assistindo a,concertos de outras celebridades,3
"A partir de 1236, o príncipe mongol Kublai, que mais tarde governou como Khagan de 1260 a 1294, recebeu um grande appanage em o norte de a China por seu superior, Ögedei Khan.",Claude_Sonnet5,o príncipe mongol Kublai,recebeu,um grande appanage,4
"A partir de 1236, o príncipe mongol Kublai, que mais tarde governou como Khagan de 1260 a 1294, recebeu um grande appanage em o norte de a China por seu superior, Ögedei Khan.",Claude_Sonnet5,o príncipe mongol Kublai,recebeu em,o norte de a China,4
"A partir de 1236, o príncipe mongol Kublai, que mais tarde governou como Khagan de 1260 a 1294, recebeu um grande appanage em o norte de a China por seu superior, Ögedei Khan.",Claude_Sonnet5,o príncipe mongol Kublai,recebeu por,"seu superior, Ögedei Khan",3
"A partir de 1236, o príncipe mongol Kublai, que mais tarde governou como Khagan de 1260 a 1294, recebeu um grande appanage em o norte de a China por seu superior, Ögedei Khan.",LlamaPortOIE3,o príncipe mongol Kublai,recebeu,"um grande appanage em o norte de a China por seu superior, Ögedei Khan",3
"A partir de 1236, o príncipe mongol Kublai, que mais tarde governou como Khagan de 1260 a 1294, recebeu um grande appanage em o norte de a China por seu superior, Ögedei Khan.",Qwen3OIE_0_6B,o príncipe mongol Kublai,recebeu,um grande appanage,4
"A partir de 1236, o príncipe mongol Kublai, que mais tarde governou como Khagan de 1260 a 1294, recebeu um grande appanage em o norte de a China por seu superior, Ögedei Khan.",Qwen3OIE_0_6B,o príncipe mongol Kublai,recebeu em,o norte de a China,4
"A partir de 1236, o príncipe mongol Kublai, que mais tarde governou como Khagan de 1260 a 1294, recebeu um grande appanage em o norte de a China por seu superior, Ögedei Khan.",Qwen3OIE_4B,o príncipe mongol Kublai,recebeu,um grande appanage,4
"A partir de 1236, o príncipe mongol Kublai, que mais tarde governou como Khagan de 1260 a 1294, recebeu um grande appanage em o norte de a China por seu superior, Ögedei Khan.",Qwen3OIE_4B,o príncipe mongol Kublai,recebeu em,o norte de a China,4
"A partir de 1236, o príncipe mongol Kublai, que mais tarde governou como Khagan de 1260 a 1294, recebeu um grande appanage em o norte de a China por seu superior, Ögedei Khan.",Qwen3OIE_4B,o príncipe mongol Kublai,recebeu por,"seu superior, Ögedei Khan",3
"A partir de 1236, o príncipe mongol Kublai, que mais tarde governou como Khagan de 1260 a 1294, recebeu um grande appanage em o norte de a China por seu superior, Ögedei Khan.",respostaGrok4.0Fast,o príncipe mongol Kublai,recebeu,"um grande appanage em o norte de a China por seu superior, Ögedei Khan",3
"A partir de 1236, o príncipe mongol Kublai, que mais tarde governou como Khagan de 1260 a 1294, recebeu um grande appanage em o norte de a China por seu superior, Ögedei Khan.",respostas_gpt5.5_mini,o príncipe mongol Kublai,recebeu,um grande appanage em o norte de a China,3
"A partir de 1236, o príncipe mongol Kublai, que mais tarde governou como Khagan de 1260 a 1294, recebeu um grande appanage em o norte de a China por seu superior, Ögedei Khan.",respostasGemini3.1Pro,o príncipe mongol Kublai,recebeu,um grande appanage,4
"A partir de 1236, o príncipe mongol Kublai, que mais tarde governou como Khagan de 1260 a 1294, recebeu um grande appanage em o norte de a China por seu superior, Ögedei Khan.",respostasGemini3.1Pro,o príncipe mongol Kublai,recebeu em,o norte de a China,4
"A partir de 1236, o príncipe mongol Kublai, que mais tarde governou como Khagan de 1260 a 1294, recebeu um grande appanage em o norte de a China por seu superior, Ögedei Khan.",respostasGemini3.1Pro,o príncipe mongol Kublai,recebeu por,"seu superior, Ögedei Khan",3
"Dreyfus escreve que depois que o Phagmodrupa perdeu seu poder centralizador sobre o Tibete em 1434, várias tentativas de outras famílias para estabelecer hegemonias falharam em os próximos dois séculos até 1642 com a efetiva hegemonia de o 5º Dalai Lama sobre o Tibete.",Claude_Sonnet5,Dreyfus,escreve,"que depois que o Phagmodrupa perdeu seu poder centralizador sobre o Tibete em 1434, várias tentativas de outras famílias para estabelecer hegemonias falharam em os próximos dois séculos até 1642 com a efetiva hegemonia de o 5º Dalai Lama sobre o Tibete",5
"Dreyfus escreve que depois que o Phagmodrupa perdeu seu poder centralizador sobre o Tibete em 1434, várias tentativas de outras famílias para estabelecer hegemonias falharam em os próximos dois séculos até 1642 com a efetiva hegemonia de o 5º Dalai Lama sobre o Tibete.",Qwen3OIE_0_6B,Dreyfus,escreve,"que depois que o Phagmodrupa perdeu seu poder centralizador sobre o Tibete em 1434, várias tentativas de outras famílias para estabelecer hegemonias falharam em os próximos dois séculos até 1642 com a efetiva hegemonia de o 5º Dalai Lama sobre o Tibete",5
"Dreyfus escreve que depois que o Phagmodrupa perdeu seu poder centralizador sobre o Tibete em 1434, várias tentativas de outras famílias para estabelecer hegemonias falharam em os próximos dois séculos até 1642 com a efetiva hegemonia de o 5º Dalai Lama sobre o Tibete.",Qwen3OIE_4B,Dreyfus,escreve,"que depois que o Phagmodrupa perdeu seu poder centralizador sobre o Tibete em 1434, várias tentativas de outras famílias para estabelecer hegemonias falharam em os próximos dois séculos até 1642 com a efetiva hegemonia de o 5º Dalai Lama sobre o Tibete",5
"Dreyfus escreve que depois que o Phagmodrupa perdeu seu poder centralizador sobre o Tibete em 1434, várias tentativas de outras famílias para estabelecer hegemonias falharam em os próximos dois séculos até 1642 com a efetiva hegemonia de o 5º Dalai Lama sobre o Tibete.",respostaGrok4.0Fast,Dreyfus,escreve,"que depois que o Phagmodrupa perdeu seu poder centralizador sobre o Tibete em 1434, várias tentativas de outras famílias para estabelecer hegemonias falharam",6
"Dreyfus escreve que depois que o Phagmodrupa perdeu seu poder centralizador sobre o Tibete em 1434, várias tentativas de outras famílias para estabelecer hegemonias falharam em os próximos dois séculos até 1642 com a efetiva hegemonia de o 5º Dalai Lama sobre o Tibete.",respostasGemini3.1Pro,Dreyfus,escreve,"que depois que o Phagmodrupa perdeu seu poder centralizador sobre o Tibete em 1434, várias tentativas de outras famílias para estabelecer hegemonias falharam em os próximos dois séculos até 1642",5
"Quando o imperador Ming Yongle convidou Je Tsongkhapa (1357-1419), fundador de a escola Gelug, para ir a a corte Ming e prestar homenagem, este último recusou.",Claude_Sonnet5,este último,recusou,ir a a corte Ming e prestar homenagem,3
"Quando o imperador Ming Yongle convidou Je Tsongkhapa (1357-1419), fundador de a escola Gelug, para ir a a corte Ming e prestar homenagem, este último recusou.",respostas_gpt5.5_mini,este último,recusou,ir a a corte Ming e prestar homenagem,3
"Quando o imperador Ming Yongle convidou Je Tsongkhapa (1357-1419), fundador de a escola Gelug, para ir a a corte Ming e prestar homenagem, este último recusou.",respostasGemini3.1Pro,este último,recusou,ir a a corte Ming,3
"Chen Qingying afirma que Tsongkhapa escreveu uma carta para recusar o convite de o Imperador e, nesta resposta, Tsongkhapa escreveu",Claude_Sonnet5,Chen Qingying,afirma,que Tsongkhapa escreveu uma carta para recusar o convite de o Imperador,6
"Chen Qingying afirma que Tsongkhapa escreveu uma carta para recusar o convite de o Imperador e, nesta resposta, Tsongkhapa escreveu",Qwen3OIE_0_6B,Chen Qingying,afirma,que Tsongkhapa escreveu uma carta para recusar o convite de o Imperador,6
"Chen Qingying afirma que Tsongkhapa escreveu uma carta para recusar o convite de o Imperador e, nesta resposta, Tsongkhapa escreveu",Qwen3OIE_4B,Chen Qingying,afirma,que Tsongkhapa escreveu uma carta para recusar o convite de o Imperador,6
"Chen Qingying afirma que Tsongkhapa escreveu uma carta para recusar o convite de o Imperador e, nesta resposta, Tsongkhapa escreveu",respostaGrok4.0Fast,Chen Qingying,afirma,que Tsongkhapa escreveu uma carta para recusar o convite de o Imperador,6
"Chen Qingying afirma que Tsongkhapa escreveu uma carta para recusar o convite de o Imperador e, nesta resposta, Tsongkhapa escreveu",respostas_gpt5.5_mini,Chen Qingying,afirma,que Tsongkhapa escreveu uma carta para recusar o convite de o Imperador,6
"Chen Qingying afirma que Tsongkhapa escreveu uma carta para recusar o convite de o Imperador e, nesta resposta, Tsongkhapa escreveu",respostasGemini3.1Pro,Chen Qingying,afirma,que Tsongkhapa escreveu uma carta para recusar o convite de o Imperador,6
"No entanto, depois que Altan Khan (1507-1582) - líder de os mongóis Tümed que derrubou a hegemonia de a confederação Oirat Mongol sobre as estepes - fez as pazes com a dinastia Ming em 1571, ele persuadiu os Ming a reabrir seus mercados de fronteira em 1573.",Claude_Sonnet5,Altan Khan,derrubou,a hegemonia de a confederação Oirat Mongol sobre as estepes,3
"No entanto, depois que Altan Khan (1507-1582) - líder de os mongóis Tümed que derrubou a hegemonia de a confederação Oirat Mongol sobre as estepes - fez as pazes com a dinastia Ming em 1571, ele persuadiu os Ming a reabrir seus mercados de fronteira em 1573.",PortNOIE,ele,persuadiu,os Ming mercados de fronteira em 1573,3
"No entanto, depois que Altan Khan (1507-1582) - líder de os mongóis Tümed que derrubou a hegemonia de a confederação Oirat Mongol sobre as estepes - fez as pazes com a dinastia Ming em 1571, ele persuadiu os Ming a reabrir seus mercados de fronteira em 1573.",Qwen3OIE_4B,Altan Khan,derrubou,a hegemonia de a confederação Oirat Mongol sobre as estepes,3
"No entanto, depois que Altan Khan (1507-1582) - líder de os mongóis Tümed que derrubou a hegemonia de a confederação Oirat Mongol sobre as estepes - fez as pazes com a dinastia Ming em 1571, ele persuadiu os Ming a reabrir seus mercados de fronteira em 1573.",respostaGrok4.0Fast,ele,persuadiu,os Ming a reabrir seus mercados de fronteira em 1573,3
"No entanto, depois que Altan Khan (1507-1582) - líder de os mongóis Tümed que derrubou a hegemonia de a confederação Oirat Mongol sobre as estepes - fez as pazes com a dinastia Ming em 1571, ele persuadiu os Ming a reabrir seus mercados de fronteira em 1573.",respostas_gpt5.5_mini,Altan Khan,derrubou,a hegemonia de a confederação Oirat Mongol sobre as estepes,3
"No entanto, depois que Altan Khan (1507-1582) - líder de os mongóis Tümed que derrubou a hegemonia de a confederação Oirat Mongol sobre as estepes - fez as pazes com a dinastia Ming em 1571, ele persuadiu os Ming a reabrir seus mercados de fronteira em 1573.",respostas_gpt5.5_mini,ele,persuadiu,os Ming a reabrir seus mercados de fronteira em 1573,3
Klieger escreve que a presença de Altan Khan em o oeste reduziu efetivamente a influência de os Ming e o contato com o Tibete.,Claude_Sonnet5,Klieger,escreve,que a presença de Altan Khan em o oeste reduziu efetivamente a influência de os Ming e o contato com o Tibete,6
Klieger escreve que a presença de Altan Khan em o oeste reduziu efetivamente a influência de os Ming e o contato com o Tibete.,Qwen3OIE_0_6B,Klieger,escreve,que a presença de Altan Khan em o oeste reduziu efetivamente a influência de os Ming e o contato com o Tibete,6
Klieger escreve que a presença de Altan Khan em o oeste reduziu efetivamente a influência de os Ming e o contato com o Tibete.,Qwen3OIE_4B,Klieger,escreve,que a presença de Altan Khan em o oeste reduziu efetivamente a influência de os Ming e o contato com o Tibete,6
Klieger escreve que a presença de Altan Khan em o oeste reduziu efetivamente a influência de os Ming e o contato com o Tibete.,respostaGrok4.0Fast,Klieger,escreve,que a presença de Altan Khan em o oeste reduziu efetivamente a influência de os Ming e o contato com o Tibete,6
Klieger escreve que a presença de Altan Khan em o oeste reduziu efetivamente a influência de os Ming e o contato com o Tibete.,respostas_gpt5.5_mini,Klieger,escreve,que a presença de Altan Khan em o oeste reduziu efetivamente a influência de os Ming e o contato com o Tibete,6
Klieger escreve que a presença de Altan Khan em o oeste reduziu efetivamente a influência de os Ming e o contato com o Tibete.,respostasGemini3.1Pro,Klieger,escreve,que a presença de Altan Khan em o oeste reduziu efetivamente a influência de os Ming e o contato com o Tibete,6
"Depois que Altan Khan fez as pazes com a dinastia Ming em 1571, ele convidou o terceiro hierarca de a Gelug - Sönam Gyatso (1543-1588) - para encontrá-lo em Amdo (Qinghai moderno) em 1578, onde acidentalmente concedeu a ele e seus dois antecessores com o título de Dalai Lama - Professor de o Oceano.",Claude_Sonnet5,ele,convidou,o terceiro hierarca de a Gelug - Sönam Gyatso (1543-1588),3
"Depois que Altan Khan fez as pazes com a dinastia Ming em 1571, ele convidou o terceiro hierarca de a Gelug - Sönam Gyatso (1543-1588) - para encontrá-lo em Amdo (Qinghai moderno) em 1578, onde acidentalmente concedeu a ele e seus dois antecessores com o título de Dalai Lama - Professor de o Oceano.",LlamaPortOIE3,Altan Khan,convidou,o terceiro hierarca de a Gelug - Sönam Gyatso (1543-1588) para encontrá-lo em Amdo (Qinghai moderno) em 1578,3
"Depois que Altan Khan fez as pazes com a dinastia Ming em 1571, ele convidou o terceiro hierarca de a Gelug - Sönam Gyatso (1543-1588) - para encontrá-lo em Amdo (Qinghai moderno) em 1578, onde acidentalmente concedeu a ele e seus dois antecessores com o título de Dalai Lama - Professor de o Oceano.",Qwen3OIE_0_6B,Altan Khan,convidou,o terceiro hierarca de a Gelug - Sönam Gyatso,3
"Depois que Altan Khan fez as pazes com a dinastia Ming em 1571, ele convidou o terceiro hierarca de a Gelug - Sönam Gyatso (1543-1588) - para encontrá-lo em Amdo (Qinghai moderno) em 1578, onde acidentalmente concedeu a ele e seus dois antecessores com o título de Dalai Lama - Professor de o Oceano.",respostaGrok4.0Fast,ele,convidou,o terceiro hierarca de a Gelug - Sönam Gyatso para encontrá-lo em Amdo em 1578,3
"Depois que Altan Khan fez as pazes com a dinastia Ming em 1571, ele convidou o terceiro hierarca de a Gelug - Sönam Gyatso (1543-1588) - para encontrá-lo em Amdo (Qinghai moderno) em 1578, onde acidentalmente concedeu a ele e seus dois antecessores com o título de Dalai Lama - Professor de o Oceano.",respostas_gpt5.5_mini,Altan Khan,convidou,o terceiro hierarca de a Gelug - Sönam Gyatso (1543-1588),3
"Depois que Altan Khan fez as pazes com a dinastia Ming em 1571, ele convidou o terceiro hierarca de a Gelug - Sönam Gyatso (1543-1588) - para encontrá-lo em Amdo (Qinghai moderno) em 1578, onde acidentalmente concedeu a ele e seus dois antecessores com o título de Dalai Lama - Professor de o Oceano.",respostasGemini3.1Pro,ele,convidou,o terceiro hierarca de a Gelug - Sönam Gyatso,3
"Embora não tenha sido registrada em nenhum registro oficial chinês, a biografia de Sonam Gyatso afirma que Wanli novamente conferiu títulos a Sonam Gyatso em 1588 e o convidou para Pequim por a segunda vez, mas Sonam Gyatso não pôde visitar a China, pois morreu em o mesmo ano em a Mongólia.",Claude_Sonnet5,a biografia de Sonam Gyatso,afirma,que Wanli novamente conferiu títulos a Sonam Gyatso em 1588 e o convidou para Pequim por a segunda vez,6
"Embora não tenha sido registrada em nenhum registro oficial chinês, a biografia de Sonam Gyatso afirma que Wanli novamente conferiu títulos a Sonam Gyatso em 1588 e o convidou para Pequim por a segunda vez, mas Sonam Gyatso não pôde visitar a China, pois morreu em o mesmo ano em a Mongólia.",Claude_Sonnet5,Wanli,conferiu a,Sonam Gyatso,4
"Embora não tenha sido registrada em nenhum registro oficial chinês, a biografia de Sonam Gyatso afirma que Wanli novamente conferiu títulos a Sonam Gyatso em 1588 e o convidou para Pequim por a segunda vez, mas Sonam Gyatso não pôde visitar a China, pois morreu em o mesmo ano em a Mongólia.",Claude_Sonnet5,Sonam Gyatso,morreu em,o mesmo ano,4
"Embora não tenha sido registrada em nenhum registro oficial chinês, a biografia de Sonam Gyatso afirma que Wanli novamente conferiu títulos a Sonam Gyatso em 1588 e o convidou para Pequim por a segunda vez, mas Sonam Gyatso não pôde visitar a China, pois morreu em o mesmo ano em a Mongólia.",Claude_Sonnet5,Sonam Gyatso,morreu em,a Mongólia,4
"Embora não tenha sido registrada em nenhum registro oficial chinês, a biografia de Sonam Gyatso afirma que Wanli novamente conferiu títulos a Sonam Gyatso em 1588 e o convidou para Pequim por a segunda vez, mas Sonam Gyatso não pôde visitar a China, pois morreu em o mesmo ano em a Mongólia.",LlamaPortOIE3,Wanli,conferiu títulos a,Sonam Gyatso,4
"Embora não tenha sido registrada em nenhum registro oficial chinês, a biografia de Sonam Gyatso afirma que Wanli novamente conferiu títulos a Sonam Gyatso em 1588 e o convidou para Pequim por a segunda vez, mas Sonam Gyatso não pôde visitar a China, pois morreu em o mesmo ano em a Mongólia.",LlamaPortOIE3,Wanli,convidou,Sonam Gyatso para Pequim por a segunda vez,3
"Embora não tenha sido registrada em nenhum registro oficial chinês, a biografia de Sonam Gyatso afirma que Wanli novamente conferiu títulos a Sonam Gyatso em 1588 e o convidou para Pequim por a segunda vez, mas Sonam Gyatso não pôde visitar a China, pois morreu em o mesmo ano em a Mongólia.",LlamaPortOIE3,Sonam Gyatso,morreu em o,mesmo ano em a Mongólia,3
"Embora não tenha sido registrada em nenhum registro oficial chinês, a biografia de Sonam Gyatso afirma que Wanli novamente conferiu títulos a Sonam Gyatso em 1588 e o convidou para Pequim por a segunda vez, mas Sonam Gyatso não pôde visitar a China, pois morreu em o mesmo ano em a Mongólia.",Qwen3OIE_0_6B,a biografia de Sonam Gyatso,afirma,que Wanli novamente conferiu títulos a Sonam Gyatso em 1588,5
"Embora não tenha sido registrada em nenhum registro oficial chinês, a biografia de Sonam Gyatso afirma que Wanli novamente conferiu títulos a Sonam Gyatso em 1588 e o convidou para Pequim por a segunda vez, mas Sonam Gyatso não pôde visitar a China, pois morreu em o mesmo ano em a Mongólia.",Qwen3OIE_0_6B,Sonam Gyatso,morreu em,a Mongólia,4
"Embora não tenha sido registrada em nenhum registro oficial chinês, a biografia de Sonam Gyatso afirma que Wanli novamente conferiu títulos a Sonam Gyatso em 1588 e o convidou para Pequim por a segunda vez, mas Sonam Gyatso não pôde visitar a China, pois morreu em o mesmo ano em a Mongólia.",Qwen3OIE_0_6B,Sonam Gyatso,morreu em,o mesmo ano,4
"Embora não tenha sido registrada em nenhum registro oficial chinês, a biografia de Sonam Gyatso afirma que Wanli novamente conferiu títulos a Sonam Gyatso em 1588 e o convidou para Pequim por a segunda vez, mas Sonam Gyatso não pôde visitar a China, pois morreu em o mesmo ano em a Mongólia.",Qwen3OIE_4B,a biografia de Sonam Gyatso,afirma,"que Wanli novamente conferiu títulos a Sonam Gyatso em 1588 e o convidou para Pequim por a segunda vez, mas Sonam Gyatso não pôde visitar a China, pois morreu em o mesmo ano em a Mongólia",4
"Embora não tenha sido registrada em nenhum registro oficial chinês, a biografia de Sonam Gyatso afirma que Wanli novamente conferiu títulos a Sonam Gyatso em 1588 e o convidou para Pequim por a segunda vez, mas Sonam Gyatso não pôde visitar a China, pois morreu em o mesmo ano em a Mongólia.",Qwen3OIE_4B,Wanli,conferiu títulos a,Sonam Gyatso,4
"Embora não tenha sido registrada em nenhum registro oficial chinês, a biografia de Sonam Gyatso afirma que Wanli novamente conferiu títulos a Sonam Gyatso em 1588 e o convidou para Pequim por a segunda vez, mas Sonam Gyatso não pôde visitar a China, pois morreu em o mesmo ano em a Mongólia.",Qwen3OIE_4B,Sonam Gyatso,morreu em,o mesmo ano,4
"Embora não tenha sido registrada em nenhum registro oficial chinês, a biografia de Sonam Gyatso afirma que Wanli novamente conferiu títulos a Sonam Gyatso em 1588 e o convidou para Pequim por a segunda vez, mas Sonam Gyatso não pôde visitar a China, pois morreu em o mesmo ano em a Mongólia.",Qwen3OIE_4B,Sonam Gyatso,morreu em,a Mongólia,4
"Embora não tenha sido registrada em nenhum registro oficial chinês, a biografia de Sonam Gyatso afirma que Wanli novamente conferiu títulos a Sonam Gyatso em 1588 e o convidou para Pequim por a segunda vez, mas Sonam Gyatso não pôde visitar a China, pois morreu em o mesmo ano em a Mongólia.",respostaGrok4.0Fast,a biografia de Sonam Gyatso,afirma,que Wanli novamente conferiu títulos a Sonam Gyatso em 1588,5
"Embora não tenha sido registrada em nenhum registro oficial chinês, a biografia de Sonam Gyatso afirma que Wanli novamente conferiu títulos a Sonam Gyatso em 1588 e o convidou para Pequim por a segunda vez, mas Sonam Gyatso não pôde visitar a China, pois morreu em o mesmo ano em a Mongólia.",respostaGrok4.0Fast,Wanli,convidou,Sonam Gyatso para Pequim por a segunda vez,3
"Embora não tenha sido registrada em nenhum registro oficial chinês, a biografia de Sonam Gyatso afirma que Wanli novamente conferiu títulos a Sonam Gyatso em 1588 e o convidou para Pequim por a segunda vez, mas Sonam Gyatso não pôde visitar a China, pois morreu em o mesmo ano em a Mongólia.",respostaGrok4.0Fast,Sonam Gyatso,morreu em,o mesmo ano em a Mongólia,3
"Embora não tenha sido registrada em nenhum registro oficial chinês, a biografia de Sonam Gyatso afirma que Wanli novamente conferiu títulos a Sonam Gyatso em 1588 e o convidou para Pequim por a segunda vez, mas Sonam Gyatso não pôde visitar a China, pois morreu em o mesmo ano em a Mongólia.",respostas_gpt5.5_mini,a biografia de Sonam Gyatso,afirma,que Wanli novamente conferiu títulos a Sonam Gyatso em 1588 e o convidou para Pequim por a segunda vez,6
"Embora não tenha sido registrada em nenhum registro oficial chinês, a biografia de Sonam Gyatso afirma que Wanli novamente conferiu títulos a Sonam Gyatso em 1588 e o convidou para Pequim por a segunda vez, mas Sonam Gyatso não pôde visitar a China, pois morreu em o mesmo ano em a Mongólia.",respostas_gpt5.5_mini,Wanli,conferiu títulos a,Sonam Gyatso,4
"Embora não tenha sido registrada em nenhum registro oficial chinês, a biografia de Sonam Gyatso afirma que Wanli novamente conferiu títulos a Sonam Gyatso em 1588 e o convidou para Pequim por a segunda vez, mas Sonam Gyatso não pôde visitar a China, pois morreu em o mesmo ano em a Mongólia.",respostas_gpt5.5_mini,Wanli,convidou,Sonam Gyatso para Pequim por a segunda vez,3
"Embora não tenha sido registrada em nenhum registro oficial chinês, a biografia de Sonam Gyatso afirma que Wanli novamente conferiu títulos a Sonam Gyatso em 1588 e o convidou para Pequim por a segunda vez, mas Sonam Gyatso não pôde visitar a China, pois morreu em o mesmo ano em a Mongólia.",respostas_gpt5.5_mini,Sonam Gyatso,morreu em,o mesmo ano em a Mongólia,3
"Embora não tenha sido registrada em nenhum registro oficial chinês, a biografia de Sonam Gyatso afirma que Wanli novamente conferiu títulos a Sonam Gyatso em 1588 e o convidou para Pequim por a segunda vez, mas Sonam Gyatso não pôde visitar a China, pois morreu em o mesmo ano em a Mongólia.",respostasGemini3.1Pro,a biografia de Sonam Gyatso,afirma,que Wanli novamente conferiu títulos a Sonam Gyatso em 1588 e o convidou para Pequim por a segunda vez,6
"Embora não tenha sido registrada em nenhum registro oficial chinês, a biografia de Sonam Gyatso afirma que Wanli novamente conferiu títulos a Sonam Gyatso em 1588 e o convidou para Pequim por a segunda vez, mas Sonam Gyatso não pôde visitar a China, pois morreu em o mesmo ano em a Mongólia.",respostasGemini3.1Pro,Sonam Gyatso,morreu em,o mesmo ano,4
"Embora não tenha sido registrada em nenhum registro oficial chinês, a biografia de Sonam Gyatso afirma que Wanli novamente conferiu títulos a Sonam Gyatso em 1588 e o convidou para Pequim por a segunda vez, mas Sonam Gyatso não pôde visitar a China, pois morreu em o mesmo ano em a Mongólia.",respostasGemini3.1Pro,Sonam Gyatso,morreu em,a Mongólia,4
"Sem mencionar o papel de os mongóis, o China Daily afirma que foi a sucessiva dinastia Qing que estabeleceu o título de Dalai Lama e seu poder em o Tibete Em 1653, o imperador Qing concedeu um título honorífico a o quinto Dalai Lama e depois o fez.",Claude_Sonnet5,o China Daily,afirma,que foi a sucessiva dinastia Qing que estabeleceu o título de Dalai Lama e seu poder em o Tibete,6
"Sem mencionar o papel de os mongóis, o China Daily afirma que foi a sucessiva dinastia Qing que estabeleceu o título de Dalai Lama e seu poder em o Tibete Em 1653, o imperador Qing concedeu um título honorífico a o quinto Dalai Lama e depois o fez.",Claude_Sonnet5,a sucessiva dinastia Qing,estabeleceu,o título de Dalai Lama,3
"Sem mencionar o papel de os mongóis, o China Daily afirma que foi a sucessiva dinastia Qing que estabeleceu o título de Dalai Lama e seu poder em o Tibete Em 1653, o imperador Qing concedeu um título honorífico a o quinto Dalai Lama e depois o fez.",PortNOIE,a sucessiva dinastia,estabeleceu,o título de Dalai Lama,3
"Sem mencionar o papel de os mongóis, o China Daily afirma que foi a sucessiva dinastia Qing que estabeleceu o título de Dalai Lama e seu poder em o Tibete Em 1653, o imperador Qing concedeu um título honorífico a o quinto Dalai Lama e depois o fez.",Qwen3OIE_0_6B,o China Daily,afirma,"que foi a sucessiva dinastia Qing que estabeleceu o título de Dalai Lama e seu poder em o Tibete Em 1653, o imperador Qing concedeu um título honorífico a o quinto Dalai Lama e depois o fez",6
"Sem mencionar o papel de os mongóis, o China Daily afirma que foi a sucessiva dinastia Qing que estabeleceu o título de Dalai Lama e seu poder em o Tibete Em 1653, o imperador Qing concedeu um título honorífico a o quinto Dalai Lama e depois o fez.",Qwen3OIE_4B,o China Daily,afirma,que foi a sucessiva dinastia Qing que estabeleceu o título de Dalai Lama e seu poder em o Tibete,6
"Sem mencionar o papel de os mongóis, o China Daily afirma que foi a sucessiva dinastia Qing que estabeleceu o título de Dalai Lama e seu poder em o Tibete Em 1653, o imperador Qing concedeu um título honorífico a o quinto Dalai Lama e depois o fez.",respostaGrok4.0Fast,o China Daily,afirma,que foi a sucessiva dinastia Qing que estabeleceu o título de Dalai Lama e seu poder em o Tibete,6
"Sem mencionar o papel de os mongóis, o China Daily afirma que foi a sucessiva dinastia Qing que estabeleceu o título de Dalai Lama e seu poder em o Tibete Em 1653, o imperador Qing concedeu um título honorífico a o quinto Dalai Lama e depois o fez.",respostas_gpt5.5_mini,o China Daily,afirma,que foi a sucessiva dinastia Qing que estabeleceu o título de Dalai Lama e seu poder em o Tibete,6
"Sem mencionar o papel de os mongóis, o China Daily afirma que foi a sucessiva dinastia Qing que estabeleceu o título de Dalai Lama e seu poder em o Tibete Em 1653, o imperador Qing concedeu um título honorífico a o quinto Dalai Lama e depois o fez.",respostas_gpt5.5_mini,a sucessiva dinastia Qing,estabeleceu,o título de Dalai Lama,3
"Sem mencionar o papel de os mongóis, o China Daily afirma que foi a sucessiva dinastia Qing que estabeleceu o título de Dalai Lama e seu poder em o Tibete Em 1653, o imperador Qing concedeu um título honorífico a o quinto Dalai Lama e depois o fez.",respostasGemini3.1Pro,o China Daily,afirma,que foi a sucessiva dinastia Qing que estabeleceu o título de Dalai Lama e seu poder em o Tibete,6
"O imperador Wanli convidou Yonten Gyatso para Pequim em 1616, mas, assim como seu antecessor, ele morreu antes de poder fazer a jornada.",Claude_Sonnet5,O imperador Wanli,convidou,Yonten Gyatso,4
"O imperador Wanli convidou Yonten Gyatso para Pequim em 1616, mas, assim como seu antecessor, ele morreu antes de poder fazer a jornada.",Claude_Sonnet5,O imperador Wanli,convidou para,Pequim,3
"O imperador Wanli convidou Yonten Gyatso para Pequim em 1616, mas, assim como seu antecessor, ele morreu antes de poder fazer a jornada.",Claude_Sonnet5,O imperador Wanli,convidou em,1616,3
"O imperador Wanli convidou Yonten Gyatso para Pequim em 1616, mas, assim como seu antecessor, ele morreu antes de poder fazer a jornada.",LlamaPortOIE3,ele,morreu,antes de poder fazer a jornada,3
"O imperador Wanli convidou Yonten Gyatso para Pequim em 1616, mas, assim como seu antecessor, ele morreu antes de poder fazer a jornada.",Qwen3OIE_0_6B,O imperador Wanli,convidou,Yonten Gyatso,4
"O imperador Wanli convidou Yonten Gyatso para Pequim em 1616, mas, assim como seu antecessor, ele morreu antes de poder fazer a jornada.",Qwen3OIE_4B,O imperador Wanli,convidou,Yonten Gyatso,4
"O imperador Wanli convidou Yonten Gyatso para Pequim em 1616, mas, assim como seu antecessor, ele morreu antes de poder fazer a jornada.",Qwen3OIE_4B,O imperador Wanli,convidou para,Pequim,3
"O imperador Wanli convidou Yonten Gyatso para Pequim em 1616, mas, assim como seu antecessor, ele morreu antes de poder fazer a jornada.",Qwen3OIE_4B,O imperador Wanli,convidou em,1616,3
"O imperador Wanli convidou Yonten Gyatso para Pequim em 1616, mas, assim como seu antecessor, ele morreu antes de poder fazer a jornada.",respostaGrok4.0Fast,ele,morreu,antes de poder fazer a jornada,3
"O imperador Wanli convidou Yonten Gyatso para Pequim em 1616, mas, assim como seu antecessor, ele morreu antes de poder fazer a jornada.",respostas_gpt5.5_mini,ele,morreu,antes de poder fazer a jornada,3
"O imperador Wanli convidou Yonten Gyatso para Pequim em 1616, mas, assim como seu antecessor, ele morreu antes de poder fazer a jornada.",respostasGemini3.1Pro,O imperador Wanli,convidou,Yonten Gyatso,4
"O imperador Wanli convidou Yonten Gyatso para Pequim em 1616, mas, assim como seu antecessor, ele morreu antes de poder fazer a jornada.",respostasGemini3.1Pro,O imperador Wanli,convidou para,Pequim,3
"O imperador Wanli convidou Yonten Gyatso para Pequim em 1616, mas, assim como seu antecessor, ele morreu antes de poder fazer a jornada.",respostasGemini3.1Pro,O imperador Wanli,convidou em,1616,3
"O quarto Dalai Lama se recusou a dar uma audiência a o rei Ü-Tsang, que provocou um conflito quando este começou a atacar mosteiros Gelug.",Claude_Sonnet5,O quarto Dalai Lama,se recusou a dar,uma audiência a o rei Ü-Tsang,6
"O quarto Dalai Lama se recusou a dar uma audiência a o rei Ü-Tsang, que provocou um conflito quando este começou a atacar mosteiros Gelug.",Claude_Sonnet5,este,começou a atacar,mosteiros Gelug,4
"O quarto Dalai Lama se recusou a dar uma audiência a o rei Ü-Tsang, que provocou um conflito quando este começou a atacar mosteiros Gelug.",LlamaPortOIE3,O quarto Dalai Lama,se recusou a dar,uma audiência a o rei Ü-Tsang,6
"O quarto Dalai Lama se recusou a dar uma audiência a o rei Ü-Tsang, que provocou um conflito quando este começou a atacar mosteiros Gelug.",LlamaPortOIE3,este,começou a atacar,mosteiros Gelug,4
"O quarto Dalai Lama se recusou a dar uma audiência a o rei Ü-Tsang, que provocou um conflito quando este começou a atacar mosteiros Gelug.",Qwen3OIE_0_6B,O quarto Dalai Lama,se recusou a dar,uma audiência a o rei Ü-Tsang,6
"O quarto Dalai Lama se recusou a dar uma audiência a o rei Ü-Tsang, que provocou um conflito quando este começou a atacar mosteiros Gelug.",Qwen3OIE_0_6B,o rei Ü-Tsang,começou a atacar,mosteiros Gelug,3
"O quarto Dalai Lama se recusou a dar uma audiência a o rei Ü-Tsang, que provocou um conflito quando este começou a atacar mosteiros Gelug.",Qwen3OIE_4B,o rei Ü-Tsang,começou a atacar,mosteiros Gelug,3
"O quarto Dalai Lama se recusou a dar uma audiência a o rei Ü-Tsang, que provocou um conflito quando este começou a atacar mosteiros Gelug.",respostaGrok4.0Fast,O quarto Dalai Lama,se recusou a dar,uma audiência a o rei Ü-Tsang,6
"O quarto Dalai Lama se recusou a dar uma audiência a o rei Ü-Tsang, que provocou um conflito quando este começou a atacar mosteiros Gelug.",respostaGrok4.0Fast,o rei Ü-Tsang,começou a atacar,mosteiros Gelug,3
"O quarto Dalai Lama se recusou a dar uma audiência a o rei Ü-Tsang, que provocou um conflito quando este começou a atacar mosteiros Gelug.",respostas_gpt5.5_mini,O quarto Dalai Lama,se recusou a dar,uma audiência a o rei Ü-Tsang,6
"O quarto Dalai Lama se recusou a dar uma audiência a o rei Ü-Tsang, que provocou um conflito quando este começou a atacar mosteiros Gelug.",respostas_gpt5.5_mini,este,começou a atacar,mosteiros Gelug,4
"O quarto Dalai Lama se recusou a dar uma audiência a o rei Ü-Tsang, que provocou um conflito quando este começou a atacar mosteiros Gelug.",respostasGemini3.1Pro,O quarto Dalai Lama,se recusou a dar,uma audiência a o rei Ü-Tsang,6
"O quarto Dalai Lama se recusou a dar uma audiência a o rei Ü-Tsang, que provocou um conflito quando este começou a atacar mosteiros Gelug.",respostasGemini3.1Pro,este,começou a atacar,mosteiros Gelug,4
"Güshi Khan aceitou seu papel de protetor e, de 1637 a 1640, ele não apenas derrotou os inimigos de os Gelugpas em as regiões Amdo e Kham, mas também reassentou toda a sua tribo em Amdo.",Claude_Sonnet5,ele,reassentou,toda a sua tribo,4
"Güshi Khan aceitou seu papel de protetor e, de 1637 a 1640, ele não apenas derrotou os inimigos de os Gelugpas em as regiões Amdo e Kham, mas também reassentou toda a sua tribo em Amdo.",LlamaPortOIE3,ele,reassentou,toda a sua tribo em Amdo,4
"Güshi Khan aceitou seu papel de protetor e, de 1637 a 1640, ele não apenas derrotou os inimigos de os Gelugpas em as regiões Amdo e Kham, mas também reassentou toda a sua tribo em Amdo.",respostaGrok4.0Fast,ele,reassentou,toda a sua tribo em Amdo,4
"Güshi Khan aceitou seu papel de protetor e, de 1637 a 1640, ele não apenas derrotou os inimigos de os Gelugpas em as regiões Amdo e Kham, mas também reassentou toda a sua tribo em Amdo.",respostasGemini3.1Pro,ele,reassentou,toda a sua tribo,4
"Shih-Shan Henry Tsai escreve que o imperador Yongle enviou seu eunuco Yang Sanbao a o Tibete em 1413 para obter uma lealdade de vários príncipes tibetanos, enquanto o imperador Yongle pagou uma pequena fortuna em troca de presentes em troca de tributos, a fim de manter a lealdade de o vassalo vizinho.",Claude_Sonnet5,Shih-Shan Henry Tsai,escreve,"que o imperador Yongle enviou seu eunuco Yang Sanbao a o Tibete em 1413 para obter uma lealdade de vários príncipes tibetanos, enquanto o imperador Yongle pagou uma pequena fortuna em troca de presentes em troca de tributos, a fim de manter a lealdade de o vassalo vizinho",5
"Shih-Shan Henry Tsai escreve que o imperador Yongle enviou seu eunuco Yang Sanbao a o Tibete em 1413 para obter uma lealdade de vários príncipes tibetanos, enquanto o imperador Yongle pagou uma pequena fortuna em troca de presentes em troca de tributos, a fim de manter a lealdade de o vassalo vizinho.",Claude_Sonnet5,o imperador Yongle,pagou,uma pequena fortuna,4
"Shih-Shan Henry Tsai escreve que o imperador Yongle enviou seu eunuco Yang Sanbao a o Tibete em 1413 para obter uma lealdade de vários príncipes tibetanos, enquanto o imperador Yongle pagou uma pequena fortuna em troca de presentes em troca de tributos, a fim de manter a lealdade de o vassalo vizinho.",Claude_Sonnet5,o imperador Yongle,pagou em troca de,tributos,3
"Shih-Shan Henry Tsai escreve que o imperador Yongle enviou seu eunuco Yang Sanbao a o Tibete em 1413 para obter uma lealdade de vários príncipes tibetanos, enquanto o imperador Yongle pagou uma pequena fortuna em troca de presentes em troca de tributos, a fim de manter a lealdade de o vassalo vizinho.",Qwen3OIE_0_6B,Shih-Shan Henry Tsai,escreve,"que o imperador Yongle enviou seu eunuco Yang Sanbao a o Tibete em 1413 para obter uma lealdade de vários príncipes tibetanos, enquanto o imperador Yongle pagou uma pequena fortuna em troca de presentes em troca de tributos, a fim de manter a lealdade de o vassalo vizinho",5
"Shih-Shan Henry Tsai escreve que o imperador Yongle enviou seu eunuco Yang Sanbao a o Tibete em 1413 para obter uma lealdade de vários príncipes tibetanos, enquanto o imperador Yongle pagou uma pequena fortuna em troca de presentes em troca de tributos, a fim de manter a lealdade de o vassalo vizinho.",Qwen3OIE_0_6B,o imperador Yongle,pagou,uma pequena fortuna,4
"Shih-Shan Henry Tsai escreve que o imperador Yongle enviou seu eunuco Yang Sanbao a o Tibete em 1413 para obter uma lealdade de vários príncipes tibetanos, enquanto o imperador Yongle pagou uma pequena fortuna em troca de presentes em troca de tributos, a fim de manter a lealdade de o vassalo vizinho.",Qwen3OIE_0_6B,o imperador Yongle,pagou em troca de,tributos,3
"Shih-Shan Henry Tsai escreve que o imperador Yongle enviou seu eunuco Yang Sanbao a o Tibete em 1413 para obter uma lealdade de vários príncipes tibetanos, enquanto o imperador Yongle pagou uma pequena fortuna em troca de presentes em troca de tributos, a fim de manter a lealdade de o vassalo vizinho.",Qwen3OIE_4B,Shih-Shan Henry Tsai,escreve,"que o imperador Yongle enviou seu eunuco Yang Sanbao a o Tibete em 1413 para obter uma lealdade de vários príncipes tibetanos, enquanto o imperador Yongle pagou uma pequena fortuna em troca de presentes em troca de tributos, a fim de manter a lealdade de o vassalo vizinho",5
"Shih-Shan Henry Tsai escreve que o imperador Yongle enviou seu eunuco Yang Sanbao a o Tibete em 1413 para obter uma lealdade de vários príncipes tibetanos, enquanto o imperador Yongle pagou uma pequena fortuna em troca de presentes em troca de tributos, a fim de manter a lealdade de o vassalo vizinho.",Qwen3OIE_4B,o imperador Yongle,pagou,uma pequena fortuna,4
"Shih-Shan Henry Tsai escreve que o imperador Yongle enviou seu eunuco Yang Sanbao a o Tibete em 1413 para obter uma lealdade de vários príncipes tibetanos, enquanto o imperador Yongle pagou uma pequena fortuna em troca de presentes em troca de tributos, a fim de manter a lealdade de o vassalo vizinho.",Qwen3OIE_4B,o imperador Yongle,pagou em troca de,tributos,3
"Shih-Shan Henry Tsai escreve que o imperador Yongle enviou seu eunuco Yang Sanbao a o Tibete em 1413 para obter uma lealdade de vários príncipes tibetanos, enquanto o imperador Yongle pagou uma pequena fortuna em troca de presentes em troca de tributos, a fim de manter a lealdade de o vassalo vizinho.",respostaGrok4.0Fast,Shih-Shan Henry Tsai,escreve,que o imperador Yongle enviou seu eunuco Yang Sanbao a o Tibete em 1413,3
"Shih-Shan Henry Tsai escreve que o imperador Yongle enviou seu eunuco Yang Sanbao a o Tibete em 1413 para obter uma lealdade de vários príncipes tibetanos, enquanto o imperador Yongle pagou uma pequena fortuna em troca de presentes em troca de tributos, a fim de manter a lealdade de o vassalo vizinho.",respostas_gpt5.5_mini,Shih-Shan Henry Tsai,escreve,que o imperador Yongle enviou seu eunuco Yang Sanbao a o Tibete em 1413 para obter uma lealdade de vários príncipes tibetanos,6
"Shih-Shan Henry Tsai escreve que o imperador Yongle enviou seu eunuco Yang Sanbao a o Tibete em 1413 para obter uma lealdade de vários príncipes tibetanos, enquanto o imperador Yongle pagou uma pequena fortuna em troca de presentes em troca de tributos, a fim de manter a lealdade de o vassalo vizinho.",respostasGemini3.1Pro,Shih-Shan Henry Tsai,escreve,que o imperador Yongle enviou seu eunuco Yang Sanbao a o Tibete em 1413 para obter uma lealdade de vários príncipes tibetanos,6
"Shih-Shan Henry Tsai escreve que o imperador Yongle enviou seu eunuco Yang Sanbao a o Tibete em 1413 para obter uma lealdade de vários príncipes tibetanos, enquanto o imperador Yongle pagou uma pequena fortuna em troca de presentes em troca de tributos, a fim de manter a lealdade de o vassalo vizinho.",respostasGemini3.1Pro,o imperador Yongle,pagou,uma pequena fortuna,4
"A Apple lançou um novo conector dock de 8 pinos, chamado Relâmpago, em 12 de setembro de 2012, com o anúncio de o iPhone 5, de o iPod Touch de quinta geração e de o iPod Nano de a sétima geração, todos com esse recurso.",Claude_Sonnet5,A Apple,lançou em,12 de setembro de 2012,3
"A Apple lançou um novo conector dock de 8 pinos, chamado Relâmpago, em 12 de setembro de 2012, com o anúncio de o iPhone 5, de o iPod Touch de quinta geração e de o iPod Nano de a sétima geração, todos com esse recurso.",Qwen3OIE_0_6B,um novo conector dock de 8 pinos,é chamado,Relâmpago,3
"A Apple lançou um novo conector dock de 8 pinos, chamado Relâmpago, em 12 de setembro de 2012, com o anúncio de o iPhone 5, de o iPod Touch de quinta geração e de o iPod Nano de a sétima geração, todos com esse recurso.",Qwen3OIE_4B,um novo conector dock de 8 pinos,é chamado,Relâmpago,3
"A Apple lançou um novo conector dock de 8 pinos, chamado Relâmpago, em 12 de setembro de 2012, com o anúncio de o iPhone 5, de o iPod Touch de quinta geração e de o iPod Nano de a sétima geração, todos com esse recurso.",Qwen3OIE_4B,A Apple,lançou em,12 de setembro de 2012,3
"A Apple lançou um novo conector dock de 8 pinos, chamado Relâmpago, em 12 de setembro de 2012, com o anúncio de o iPhone 5, de o iPod Touch de quinta geração e de o iPod Nano de a sétima geração, todos com esse recurso.",respostas_gpt5.5_mini,um novo conector dock de 8 pinos,é chamado,Relâmpago,3
"A Apple lançou um novo conector dock de 8 pinos, chamado Relâmpago, em 12 de setembro de 2012, com o anúncio de o iPhone 5, de o iPod Touch de quinta geração e de o iPod Nano de a sétima geração, todos com esse recurso.",respostasGemini3.1Pro,A Apple,lançou em,12 de setembro de 2012,3
"As versões de seis e sete faixas de a trilha sonora de o jogo foram lançadas em 19 de novembro de 2006, como parte de uma promoção de o Nintendo Power e acompanhadas de réplicas de a Master Sword e de o Hylian Shield.",Claude_Sonnet5,As versões de seis e sete faixas de a trilha sonora de o jogo,foram lançadas como parte de,uma promoção de o Nintendo Power,6
"As versões de seis e sete faixas de a trilha sonora de o jogo foram lançadas em 19 de novembro de 2006, como parte de uma promoção de o Nintendo Power e acompanhadas de réplicas de a Master Sword e de o Hylian Shield.",Claude_Sonnet5,As versões de seis e sete faixas de a trilha sonora de o jogo,foram acompanhadas de,réplicas de a Master Sword,5
"As versões de seis e sete faixas de a trilha sonora de o jogo foram lançadas em 19 de novembro de 2006, como parte de uma promoção de o Nintendo Power e acompanhadas de réplicas de a Master Sword e de o Hylian Shield.",Claude_Sonnet5,As versões de seis e sete faixas de a trilha sonora de o jogo,foram acompanhadas de,o Hylian Shield,4
"As versões de seis e sete faixas de a trilha sonora de o jogo foram lançadas em 19 de novembro de 2006, como parte de uma promoção de o Nintendo Power e acompanhadas de réplicas de a Master Sword e de o Hylian Shield.",LlamaPortOIE3,As versões de seis e sete faixas de a trilha sonora de o jogo,foram lançadas como parte de,uma promoção de o Nintendo Power,6
"As versões de seis e sete faixas de a trilha sonora de o jogo foram lançadas em 19 de novembro de 2006, como parte de uma promoção de o Nintendo Power e acompanhadas de réplicas de a Master Sword e de o Hylian Shield.",LlamaPortOIE3,As versões de seis e sete faixas de a trilha sonora de o jogo,foram lançadas acompanhadas de,réplicas de a Master Sword e de o Hylian Shield,5
"As versões de seis e sete faixas de a trilha sonora de o jogo foram lançadas em 19 de novembro de 2006, como parte de uma promoção de o Nintendo Power e acompanhadas de réplicas de a Master Sword e de o Hylian Shield.",Qwen3OIE_0_6B,As versões de seis e sete faixas de a trilha sonora de o jogo,foram parte de,uma promoção de o Nintendo Power,5
"As versões de seis e sete faixas de a trilha sonora de o jogo foram lançadas em 19 de novembro de 2006, como parte de uma promoção de o Nintendo Power e acompanhadas de réplicas de a Master Sword e de o Hylian Shield.",Qwen3OIE_0_6B,As versões de seis e sete faixas de a trilha sonora de o jogo,foram acompanhadas de,réplicas de a Master Sword,5
"As versões de seis e sete faixas de a trilha sonora de o jogo foram lançadas em 19 de novembro de 2006, como parte de uma promoção de o Nintendo Power e acompanhadas de réplicas de a Master Sword e de o Hylian Shield.",Qwen3OIE_0_6B,As versões de seis e sete faixas de a trilha sonora de o jogo,foram acompanhadas de,réplicas de o Hylian Shield,5
"As versões de seis e sete faixas de a trilha sonora de o jogo foram lançadas em 19 de novembro de 2006, como parte de uma promoção de o Nintendo Power e acompanhadas de réplicas de a Master Sword e de o Hylian Shield.",Qwen3OIE_4B,As versões de seis e sete faixas de a trilha sonora de o jogo,foram lançadas como parte de,uma promoção de o Nintendo Power,6
"As versões de seis e sete faixas de a trilha sonora de o jogo foram lançadas em 19 de novembro de 2006, como parte de uma promoção de o Nintendo Power e acompanhadas de réplicas de a Master Sword e de o Hylian Shield.",Qwen3OIE_4B,As versões de seis e sete faixas de a trilha sonora de o jogo,foram acompanhadas de,réplicas de a Master Sword,5
"As versões de seis e sete faixas de a trilha sonora de o jogo foram lançadas em 19 de novembro de 2006, como parte de uma promoção de o Nintendo Power e acompanhadas de réplicas de a Master Sword e de o Hylian Shield.",Qwen3OIE_4B,As versões de seis e sete faixas de a trilha sonora de o jogo,foram acompanhadas de,réplicas de o Hylian Shield,5
"As versões de seis e sete faixas de a trilha sonora de o jogo foram lançadas em 19 de novembro de 2006, como parte de uma promoção de o Nintendo Power e acompanhadas de réplicas de a Master Sword e de o Hylian Shield.",respostas_gpt5.5_mini,As versões de seis e sete faixas de a trilha sonora de o jogo,foram lançadas como parte de,uma promoção de o Nintendo Power,6
"As versões de seis e sete faixas de a trilha sonora de o jogo foram lançadas em 19 de novembro de 2006, como parte de uma promoção de o Nintendo Power e acompanhadas de réplicas de a Master Sword e de o Hylian Shield.",respostas_gpt5.5_mini,As versões de seis e sete faixas de a trilha sonora de o jogo,foram acompanhadas de,réplicas de a Master Sword,5
"As versões de seis e sete faixas de a trilha sonora de o jogo foram lançadas em 19 de novembro de 2006, como parte de uma promoção de o Nintendo Power e acompanhadas de réplicas de a Master Sword e de o Hylian Shield.",respostas_gpt5.5_mini,As versões de seis e sete faixas de a trilha sonora de o jogo,foram acompanhadas de,réplicas de o Hylian Shield,5
"As versões de seis e sete faixas de a trilha sonora de o jogo foram lançadas em 19 de novembro de 2006, como parte de uma promoção de o Nintendo Power e acompanhadas de réplicas de a Master Sword e de o Hylian Shield.",respostasGemini3.1Pro,As versões de seis e sete faixas de a trilha sonora de o jogo,foram lançadas como,parte de uma promoção de o Nintendo Power,5
"Todas as rodovias em Wenchuan, e outras em toda a província, foram danificadas, resultando em atraso em a chegada de as tropas de resgate.",Claude_Sonnet5,outras em toda a província,foram,danificadas,3
"Todas as rodovias em Wenchuan, e outras em toda a província, foram danificadas, resultando em atraso em a chegada de as tropas de resgate.",Qwen3OIE_4B,outras rodovias em toda a província,foram,danificadas,3
"Todas as rodovias em Wenchuan, e outras em toda a província, foram danificadas, resultando em atraso em a chegada de as tropas de resgate.",respostasGemini3.1Pro,outras em toda a província,foram,danificadas,3
"O serviço de a China Unicom em Wenchuan e quatro municípios vizinhos foi interrompido, com mais de 700 torres suspensas.",LlamaPortOIE3,O serviço de a China Unicom em Wenchuan e quatro municípios vizinhos,foi interrompido,com mais de 700 torres suspensas,3
"O serviço de a China Unicom em Wenchuan e quatro municípios vizinhos foi interrompido, com mais de 700 torres suspensas.",PortNOIE,O serviço de a China Unicom em Wenchuan e quatro municípios vizinhos,"foi interrompido, com",mais de 700 torres suspensas,3
"O serviço de a China Unicom em Wenchuan e quatro municípios vizinhos foi interrompido, com mais de 700 torres suspensas.",Qwen3OIE_0_6B,O serviço de a China Unicom em Wenchuan e quatro municípios vizinhos,foi interrompido com,mais de 700 torres suspensas,4
"O serviço de a China Unicom em Wenchuan e quatro municípios vizinhos foi interrompido, com mais de 700 torres suspensas.",Qwen3OIE_4B,O serviço de a China Unicom em Wenchuan e quatro municípios vizinhos,foi interrompido com,mais de 700 torres suspensas,4
"Em 2002, o geólogo chinês Chen Xuezhong publicou um estudo de Análise de Risco Sísmico, em o qual concluiu que, a partir de 2003",Claude_Sonnet5,o geólogo chinês Chen Xuezhong,publicou em,2002,3
"Em 2002, o geólogo chinês Chen Xuezhong publicou um estudo de Análise de Risco Sísmico, em o qual concluiu que, a partir de 2003",Qwen3OIE_4B,o geólogo chinês Chen Xuezhong,publicou em,2002,3
"Em 2002, o geólogo chinês Chen Xuezhong publicou um estudo de Análise de Risco Sísmico, em o qual concluiu que, a partir de 2003",respostasGemini3.1Pro,o geólogo chinês Chen Xuezhong,publicou em,2002,3
O governo central estima que mais de 7.000 salas de aula com engenharia inadequada desabaram em o terremoto.,Claude_Sonnet5,O governo central,estima,que mais de 7.000 salas de aula com engenharia inadequada desabaram em o terremoto,6
O governo central estima que mais de 7.000 salas de aula com engenharia inadequada desabaram em o terremoto.,Qwen3OIE_0_6B,O governo central,estima,que mais de 7.000 salas de aula com engenharia inadequada desabaram em o terremoto,6
O governo central estima que mais de 7.000 salas de aula com engenharia inadequada desabaram em o terremoto.,Qwen3OIE_4B,O governo central,estima,que mais de 7.000 salas de aula com engenharia inadequada desabaram em o terremoto,6
O governo central estima que mais de 7.000 salas de aula com engenharia inadequada desabaram em o terremoto.,respostaGrok4.0Fast,O governo central,estima,que mais de 7.000 salas de aula com engenharia inadequada desabaram em o terremoto,6
O governo central estima que mais de 7.000 salas de aula com engenharia inadequada desabaram em o terremoto.,respostas_gpt5.5_mini,O governo central,estima,que mais de 7.000 salas de aula com engenharia inadequada desabaram em o terremoto,6
O governo central estima que mais de 7.000 salas de aula com engenharia inadequada desabaram em o terremoto.,respostasGemini3.1Pro,O governo central,estima,que mais de 7.000 salas de aula com engenharia inadequada desabaram em o terremoto,6
"A rota de a tocha por o país foi reduzida e houve um minuto de silêncio quando a próxima etapa começou em a cidade de Ruijin, Jiangxi, em a quarta-feira após o terremoto.",Claude_Sonnet5,a próxima etapa,começou em,"a cidade de Ruijin, Jiangxi",5
"A rota de a tocha por o país foi reduzida e houve um minuto de silêncio quando a próxima etapa começou em a cidade de Ruijin, Jiangxi, em a quarta-feira após o terremoto.",Claude_Sonnet5,a próxima etapa,começou em,a quarta-feira após o terremoto,3
"A rota de a tocha por o país foi reduzida e houve um minuto de silêncio quando a próxima etapa começou em a cidade de Ruijin, Jiangxi, em a quarta-feira após o terremoto.",PortNOIE,a próxima etapa,começou em,a cidade de Ruijin,5
"A rota de a tocha por o país foi reduzida e houve um minuto de silêncio quando a próxima etapa começou em a cidade de Ruijin, Jiangxi, em a quarta-feira após o terremoto.",Qwen3OIE_4B,a próxima etapa,começou em,"a cidade de Ruijin, Jiangxi",5
"A rota de a tocha por o país foi reduzida e houve um minuto de silêncio quando a próxima etapa começou em a cidade de Ruijin, Jiangxi, em a quarta-feira após o terremoto.",Qwen3OIE_4B,a próxima etapa,começou em,a quarta-feira após o terremoto,3
"A rota de a tocha por o país foi reduzida e houve um minuto de silêncio quando a próxima etapa começou em a cidade de Ruijin, Jiangxi, em a quarta-feira após o terremoto.",respostas_gpt5.5_mini,a próxima etapa,começou em,"a cidade de Ruijin, Jiangxi",5
"A rota de a tocha por o país foi reduzida e houve um minuto de silêncio quando a próxima etapa começou em a cidade de Ruijin, Jiangxi, em a quarta-feira após o terremoto.",respostasGemini3.1Pro,a próxima etapa,começou em,"a cidade de Ruijin, Jiangxi",5
"A rota de a tocha por o país foi reduzida e houve um minuto de silêncio quando a próxima etapa começou em a cidade de Ruijin, Jiangxi, em a quarta-feira após o terremoto.",respostasGemini3.1Pro,a próxima etapa,começou em,a quarta-feira após o terremoto,3
"Enquanto isso, um trem de carga que transportava 13 tanques de gasolina descarrilou em Condado de Hui, Gansu, e pegou fogo depois que o trilho foi distorcido.",Claude_Sonnet5,um trem de carga,transportava,13 tanques de gasolina,4
"Enquanto isso, um trem de carga que transportava 13 tanques de gasolina descarrilou em Condado de Hui, Gansu, e pegou fogo depois que o trilho foi distorcido.",Claude_Sonnet5,um trem de carga que transportava 13 tanques de gasolina,descarrilou em,"Condado de Hui, Gansu",3
"Enquanto isso, um trem de carga que transportava 13 tanques de gasolina descarrilou em Condado de Hui, Gansu, e pegou fogo depois que o trilho foi distorcido.",Qwen3OIE_0_6B,um trem de carga que transportava 13 tanques de gasolina,descarrilou em,"Condado de Hui, Gansu",3
"Enquanto isso, um trem de carga que transportava 13 tanques de gasolina descarrilou em Condado de Hui, Gansu, e pegou fogo depois que o trilho foi distorcido.",Qwen3OIE_4B,um trem de carga,transportava,13 tanques de gasolina,4
"Enquanto isso, um trem de carga que transportava 13 tanques de gasolina descarrilou em Condado de Hui, Gansu, e pegou fogo depois que o trilho foi distorcido.",Qwen3OIE_4B,um trem de carga,descarrilou em,"Condado de Hui, Gansu",3
"Enquanto isso, um trem de carga que transportava 13 tanques de gasolina descarrilou em Condado de Hui, Gansu, e pegou fogo depois que o trilho foi distorcido.",respostaGrok4.0Fast,um trem de carga que transportava 13 tanques de gasolina,descarrilou em,"Condado de Hui, Gansu",3
"Enquanto isso, um trem de carga que transportava 13 tanques de gasolina descarrilou em Condado de Hui, Gansu, e pegou fogo depois que o trilho foi distorcido.",respostas_gpt5.5_mini,um trem de carga,transportava,13 tanques de gasolina,4
"Enquanto isso, um trem de carga que transportava 13 tanques de gasolina descarrilou em Condado de Hui, Gansu, e pegou fogo depois que o trilho foi distorcido.",respostas_gpt5.5_mini,um trem de carga,descarrilou em,"Condado de Hui, Gansu",3
"Enquanto isso, um trem de carga que transportava 13 tanques de gasolina descarrilou em Condado de Hui, Gansu, e pegou fogo depois que o trilho foi distorcido.",respostasGemini3.1Pro,um trem de carga,transportava,13 tanques de gasolina,4
"Enquanto isso, um trem de carga que transportava 13 tanques de gasolina descarrilou em Condado de Hui, Gansu, e pegou fogo depois que o trilho foi distorcido.",respostasGemini3.1Pro,um trem de carga,descarrilou em,"Condado de Hui, Gansu",3
Os Estados Unidos compartilharam algumas de suas imagens de satélite de as áreas atingidas por o terremoto com as Autoridades chinesas.,Claude_Sonnet5,Os Estados Unidos,compartilharam,algumas de suas imagens de satélite de as áreas atingidas por o terremoto,8
Os Estados Unidos compartilharam algumas de suas imagens de satélite de as áreas atingidas por o terremoto com as Autoridades chinesas.,Claude_Sonnet5,Os Estados Unidos,compartilharam com,as Autoridades chinesas,4
Os Estados Unidos compartilharam algumas de suas imagens de satélite de as áreas atingidas por o terremoto com as Autoridades chinesas.,LlamaPortOIE3,Os Estados Unidos,compartilharam,algumas de suas imagens de satélite de as áreas atingidas por o terremoto com as Autoridades chinesas,8
Os Estados Unidos compartilharam algumas de suas imagens de satélite de as áreas atingidas por o terremoto com as Autoridades chinesas.,PortNOIE,Os Estados Unidos,compartilharam,algumas de suas imagens de satélite de as áreas atingidas por o terremoto com as Autoridades chinesas,8
Os Estados Unidos compartilharam algumas de suas imagens de satélite de as áreas atingidas por o terremoto com as Autoridades chinesas.,Qwen3OIE_0_6B,Os Estados Unidos,compartilharam,as imagens de satélite de as áreas atingidas por o terremoto com as Autoridades chinesas,8
Os Estados Unidos compartilharam algumas de suas imagens de satélite de as áreas atingidas por o terremoto com as Autoridades chinesas.,Qwen3OIE_4B,Os Estados Unidos,compartilharam com,as Autoridades chinesas,4
Os Estados Unidos compartilharam algumas de suas imagens de satélite de as áreas atingidas por o terremoto com as Autoridades chinesas.,Qwen3OIE_4B,Os Estados Unidos,compartilharam,algumas de suas imagens de satélite de as áreas atingidas por o terremoto,8
Os Estados Unidos compartilharam algumas de suas imagens de satélite de as áreas atingidas por o terremoto com as Autoridades chinesas.,respostaGrok4.0Fast,Os Estados Unidos,compartilharam,algumas de suas imagens de satélite de as áreas atingidas por o terremoto com as Autoridades chinesas,8
Os Estados Unidos compartilharam algumas de suas imagens de satélite de as áreas atingidas por o terremoto com as Autoridades chinesas.,respostas_gpt5.5_mini,Os Estados Unidos,compartilharam,algumas de suas imagens de satélite de as áreas atingidas por o terremoto,8
Os Estados Unidos compartilharam algumas de suas imagens de satélite de as áreas atingidas por o terremoto com as Autoridades chinesas.,respostas_gpt5.5_mini,Os Estados Unidos,compartilharam com,as Autoridades chinesas,4
Os Estados Unidos compartilharam algumas de suas imagens de satélite de as áreas atingidas por o terremoto com as Autoridades chinesas.,respostasGemini3.1Pro,Os Estados Unidos,compartilharam,algumas de suas imagens de satélite de as áreas atingidas por o terremoto,8
Os Estados Unidos compartilharam algumas de suas imagens de satélite de as áreas atingidas por o terremoto com as Autoridades chinesas.,respostasGemini3.1Pro,Os Estados Unidos,compartilharam com,as Autoridades chinesas,4
"Nova York - freqüentemente chamada Cidade de Nova York ou Cidade de Nova York para distingui-la de o Estado de Nova York, de o qual faz parte - é a cidade mais populosa de os Estados Unidos e o centro de a área metropolitana de Nova York, o principal portal de imigração legal para os Estados Unidos e uma de as aglomerações urbanas mais populosas de o mundo.",Claude_Sonnet5,Nova York,é,o centro de a área metropolitana de Nova York,6
"Nova York - freqüentemente chamada Cidade de Nova York ou Cidade de Nova York para distingui-la de o Estado de Nova York, de o qual faz parte - é a cidade mais populosa de os Estados Unidos e o centro de a área metropolitana de Nova York, o principal portal de imigração legal para os Estados Unidos e uma de as aglomerações urbanas mais populosas de o mundo.",Claude_Sonnet5,Nova York,é,o principal portal de imigração legal para os Estados Unidos,6
"Nova York - freqüentemente chamada Cidade de Nova York ou Cidade de Nova York para distingui-la de o Estado de Nova York, de o qual faz parte - é a cidade mais populosa de os Estados Unidos e o centro de a área metropolitana de Nova York, o principal portal de imigração legal para os Estados Unidos e uma de as aglomerações urbanas mais populosas de o mundo.",Claude_Sonnet5,Nova York,é,uma de as aglomerações urbanas mais populosas de o mundo,6
"Nova York - freqüentemente chamada Cidade de Nova York ou Cidade de Nova York para distingui-la de o Estado de Nova York, de o qual faz parte - é a cidade mais populosa de os Estados Unidos e o centro de a área metropolitana de Nova York, o principal portal de imigração legal para os Estados Unidos e uma de as aglomerações urbanas mais populosas de o mundo.",LlamaPortOIE3,Nova York,é,o centro de a área metropolitana de Nova York,6
"Nova York - freqüentemente chamada Cidade de Nova York ou Cidade de Nova York para distingui-la de o Estado de Nova York, de o qual faz parte - é a cidade mais populosa de os Estados Unidos e o centro de a área metropolitana de Nova York, o principal portal de imigração legal para os Estados Unidos e uma de as aglomerações urbanas mais populosas de o mundo.",LlamaPortOIE3,Nova York,é,o principal portal de imigração legal para os Estados Unidos,6
"Nova York - freqüentemente chamada Cidade de Nova York ou Cidade de Nova York para distingui-la de o Estado de Nova York, de o qual faz parte - é a cidade mais populosa de os Estados Unidos e o centro de a área metropolitana de Nova York, o principal portal de imigração legal para os Estados Unidos e uma de as aglomerações urbanas mais populosas de o mundo.",LlamaPortOIE3,Nova York,é,uma de as aglomerações urbanas mais populosas de o mundo,6
"Nova York - freqüentemente chamada Cidade de Nova York ou Cidade de Nova York para distingui-la de o Estado de Nova York, de o qual faz parte - é a cidade mais populosa de os Estados Unidos e o centro de a área metropolitana de Nova York, o principal portal de imigração legal para os Estados Unidos e uma de as aglomerações urbanas mais populosas de o mundo.",Qwen3OIE_0_6B,Nova York,é,o centro de a área metropolitana de Nova York,6
"Nova York - freqüentemente chamada Cidade de Nova York ou Cidade de Nova York para distingui-la de o Estado de Nova York, de o qual faz parte - é a cidade mais populosa de os Estados Unidos e o centro de a área metropolitana de Nova York, o principal portal de imigração legal para os Estados Unidos e uma de as aglomerações urbanas mais populosas de o mundo.",Qwen3OIE_0_6B,Nova York,é,o principal portal de imigração legal para os Estados Unidos,6
"Nova York - freqüentemente chamada Cidade de Nova York ou Cidade de Nova York para distingui-la de o Estado de Nova York, de o qual faz parte - é a cidade mais populosa de os Estados Unidos e o centro de a área metropolitana de Nova York, o principal portal de imigração legal para os Estados Unidos e uma de as aglomerações urbanas mais populosas de o mundo.",Qwen3OIE_0_6B,Nova York,é,uma de as aglomerações urbanas mais populosas de o mundo,6
"Nova York - freqüentemente chamada Cidade de Nova York ou Cidade de Nova York para distingui-la de o Estado de Nova York, de o qual faz parte - é a cidade mais populosa de os Estados Unidos e o centro de a área metropolitana de Nova York, o principal portal de imigração legal para os Estados Unidos e uma de as aglomerações urbanas mais populosas de o mundo.",Qwen3OIE_4B,Nova York,é,o centro de a área metropolitana de Nova York,6
"Nova York - freqüentemente chamada Cidade de Nova York ou Cidade de Nova York para distingui-la de o Estado de Nova York, de o qual faz parte - é a cidade mais populosa de os Estados Unidos e o centro de a área metropolitana de Nova York, o principal portal de imigração legal para os Estados Unidos e uma de as aglomerações urbanas mais populosas de o mundo.",Qwen3OIE_4B,Nova York,é,o principal portal de imigração legal para os Estados Unidos,6
"Nova York - freqüentemente chamada Cidade de Nova York ou Cidade de Nova York para distingui-la de o Estado de Nova York, de o qual faz parte - é a cidade mais populosa de os Estados Unidos e o centro de a área metropolitana de Nova York, o principal portal de imigração legal para os Estados Unidos e uma de as aglomerações urbanas mais populosas de o mundo.",Qwen3OIE_4B,Nova York,é,uma de as aglomerações urbanas mais populosas de o mundo,6
"Nova York - freqüentemente chamada Cidade de Nova York ou Cidade de Nova York para distingui-la de o Estado de Nova York, de o qual faz parte - é a cidade mais populosa de os Estados Unidos e o centro de a área metropolitana de Nova York, o principal portal de imigração legal para os Estados Unidos e uma de as aglomerações urbanas mais populosas de o mundo.",respostas_gpt5.5_mini,Nova York,é,o centro de a área metropolitana de Nova York,6
"Nova York - freqüentemente chamada Cidade de Nova York ou Cidade de Nova York para distingui-la de o Estado de Nova York, de o qual faz parte - é a cidade mais populosa de os Estados Unidos e o centro de a área metropolitana de Nova York, o principal portal de imigração legal para os Estados Unidos e uma de as aglomerações urbanas mais populosas de o mundo.",respostas_gpt5.5_mini,Nova York,é,o principal portal de imigração legal para os Estados Unidos,6
"Nova York - freqüentemente chamada Cidade de Nova York ou Cidade de Nova York para distingui-la de o Estado de Nova York, de o qual faz parte - é a cidade mais populosa de os Estados Unidos e o centro de a área metropolitana de Nova York, o principal portal de imigração legal para os Estados Unidos e uma de as aglomerações urbanas mais populosas de o mundo.",respostas_gpt5.5_mini,Nova York,é,uma de as aglomerações urbanas mais populosas de o mundo,6
"Nova York - freqüentemente chamada Cidade de Nova York ou Cidade de Nova York para distingui-la de o Estado de Nova York, de o qual faz parte - é a cidade mais populosa de os Estados Unidos e o centro de a área metropolitana de Nova York, o principal portal de imigração legal para os Estados Unidos e uma de as aglomerações urbanas mais populosas de o mundo.",respostasGemini3.1Pro,Nova York,é,o centro de a área metropolitana de Nova York,6
"Nova York - freqüentemente chamada Cidade de Nova York ou Cidade de Nova York para distingui-la de o Estado de Nova York, de o qual faz parte - é a cidade mais populosa de os Estados Unidos e o centro de a área metropolitana de Nova York, o principal portal de imigração legal para os Estados Unidos e uma de as aglomerações urbanas mais populosas de o mundo.",respostasGemini3.1Pro,Nova York,é,o principal portal de imigração legal para os Estados Unidos,6
"Nova York - freqüentemente chamada Cidade de Nova York ou Cidade de Nova York para distingui-la de o Estado de Nova York, de o qual faz parte - é a cidade mais populosa de os Estados Unidos e o centro de a área metropolitana de Nova York, o principal portal de imigração legal para os Estados Unidos e uma de as aglomerações urbanas mais populosas de o mundo.",respostasGemini3.1Pro,Nova York,é,uma de as aglomerações urbanas mais populosas de o mundo,6
"Em 1664, Peter Stuyvesant, diretor-geral de a colônia de a Nova Holanda, entregou Nova Amsterdã a os ingleses sem derramamento de sangue.",Claude_Sonnet5,Peter Stuyvesant,entregou,Nova Amsterdã,4
"Em 1664, Peter Stuyvesant, diretor-geral de a colônia de a Nova Holanda, entregou Nova Amsterdã a os ingleses sem derramamento de sangue.",Claude_Sonnet5,Peter Stuyvesant,entregou a,os ingleses,3
"Em 1664, Peter Stuyvesant, diretor-geral de a colônia de a Nova Holanda, entregou Nova Amsterdã a os ingleses sem derramamento de sangue.",Claude_Sonnet5,Peter Stuyvesant,entregou em,1664,3
"Em 1664, Peter Stuyvesant, diretor-geral de a colônia de a Nova Holanda, entregou Nova Amsterdã a os ingleses sem derramamento de sangue.",Qwen3OIE_0_6B,Peter Stuyvesant,entregou,Nova Amsterdã,4
"Em 1664, Peter Stuyvesant, diretor-geral de a colônia de a Nova Holanda, entregou Nova Amsterdã a os ingleses sem derramamento de sangue.",Qwen3OIE_0_6B,Peter Stuyvesant,entregou em,1664,3
"Em 1664, Peter Stuyvesant, diretor-geral de a colônia de a Nova Holanda, entregou Nova Amsterdã a os ingleses sem derramamento de sangue.",Qwen3OIE_0_6B,Peter Stuyvesant,entregou a,os ingleses,3
"Em 1664, Peter Stuyvesant, diretor-geral de a colônia de a Nova Holanda, entregou Nova Amsterdã a os ingleses sem derramamento de sangue.",Qwen3OIE_4B,Peter Stuyvesant,entregou,Nova Amsterdã,4
"Em 1664, Peter Stuyvesant, diretor-geral de a colônia de a Nova Holanda, entregou Nova Amsterdã a os ingleses sem derramamento de sangue.",Qwen3OIE_4B,Peter Stuyvesant,entregou a,os ingleses,3
"Em 1664, Peter Stuyvesant, diretor-geral de a colônia de a Nova Holanda, entregou Nova Amsterdã a os ingleses sem derramamento de sangue.",Qwen3OIE_4B,Peter Stuyvesant,entregou em,1664,3
"Em 1664, Peter Stuyvesant, diretor-geral de a colônia de a Nova Holanda, entregou Nova Amsterdã a os ingleses sem derramamento de sangue.",respostas_gpt5.5_mini,Peter Stuyvesant,entregou,Nova Amsterdã,4
"A Batalha de Long Island, a maior batalha de a Guerra Revolucionária Americana, foi travada em agosto de 1776, inteiramente em o bairro moderno de o Brooklyn.",Claude_Sonnet5,A Batalha de Long Island,é,a maior batalha de a Guerra Revolucionária Americana,3
"A Batalha de Long Island, a maior batalha de a Guerra Revolucionária Americana, foi travada em agosto de 1776, inteiramente em o bairro moderno de o Brooklyn.",Claude_Sonnet5,A Batalha de Long Island,foi travada inteiramente em,o bairro moderno de o Brooklyn,6
"A Batalha de Long Island, a maior batalha de a Guerra Revolucionária Americana, foi travada em agosto de 1776, inteiramente em o bairro moderno de o Brooklyn.",LlamaPortOIE3,A Batalha de Long Island,foi travada em,o bairro moderno de o Brooklyn,6
"A Batalha de Long Island, a maior batalha de a Guerra Revolucionária Americana, foi travada em agosto de 1776, inteiramente em o bairro moderno de o Brooklyn.",Qwen3OIE_0_6B,A Batalha de Long Island,é,a maior batalha de a Guerra Revolucionária Americana,3
"A Batalha de Long Island, a maior batalha de a Guerra Revolucionária Americana, foi travada em agosto de 1776, inteiramente em o bairro moderno de o Brooklyn.",Qwen3OIE_0_6B,A Batalha de Long Island,foi travada em,o bairro moderno de o Brooklyn,6
"A Batalha de Long Island, a maior batalha de a Guerra Revolucionária Americana, foi travada em agosto de 1776, inteiramente em o bairro moderno de o Brooklyn.",Qwen3OIE_4B,A Batalha de Long Island,foi travada em,o bairro moderno de o Brooklyn,6
"A Batalha de Long Island, a maior batalha de a Guerra Revolucionária Americana, foi travada em agosto de 1776, inteiramente em o bairro moderno de o Brooklyn.",Qwen3OIE_4B,A Batalha de Long Island,é,a maior batalha de a Guerra Revolucionária Americana,3
"A Batalha de Long Island, a maior batalha de a Guerra Revolucionária Americana, foi travada em agosto de 1776, inteiramente em o bairro moderno de o Brooklyn.",respostas_gpt5.5_mini,A Batalha de Long Island,foi travada em,o bairro moderno de o Brooklyn,6
"A Batalha de Long Island, a maior batalha de a Guerra Revolucionária Americana, foi travada em agosto de 1776, inteiramente em o bairro moderno de o Brooklyn.",respostasGemini3.1Pro,A Batalha de Long Island,foi travada em,o bairro moderno de o Brooklyn,6
"Quando um candidato presidencial republicano às eleições de 2016 ridicularizou o liberalismo de os valores de Nova York em janeiro de 2016, Donald Trump, líder em as pesquisas, defendeu vigorosamente sua cidade.",Claude_Sonnet5,um candidato presidencial republicano às eleições de 2016,ridicularizou,o liberalismo de os valores de Nova York,4
"Quando um candidato presidencial republicano às eleições de 2016 ridicularizou o liberalismo de os valores de Nova York em janeiro de 2016, Donald Trump, líder em as pesquisas, defendeu vigorosamente sua cidade.",Qwen3OIE_4B,um candidato presidencial republicano às eleições de 2016,ridicularizou,o liberalismo de os valores de Nova York,4
"Quando um candidato presidencial republicano às eleições de 2016 ridicularizou o liberalismo de os valores de Nova York em janeiro de 2016, Donald Trump, líder em as pesquisas, defendeu vigorosamente sua cidade.",respostas_gpt5.5_mini,um candidato presidencial republicano às eleições de 2016,ridicularizou,o liberalismo de os valores de Nova York,4
"Quando um candidato presidencial republicano às eleições de 2016 ridicularizou o liberalismo de os valores de Nova York em janeiro de 2016, Donald Trump, líder em as pesquisas, defendeu vigorosamente sua cidade.",respostasGemini3.1Pro,um candidato presidencial republicano às eleições de 2016,ridicularizou,o liberalismo de os valores de Nova York,4
"O ponto mais alto de a cidade é Todt Hill, em Staten Island, que, a 124,9 m acima de o nível de o mar, é o ponto mais alto de a costa leste de o sul de o Maine.",Claude_Sonnet5,Todt Hill,é,o ponto mais alto de a costa leste de o sul de o Maine,5
"O ponto mais alto de a cidade é Todt Hill, em Staten Island, que, a 124,9 m acima de o nível de o mar, é o ponto mais alto de a costa leste de o sul de o Maine.",LlamaPortOIE3,Todt Hill,é,o ponto mais alto de a cidade,5
"O ponto mais alto de a cidade é Todt Hill, em Staten Island, que, a 124,9 m acima de o nível de o mar, é o ponto mais alto de a costa leste de o sul de o Maine.",Qwen3OIE_0_6B,Todt Hill,é,o ponto mais alto de a costa leste de o sul de o Maine,5
"O ponto mais alto de a cidade é Todt Hill, em Staten Island, que, a 124,9 m acima de o nível de o mar, é o ponto mais alto de a costa leste de o sul de o Maine.",Qwen3OIE_4B,Todt Hill,é,o ponto mais alto de a costa leste de o sul de o Maine,5
"O ponto mais alto de a cidade é Todt Hill, em Staten Island, que, a 124,9 m acima de o nível de o mar, é o ponto mais alto de a costa leste de o sul de o Maine.",respostas_gpt5.5_mini,Todt Hill,é,o ponto mais alto de a costa leste de o sul de o Maine,5
"A cidade de Nova York possui um alto grau de disparidade de renda, conforme indicado por o seu coeficiente de Gini de 0,5 para a cidade em geral e 0,6 para Manhattan.",Claude_Sonnet5,A cidade de Nova York,possui,um alto grau de disparidade de renda,6
"A cidade de Nova York possui um alto grau de disparidade de renda, conforme indicado por o seu coeficiente de Gini de 0,5 para a cidade em geral e 0,6 para Manhattan.",LlamaPortOIE3,A cidade de Nova York,possui,um alto grau de disparidade de renda,6
"A cidade de Nova York possui um alto grau de disparidade de renda, conforme indicado por o seu coeficiente de Gini de 0,5 para a cidade em geral e 0,6 para Manhattan.",Qwen3OIE_0_6B,A cidade de Nova York,possui,um alto grau de disparidade de renda,6
"A cidade de Nova York possui um alto grau de disparidade de renda, conforme indicado por o seu coeficiente de Gini de 0,5 para a cidade em geral e 0,6 para Manhattan.",respostaGrok4.0Fast,A cidade de Nova York,possui,um alto grau de disparidade de renda,6
"A cidade de Nova York possui um alto grau de disparidade de renda, conforme indicado por o seu coeficiente de Gini de 0,5 para a cidade em geral e 0,6 para Manhattan.",respostas_gpt5.5_mini,A cidade de Nova York,possui,um alto grau de disparidade de renda,6
"A cidade de Nova York possui um alto grau de disparidade de renda, conforme indicado por o seu coeficiente de Gini de 0,5 para a cidade em geral e 0,6 para Manhattan.",respostasGemini3.1Pro,A cidade de Nova York,possui,um alto grau de disparidade de renda,6
"A frota de ônibus públicos de a cidade de Nova York é a maior de a América de o Norte, e o Port Authority Bus Terminal, o principal terminal de ônibus interurbano de a cidade, atende 7.000 ônibus e 200.000 passageiros diariamente, tornando-se a estação de ônibus mais movimentada de o mundo.",Claude_Sonnet5,o Port Authority Bus Terminal,é,o principal terminal de ônibus interurbano de a cidade,3
"A frota de ônibus públicos de a cidade de Nova York é a maior de a América de o Norte, e o Port Authority Bus Terminal, o principal terminal de ônibus interurbano de a cidade, atende 7.000 ônibus e 200.000 passageiros diariamente, tornando-se a estação de ônibus mais movimentada de o mundo.",Claude_Sonnet5,o Port Authority Bus Terminal,atende,7.000 ônibus,5
"A frota de ônibus públicos de a cidade de Nova York é a maior de a América de o Norte, e o Port Authority Bus Terminal, o principal terminal de ônibus interurbano de a cidade, atende 7.000 ônibus e 200.000 passageiros diariamente, tornando-se a estação de ônibus mais movimentada de o mundo.",Claude_Sonnet5,o Port Authority Bus Terminal,atende,200.000 passageiros diariamente,5
"A frota de ônibus públicos de a cidade de Nova York é a maior de a América de o Norte, e o Port Authority Bus Terminal, o principal terminal de ônibus interurbano de a cidade, atende 7.000 ônibus e 200.000 passageiros diariamente, tornando-se a estação de ônibus mais movimentada de o mundo.",LlamaPortOIE3,o Port Authority Bus Terminal,torna-se,a estação de ônibus mais movimentada de o mundo,3
"A frota de ônibus públicos de a cidade de Nova York é a maior de a América de o Norte, e o Port Authority Bus Terminal, o principal terminal de ônibus interurbano de a cidade, atende 7.000 ônibus e 200.000 passageiros diariamente, tornando-se a estação de ônibus mais movimentada de o mundo.",Qwen3OIE_0_6B,o Port Authority Bus Terminal,é,o principal terminal de ônibus interurbano de a cidade,3
"A frota de ônibus públicos de a cidade de Nova York é a maior de a América de o Norte, e o Port Authority Bus Terminal, o principal terminal de ônibus interurbano de a cidade, atende 7.000 ônibus e 200.000 passageiros diariamente, tornando-se a estação de ônibus mais movimentada de o mundo.",Qwen3OIE_0_6B,o Port Authority Bus Terminal,atende,7.000 ônibus,5
"A frota de ônibus públicos de a cidade de Nova York é a maior de a América de o Norte, e o Port Authority Bus Terminal, o principal terminal de ônibus interurbano de a cidade, atende 7.000 ônibus e 200.000 passageiros diariamente, tornando-se a estação de ônibus mais movimentada de o mundo.",Qwen3OIE_0_6B,o Port Authority Bus Terminal,atende,200.000 passageiros diariamente,5
"A frota de ônibus públicos de a cidade de Nova York é a maior de a América de o Norte, e o Port Authority Bus Terminal, o principal terminal de ônibus interurbano de a cidade, atende 7.000 ônibus e 200.000 passageiros diariamente, tornando-se a estação de ônibus mais movimentada de o mundo.",Qwen3OIE_4B,o Port Authority Bus Terminal,é,o principal terminal de ônibus interurbano de a cidade,3
"A frota de ônibus públicos de a cidade de Nova York é a maior de a América de o Norte, e o Port Authority Bus Terminal, o principal terminal de ônibus interurbano de a cidade, atende 7.000 ônibus e 200.000 passageiros diariamente, tornando-se a estação de ônibus mais movimentada de o mundo.",Qwen3OIE_4B,o Port Authority Bus Terminal,atende,7.000 ônibus,5
"A frota de ônibus públicos de a cidade de Nova York é a maior de a América de o Norte, e o Port Authority Bus Terminal, o principal terminal de ônibus interurbano de a cidade, atende 7.000 ônibus e 200.000 passageiros diariamente, tornando-se a estação de ônibus mais movimentada de o mundo.",Qwen3OIE_4B,o Port Authority Bus Terminal,atende,200.000 passageiros,5
"A frota de ônibus públicos de a cidade de Nova York é a maior de a América de o Norte, e o Port Authority Bus Terminal, o principal terminal de ônibus interurbano de a cidade, atende 7.000 ônibus e 200.000 passageiros diariamente, tornando-se a estação de ônibus mais movimentada de o mundo.",Qwen3OIE_4B,o Port Authority Bus Terminal,torna-se,a estação de ônibus mais movimentada de o mundo,3
"A frota de ônibus públicos de a cidade de Nova York é a maior de a América de o Norte, e o Port Authority Bus Terminal, o principal terminal de ônibus interurbano de a cidade, atende 7.000 ônibus e 200.000 passageiros diariamente, tornando-se a estação de ônibus mais movimentada de o mundo.",respostas_gpt5.5_mini,o Port Authority Bus Terminal,atende,7.000 ônibus,5
"A frota de ônibus públicos de a cidade de Nova York é a maior de a América de o Norte, e o Port Authority Bus Terminal, o principal terminal de ônibus interurbano de a cidade, atende 7.000 ônibus e 200.000 passageiros diariamente, tornando-se a estação de ônibus mais movimentada de o mundo.",respostas_gpt5.5_mini,o Port Authority Bus Terminal,atende,200.000 passageiros diariamente,5
"A frota de ônibus públicos de a cidade de Nova York é a maior de a América de o Norte, e o Port Authority Bus Terminal, o principal terminal de ônibus interurbano de a cidade, atende 7.000 ônibus e 200.000 passageiros diariamente, tornando-se a estação de ônibus mais movimentada de o mundo.",respostas_gpt5.5_mini,o Port Authority Bus Terminal,torna-se,a estação de ônibus mais movimentada de o mundo,3
"A frota de ônibus públicos de a cidade de Nova York é a maior de a América de o Norte, e o Port Authority Bus Terminal, o principal terminal de ônibus interurbano de a cidade, atende 7.000 ônibus e 200.000 passageiros diariamente, tornando-se a estação de ônibus mais movimentada de o mundo.",respostasGemini3.1Pro,o Port Authority Bus Terminal,atende,7.000 ônibus,5
"A frota de ônibus públicos de a cidade de Nova York é a maior de a América de o Norte, e o Port Authority Bus Terminal, o principal terminal de ônibus interurbano de a cidade, atende 7.000 ônibus e 200.000 passageiros diariamente, tornando-se a estação de ônibus mais movimentada de o mundo.",respostasGemini3.1Pro,o Port Authority Bus Terminal,atende,200.000 passageiros diariamente,5
"Eu amo Nova Iorque (estilizado I ❤ NY) é um logotipo e uma música que são a base de uma campanha publicitária e são usados desde 1977 para promover o turismo em a cidade de Nova York e, posteriormente, também para promover o Estado de Nova York.",Claude_Sonnet5,um logotipo e uma música,são,a base de uma campanha publicitária,3
"Eu amo Nova Iorque (estilizado I ❤ NY) é um logotipo e uma música que são a base de uma campanha publicitária e são usados desde 1977 para promover o turismo em a cidade de Nova York e, posteriormente, também para promover o Estado de Nova York.",LlamaPortOIE3,um logotipo e uma música,são,a base de uma campanha publicitária,3
"Eu amo Nova Iorque (estilizado I ❤ NY) é um logotipo e uma música que são a base de uma campanha publicitária e são usados desde 1977 para promover o turismo em a cidade de Nova York e, posteriormente, também para promover o Estado de Nova York.",Qwen3OIE_0_6B,Eu amo Nova Iorque,é,um logotipo,3
"Eu amo Nova Iorque (estilizado I ❤ NY) é um logotipo e uma música que são a base de uma campanha publicitária e são usados desde 1977 para promover o turismo em a cidade de Nova York e, posteriormente, também para promover o Estado de Nova York.",Qwen3OIE_0_6B,Eu amo Nova Iorque,é,uma música,3
"Eu amo Nova Iorque (estilizado I ❤ NY) é um logotipo e uma música que são a base de uma campanha publicitária e são usados desde 1977 para promover o turismo em a cidade de Nova York e, posteriormente, também para promover o Estado de Nova York.",respostas_gpt5.5_mini,Eu amo Nova Iorque,é,um logotipo,3
"Eu amo Nova Iorque (estilizado I ❤ NY) é um logotipo e uma música que são a base de uma campanha publicitária e são usados desde 1977 para promover o turismo em a cidade de Nova York e, posteriormente, também para promover o Estado de Nova York.",respostas_gpt5.5_mini,Eu amo Nova Iorque,é,uma música,3
"Eu amo Nova Iorque (estilizado I ❤ NY) é um logotipo e uma música que são a base de uma campanha publicitária e são usados desde 1977 para promover o turismo em a cidade de Nova York e, posteriormente, também para promover o Estado de Nova York.",respostasGemini3.1Pro,Eu amo Nova Iorque,é,um logotipo,3
"Eu amo Nova Iorque (estilizado I ❤ NY) é um logotipo e uma música que são a base de uma campanha publicitária e são usados desde 1977 para promover o turismo em a cidade de Nova York e, posteriormente, também para promover o Estado de Nova York.",respostasGemini3.1Pro,Eu amo Nova Iorque,é,uma música,3
"Eu amo Nova Iorque (estilizado I ❤ NY) é um logotipo e uma música que são a base de uma campanha publicitária e são usados desde 1977 para promover o turismo em a cidade de Nova York e, posteriormente, também para promover o Estado de Nova York.",respostasGemini3.1Pro,um logotipo e uma música,são,a base de uma campanha publicitária,3
"A cidade de Nova York está localizada em um de os maiores portos naturais de o mundo, e os bairros de Manhattan e Staten Island são (principalmente) coterminosos com ilhas com os mesmos nomes, enquanto Queens e Brooklyn estão localizadas em a extremidade oeste de a maior Ilha Longa, e O Bronx está localizado em a ponta sul de o continente de o estado de Nova York.",Claude_Sonnet5,os bairros de Manhattan e Staten Island,são coterminosos com,ilhas com os mesmos nomes,3
"A cidade de Nova York está localizada em um de os maiores portos naturais de o mundo, e os bairros de Manhattan e Staten Island são (principalmente) coterminosos com ilhas com os mesmos nomes, enquanto Queens e Brooklyn estão localizadas em a extremidade oeste de a maior Ilha Longa, e O Bronx está localizado em a ponta sul de o continente de o estado de Nova York.",Claude_Sonnet5,Queens e Brooklyn,estão localizadas em,a extremidade oeste de a maior Ilha Longa,3
"A cidade de Nova York está localizada em um de os maiores portos naturais de o mundo, e os bairros de Manhattan e Staten Island são (principalmente) coterminosos com ilhas com os mesmos nomes, enquanto Queens e Brooklyn estão localizadas em a extremidade oeste de a maior Ilha Longa, e O Bronx está localizado em a ponta sul de o continente de o estado de Nova York.",Claude_Sonnet5,O Bronx,está localizado em,a ponta sul de o continente de o estado de Nova York,6
"A cidade de Nova York está localizada em um de os maiores portos naturais de o mundo, e os bairros de Manhattan e Staten Island são (principalmente) coterminosos com ilhas com os mesmos nomes, enquanto Queens e Brooklyn estão localizadas em a extremidade oeste de a maior Ilha Longa, e O Bronx está localizado em a ponta sul de o continente de o estado de Nova York.",LlamaPortOIE3,Queens e Brooklyn,estão localizadas em,a extremidade oeste de a maior Ilha Longa,3
"A cidade de Nova York está localizada em um de os maiores portos naturais de o mundo, e os bairros de Manhattan e Staten Island são (principalmente) coterminosos com ilhas com os mesmos nomes, enquanto Queens e Brooklyn estão localizadas em a extremidade oeste de a maior Ilha Longa, e O Bronx está localizado em a ponta sul de o continente de o estado de Nova York.",LlamaPortOIE3,O Bronx,está localizado em,a ponta sul de o continente de o estado de Nova York,6
"A cidade de Nova York está localizada em um de os maiores portos naturais de o mundo, e os bairros de Manhattan e Staten Island são (principalmente) coterminosos com ilhas com os mesmos nomes, enquanto Queens e Brooklyn estão localizadas em a extremidade oeste de a maior Ilha Longa, e O Bronx está localizado em a ponta sul de o continente de o estado de Nova York.",Qwen3OIE_0_6B,O Bronx,está localizado em,a ponta sul de o continente de o estado de Nova York,6
"A cidade de Nova York está localizada em um de os maiores portos naturais de o mundo, e os bairros de Manhattan e Staten Island são (principalmente) coterminosos com ilhas com os mesmos nomes, enquanto Queens e Brooklyn estão localizadas em a extremidade oeste de a maior Ilha Longa, e O Bronx está localizado em a ponta sul de o continente de o estado de Nova York.",Qwen3OIE_4B,O Bronx,está localizado em,a ponta sul de o continente de o estado de Nova York,6
"A cidade de Nova York está localizada em um de os maiores portos naturais de o mundo, e os bairros de Manhattan e Staten Island são (principalmente) coterminosos com ilhas com os mesmos nomes, enquanto Queens e Brooklyn estão localizadas em a extremidade oeste de a maior Ilha Longa, e O Bronx está localizado em a ponta sul de o continente de o estado de Nova York.",respostas_gpt5.5_mini,os bairros de Manhattan e Staten Island,são coterminosos com,ilhas com os mesmos nomes,3
"A cidade de Nova York está localizada em um de os maiores portos naturais de o mundo, e os bairros de Manhattan e Staten Island são (principalmente) coterminosos com ilhas com os mesmos nomes, enquanto Queens e Brooklyn estão localizadas em a extremidade oeste de a maior Ilha Longa, e O Bronx está localizado em a ponta sul de o continente de o estado de Nova York.",respostas_gpt5.5_mini,Queens e Brooklyn,estão localizadas em,a extremidade oeste de a maior Ilha Longa,3
"A cidade de Nova York está localizada em um de os maiores portos naturais de o mundo, e os bairros de Manhattan e Staten Island são (principalmente) coterminosos com ilhas com os mesmos nomes, enquanto Queens e Brooklyn estão localizadas em a extremidade oeste de a maior Ilha Longa, e O Bronx está localizado em a ponta sul de o continente de o estado de Nova York.",respostas_gpt5.5_mini,O Bronx,está localizado em,a ponta sul de o continente de o estado de Nova York,6
"A cidade de Nova York está localizada em um de os maiores portos naturais de o mundo, e os bairros de Manhattan e Staten Island são (principalmente) coterminosos com ilhas com os mesmos nomes, enquanto Queens e Brooklyn estão localizadas em a extremidade oeste de a maior Ilha Longa, e O Bronx está localizado em a ponta sul de o continente de o estado de Nova York.",respostasGemini3.1Pro,os bairros de Manhattan,são coterminosos com,ilhas com os mesmos nomes,3
"A cidade de Nova York está localizada em um de os maiores portos naturais de o mundo, e os bairros de Manhattan e Staten Island são (principalmente) coterminosos com ilhas com os mesmos nomes, enquanto Queens e Brooklyn estão localizadas em a extremidade oeste de a maior Ilha Longa, e O Bronx está localizado em a ponta sul de o continente de o estado de Nova York.",respostasGemini3.1Pro,O Bronx,está localizado em,a ponta sul de o continente de o estado de Nova York,6
"Em 1960, Capote e Lee viajaram juntos para o Kansas para investigar os vários assassinatos que foram a base de o romance de ficção não-ficção de Capote In Cold Blood.",Claude_Sonnet5,os vários assassinatos,foram,a base de o romance de ficção não-ficção de Capote In Cold Blood,3
"Em 1960, Capote e Lee viajaram juntos para o Kansas para investigar os vários assassinatos que foram a base de o romance de ficção não-ficção de Capote In Cold Blood.",Qwen3OIE_4B,os vários assassinatos,foram,a base de o romance de ficção não-ficção de Capote In Cold Blood,3
"Em 1960, Capote e Lee viajaram juntos para o Kansas para investigar os vários assassinatos que foram a base de o romance de ficção não-ficção de Capote In Cold Blood.",respostasGemini3.1Pro,os vários assassinatos,foram,a base de o romance de ficção não-ficção de Capote In Cold Blood,3
"O alabamiano nativo Allen Barra criticou Lee e o romance em o The Wall Street Journal, chamando o Atticus de repositório de epigramas de barril de cracker e o romance representa um mito coberto de açúcar de a história de o Alabama.",Claude_Sonnet5,O alabamiano nativo Allen Barra,criticou,Lee,4
"O alabamiano nativo Allen Barra criticou Lee e o romance em o The Wall Street Journal, chamando o Atticus de repositório de epigramas de barril de cracker e o romance representa um mito coberto de açúcar de a história de o Alabama.",Claude_Sonnet5,O alabamiano nativo Allen Barra,criticou,o romance,3
"O alabamiano nativo Allen Barra criticou Lee e o romance em o The Wall Street Journal, chamando o Atticus de repositório de epigramas de barril de cracker e o romance representa um mito coberto de açúcar de a história de o Alabama.",Claude_Sonnet5,O alabamiano nativo Allen Barra,criticou em,o The Wall Street Journal,3
"O alabamiano nativo Allen Barra criticou Lee e o romance em o The Wall Street Journal, chamando o Atticus de repositório de epigramas de barril de cracker e o romance representa um mito coberto de açúcar de a história de o Alabama.",Claude_Sonnet5,o romance,representa,um mito coberto de açúcar de a história de o Alabama,4
"O alabamiano nativo Allen Barra criticou Lee e o romance em o The Wall Street Journal, chamando o Atticus de repositório de epigramas de barril de cracker e o romance representa um mito coberto de açúcar de a história de o Alabama.",PortNOIE,O alabamiano nativo Allen Barra,criticou,Lee,4
"O alabamiano nativo Allen Barra criticou Lee e o romance em o The Wall Street Journal, chamando o Atticus de repositório de epigramas de barril de cracker e o romance representa um mito coberto de açúcar de a história de o Alabama.",Qwen3OIE_4B,O alabamiano nativo Allen Barra,criticou,Lee,4
"O alabamiano nativo Allen Barra criticou Lee e o romance em o The Wall Street Journal, chamando o Atticus de repositório de epigramas de barril de cracker e o romance representa um mito coberto de açúcar de a história de o Alabama.",Qwen3OIE_4B,O alabamiano nativo Allen Barra,criticou,o romance,3
"O alabamiano nativo Allen Barra criticou Lee e o romance em o The Wall Street Journal, chamando o Atticus de repositório de epigramas de barril de cracker e o romance representa um mito coberto de açúcar de a história de o Alabama.",Qwen3OIE_4B,O alabamiano nativo Allen Barra,criticou em,o The Wall Street Journal,3
"O alabamiano nativo Allen Barra criticou Lee e o romance em o The Wall Street Journal, chamando o Atticus de repositório de epigramas de barril de cracker e o romance representa um mito coberto de açúcar de a história de o Alabama.",Qwen3OIE_4B,o romance,representa,um mito coberto de açúcar de a história de o Alabama,4
"O alabamiano nativo Allen Barra criticou Lee e o romance em o The Wall Street Journal, chamando o Atticus de repositório de epigramas de barril de cracker e o romance representa um mito coberto de açúcar de a história de o Alabama.",respostas_gpt5.5_mini,o romance,representa,um mito coberto de açúcar de a história de o Alabama,4
"O alabamiano nativo Allen Barra criticou Lee e o romance em o The Wall Street Journal, chamando o Atticus de repositório de epigramas de barril de cracker e o romance representa um mito coberto de açúcar de a história de o Alabama.",respostasGemini3.1Pro,O alabamiano nativo Allen Barra,criticou,Lee,4
"O alabamiano nativo Allen Barra criticou Lee e o romance em o The Wall Street Journal, chamando o Atticus de repositório de epigramas de barril de cracker e o romance representa um mito coberto de açúcar de a história de o Alabama.",respostasGemini3.1Pro,O alabamiano nativo Allen Barra,criticou,o romance,3
"O alabamiano nativo Allen Barra criticou Lee e o romance em o The Wall Street Journal, chamando o Atticus de repositório de epigramas de barril de cracker e o romance representa um mito coberto de açúcar de a história de o Alabama.",respostasGemini3.1Pro,O alabamiano nativo Allen Barra,criticou em,o The Wall Street Journal,3
"O alabamiano nativo Allen Barra criticou Lee e o romance em o The Wall Street Journal, chamando o Atticus de repositório de epigramas de barril de cracker e o romance representa um mito coberto de açúcar de a história de o Alabama.",respostasGemini3.1Pro,o romance,representa,um mito coberto de açúcar de a história de o Alabama,4
"O pai de Lee morreu antes de o lançamento de o filme, e Lee ficou tão impressionado com a performance de Peck que ela lhe deu um relógio de bolso de o pai, que ele tinha com ele em a noite em que recebeu o Oscar de melhor ator.",Claude_Sonnet5,Lee,ficou tão impressionado com,a performance de Peck,5
"O pai de Lee morreu antes de o lançamento de o filme, e Lee ficou tão impressionado com a performance de Peck que ela lhe deu um relógio de bolso de o pai, que ele tinha com ele em a noite em que recebeu o Oscar de melhor ator.",Claude_Sonnet5,ela,deu,um relógio de bolso de o pai,4
"O pai de Lee morreu antes de o lançamento de o filme, e Lee ficou tão impressionado com a performance de Peck que ela lhe deu um relógio de bolso de o pai, que ele tinha com ele em a noite em que recebeu o Oscar de melhor ator.",Claude_Sonnet5,ele,recebeu,o Oscar de melhor ator,3
"O pai de Lee morreu antes de o lançamento de o filme, e Lee ficou tão impressionado com a performance de Peck que ela lhe deu um relógio de bolso de o pai, que ele tinha com ele em a noite em que recebeu o Oscar de melhor ator.",Qwen3OIE_0_6B,Lee,ficou impressionado com,a performance de Peck,5
"O pai de Lee morreu antes de o lançamento de o filme, e Lee ficou tão impressionado com a performance de Peck que ela lhe deu um relógio de bolso de o pai, que ele tinha com ele em a noite em que recebeu o Oscar de melhor ator.",Qwen3OIE_4B,Lee,ficou impressionado com,a performance de Peck,5
"O pai de Lee morreu antes de o lançamento de o filme, e Lee ficou tão impressionado com a performance de Peck que ela lhe deu um relógio de bolso de o pai, que ele tinha com ele em a noite em que recebeu o Oscar de melhor ator.",respostaGrok4.0Fast,Lee,ficou impressionado com,a performance de Peck,5
"O pai de Lee morreu antes de o lançamento de o filme, e Lee ficou tão impressionado com a performance de Peck que ela lhe deu um relógio de bolso de o pai, que ele tinha com ele em a noite em que recebeu o Oscar de melhor ator.",respostaGrok4.0Fast,ela,deu,um relógio de bolso de o pai a ele,4
"O pai de Lee morreu antes de o lançamento de o filme, e Lee ficou tão impressionado com a performance de Peck que ela lhe deu um relógio de bolso de o pai, que ele tinha com ele em a noite em que recebeu o Oscar de melhor ator.",respostas_gpt5.5_mini,Lee,ficou impressionado com,a performance de Peck,5
"O pai de Lee morreu antes de o lançamento de o filme, e Lee ficou tão impressionado com a performance de Peck que ela lhe deu um relógio de bolso de o pai, que ele tinha com ele em a noite em que recebeu o Oscar de melhor ator.",respostas_gpt5.5_mini,ela,deu,um relógio de bolso de o pai,4
"O pai de Lee morreu antes de o lançamento de o filme, e Lee ficou tão impressionado com a performance de Peck que ela lhe deu um relógio de bolso de o pai, que ele tinha com ele em a noite em que recebeu o Oscar de melhor ator.",respostas_gpt5.5_mini,ele,recebeu,o Oscar de melhor ator,3
"O pai de Lee morreu antes de o lançamento de o filme, e Lee ficou tão impressionado com a performance de Peck que ela lhe deu um relógio de bolso de o pai, que ele tinha com ele em a noite em que recebeu o Oscar de melhor ator.",respostasGemini3.1Pro,ela,deu,um relógio de bolso de o pai,4
"O pai de Lee morreu antes de o lançamento de o filme, e Lee ficou tão impressionado com a performance de Peck que ela lhe deu um relógio de bolso de o pai, que ele tinha com ele em a noite em que recebeu o Oscar de melhor ator.",respostasGemini3.1Pro,ele,recebeu,o Oscar de melhor ator,3
"Em 2010, houve preocupações entre as autoridades tadjiques de que o militarismo islâmico em o leste de o país estava em ascensão após a fuga de 25 militantes de uma prisão tadjique em agosto, uma emboscada que matou 28 soldados tadjiques em o vale de Rasht em setembro, e outra emboscada em o vale em outubro que matou 30 soldados, seguida de combates fora de Gharm que deixaram 3 militantes mortos.",Claude_Sonnet5,o militarismo islâmico em o leste de o país,estava em,ascensão,4
"Em 2010, houve preocupações entre as autoridades tadjiques de que o militarismo islâmico em o leste de o país estava em ascensão após a fuga de 25 militantes de uma prisão tadjique em agosto, uma emboscada que matou 28 soldados tadjiques em o vale de Rasht em setembro, e outra emboscada em o vale em outubro que matou 30 soldados, seguida de combates fora de Gharm que deixaram 3 militantes mortos.",Claude_Sonnet5,uma emboscada,matou,28 soldados tadjiques,4
"Em 2010, houve preocupações entre as autoridades tadjiques de que o militarismo islâmico em o leste de o país estava em ascensão após a fuga de 25 militantes de uma prisão tadjique em agosto, uma emboscada que matou 28 soldados tadjiques em o vale de Rasht em setembro, e outra emboscada em o vale em outubro que matou 30 soldados, seguida de combates fora de Gharm que deixaram 3 militantes mortos.",Claude_Sonnet5,combates fora de Gharm,deixaram,3 militantes mortos,6
"Em 2010, houve preocupações entre as autoridades tadjiques de que o militarismo islâmico em o leste de o país estava em ascensão após a fuga de 25 militantes de uma prisão tadjique em agosto, uma emboscada que matou 28 soldados tadjiques em o vale de Rasht em setembro, e outra emboscada em o vale em outubro que matou 30 soldados, seguida de combates fora de Gharm que deixaram 3 militantes mortos.",LlamaPortOIE3,o militarismo islâmico em o leste de o país,estava em,ascensão,4
"Em 2010, houve preocupações entre as autoridades tadjiques de que o militarismo islâmico em o leste de o país estava em ascensão após a fuga de 25 militantes de uma prisão tadjique em agosto, uma emboscada que matou 28 soldados tadjiques em o vale de Rasht em setembro, e outra emboscada em o vale em outubro que matou 30 soldados, seguida de combates fora de Gharm que deixaram 3 militantes mortos.",LlamaPortOIE3,outra emboscada,matou,30 soldados,3
"Em 2010, houve preocupações entre as autoridades tadjiques de que o militarismo islâmico em o leste de o país estava em ascensão após a fuga de 25 militantes de uma prisão tadjique em agosto, uma emboscada que matou 28 soldados tadjiques em o vale de Rasht em setembro, e outra emboscada em o vale em outubro que matou 30 soldados, seguida de combates fora de Gharm que deixaram 3 militantes mortos.",LlamaPortOIE3,combates fora de Gharm,deixaram,3 militantes mortos,6
"Em 2010, houve preocupações entre as autoridades tadjiques de que o militarismo islâmico em o leste de o país estava em ascensão após a fuga de 25 militantes de uma prisão tadjique em agosto, uma emboscada que matou 28 soldados tadjiques em o vale de Rasht em setembro, e outra emboscada em o vale em outubro que matou 30 soldados, seguida de combates fora de Gharm que deixaram 3 militantes mortos.",Qwen3OIE_0_6B,o militarismo islâmico em o leste de o país,estava em,ascensão,4
"Em 2010, houve preocupações entre as autoridades tadjiques de que o militarismo islâmico em o leste de o país estava em ascensão após a fuga de 25 militantes de uma prisão tadjique em agosto, uma emboscada que matou 28 soldados tadjiques em o vale de Rasht em setembro, e outra emboscada em o vale em outubro que matou 30 soldados, seguida de combates fora de Gharm que deixaram 3 militantes mortos.",Qwen3OIE_0_6B,uma emboscada,matou,28 soldados tadjiques,4
"Em 2010, houve preocupações entre as autoridades tadjiques de que o militarismo islâmico em o leste de o país estava em ascensão após a fuga de 25 militantes de uma prisão tadjique em agosto, uma emboscada que matou 28 soldados tadjiques em o vale de Rasht em setembro, e outra emboscada em o vale em outubro que matou 30 soldados, seguida de combates fora de Gharm que deixaram 3 militantes mortos.",Qwen3OIE_0_6B,combates fora de Gharm,deixaram,3 militantes mortos,6
"Em 2010, houve preocupações entre as autoridades tadjiques de que o militarismo islâmico em o leste de o país estava em ascensão após a fuga de 25 militantes de uma prisão tadjique em agosto, uma emboscada que matou 28 soldados tadjiques em o vale de Rasht em setembro, e outra emboscada em o vale em outubro que matou 30 soldados, seguida de combates fora de Gharm que deixaram 3 militantes mortos.",Qwen3OIE_4B,uma emboscada,matou,28 soldados tadjiques,4
"Em 2010, houve preocupações entre as autoridades tadjiques de que o militarismo islâmico em o leste de o país estava em ascensão após a fuga de 25 militantes de uma prisão tadjique em agosto, uma emboscada que matou 28 soldados tadjiques em o vale de Rasht em setembro, e outra emboscada em o vale em outubro que matou 30 soldados, seguida de combates fora de Gharm que deixaram 3 militantes mortos.",Qwen3OIE_4B,outra emboscada,matou,30 soldados,3
"Em 2010, houve preocupações entre as autoridades tadjiques de que o militarismo islâmico em o leste de o país estava em ascensão após a fuga de 25 militantes de uma prisão tadjique em agosto, uma emboscada que matou 28 soldados tadjiques em o vale de Rasht em setembro, e outra emboscada em o vale em outubro que matou 30 soldados, seguida de combates fora de Gharm que deixaram 3 militantes mortos.",Qwen3OIE_4B,combates fora de Gharm,deixaram,3 militantes mortos,6
"Em 2010, houve preocupações entre as autoridades tadjiques de que o militarismo islâmico em o leste de o país estava em ascensão após a fuga de 25 militantes de uma prisão tadjique em agosto, uma emboscada que matou 28 soldados tadjiques em o vale de Rasht em setembro, e outra emboscada em o vale em outubro que matou 30 soldados, seguida de combates fora de Gharm que deixaram 3 militantes mortos.",respostas_gpt5.5_mini,outra emboscada,matou,30 soldados,3
"Em 2010, houve preocupações entre as autoridades tadjiques de que o militarismo islâmico em o leste de o país estava em ascensão após a fuga de 25 militantes de uma prisão tadjique em agosto, uma emboscada que matou 28 soldados tadjiques em o vale de Rasht em setembro, e outra emboscada em o vale em outubro que matou 30 soldados, seguida de combates fora de Gharm que deixaram 3 militantes mortos.",respostas_gpt5.5_mini,combates fora de Gharm,deixaram,3 militantes mortos,6
"Em 2010, houve preocupações entre as autoridades tadjiques de que o militarismo islâmico em o leste de o país estava em ascensão após a fuga de 25 militantes de uma prisão tadjique em agosto, uma emboscada que matou 28 soldados tadjiques em o vale de Rasht em setembro, e outra emboscada em o vale em outubro que matou 30 soldados, seguida de combates fora de Gharm que deixaram 3 militantes mortos.",respostasGemini3.1Pro,o militarismo islâmico em o leste de o país,estava em,ascensão,4
"Em 2010, houve preocupações entre as autoridades tadjiques de que o militarismo islâmico em o leste de o país estava em ascensão após a fuga de 25 militantes de uma prisão tadjique em agosto, uma emboscada que matou 28 soldados tadjiques em o vale de Rasht em setembro, e outra emboscada em o vale em outubro que matou 30 soldados, seguida de combates fora de Gharm que deixaram 3 militantes mortos.",respostasGemini3.1Pro,uma emboscada,matou,28 soldados tadjiques,4
"Em 2010, houve preocupações entre as autoridades tadjiques de que o militarismo islâmico em o leste de o país estava em ascensão após a fuga de 25 militantes de uma prisão tadjique em agosto, uma emboscada que matou 28 soldados tadjiques em o vale de Rasht em setembro, e outra emboscada em o vale em outubro que matou 30 soldados, seguida de combates fora de Gharm que deixaram 3 militantes mortos.",respostasGemini3.1Pro,combates fora de Gharm,deixaram,3 militantes mortos,6
"O Império Samanida, 819 a 999, restaurou o controle persa de a região e ampliou as cidades de Samarcanda e Bukhara (hoje as duas cidades fazem parte de o Uzbequistão), que se tornaram os centros culturais de o Irã e a região era conhecida como Khorasan.",Claude_Sonnet5,O Império Samanida,restaurou,o controle persa de a região,6
"O Império Samanida, 819 a 999, restaurou o controle persa de a região e ampliou as cidades de Samarcanda e Bukhara (hoje as duas cidades fazem parte de o Uzbequistão), que se tornaram os centros culturais de o Irã e a região era conhecida como Khorasan.",Claude_Sonnet5,O Império Samanida,ampliou,as cidades de Samarcanda e Bukhara,5
"O Império Samanida, 819 a 999, restaurou o controle persa de a região e ampliou as cidades de Samarcanda e Bukhara (hoje as duas cidades fazem parte de o Uzbequistão), que se tornaram os centros culturais de o Irã e a região era conhecida como Khorasan.",Claude_Sonnet5,as duas cidades,hoje fazem parte de,o Uzbequistão,4
"O Império Samanida, 819 a 999, restaurou o controle persa de a região e ampliou as cidades de Samarcanda e Bukhara (hoje as duas cidades fazem parte de o Uzbequistão), que se tornaram os centros culturais de o Irã e a região era conhecida como Khorasan.",Claude_Sonnet5,as cidades de Samarcanda e Bukhara,se tornaram,os centros culturais de o Irã,3
"O Império Samanida, 819 a 999, restaurou o controle persa de a região e ampliou as cidades de Samarcanda e Bukhara (hoje as duas cidades fazem parte de o Uzbequistão), que se tornaram os centros culturais de o Irã e a região era conhecida como Khorasan.",LlamaPortOIE3,O Império Samanida,restaurou,o controle persa de a região,6
"O Império Samanida, 819 a 999, restaurou o controle persa de a região e ampliou as cidades de Samarcanda e Bukhara (hoje as duas cidades fazem parte de o Uzbequistão), que se tornaram os centros culturais de o Irã e a região era conhecida como Khorasan.",LlamaPortOIE3,O Império Samanida,ampliou,as cidades de Samarcanda e Bukhara,5
"O Império Samanida, 819 a 999, restaurou o controle persa de a região e ampliou as cidades de Samarcanda e Bukhara (hoje as duas cidades fazem parte de o Uzbequistão), que se tornaram os centros culturais de o Irã e a região era conhecida como Khorasan.",LlamaPortOIE3,as cidades de Samarcanda e Bukhara,se tornaram,os centros culturais de o Irã,3
"O Império Samanida, 819 a 999, restaurou o controle persa de a região e ampliou as cidades de Samarcanda e Bukhara (hoje as duas cidades fazem parte de o Uzbequistão), que se tornaram os centros culturais de o Irã e a região era conhecida como Khorasan.",Qwen3OIE_0_6B,O Império Samanida,restaurou,o controle persa de a região,6
"O Império Samanida, 819 a 999, restaurou o controle persa de a região e ampliou as cidades de Samarcanda e Bukhara (hoje as duas cidades fazem parte de o Uzbequistão), que se tornaram os centros culturais de o Irã e a região era conhecida como Khorasan.",Qwen3OIE_0_6B,as duas cidades,fazem parte de,o Uzbequistão,4
"O Império Samanida, 819 a 999, restaurou o controle persa de a região e ampliou as cidades de Samarcanda e Bukhara (hoje as duas cidades fazem parte de o Uzbequistão), que se tornaram os centros culturais de o Irã e a região era conhecida como Khorasan.",Qwen3OIE_4B,O Império Samanida,restaurou,o controle persa de a região,6
"O Império Samanida, 819 a 999, restaurou o controle persa de a região e ampliou as cidades de Samarcanda e Bukhara (hoje as duas cidades fazem parte de o Uzbequistão), que se tornaram os centros culturais de o Irã e a região era conhecida como Khorasan.",Qwen3OIE_4B,O Império Samanida,ampliou,as cidades de Samarcanda e Bukhara,5
"O Império Samanida, 819 a 999, restaurou o controle persa de a região e ampliou as cidades de Samarcanda e Bukhara (hoje as duas cidades fazem parte de o Uzbequistão), que se tornaram os centros culturais de o Irã e a região era conhecida como Khorasan.",Qwen3OIE_4B,as cidades de Samarcanda e Bukhara,se tornaram,os centros culturais de o Irã,3
"O Império Samanida, 819 a 999, restaurou o controle persa de a região e ampliou as cidades de Samarcanda e Bukhara (hoje as duas cidades fazem parte de o Uzbequistão), que se tornaram os centros culturais de o Irã e a região era conhecida como Khorasan.",respostaGrok4.0Fast,O Império Samanida,restaurou,o controle persa de a região,6
"O Império Samanida, 819 a 999, restaurou o controle persa de a região e ampliou as cidades de Samarcanda e Bukhara (hoje as duas cidades fazem parte de o Uzbequistão), que se tornaram os centros culturais de o Irã e a região era conhecida como Khorasan.",respostaGrok4.0Fast,O Império Samanida,ampliou,as cidades de Samarcanda e Bukhara,5
"O Império Samanida, 819 a 999, restaurou o controle persa de a região e ampliou as cidades de Samarcanda e Bukhara (hoje as duas cidades fazem parte de o Uzbequistão), que se tornaram os centros culturais de o Irã e a região era conhecida como Khorasan.",respostas_gpt5.5_mini,O Império Samanida,restaurou,o controle persa de a região,6
"O Império Samanida, 819 a 999, restaurou o controle persa de a região e ampliou as cidades de Samarcanda e Bukhara (hoje as duas cidades fazem parte de o Uzbequistão), que se tornaram os centros culturais de o Irã e a região era conhecida como Khorasan.",respostas_gpt5.5_mini,O Império Samanida,ampliou,as cidades de Samarcanda,5
"O Império Samanida, 819 a 999, restaurou o controle persa de a região e ampliou as cidades de Samarcanda e Bukhara (hoje as duas cidades fazem parte de o Uzbequistão), que se tornaram os centros culturais de o Irã e a região era conhecida como Khorasan.",respostas_gpt5.5_mini,as duas cidades,fazem parte de,o Uzbequistão,4
"O Império Samanida, 819 a 999, restaurou o controle persa de a região e ampliou as cidades de Samarcanda e Bukhara (hoje as duas cidades fazem parte de o Uzbequistão), que se tornaram os centros culturais de o Irã e a região era conhecida como Khorasan.",respostasGemini3.1Pro,hoje as duas cidades,fazem parte de,o Uzbequistão,4
"Durante o final de o século XIX, os jadidistas se estabeleceram como um movimento social islâmico em toda a região.",Claude_Sonnet5,os jadidistas,se estabeleceram em,toda a região,4
"Durante o final de o século XIX, os jadidistas se estabeleceram como um movimento social islâmico em toda a região.",LlamaPortOIE3,os jadidistas,se estabeleceram como,um movimento social islâmico em toda a região,3
"Durante o final de o século XIX, os jadidistas se estabeleceram como um movimento social islâmico em toda a região.",Qwen3OIE_0_6B,os jadidistas,se estabeleceram em,toda a região,4
"Durante o final de o século XIX, os jadidistas se estabeleceram como um movimento social islâmico em toda a região.",Qwen3OIE_4B,os jadidistas,se estabeleceram em,toda a região,4
"Durante o final de o século XIX, os jadidistas se estabeleceram como um movimento social islâmico em toda a região.",respostaGrok4.0Fast,os jadidistas,se estabeleceram como,um movimento social islâmico em toda a região,3
"Durante o final de o século XIX, os jadidistas se estabeleceram como um movimento social islâmico em toda a região.",respostas_gpt5.5_mini,os jadidistas,se estabeleceram como,um movimento social islâmico em toda a região,3
"Durante o final de o século XIX, os jadidistas se estabeleceram como um movimento social islâmico em toda a região.",respostasGemini3.1Pro,os jadidistas,se estabeleceram em,toda a região,4
"1916, quando manifestantes atacaram soldados russos em Khujand por uma ameaça de recrutamento forçado durante a Primeira Guerra Mundial.",Claude_Sonnet5,manifestantes,atacaram em,Khujand,4
"1916, quando manifestantes atacaram soldados russos em Khujand por uma ameaça de recrutamento forçado durante a Primeira Guerra Mundial.",Claude_Sonnet5,manifestantes,atacaram por,uma ameaça de recrutamento forçado,3
"1916, quando manifestantes atacaram soldados russos em Khujand por uma ameaça de recrutamento forçado durante a Primeira Guerra Mundial.",Claude_Sonnet5,manifestantes,atacaram durante,a Primeira Guerra Mundial,3
"1916, quando manifestantes atacaram soldados russos em Khujand por uma ameaça de recrutamento forçado durante a Primeira Guerra Mundial.",Qwen3OIE_0_6B,manifestantes,atacaram em,Khujand,4
"1916, quando manifestantes atacaram soldados russos em Khujand por uma ameaça de recrutamento forçado durante a Primeira Guerra Mundial.",Qwen3OIE_4B,manifestantes,atacaram em,Khujand,4
"1916, quando manifestantes atacaram soldados russos em Khujand por uma ameaça de recrutamento forçado durante a Primeira Guerra Mundial.",Qwen3OIE_4B,manifestantes,atacaram por,uma ameaça de recrutamento forçado,3
"1916, quando manifestantes atacaram soldados russos em Khujand por uma ameaça de recrutamento forçado durante a Primeira Guerra Mundial.",Qwen3OIE_4B,manifestantes,atacaram durante,a Primeira Guerra Mundial,3
"1916, quando manifestantes atacaram soldados russos em Khujand por uma ameaça de recrutamento forçado durante a Primeira Guerra Mundial.",respostasGemini3.1Pro,manifestantes,atacaram em,Khujand,4
"1916, quando manifestantes atacaram soldados russos em Khujand por uma ameaça de recrutamento forçado durante a Primeira Guerra Mundial.",respostasGemini3.1Pro,manifestantes,atacaram por,uma ameaça de recrutamento forçado,3
"1916, quando manifestantes atacaram soldados russos em Khujand por uma ameaça de recrutamento forçado durante a Primeira Guerra Mundial.",respostasGemini3.1Pro,manifestantes,atacaram durante,a Primeira Guerra Mundial,3
Waitz definiu antropologia como a ciência de a natureza de o homem.,Claude_Sonnet5,Waitz,definiu,antropologia,3
Waitz definiu antropologia como a ciência de a natureza de o homem.,Qwen3OIE_0_6B,Waitz,definiu,antropologia,3
Waitz definiu antropologia como a ciência de a natureza de o homem.,respostasGemini3.1Pro,Waitz,definiu,antropologia,3
"O DNA consiste em uma cadeia feita de quatro tipos de subunidades nucleotídicas, cada uma composta por um açúcar de cinco carbonos (2-desoxirribose), um grupo fosfato e uma de as quatro bases adenina, citosina, guanina e timina.",Claude_Sonnet5,cada uma,composta por,"uma de as quatro bases adenina, citosina, guanina e timina",3
"O DNA consiste em uma cadeia feita de quatro tipos de subunidades nucleotídicas, cada uma composta por um açúcar de cinco carbonos (2-desoxirribose), um grupo fosfato e uma de as quatro bases adenina, citosina, guanina e timina.",LlamaPortOIE3,cada uma,é composta por,"um açúcar de cinco carbonos, um grupo fosfato e uma de as quatro bases adenina, citosina, guanina e timina",3
"O DNA consiste em uma cadeia feita de quatro tipos de subunidades nucleotídicas, cada uma composta por um açúcar de cinco carbonos (2-desoxirribose), um grupo fosfato e uma de as quatro bases adenina, citosina, guanina e timina.",respostas_gpt5.5_mini,cada uma,é composta por,"uma de as quatro bases adenina, citosina, guanina e timina",3
"Com a ocupação de Napoleão, Portugal começou um declínio lento, mas inexorável, que durou até o século XX.",Claude_Sonnet5,Portugal,começou,"um declínio lento, mas inexorável",6
"Com a ocupação de Napoleão, Portugal começou um declínio lento, mas inexorável, que durou até o século XX.",Claude_Sonnet5,"um declínio lento, mas inexorável",durou até,o século XX,5
"Com a ocupação de Napoleão, Portugal começou um declínio lento, mas inexorável, que durou até o século XX.",Qwen3OIE_0_6B,Portugal,começou,"um declínio lento, mas inexorável",6
"Com a ocupação de Napoleão, Portugal começou um declínio lento, mas inexorável, que durou até o século XX.",Qwen3OIE_0_6B,"um declínio lento, mas inexorável",durou até,o século XX,5
"Com a ocupação de Napoleão, Portugal começou um declínio lento, mas inexorável, que durou até o século XX.",Qwen3OIE_4B,Portugal,começou,"um declínio lento, mas inexorável",6
"Com a ocupação de Napoleão, Portugal começou um declínio lento, mas inexorável, que durou até o século XX.",Qwen3OIE_4B,"um declínio lento, mas inexorável",durou até,o século XX,5
"Com a ocupação de Napoleão, Portugal começou um declínio lento, mas inexorável, que durou até o século XX.",respostaGrok4.0Fast,Portugal,começou,"um declínio lento, mas inexorável",6
"Com a ocupação de Napoleão, Portugal começou um declínio lento, mas inexorável, que durou até o século XX.",respostas_gpt5.5_mini,Portugal,começou,"um declínio lento, mas inexorável",6
"Com a ocupação de Napoleão, Portugal começou um declínio lento, mas inexorável, que durou até o século XX.",respostas_gpt5.5_mini,"um declínio lento, mas inexorável",durou até,o século XX,5
"Com a ocupação de Napoleão, Portugal começou um declínio lento, mas inexorável, que durou até o século XX.",respostasGemini3.1Pro,Portugal,começou,"um declínio lento, mas inexorável",6
"Com a ocupação de Napoleão, Portugal começou um declínio lento, mas inexorável, que durou até o século XX.",respostasGemini3.1Pro,"um declínio lento, mas inexorável",durou até,o século XX,5
"Portugal mantém uma forma republicana semi-presidencial unitária de governo e é um país desenvolvido com uma economia avançada e um alto padrão de vida, tendo o 18º maior progresso social de o mundo, colocando-o a a frente de outros países de a Europa Ocidental como França, Espanha e Itália.",Claude_Sonnet5,Portugal,é,um país desenvolvido com uma economia avançada e um alto padrão de vida,6
"Portugal mantém uma forma republicana semi-presidencial unitária de governo e é um país desenvolvido com uma economia avançada e um alto padrão de vida, tendo o 18º maior progresso social de o mundo, colocando-o a a frente de outros países de a Europa Ocidental como França, Espanha e Itália.",Claude_Sonnet5,Portugal,tendo,o 18º maior progresso social de o mundo,3
"Portugal mantém uma forma republicana semi-presidencial unitária de governo e é um país desenvolvido com uma economia avançada e um alto padrão de vida, tendo o 18º maior progresso social de o mundo, colocando-o a a frente de outros países de a Europa Ocidental como França, Espanha e Itália.",LlamaPortOIE3,Portugal,é,um país desenvolvido com uma economia avançada e um alto padrão de vida,6
"Portugal mantém uma forma republicana semi-presidencial unitária de governo e é um país desenvolvido com uma economia avançada e um alto padrão de vida, tendo o 18º maior progresso social de o mundo, colocando-o a a frente de outros países de a Europa Ocidental como França, Espanha e Itália.",LlamaPortOIE3,Portugal,tendo,o 18º maior progresso social de o mundo,3
"Portugal mantém uma forma republicana semi-presidencial unitária de governo e é um país desenvolvido com uma economia avançada e um alto padrão de vida, tendo o 18º maior progresso social de o mundo, colocando-o a a frente de outros países de a Europa Ocidental como França, Espanha e Itália.",Qwen3OIE_0_6B,Portugal,é,um país desenvolvido com uma economia avançada e um alto padrão de vida,6
"Portugal mantém uma forma republicana semi-presidencial unitária de governo e é um país desenvolvido com uma economia avançada e um alto padrão de vida, tendo o 18º maior progresso social de o mundo, colocando-o a a frente de outros países de a Europa Ocidental como França, Espanha e Itália.",Qwen3OIE_0_6B,Portugal,tem,o 18º maior progresso social de o mundo,3
"Portugal mantém uma forma republicana semi-presidencial unitária de governo e é um país desenvolvido com uma economia avançada e um alto padrão de vida, tendo o 18º maior progresso social de o mundo, colocando-o a a frente de outros países de a Europa Ocidental como França, Espanha e Itália.",Qwen3OIE_4B,Portugal,tem,o 18º maior progresso social de o mundo,3
"Portugal mantém uma forma republicana semi-presidencial unitária de governo e é um país desenvolvido com uma economia avançada e um alto padrão de vida, tendo o 18º maior progresso social de o mundo, colocando-o a a frente de outros países de a Europa Ocidental como França, Espanha e Itália.",respostaGrok4.0Fast,Portugal,é,um país desenvolvido com uma economia avançada e um alto padrão de vida,6
"Portugal mantém uma forma republicana semi-presidencial unitária de governo e é um país desenvolvido com uma economia avançada e um alto padrão de vida, tendo o 18º maior progresso social de o mundo, colocando-o a a frente de outros países de a Europa Ocidental como França, Espanha e Itália.",respostas_gpt5.5_mini,Portugal,é,um país desenvolvido com uma economia avançada e um alto padrão de vida,6
"Portugal mantém uma forma republicana semi-presidencial unitária de governo e é um país desenvolvido com uma economia avançada e um alto padrão de vida, tendo o 18º maior progresso social de o mundo, colocando-o a a frente de outros países de a Europa Ocidental como França, Espanha e Itália.",respostas_gpt5.5_mini,Portugal,tem,o 18º maior progresso social de o mundo,3
"Portugal mantém uma forma republicana semi-presidencial unitária de governo e é um país desenvolvido com uma economia avançada e um alto padrão de vida, tendo o 18º maior progresso social de o mundo, colocando-o a a frente de outros países de a Europa Ocidental como França, Espanha e Itália.",respostasGemini3.1Pro,Portugal,é,um país desenvolvido com uma economia avançada e um alto padrão de vida,6
"Portugal mantém uma forma republicana semi-presidencial unitária de governo e é um país desenvolvido com uma economia avançada e um alto padrão de vida, tendo o 18º maior progresso social de o mundo, colocando-o a a frente de outros países de a Europa Ocidental como França, Espanha e Itália.",respostasGemini3.1Pro,Portugal,tendo,o 18º maior progresso social de o mundo,3
"Mais tarde, uma província de o norte de a Lusitânia foi formada, conhecida como Gallaecia, com capital em Bracara Augusta, hoje Braga.",Claude_Sonnet5,uma província de o norte de a Lusitânia,conhecida como,Gallaecia,3
"Mais tarde, uma província de o norte de a Lusitânia foi formada, conhecida como Gallaecia, com capital em Bracara Augusta, hoje Braga.",Claude_Sonnet5,uma província de o norte de a Lusitânia,com capital em,Bracara Augusta,3
"Mais tarde, uma província de o norte de a Lusitânia foi formada, conhecida como Gallaecia, com capital em Bracara Augusta, hoje Braga.",Qwen3OIE_4B,uma província de o norte de a Lusitânia,tem capital em,Bracara Augusta,3
"Mais tarde, uma província de o norte de a Lusitânia foi formada, conhecida como Gallaecia, com capital em Bracara Augusta, hoje Braga.",respostas_gpt5.5_mini,uma província de o norte de a Lusitânia,é conhecida como,Gallaecia,3
"Mais tarde, uma província de o norte de a Lusitânia foi formada, conhecida como Gallaecia, com capital em Bracara Augusta, hoje Braga.",respostasGemini3.1Pro,uma província de o norte de a Lusitânia,conhecida como,Gallaecia,3
"Mais tarde, uma província de o norte de a Lusitânia foi formada, conhecida como Gallaecia, com capital em Bracara Augusta, hoje Braga.",respostasGemini3.1Pro,uma província de o norte de a Lusitânia,com capital em,Bracara Augusta,3
"O período de Taifa terminou com a conquista de os almorávidas que vieram de o Marrocos em 1086, conquistando uma vitória decisiva em a Batalha de Sagrajas, seguida um século depois em 1147, após o segundo período de Taifa, pelos Almohads, também de Marraquexe.",Claude_Sonnet5,os almorávidas,vieram de,o Marrocos,6
"O período de Taifa terminou com a conquista de os almorávidas que vieram de o Marrocos em 1086, conquistando uma vitória decisiva em a Batalha de Sagrajas, seguida um século depois em 1147, após o segundo período de Taifa, pelos Almohads, também de Marraquexe.",Claude_Sonnet5,os almorávidas,vieram em,1086,3
"O período de Taifa terminou com a conquista de os almorávidas que vieram de o Marrocos em 1086, conquistando uma vitória decisiva em a Batalha de Sagrajas, seguida um século depois em 1147, após o segundo período de Taifa, pelos Almohads, também de Marraquexe.",LlamaPortOIE3,os almorávidas,conquistaram,uma vitória decisiva em a Batalha de Sagrajas,4
"O período de Taifa terminou com a conquista de os almorávidas que vieram de o Marrocos em 1086, conquistando uma vitória decisiva em a Batalha de Sagrajas, seguida um século depois em 1147, após o segundo período de Taifa, pelos Almohads, também de Marraquexe.",LlamaPortOIE3,os almorávidas,vieram em,1086,3
"O período de Taifa terminou com a conquista de os almorávidas que vieram de o Marrocos em 1086, conquistando uma vitória decisiva em a Batalha de Sagrajas, seguida um século depois em 1147, após o segundo período de Taifa, pelos Almohads, também de Marraquexe.",LlamaPortOIE3,os almorávidas,vieram de,o Marrocos,6
"O período de Taifa terminou com a conquista de os almorávidas que vieram de o Marrocos em 1086, conquistando uma vitória decisiva em a Batalha de Sagrajas, seguida um século depois em 1147, após o segundo período de Taifa, pelos Almohads, também de Marraquexe.",Qwen3OIE_0_6B,os almorávidas,vieram de,o Marrocos,6
"O período de Taifa terminou com a conquista de os almorávidas que vieram de o Marrocos em 1086, conquistando uma vitória decisiva em a Batalha de Sagrajas, seguida um século depois em 1147, após o segundo período de Taifa, pelos Almohads, também de Marraquexe.",Qwen3OIE_0_6B,os almorávidas,conquistaram,uma vitória decisiva em a Batalha de Sagrajas,4
"O período de Taifa terminou com a conquista de os almorávidas que vieram de o Marrocos em 1086, conquistando uma vitória decisiva em a Batalha de Sagrajas, seguida um século depois em 1147, após o segundo período de Taifa, pelos Almohads, também de Marraquexe.",Qwen3OIE_4B,os almorávidas,vieram de,o Marrocos,6
"O período de Taifa terminou com a conquista de os almorávidas que vieram de o Marrocos em 1086, conquistando uma vitória decisiva em a Batalha de Sagrajas, seguida um século depois em 1147, após o segundo período de Taifa, pelos Almohads, também de Marraquexe.",Qwen3OIE_4B,os almorávidas,conquistaram,uma vitória decisiva em a Batalha de Sagrajas,4
"O período de Taifa terminou com a conquista de os almorávidas que vieram de o Marrocos em 1086, conquistando uma vitória decisiva em a Batalha de Sagrajas, seguida um século depois em 1147, após o segundo período de Taifa, pelos Almohads, também de Marraquexe.",respostas_gpt5.5_mini,os almorávidas,vieram de,o Marrocos,6
"O período de Taifa terminou com a conquista de os almorávidas que vieram de o Marrocos em 1086, conquistando uma vitória decisiva em a Batalha de Sagrajas, seguida um século depois em 1147, após o segundo período de Taifa, pelos Almohads, também de Marraquexe.",respostas_gpt5.5_mini,os almorávidas,conquistaram,uma vitória decisiva em a Batalha de Sagrajas,4
"O período de Taifa terminou com a conquista de os almorávidas que vieram de o Marrocos em 1086, conquistando uma vitória decisiva em a Batalha de Sagrajas, seguida um século depois em 1147, após o segundo período de Taifa, pelos Almohads, também de Marraquexe.",respostasGemini3.1Pro,os almorávidas,vieram de,o Marrocos,6
"O período de Taifa terminou com a conquista de os almorávidas que vieram de o Marrocos em 1086, conquistando uma vitória decisiva em a Batalha de Sagrajas, seguida um século depois em 1147, após o segundo período de Taifa, pelos Almohads, também de Marraquexe.",respostasGemini3.1Pro,os almorávidas,vieram em,1086,3
Os berberes eram originalmente de as montanhas de o Atlas e Rif de o norte de a África e eram essencialmente nômades.,Claude_Sonnet5,Os berberes,eram originalmente de,as montanhas de o Atlas e Rif de o norte de a África,6
Os berberes eram originalmente de as montanhas de o Atlas e Rif de o norte de a África e eram essencialmente nômades.,Claude_Sonnet5,Os berberes,eram essencialmente,nômades,3
Os berberes eram originalmente de as montanhas de o Atlas e Rif de o norte de a África e eram essencialmente nômades.,LlamaPortOIE3,Os berberes,eram,essencialmente nômades,4
Os berberes eram originalmente de as montanhas de o Atlas e Rif de o norte de a África e eram essencialmente nômades.,Qwen3OIE_0_6B,Os berberes,eram originalmente de,as montanhas de o Atlas e Rif de o norte de a África,6
Os berberes eram originalmente de as montanhas de o Atlas e Rif de o norte de a África e eram essencialmente nômades.,Qwen3OIE_0_6B,Os berberes,eram essencialmente,nômades,3
Os berberes eram originalmente de as montanhas de o Atlas e Rif de o norte de a África e eram essencialmente nômades.,Qwen3OIE_4B,Os berberes,eram originalmente de,as montanhas de o Atlas e Rif de o norte de a África,6
Os berberes eram originalmente de as montanhas de o Atlas e Rif de o norte de a África e eram essencialmente nômades.,Qwen3OIE_4B,Os berberes,eram essencialmente,nômades,3
Os berberes eram originalmente de as montanhas de o Atlas e Rif de o norte de a África e eram essencialmente nômades.,respostaGrok4.0Fast,Os berberes,eram originalmente de,as montanhas de o Atlas e Rif de o norte de a África,6
Os berberes eram originalmente de as montanhas de o Atlas e Rif de o norte de a África e eram essencialmente nômades.,respostaGrok4.0Fast,Os berberes,eram,essencialmente nômades,4
Os berberes eram originalmente de as montanhas de o Atlas e Rif de o norte de a África e eram essencialmente nômades.,respostas_gpt5.5_mini,Os berberes,eram originalmente de,as montanhas de o Atlas e Rif de o norte de a África,6
Os berberes eram originalmente de as montanhas de o Atlas e Rif de o norte de a África e eram essencialmente nômades.,respostas_gpt5.5_mini,Os berberes,eram,essencialmente nômades,4
Os berberes eram originalmente de as montanhas de o Atlas e Rif de o norte de a África e eram essencialmente nômades.,respostasGemini3.1Pro,Os berberes,eram originalmente de,as montanhas de o Atlas e Rif de o norte de a África,6
Os berberes eram originalmente de as montanhas de o Atlas e Rif de o norte de a África e eram essencialmente nômades.,respostasGemini3.1Pro,Os berberes,eram,essencialmente nômades,4
"Mas as maiores reformas de Sebastião de Melo foram econômicas e financeiras, com a criação de várias empresas e guildas para regular todas as atividades comerciais.",Qwen3OIE_0_6B,as maiores reformas de Sebastião de Melo,foram,econômicas,3
"Mas as maiores reformas de Sebastião de Melo foram econômicas e financeiras, com a criação de várias empresas e guildas para regular todas as atividades comerciais.",Qwen3OIE_0_6B,as maiores reformas de Sebastião de Melo,foram,financeiras,3
"Mas as maiores reformas de Sebastião de Melo foram econômicas e financeiras, com a criação de várias empresas e guildas para regular todas as atividades comerciais.",Qwen3OIE_4B,as maiores reformas de Sebastião de Melo,foram,econômicas,3
"Mas as maiores reformas de Sebastião de Melo foram econômicas e financeiras, com a criação de várias empresas e guildas para regular todas as atividades comerciais.",Qwen3OIE_4B,as maiores reformas de Sebastião de Melo,foram,financeiras,3
"Mas as maiores reformas de Sebastião de Melo foram econômicas e financeiras, com a criação de várias empresas e guildas para regular todas as atividades comerciais.",respostasGemini3.1Pro,as maiores reformas de Sebastião de Melo,foram,econômicas,3
"Mas as maiores reformas de Sebastião de Melo foram econômicas e financeiras, com a criação de várias empresas e guildas para regular todas as atividades comerciais.",respostasGemini3.1Pro,as maiores reformas de Sebastião de Melo,foram,financeiras,3
"Em 2001, Portugal descriminalizou a posse de todas as drogas que ainda são ilegais em outros países desenvolvidos, incluindo, entre outras, maconha, cocaína, heroína e LSD.",Claude_Sonnet5,Portugal,descriminalizou em,2001,3
"Em 2001, Portugal descriminalizou a posse de todas as drogas que ainda são ilegais em outros países desenvolvidos, incluindo, entre outras, maconha, cocaína, heroína e LSD.",LlamaPortOIE3,Portugal,descriminalizou,a posse de todas as drogas que ainda são ilegais em outros países desenvolvidos,3
"Em 2001, Portugal descriminalizou a posse de todas as drogas que ainda são ilegais em outros países desenvolvidos, incluindo, entre outras, maconha, cocaína, heroína e LSD.",Qwen3OIE_4B,Portugal,descriminalizou,a posse de todas as drogas que ainda são ilegais em outros países desenvolvidos,3
"Em 2001, Portugal descriminalizou a posse de todas as drogas que ainda são ilegais em outros países desenvolvidos, incluindo, entre outras, maconha, cocaína, heroína e LSD.",Qwen3OIE_4B,Portugal,descriminalizou em,2001,3
"Em 2001, Portugal descriminalizou a posse de todas as drogas que ainda são ilegais em outros países desenvolvidos, incluindo, entre outras, maconha, cocaína, heroína e LSD.",respostas_gpt5.5_mini,Portugal,descriminalizou,a posse de todas as drogas que ainda são ilegais em outros países desenvolvidos,3
"Em 2001, Portugal descriminalizou a posse de todas as drogas que ainda são ilegais em outros países desenvolvidos, incluindo, entre outras, maconha, cocaína, heroína e LSD.",respostasGemini3.1Pro,Portugal,descriminalizou em,2001,3
"O banco central de Portugal é o Banco de Portugal, parte integrante de o Sistema Europeu de Bancos Centrais.",Claude_Sonnet5,O banco central de Portugal,é,o Banco de Portugal,7
"O banco central de Portugal é o Banco de Portugal, parte integrante de o Sistema Europeu de Bancos Centrais.",LlamaPortOIE3,O banco central de Portugal,é,o Banco de Portugal,7
"O banco central de Portugal é o Banco de Portugal, parte integrante de o Sistema Europeu de Bancos Centrais.",LlamaPortOIE3,o Banco de Portugal,é parte integrante de o,Sistema Europeu de Bancos Centrais,4
"O banco central de Portugal é o Banco de Portugal, parte integrante de o Sistema Europeu de Bancos Centrais.",Qwen3OIE_0_6B,O banco central de Portugal,é,o Banco de Portugal,7
"O banco central de Portugal é o Banco de Portugal, parte integrante de o Sistema Europeu de Bancos Centrais.",Qwen3OIE_0_6B,O banco central de Portugal,é parte integrante de,o Sistema Europeu de Bancos Centrais,4
"O banco central de Portugal é o Banco de Portugal, parte integrante de o Sistema Europeu de Bancos Centrais.",Qwen3OIE_4B,O banco central de Portugal,é,o Banco de Portugal,7
"O banco central de Portugal é o Banco de Portugal, parte integrante de o Sistema Europeu de Bancos Centrais.",Qwen3OIE_4B,O banco central de Portugal,é parte integrante de,o Sistema Europeu de Bancos Centrais,4
"O banco central de Portugal é o Banco de Portugal, parte integrante de o Sistema Europeu de Bancos Centrais.",respostaGrok4.0Fast,O banco central de Portugal,é,o Banco de Portugal,7
"O banco central de Portugal é o Banco de Portugal, parte integrante de o Sistema Europeu de Bancos Centrais.",respostas_gpt5.5_mini,O banco central de Portugal,é,o Banco de Portugal,7
"O banco central de Portugal é o Banco de Portugal, parte integrante de o Sistema Europeu de Bancos Centrais.",respostas_gpt5.5_mini,o Banco de Portugal,é parte integrante de,o Sistema Europeu de Bancos Centrais,4
"O banco central de Portugal é o Banco de Portugal, parte integrante de o Sistema Europeu de Bancos Centrais.",respostasGemini3.1Pro,O banco central de Portugal,é,o Banco de Portugal,7
"Os pontos turísticos mais procurados em Portugal são Lisboa, Algarve, Madeira, Porto e a cidade de Coimbra, também entre 4-5 milhões de peregrinos religiosos visitam Fátima a cada ano, onde supostamente ocorreram aparições de a Virgem Maria a três pastores em 1917.",Claude_Sonnet5,Os pontos turísticos mais procurados em Portugal,são,Lisboa,5
"Os pontos turísticos mais procurados em Portugal são Lisboa, Algarve, Madeira, Porto e a cidade de Coimbra, também entre 4-5 milhões de peregrinos religiosos visitam Fátima a cada ano, onde supostamente ocorreram aparições de a Virgem Maria a três pastores em 1917.",Claude_Sonnet5,Os pontos turísticos mais procurados em Portugal,são,Algarve,5
"Os pontos turísticos mais procurados em Portugal são Lisboa, Algarve, Madeira, Porto e a cidade de Coimbra, também entre 4-5 milhões de peregrinos religiosos visitam Fátima a cada ano, onde supostamente ocorreram aparições de a Virgem Maria a três pastores em 1917.",Claude_Sonnet5,Os pontos turísticos mais procurados em Portugal,são,Madeira,5
"Os pontos turísticos mais procurados em Portugal são Lisboa, Algarve, Madeira, Porto e a cidade de Coimbra, também entre 4-5 milhões de peregrinos religiosos visitam Fátima a cada ano, onde supostamente ocorreram aparições de a Virgem Maria a três pastores em 1917.",Claude_Sonnet5,Os pontos turísticos mais procurados em Portugal,são,Porto,5
"Os pontos turísticos mais procurados em Portugal são Lisboa, Algarve, Madeira, Porto e a cidade de Coimbra, também entre 4-5 milhões de peregrinos religiosos visitam Fátima a cada ano, onde supostamente ocorreram aparições de a Virgem Maria a três pastores em 1917.",Claude_Sonnet5,Os pontos turísticos mais procurados em Portugal,são,a cidade de Coimbra,5
"Os pontos turísticos mais procurados em Portugal são Lisboa, Algarve, Madeira, Porto e a cidade de Coimbra, também entre 4-5 milhões de peregrinos religiosos visitam Fátima a cada ano, onde supostamente ocorreram aparições de a Virgem Maria a três pastores em 1917.",Claude_Sonnet5,entre 4-5 milhões de peregrinos religiosos,visitam,Fátima,3
"Os pontos turísticos mais procurados em Portugal são Lisboa, Algarve, Madeira, Porto e a cidade de Coimbra, também entre 4-5 milhões de peregrinos religiosos visitam Fátima a cada ano, onde supostamente ocorreram aparições de a Virgem Maria a três pastores em 1917.",Qwen3OIE_0_6B,Os pontos turísticos mais procurados em Portugal,são,Lisboa,5
"Os pontos turísticos mais procurados em Portugal são Lisboa, Algarve, Madeira, Porto e a cidade de Coimbra, também entre 4-5 milhões de peregrinos religiosos visitam Fátima a cada ano, onde supostamente ocorreram aparições de a Virgem Maria a três pastores em 1917.",Qwen3OIE_0_6B,Os pontos turísticos mais procurados em Portugal,são,Algarve,5
"Os pontos turísticos mais procurados em Portugal são Lisboa, Algarve, Madeira, Porto e a cidade de Coimbra, também entre 4-5 milhões de peregrinos religiosos visitam Fátima a cada ano, onde supostamente ocorreram aparições de a Virgem Maria a três pastores em 1917.",Qwen3OIE_0_6B,Os pontos turísticos mais procurados em Portugal,são,Madeira,5
"Os pontos turísticos mais procurados em Portugal são Lisboa, Algarve, Madeira, Porto e a cidade de Coimbra, também entre 4-5 milhões de peregrinos religiosos visitam Fátima a cada ano, onde supostamente ocorreram aparições de a Virgem Maria a três pastores em 1917.",Qwen3OIE_0_6B,Os pontos turísticos mais procurados em Portugal,são,Porto,5
"Os pontos turísticos mais procurados em Portugal são Lisboa, Algarve, Madeira, Porto e a cidade de Coimbra, também entre 4-5 milhões de peregrinos religiosos visitam Fátima a cada ano, onde supostamente ocorreram aparições de a Virgem Maria a três pastores em 1917.",Qwen3OIE_0_6B,Os pontos turísticos mais procurados em Portugal,são,a cidade de Coimbra,5
"Os pontos turísticos mais procurados em Portugal são Lisboa, Algarve, Madeira, Porto e a cidade de Coimbra, também entre 4-5 milhões de peregrinos religiosos visitam Fátima a cada ano, onde supostamente ocorreram aparições de a Virgem Maria a três pastores em 1917.",Qwen3OIE_4B,Os pontos turísticos mais procurados em Portugal,são,Lisboa,5
"Os pontos turísticos mais procurados em Portugal são Lisboa, Algarve, Madeira, Porto e a cidade de Coimbra, também entre 4-5 milhões de peregrinos religiosos visitam Fátima a cada ano, onde supostamente ocorreram aparições de a Virgem Maria a três pastores em 1917.",Qwen3OIE_4B,Os pontos turísticos mais procurados em Portugal,são,Algarve,5
"Os pontos turísticos mais procurados em Portugal são Lisboa, Algarve, Madeira, Porto e a cidade de Coimbra, também entre 4-5 milhões de peregrinos religiosos visitam Fátima a cada ano, onde supostamente ocorreram aparições de a Virgem Maria a três pastores em 1917.",Qwen3OIE_4B,Os pontos turísticos mais procurados em Portugal,são,Madeira,5
"Os pontos turísticos mais procurados em Portugal são Lisboa, Algarve, Madeira, Porto e a cidade de Coimbra, também entre 4-5 milhões de peregrinos religiosos visitam Fátima a cada ano, onde supostamente ocorreram aparições de a Virgem Maria a três pastores em 1917.",Qwen3OIE_4B,Os pontos turísticos mais procurados em Portugal,são,Porto,5
"Os pontos turísticos mais procurados em Portugal são Lisboa, Algarve, Madeira, Porto e a cidade de Coimbra, também entre 4-5 milhões de peregrinos religiosos visitam Fátima a cada ano, onde supostamente ocorreram aparições de a Virgem Maria a três pastores em 1917.",Qwen3OIE_4B,Os pontos turísticos mais procurados em Portugal,são,a cidade de Coimbra,5
"Os pontos turísticos mais procurados em Portugal são Lisboa, Algarve, Madeira, Porto e a cidade de Coimbra, também entre 4-5 milhões de peregrinos religiosos visitam Fátima a cada ano, onde supostamente ocorreram aparições de a Virgem Maria a três pastores em 1917.",Qwen3OIE_4B,4-5 milhões de peregrinos religiosos,visitam,Fátima,3
"Os pontos turísticos mais procurados em Portugal são Lisboa, Algarve, Madeira, Porto e a cidade de Coimbra, também entre 4-5 milhões de peregrinos religiosos visitam Fátima a cada ano, onde supostamente ocorreram aparições de a Virgem Maria a três pastores em 1917.",respostas_gpt5.5_mini,Os pontos turísticos mais procurados em Portugal,são,Lisboa,5
"Os pontos turísticos mais procurados em Portugal são Lisboa, Algarve, Madeira, Porto e a cidade de Coimbra, também entre 4-5 milhões de peregrinos religiosos visitam Fátima a cada ano, onde supostamente ocorreram aparições de a Virgem Maria a três pastores em 1917.",respostas_gpt5.5_mini,Os pontos turísticos mais procurados em Portugal,são,Algarve,5
"Os pontos turísticos mais procurados em Portugal são Lisboa, Algarve, Madeira, Porto e a cidade de Coimbra, também entre 4-5 milhões de peregrinos religiosos visitam Fátima a cada ano, onde supostamente ocorreram aparições de a Virgem Maria a três pastores em 1917.",respostas_gpt5.5_mini,Os pontos turísticos mais procurados em Portugal,são,Madeira,5
"Os pontos turísticos mais procurados em Portugal são Lisboa, Algarve, Madeira, Porto e a cidade de Coimbra, também entre 4-5 milhões de peregrinos religiosos visitam Fátima a cada ano, onde supostamente ocorreram aparições de a Virgem Maria a três pastores em 1917.",respostas_gpt5.5_mini,Os pontos turísticos mais procurados em Portugal,são,Porto,5
"Os pontos turísticos mais procurados em Portugal são Lisboa, Algarve, Madeira, Porto e a cidade de Coimbra, também entre 4-5 milhões de peregrinos religiosos visitam Fátima a cada ano, onde supostamente ocorreram aparições de a Virgem Maria a três pastores em 1917.",respostas_gpt5.5_mini,Os pontos turísticos mais procurados em Portugal,são,a cidade de Coimbra,5
"Os pontos turísticos mais procurados em Portugal são Lisboa, Algarve, Madeira, Porto e a cidade de Coimbra, também entre 4-5 milhões de peregrinos religiosos visitam Fátima a cada ano, onde supostamente ocorreram aparições de a Virgem Maria a três pastores em 1917.",respostasGemini3.1Pro,Os pontos turísticos mais procurados em Portugal,são,Lisboa,5
"Os pontos turísticos mais procurados em Portugal são Lisboa, Algarve, Madeira, Porto e a cidade de Coimbra, também entre 4-5 milhões de peregrinos religiosos visitam Fátima a cada ano, onde supostamente ocorreram aparições de a Virgem Maria a três pastores em 1917.",respostasGemini3.1Pro,Os pontos turísticos mais procurados em Portugal,são,Algarve,5
"Os pontos turísticos mais procurados em Portugal são Lisboa, Algarve, Madeira, Porto e a cidade de Coimbra, também entre 4-5 milhões de peregrinos religiosos visitam Fátima a cada ano, onde supostamente ocorreram aparições de a Virgem Maria a três pastores em 1917.",respostasGemini3.1Pro,Os pontos turísticos mais procurados em Portugal,são,Madeira,5
"Os pontos turísticos mais procurados em Portugal são Lisboa, Algarve, Madeira, Porto e a cidade de Coimbra, também entre 4-5 milhões de peregrinos religiosos visitam Fátima a cada ano, onde supostamente ocorreram aparições de a Virgem Maria a três pastores em 1917.",respostasGemini3.1Pro,Os pontos turísticos mais procurados em Portugal,são,Porto,5
"Os pontos turísticos mais procurados em Portugal são Lisboa, Algarve, Madeira, Porto e a cidade de Coimbra, também entre 4-5 milhões de peregrinos religiosos visitam Fátima a cada ano, onde supostamente ocorreram aparições de a Virgem Maria a três pastores em 1917.",respostasGemini3.1Pro,Os pontos turísticos mais procurados em Portugal,são,a cidade de Coimbra,5
"Os pontos turísticos mais procurados em Portugal são Lisboa, Algarve, Madeira, Porto e a cidade de Coimbra, também entre 4-5 milhões de peregrinos religiosos visitam Fátima a cada ano, onde supostamente ocorreram aparições de a Virgem Maria a três pastores em 1917.",respostasGemini3.1Pro,entre 4-5 milhões de peregrinos religiosos,visitam,Fátima,3
"Em 2007, Portugal tinha 10.617.575 habitantes, de os quais cerca de 332.137 eram imigrantes legais.",Claude_Sonnet5,Portugal,tinha em,2007,3
"Em 2007, Portugal tinha 10.617.575 habitantes, de os quais cerca de 332.137 eram imigrantes legais.",Claude_Sonnet5,cerca de 332.137,eram,imigrantes legais,5
"Em 2007, Portugal tinha 10.617.575 habitantes, de os quais cerca de 332.137 eram imigrantes legais.",Qwen3OIE_0_6B,Portugal,tinha em,2007,3
"Em 2007, Portugal tinha 10.617.575 habitantes, de os quais cerca de 332.137 eram imigrantes legais.",Qwen3OIE_0_6B,cerca de 332.137 habitantes,eram,imigrantes legais,5
"Em 2007, Portugal tinha 10.617.575 habitantes, de os quais cerca de 332.137 eram imigrantes legais.",Qwen3OIE_4B,cerca de 332.137 habitantes de Portugal,eram,imigrantes legais,5
"Em 2007, Portugal tinha 10.617.575 habitantes, de os quais cerca de 332.137 eram imigrantes legais.",respostas_gpt5.5_mini,cerca de 332.137,eram,imigrantes legais,5
"Em 2007, Portugal tinha 10.617.575 habitantes, de os quais cerca de 332.137 eram imigrantes legais.",respostasGemini3.1Pro,Portugal,tinha em,2007,3
"Em 2007, Portugal tinha 10.617.575 habitantes, de os quais cerca de 332.137 eram imigrantes legais.",respostasGemini3.1Pro,cerca de 332.137,eram,imigrantes legais,5
As universidades portuguesas existem desde 1290,Claude_Sonnet5,As universidades portuguesas,existem desde,1290,6
As universidades portuguesas existem desde 1290,Qwen3OIE_0_6B,As universidades portuguesas,existem desde,1290,6
As universidades portuguesas existem desde 1290,Qwen3OIE_4B,As universidades portuguesas,existem desde,1290,6
As universidades portuguesas existem desde 1290,respostaGrok4.0Fast,As universidades portuguesas,existem desde,1290,6
As universidades portuguesas existem desde 1290,respostas_gpt5.5_mini,As universidades portuguesas,existem desde,1290,6
As universidades portuguesas existem desde 1290,respostasGemini3.1Pro,As universidades portuguesas,existem desde,1290,6
"Mutações maiores podem ser causadas por erros em a recombinação para causar anormalidades cromossômicas, incluindo duplicação, exclusão, rearranjo ou inversão de grandes seções de um cromossomo.",Qwen3OIE_0_6B,anormalidades cromossômicas,incluem,duplicação,3
"Mutações maiores podem ser causadas por erros em a recombinação para causar anormalidades cromossômicas, incluindo duplicação, exclusão, rearranjo ou inversão de grandes seções de um cromossomo.",Qwen3OIE_0_6B,anormalidades cromossômicas,incluem,exclusão,3
"Mutações maiores podem ser causadas por erros em a recombinação para causar anormalidades cromossômicas, incluindo duplicação, exclusão, rearranjo ou inversão de grandes seções de um cromossomo.",Qwen3OIE_0_6B,anormalidades cromossômicas,incluem,rearranjo,3
"Mutações maiores podem ser causadas por erros em a recombinação para causar anormalidades cromossômicas, incluindo duplicação, exclusão, rearranjo ou inversão de grandes seções de um cromossomo.",Qwen3OIE_4B,anormalidades cromossômicas,incluem,duplicação,3
"Mutações maiores podem ser causadas por erros em a recombinação para causar anormalidades cromossômicas, incluindo duplicação, exclusão, rearranjo ou inversão de grandes seções de um cromossomo.",Qwen3OIE_4B,anormalidades cromossômicas,incluem,exclusão,3
"Mutações maiores podem ser causadas por erros em a recombinação para causar anormalidades cromossômicas, incluindo duplicação, exclusão, rearranjo ou inversão de grandes seções de um cromossomo.",Qwen3OIE_4B,anormalidades cromossômicas,incluem,rearranjo,3
"Mutações maiores podem ser causadas por erros em a recombinação para causar anormalidades cromossômicas, incluindo duplicação, exclusão, rearranjo ou inversão de grandes seções de um cromossomo.",respostas_gpt5.5_mini,anormalidades cromossômicas,incluem,duplicação,3
"Mutações maiores podem ser causadas por erros em a recombinação para causar anormalidades cromossômicas, incluindo duplicação, exclusão, rearranjo ou inversão de grandes seções de um cromossomo.",respostas_gpt5.5_mini,anormalidades cromossômicas,incluem,exclusão,3
"Mutações maiores podem ser causadas por erros em a recombinação para causar anormalidades cromossômicas, incluindo duplicação, exclusão, rearranjo ou inversão de grandes seções de um cromossomo.",respostas_gpt5.5_mini,anormalidades cromossômicas,incluem,rearranjo,3
Portugal liderou a exploração européia de o mundo e uma era de a descoberta.,Claude_Sonnet5,Portugal,liderou,uma era de a descoberta,6
Portugal liderou a exploração européia de o mundo e uma era de a descoberta.,LlamaPortOIE3,Portugal,liderou,uma era de a descoberta,6
Portugal liderou a exploração européia de o mundo e uma era de a descoberta.,Qwen3OIE_0_6B,Portugal,liderou,uma era de a descoberta,6
Portugal liderou a exploração européia de o mundo e uma era de a descoberta.,Qwen3OIE_4B,Portugal,liderou,uma era de a descoberta,6
Portugal liderou a exploração européia de o mundo e uma era de a descoberta.,respostas_gpt5.5_mini,Portugal,liderou,uma era de a descoberta,6
Portugal liderou a exploração européia de o mundo e uma era de a descoberta.,respostasGemini3.1Pro,Portugal,liderou,uma era de a descoberta,6
"Finalmente, uma pequena fração de mutações é benéfica, melhorando a aptidão de o organismo e é extremamente importante para a evolução, uma vez que sua seleção direcional leva a a evolução adaptativa.",Claude_Sonnet5,uma pequena fração de mutações,melhorando,a aptidão de o organismo,3
"Finalmente, uma pequena fração de mutações é benéfica, melhorando a aptidão de o organismo e é extremamente importante para a evolução, uma vez que sua seleção direcional leva a a evolução adaptativa.",Claude_Sonnet5,uma pequena fração de mutações,é extremamente importante para,a evolução,3
"Finalmente, uma pequena fração de mutações é benéfica, melhorando a aptidão de o organismo e é extremamente importante para a evolução, uma vez que sua seleção direcional leva a a evolução adaptativa.",LlamaPortOIE3,uma pequena fração de mutações,melhorando,a aptidão de o organismo,3
"Finalmente, uma pequena fração de mutações é benéfica, melhorando a aptidão de o organismo e é extremamente importante para a evolução, uma vez que sua seleção direcional leva a a evolução adaptativa.",Qwen3OIE_0_6B,uma pequena fração de mutações,é extremamente importante para,a evolução,3
"Finalmente, uma pequena fração de mutações é benéfica, melhorando a aptidão de o organismo e é extremamente importante para a evolução, uma vez que sua seleção direcional leva a a evolução adaptativa.",Qwen3OIE_4B,uma pequena fração de mutações,é extremamente importante para,a evolução,3
"Finalmente, uma pequena fração de mutações é benéfica, melhorando a aptidão de o organismo e é extremamente importante para a evolução, uma vez que sua seleção direcional leva a a evolução adaptativa.",respostasGemini3.1Pro,uma pequena fração de mutações,melhorando,a aptidão de o organismo,3
"O português é uma língua românica que se originou em o que hoje é a Galiza e o norte de Portugal, originária de o galego-português, que era a língua comum de o povo galego e português até a independência de Portugal.",Claude_Sonnet5,O português,se originou em,o que hoje é a Galiza e o norte de Portugal,6
"O português é uma língua românica que se originou em o que hoje é a Galiza e o norte de Portugal, originária de o galego-português, que era a língua comum de o povo galego e português até a independência de Portugal.",Claude_Sonnet5,O português,originária de,o galego-português,3
"O português é uma língua românica que se originou em o que hoje é a Galiza e o norte de Portugal, originária de o galego-português, que era a língua comum de o povo galego e português até a independência de Portugal.",Claude_Sonnet5,o galego-português,era,a língua comum de o povo galego e português,5
"O português é uma língua românica que se originou em o que hoje é a Galiza e o norte de Portugal, originária de o galego-português, que era a língua comum de o povo galego e português até a independência de Portugal.",Claude_Sonnet5,o galego-português,era ... até,a independência de Portugal,3
"O português é uma língua românica que se originou em o que hoje é a Galiza e o norte de Portugal, originária de o galego-português, que era a língua comum de o povo galego e português até a independência de Portugal.",LlamaPortOIE3,O português,se originou em,o que hoje é a Galiza e o norte de Portugal,6
"O português é uma língua românica que se originou em o que hoje é a Galiza e o norte de Portugal, originária de o galego-português, que era a língua comum de o povo galego e português até a independência de Portugal.",LlamaPortOIE3,O português,é originária de,o galego-português,4
"O português é uma língua românica que se originou em o que hoje é a Galiza e o norte de Portugal, originária de o galego-português, que era a língua comum de o povo galego e português até a independência de Portugal.",Qwen3OIE_0_6B,O português,se originou em,o que hoje é a Galiza e o norte de Portugal,6
"O português é uma língua românica que se originou em o que hoje é a Galiza e o norte de Portugal, originária de o galego-português, que era a língua comum de o povo galego e português até a independência de Portugal.",Qwen3OIE_0_6B,o galego-português,era,a língua comum de o povo galego e português,5
"O português é uma língua românica que se originou em o que hoje é a Galiza e o norte de Portugal, originária de o galego-português, que era a língua comum de o povo galego e português até a independência de Portugal.",Qwen3OIE_0_6B,o galego-português,era até,a independência de Portugal,3
"O português é uma língua românica que se originou em o que hoje é a Galiza e o norte de Portugal, originária de o galego-português, que era a língua comum de o povo galego e português até a independência de Portugal.",Qwen3OIE_4B,O português,se originou em,o que hoje é a Galiza e o norte de Portugal,6
"O português é uma língua românica que se originou em o que hoje é a Galiza e o norte de Portugal, originária de o galego-português, que era a língua comum de o povo galego e português até a independência de Portugal.",Qwen3OIE_4B,O português,é originária de,o galego-português,4
"O português é uma língua românica que se originou em o que hoje é a Galiza e o norte de Portugal, originária de o galego-português, que era a língua comum de o povo galego e português até a independência de Portugal.",Qwen3OIE_4B,o galego-português,era,a língua comum de o povo galego e português até a independência de Portugal,5
"O português é uma língua românica que se originou em o que hoje é a Galiza e o norte de Portugal, originária de o galego-português, que era a língua comum de o povo galego e português até a independência de Portugal.",respostaGrok4.0Fast,O português,se originou em,o que hoje é a Galiza e o norte de Portugal,6
"O português é uma língua românica que se originou em o que hoje é a Galiza e o norte de Portugal, originária de o galego-português, que era a língua comum de o povo galego e português até a independência de Portugal.",respostas_gpt5.5_mini,O português,se originou em,o que hoje é a Galiza e o norte de Portugal,6
"O português é uma língua românica que se originou em o que hoje é a Galiza e o norte de Portugal, originária de o galego-português, que era a língua comum de o povo galego e português até a independência de Portugal.",respostas_gpt5.5_mini,O português,é originário de,o galego-português,3
"O português é uma língua românica que se originou em o que hoje é a Galiza e o norte de Portugal, originária de o galego-português, que era a língua comum de o povo galego e português até a independência de Portugal.",respostas_gpt5.5_mini,o galego-português,era,a língua comum de o povo galego e português até a independência de Portugal,5
"O português é uma língua românica que se originou em o que hoje é a Galiza e o norte de Portugal, originária de o galego-português, que era a língua comum de o povo galego e português até a independência de Portugal.",respostasGemini3.1Pro,o galego-português,era,a língua comum de o povo galego e português,5
"O português é uma língua românica que se originou em o que hoje é a Galiza e o norte de Portugal, originária de o galego-português, que era a língua comum de o povo galego e português até a independência de Portugal.",respostasGemini3.1Pro,o galego-português,era até,a independência de Portugal,3
"O Ministério de a Saúde é responsável por desenvolver políticas de saúde, bem como gerenciar o SNS.",Claude_Sonnet5,O Ministério de a Saúde,é responsável por gerenciar,o SNS,5
"O Ministério de a Saúde é responsável por desenvolver políticas de saúde, bem como gerenciar o SNS.",LlamaPortOIE3,O Ministério de a Saúde,é responsável por,gerenciar o SNS,5
"O Ministério de a Saúde é responsável por desenvolver políticas de saúde, bem como gerenciar o SNS.",Qwen3OIE_0_6B,O Ministério de a Saúde,é responsável por gerenciar,o SNS,5
"O Ministério de a Saúde é responsável por desenvolver políticas de saúde, bem como gerenciar o SNS.",Qwen3OIE_4B,O Ministério de a Saúde,é responsável por,gerenciar o SNS,5
"O Ministério de a Saúde é responsável por desenvolver políticas de saúde, bem como gerenciar o SNS.",respostas_gpt5.5_mini,O Ministério de a Saúde,é responsável por,gerenciar o SNS,5
"Kanye Omari West nasceu em 8 de junho de 1977 em Atlanta, Geórgia.",Claude_Sonnet5,Kanye Omari West,nasceu em,8 de junho de 1977,6
"Kanye Omari West nasceu em 8 de junho de 1977 em Atlanta, Geórgia.",Claude_Sonnet5,Kanye Omari West,nasceu em,"Atlanta, Geórgia",5
"Kanye Omari West nasceu em 8 de junho de 1977 em Atlanta, Geórgia.",Qwen3OIE_0_6B,Kanye Omari West,nasceu em,8 de junho de 1977,6
"Kanye Omari West nasceu em 8 de junho de 1977 em Atlanta, Geórgia.",Qwen3OIE_0_6B,Kanye Omari West,nasceu em,"Atlanta, Geórgia",5
"Kanye Omari West nasceu em 8 de junho de 1977 em Atlanta, Geórgia.",Qwen3OIE_4B,Kanye Omari West,nasceu em,8 de junho de 1977,6
"Kanye Omari West nasceu em 8 de junho de 1977 em Atlanta, Geórgia.",Qwen3OIE_4B,Kanye Omari West,nasceu em,"Atlanta, Geórgia",5
"Kanye Omari West nasceu em 8 de junho de 1977 em Atlanta, Geórgia.",respostaGrok4.0Fast,Kanye Omari West,nasceu em,"8 de junho de 1977 em Atlanta, Geórgia",6
"Kanye Omari West nasceu em 8 de junho de 1977 em Atlanta, Geórgia.",respostas_gpt5.5_mini,Kanye Omari West,nasceu em,8 de junho de 1977,6
"Kanye Omari West nasceu em 8 de junho de 1977 em Atlanta, Geórgia.",respostas_gpt5.5_mini,Kanye Omari West,nasceu em,"Atlanta, Geórgia",5
"Kanye Omari West nasceu em 8 de junho de 1977 em Atlanta, Geórgia.",respostasGemini3.1Pro,Kanye Omari West,nasceu em,8 de junho de 1977,6
"Kanye Omari West nasceu em 8 de junho de 1977 em Atlanta, Geórgia.",respostasGemini3.1Pro,Kanye Omari West,nasceu em,"Atlanta, Geórgia",5
"O budismo mahayana, a o contrário, aspira a o estado de Buda através de o caminho de o bodhisattva, um estado em que alguém permanece neste ciclo para ajudar outros seres a alcançar o despertar.",Claude_Sonnet5,O budismo mahayana,aspira a,o estado de Buda,8
"O budismo mahayana, a o contrário, aspira a o estado de Buda através de o caminho de o bodhisattva, um estado em que alguém permanece neste ciclo para ajudar outros seres a alcançar o despertar.",Claude_Sonnet5,O budismo mahayana,aspira através de,o caminho de o bodhisattva,4
"O budismo mahayana, a o contrário, aspira a o estado de Buda através de o caminho de o bodhisattva, um estado em que alguém permanece neste ciclo para ajudar outros seres a alcançar o despertar.",LlamaPortOIE3,O budismo mahayana,aspira a o,estado de Buda,6
"O budismo mahayana, a o contrário, aspira a o estado de Buda através de o caminho de o bodhisattva, um estado em que alguém permanece neste ciclo para ajudar outros seres a alcançar o despertar.",PortNOIE,O budismo mahayana,aspira a o,estado de Buda através de o caminho de o bodhisattva,7
"O budismo mahayana, a o contrário, aspira a o estado de Buda através de o caminho de o bodhisattva, um estado em que alguém permanece neste ciclo para ajudar outros seres a alcançar o despertar.",Qwen3OIE_0_6B,O budismo mahayana,aspira a,o estado de Buda,8
"O budismo mahayana, a o contrário, aspira a o estado de Buda através de o caminho de o bodhisattva, um estado em que alguém permanece neste ciclo para ajudar outros seres a alcançar o despertar.",Qwen3OIE_0_6B,O budismo mahayana,aspira através de,o caminho de o bodhisattva,4
"O budismo mahayana, a o contrário, aspira a o estado de Buda através de o caminho de o bodhisattva, um estado em que alguém permanece neste ciclo para ajudar outros seres a alcançar o despertar.",Qwen3OIE_4B,O budismo mahayana,aspira a,o estado de Buda,8
"O budismo mahayana, a o contrário, aspira a o estado de Buda através de o caminho de o bodhisattva, um estado em que alguém permanece neste ciclo para ajudar outros seres a alcançar o despertar.",Qwen3OIE_4B,O budismo mahayana,aspira através de,o caminho de o bodhisattva,4
"O budismo mahayana, a o contrário, aspira a o estado de Buda através de o caminho de o bodhisattva, um estado em que alguém permanece neste ciclo para ajudar outros seres a alcançar o despertar.",respostaGrok4.0Fast,O budismo mahayana,aspira a,o estado de Buda através de o caminho de o bodhisattva,7
"O budismo mahayana, a o contrário, aspira a o estado de Buda através de o caminho de o bodhisattva, um estado em que alguém permanece neste ciclo para ajudar outros seres a alcançar o despertar.",respostas_gpt5.5_mini,O budismo mahayana,aspira a,o estado de Buda,8
"O budismo mahayana, a o contrário, aspira a o estado de Buda através de o caminho de o bodhisattva, um estado em que alguém permanece neste ciclo para ajudar outros seres a alcançar o despertar.",respostasGemini3.1Pro,O budismo mahayana,aspira a,o estado de Buda,8
"O budismo mahayana, a o contrário, aspira a o estado de Buda através de o caminho de o bodhisattva, um estado em que alguém permanece neste ciclo para ajudar outros seres a alcançar o despertar.",respostasGemini3.1Pro,O budismo mahayana,aspira através de,o caminho de o bodhisattva,4
"Nem todos os genes essenciais são genes de manutenção, uma vez que alguns genes essenciais são regulados por o desenvolvimento ou expressos em determinados momentos durante o ciclo de vida de o organismo.",Claude_Sonnet5,alguns genes essenciais,são expressos em,determinados momentos durante o ciclo de vida de o organismo,5
"Nem todos os genes essenciais são genes de manutenção, uma vez que alguns genes essenciais são regulados por o desenvolvimento ou expressos em determinados momentos durante o ciclo de vida de o organismo.",LlamaPortOIE3,alguns genes essenciais,são expressos em,determinados momentos durante o ciclo de vida de o organismo,5
"Nem todos os genes essenciais são genes de manutenção, uma vez que alguns genes essenciais são regulados por o desenvolvimento ou expressos em determinados momentos durante o ciclo de vida de o organismo.",Qwen3OIE_0_6B,alguns genes essenciais,são expressos em,determinados momentos durante o ciclo de vida de o organismo,5
"Nem todos os genes essenciais são genes de manutenção, uma vez que alguns genes essenciais são regulados por o desenvolvimento ou expressos em determinados momentos durante o ciclo de vida de o organismo.",Qwen3OIE_4B,alguns genes essenciais,são expressos em,determinados momentos durante o ciclo de vida de o organismo,5
"Nem todos os genes essenciais são genes de manutenção, uma vez que alguns genes essenciais são regulados por o desenvolvimento ou expressos em determinados momentos durante o ciclo de vida de o organismo.",respostas_gpt5.5_mini,alguns genes essenciais,são expressos em,determinados momentos durante o ciclo de vida de o organismo,5
"Dentro de o budismo, samsara é definido como o ciclo repetitivo contínuo de nascimento e morte que surge de a apreensão e fixação de seres comuns em um eu e experiências.",Claude_Sonnet5,o ciclo repetitivo contínuo de nascimento e morte,surge de,a apreensão e fixação de seres comuns em um eu e experiências,3
"Dentro de o budismo, samsara é definido como o ciclo repetitivo contínuo de nascimento e morte que surge de a apreensão e fixação de seres comuns em um eu e experiências.",respostas_gpt5.5_mini,o ciclo repetitivo contínuo de nascimento e morte,surge de,a apreensão e fixação de seres comuns em um eu e experiências,3
"Dentro de o budismo, samsara é definido como o ciclo repetitivo contínuo de nascimento e morte que surge de a apreensão e fixação de seres comuns em um eu e experiências.",respostasGemini3.1Pro,o ciclo repetitivo contínuo de nascimento e morte,surge de,a apreensão e fixação de seres comuns em um eu e experiências,3
"No contexto de as quatro nobres verdades, a origem de dukkha é comumente explicada como desejo (Pali tanha) condicionado por a ignorância (Pali avijja).",LlamaPortOIE3,a origem de dukkha,é explicada como,desejo condicionado por a ignorância,4
"No contexto de as quatro nobres verdades, a origem de dukkha é comumente explicada como desejo (Pali tanha) condicionado por a ignorância (Pali avijja).",Qwen3OIE_0_6B,a origem de dukkha,é comumente explicada como,desejo (Pali tanha) condicionado por a ignorância (Pali avijja),4
"No contexto de as quatro nobres verdades, a origem de dukkha é comumente explicada como desejo (Pali tanha) condicionado por a ignorância (Pali avijja).",Qwen3OIE_4B,a origem de dukkha,é comumente explicada como,desejo (Pali tanha) condicionado por a ignorância (Pali avijja),4
"No contexto de as quatro nobres verdades, a origem de dukkha é comumente explicada como desejo (Pali tanha) condicionado por a ignorância (Pali avijja).",respostaGrok4.0Fast,a origem de dukkha,é comumente explicada como,desejo (Pali tanha) condicionado por a ignorância (Pali avijja),4
"O budismo mahayana encoraja todos a se tornarem bodhisattvas e a fazer o voto de bodhisattva, onde o praticante promete trabalhar para a completa iluminação de todos os seres praticando os seis pāramitās.",Claude_Sonnet5,o praticante,promete trabalhar para,a completa iluminação de todos os seres,3
"O budismo mahayana encoraja todos a se tornarem bodhisattvas e a fazer o voto de bodhisattva, onde o praticante promete trabalhar para a completa iluminação de todos os seres praticando os seis pāramitās.",LlamaPortOIE3,O budismo mahayana,encoraja,todos a se tornarem bodhisattvas e a fazer o voto de bodhisattva,5
"O budismo mahayana encoraja todos a se tornarem bodhisattvas e a fazer o voto de bodhisattva, onde o praticante promete trabalhar para a completa iluminação de todos os seres praticando os seis pāramitās.",Qwen3OIE_0_6B,O budismo mahayana,encoraja,a fazer o voto de bodhisattva,5
"O budismo mahayana encoraja todos a se tornarem bodhisattvas e a fazer o voto de bodhisattva, onde o praticante promete trabalhar para a completa iluminação de todos os seres praticando os seis pāramitās.",Qwen3OIE_4B,O budismo mahayana,encoraja,todos a fazer o voto de bodhisattva,5
"O budismo mahayana encoraja todos a se tornarem bodhisattvas e a fazer o voto de bodhisattva, onde o praticante promete trabalhar para a completa iluminação de todos os seres praticando os seis pāramitās.",Qwen3OIE_4B,o praticante,promete trabalhar para,a completa iluminação de todos os seres,3
"O budismo mahayana encoraja todos a se tornarem bodhisattvas e a fazer o voto de bodhisattva, onde o praticante promete trabalhar para a completa iluminação de todos os seres praticando os seis pāramitās.",respostas_gpt5.5_mini,O budismo mahayana,encoraja,todos a fazer o voto de bodhisattva,5
"O budismo mahayana encoraja todos a se tornarem bodhisattvas e a fazer o voto de bodhisattva, onde o praticante promete trabalhar para a completa iluminação de todos os seres praticando os seis pāramitās.",respostasGemini3.1Pro,O budismo mahayana,encoraja,todos a fazer o voto de bodhisattva,5
"O budismo mahayana encoraja todos a se tornarem bodhisattvas e a fazer o voto de bodhisattva, onde o praticante promete trabalhar para a completa iluminação de todos os seres praticando os seis pāramitās.",respostasGemini3.1Pro,o praticante,promete trabalhar para,a completa iluminação de todos os seres,3
O budismo nega uma divindade como O Criador e postula que divindades mundanas como Mahabrahma são mal interpretadas como criador.,Claude_Sonnet5,O budismo,postula,que divindades mundanas como Mahabrahma são mal interpretadas como criador,6
O budismo nega uma divindade como O Criador e postula que divindades mundanas como Mahabrahma são mal interpretadas como criador.,LlamaPortOIE3,O budismo,postula,que divindades mundanas como Mahabrahma são mal interpretadas como criador,6
O budismo nega uma divindade como O Criador e postula que divindades mundanas como Mahabrahma são mal interpretadas como criador.,Qwen3OIE_0_6B,O budismo,postula,que divindades mundanas como Mahabrahma são mal interpretadas como criador,6
O budismo nega uma divindade como O Criador e postula que divindades mundanas como Mahabrahma são mal interpretadas como criador.,Qwen3OIE_4B,O budismo,postula,que divindades mundanas como Mahabrahma são mal interpretadas como criador,6
O budismo nega uma divindade como O Criador e postula que divindades mundanas como Mahabrahma são mal interpretadas como criador.,respostas_gpt5.5_mini,O budismo,postula,que divindades mundanas como Mahabrahma são mal interpretadas como criador,6
O budismo nega uma divindade como O Criador e postula que divindades mundanas como Mahabrahma são mal interpretadas como criador.,respostasGemini3.1Pro,O budismo,postula,que divindades mundanas como Mahabrahma são mal interpretadas como criador,6
A segunda verdade é que a origem de dukkha pode ser conhecida.,Claude_Sonnet5,A segunda verdade,é,que a origem de dukkha pode ser conhecida,6
A segunda verdade é que a origem de dukkha pode ser conhecida.,Qwen3OIE_0_6B,A segunda verdade,é,que a origem de dukkha pode ser conhecida,6
A segunda verdade é que a origem de dukkha pode ser conhecida.,Qwen3OIE_4B,A segunda verdade,é,que a origem de dukkha pode ser conhecida,6
A segunda verdade é que a origem de dukkha pode ser conhecida.,respostaGrok4.0Fast,A segunda verdade,é,que a origem de dukkha pode ser conhecida,6
A segunda verdade é que a origem de dukkha pode ser conhecida.,respostas_gpt5.5_mini,A segunda verdade,é,que a origem de dukkha pode ser conhecida,6
A segunda verdade é que a origem de dukkha pode ser conhecida.,respostasGemini3.1Pro,A segunda verdade,é,que a origem de dukkha pode ser conhecida,6
"O ensinamento zen-budista geralmente é cheio de paradoxos, a fim de afrouxar o domínio de o ego e facilitar a penetração em o reino de o Eu Verdadeiro ou Eu Sem Forma, que é equiparado a o próprio Buda.",Claude_Sonnet5,O ensinamento zen-budista,a fim de afrouxar,o domínio de o ego,3
"O ensinamento zen-budista geralmente é cheio de paradoxos, a fim de afrouxar o domínio de o ego e facilitar a penetração em o reino de o Eu Verdadeiro ou Eu Sem Forma, que é equiparado a o próprio Buda.",Claude_Sonnet5,O ensinamento zen-budista,a fim de facilitar,a penetração em o reino de o Eu Verdadeiro ou Eu Sem Forma,3
"O ensinamento zen-budista geralmente é cheio de paradoxos, a fim de afrouxar o domínio de o ego e facilitar a penetração em o reino de o Eu Verdadeiro ou Eu Sem Forma, que é equiparado a o próprio Buda.",Claude_Sonnet5,o reino de o Eu Verdadeiro ou Eu Sem Forma,é equiparado a,o próprio Buda,5
"O ensinamento zen-budista geralmente é cheio de paradoxos, a fim de afrouxar o domínio de o ego e facilitar a penetração em o reino de o Eu Verdadeiro ou Eu Sem Forma, que é equiparado a o próprio Buda.",Qwen3OIE_0_6B,O ensinamento zen-budista,é a fim de afrouxar,o domínio de o ego,3
"O ensinamento zen-budista geralmente é cheio de paradoxos, a fim de afrouxar o domínio de o ego e facilitar a penetração em o reino de o Eu Verdadeiro ou Eu Sem Forma, que é equiparado a o próprio Buda.",Qwen3OIE_0_6B,O ensinamento zen-budista,é a fim de facilitar,a penetração em o reino de o Eu Verdadeiro ou Eu Sem Forma,3
"O ensinamento zen-budista geralmente é cheio de paradoxos, a fim de afrouxar o domínio de o ego e facilitar a penetração em o reino de o Eu Verdadeiro ou Eu Sem Forma, que é equiparado a o próprio Buda.",Qwen3OIE_0_6B,o reino de o Eu Verdadeiro ou Eu Sem Forma,é equiparado a,o próprio Buda,5
"O ensinamento zen-budista geralmente é cheio de paradoxos, a fim de afrouxar o domínio de o ego e facilitar a penetração em o reino de o Eu Verdadeiro ou Eu Sem Forma, que é equiparado a o próprio Buda.",Qwen3OIE_4B,o reino de o Eu Verdadeiro ou Eu Sem Forma,é equiparado a,o próprio Buda,5
"O ensinamento zen-budista geralmente é cheio de paradoxos, a fim de afrouxar o domínio de o ego e facilitar a penetração em o reino de o Eu Verdadeiro ou Eu Sem Forma, que é equiparado a o próprio Buda.",respostas_gpt5.5_mini,Eu Verdadeiro ou Eu Sem Forma,é equiparado a,o próprio Buda,5
"O ensinamento zen-budista geralmente é cheio de paradoxos, a fim de afrouxar o domínio de o ego e facilitar a penetração em o reino de o Eu Verdadeiro ou Eu Sem Forma, que é equiparado a o próprio Buda.",respostasGemini3.1Pro,O ensinamento zen-budista,a fim de afrouxar,o domínio de o ego,3
"O ensinamento zen-budista geralmente é cheio de paradoxos, a fim de afrouxar o domínio de o ego e facilitar a penetração em o reino de o Eu Verdadeiro ou Eu Sem Forma, que é equiparado a o próprio Buda.",respostasGemini3.1Pro,O ensinamento zen-budista,a fim de facilitar,a penetração em o reino de o Eu Verdadeiro ou Eu Sem Forma,3
"O ensinamento zen-budista geralmente é cheio de paradoxos, a fim de afrouxar o domínio de o ego e facilitar a penetração em o reino de o Eu Verdadeiro ou Eu Sem Forma, que é equiparado a o próprio Buda.",respostasGemini3.1Pro,o reino de o Eu Verdadeiro ou Eu Sem Forma,é equiparado a,o próprio Buda,5
"Além disso, o Budismo de o Leste Asiático reconhece alguns sutras considerados pelos estudiosos de origem chinesa e não indiana.",Claude_Sonnet5,o Budismo de o Leste Asiático,reconhece,alguns sutras,4
"Além disso, o Budismo de o Leste Asiático reconhece alguns sutras considerados pelos estudiosos de origem chinesa e não indiana.",Qwen3OIE_0_6B,o Budismo de o Leste Asiático,reconhece,alguns sutras,4
"Além disso, o Budismo de o Leste Asiático reconhece alguns sutras considerados pelos estudiosos de origem chinesa e não indiana.",respostas_gpt5.5_mini,o Budismo de o Leste Asiático,reconhece,alguns sutras,4
"Além disso, o Budismo de o Leste Asiático reconhece alguns sutras considerados pelos estudiosos de origem chinesa e não indiana.",respostasGemini3.1Pro,o Budismo de o Leste Asiático,reconhece,alguns sutras,4
O programa foi renomeado como American Idol The Search for a Superstar e estreou em o verão de 2002.,Claude_Sonnet5,O programa,estreou em,o verão de 2002,6
O programa foi renomeado como American Idol The Search for a Superstar e estreou em o verão de 2002.,LlamaPortOIE3,O programa,estreou em o,verão de 2002,6
O programa foi renomeado como American Idol The Search for a Superstar e estreou em o verão de 2002.,Qwen3OIE_0_6B,O programa,estreou em,o verão de 2002,6
O programa foi renomeado como American Idol The Search for a Superstar e estreou em o verão de 2002.,respostaGrok4.0Fast,O programa,estreou em,o verão de 2002,6
O programa foi renomeado como American Idol The Search for a Superstar e estreou em o verão de 2002.,respostas_gpt5.5_mini,O programa,estreou em,o verão de 2002,6
O programa foi renomeado como American Idol The Search for a Superstar e estreou em o verão de 2002.,respostasGemini3.1Pro,O programa,estreou em,o verão de 2002,6
"No entanto, em a sexta temporada, durante o primeiro episódio de a série Idol Gives Back, nenhum participante foi eliminado, mas em a semana seguinte, dois foram enviados para casa.",Claude_Sonnet5,nenhum participante,foi eliminado em,o primeiro episódio de a série Idol Gives Back,4
"No entanto, em a sexta temporada, durante o primeiro episódio de a série Idol Gives Back, nenhum participante foi eliminado, mas em a semana seguinte, dois foram enviados para casa.",Claude_Sonnet5,dois,foram enviados em,a semana seguinte,3
"No entanto, em a sexta temporada, durante o primeiro episódio de a série Idol Gives Back, nenhum participante foi eliminado, mas em a semana seguinte, dois foram enviados para casa.",LlamaPortOIE3,nenhum participante,foi eliminado,"em a sexta temporada, durante o primeiro episódio de a série Idol Gives Back",4
"No entanto, em a sexta temporada, durante o primeiro episódio de a série Idol Gives Back, nenhum participante foi eliminado, mas em a semana seguinte, dois foram enviados para casa.",Qwen3OIE_0_6B,Nenhum participante,foi eliminado durante,a sexta temporada,3
"No entanto, em a sexta temporada, durante o primeiro episódio de a série Idol Gives Back, nenhum participante foi eliminado, mas em a semana seguinte, dois foram enviados para casa.",Qwen3OIE_0_6B,dois,foram enviados para casa em,a semana seguinte,3
"No entanto, em a sexta temporada, durante o primeiro episódio de a série Idol Gives Back, nenhum participante foi eliminado, mas em a semana seguinte, dois foram enviados para casa.",Qwen3OIE_4B,nenhum participante,foi eliminado em,a sexta temporada,3
"No entanto, em a sexta temporada, durante o primeiro episódio de a série Idol Gives Back, nenhum participante foi eliminado, mas em a semana seguinte, dois foram enviados para casa.",Qwen3OIE_4B,nenhum participante,foi eliminado durante,o primeiro episódio de a série Idol Gives Back,4
"No entanto, em a sexta temporada, durante o primeiro episódio de a série Idol Gives Back, nenhum participante foi eliminado, mas em a semana seguinte, dois foram enviados para casa.",respostasGemini3.1Pro,nenhum participante,foi eliminado em,a sexta temporada,3
"No entanto, em a sexta temporada, durante o primeiro episódio de a série Idol Gives Back, nenhum participante foi eliminado, mas em a semana seguinte, dois foram enviados para casa.",respostasGemini3.1Pro,nenhum participante,foi eliminado durante,o primeiro episódio de a série Idol Gives Back,4
"No entanto, em a sexta temporada, durante o primeiro episódio de a série Idol Gives Back, nenhum participante foi eliminado, mas em a semana seguinte, dois foram enviados para casa.",respostasGemini3.1Pro,dois,foram enviados em,a semana seguinte,3
"Desde então, Underwood vendeu 65 milhões de discos em todo o mundo e se tornou o concorrente de maior sucesso em os EUA, vendendo mais de 14 milhões de cópias de álbuns em os EUA e mais Underwood ganhou sete prêmios Grammy, o maior número de Grammys de um ex-aluno de o American Idol.",Claude_Sonnet5,Underwood,se tornou,o concorrente de maior sucesso em os EUA,6
"Desde então, Underwood vendeu 65 milhões de discos em todo o mundo e se tornou o concorrente de maior sucesso em os EUA, vendendo mais de 14 milhões de cópias de álbuns em os EUA e mais Underwood ganhou sete prêmios Grammy, o maior número de Grammys de um ex-aluno de o American Idol.",LlamaPortOIE3,Underwood,se tornou,o concorrente de maior sucesso em os EUA,6
"Desde então, Underwood vendeu 65 milhões de discos em todo o mundo e se tornou o concorrente de maior sucesso em os EUA, vendendo mais de 14 milhões de cópias de álbuns em os EUA e mais Underwood ganhou sete prêmios Grammy, o maior número de Grammys de um ex-aluno de o American Idol.",LlamaPortOIE3,Underwood,vendeu,mais de 14 milhões de cópias de álbuns em os EUA,4
"Desde então, Underwood vendeu 65 milhões de discos em todo o mundo e se tornou o concorrente de maior sucesso em os EUA, vendendo mais de 14 milhões de cópias de álbuns em os EUA e mais Underwood ganhou sete prêmios Grammy, o maior número de Grammys de um ex-aluno de o American Idol.",LlamaPortOIE3,Underwood,ganhou,"sete prêmios Grammy, o maior número de Grammys de um ex-aluno de o American Idol",3
"Desde então, Underwood vendeu 65 milhões de discos em todo o mundo e se tornou o concorrente de maior sucesso em os EUA, vendendo mais de 14 milhões de cópias de álbuns em os EUA e mais Underwood ganhou sete prêmios Grammy, o maior número de Grammys de um ex-aluno de o American Idol.",Qwen3OIE_0_6B,Underwood,vendeu em,todo o mundo,3
"Desde então, Underwood vendeu 65 milhões de discos em todo o mundo e se tornou o concorrente de maior sucesso em os EUA, vendendo mais de 14 milhões de cópias de álbuns em os EUA e mais Underwood ganhou sete prêmios Grammy, o maior número de Grammys de um ex-aluno de o American Idol.",Qwen3OIE_0_6B,Underwood,se tornou,o concorrente de maior sucesso em os EUA,6
"Desde então, Underwood vendeu 65 milhões de discos em todo o mundo e se tornou o concorrente de maior sucesso em os EUA, vendendo mais de 14 milhões de cópias de álbuns em os EUA e mais Underwood ganhou sete prêmios Grammy, o maior número de Grammys de um ex-aluno de o American Idol.",Qwen3OIE_0_6B,Underwood,vendeu,mais de 14 milhões de cópias de álbuns em os EUA,4
"Desde então, Underwood vendeu 65 milhões de discos em todo o mundo e se tornou o concorrente de maior sucesso em os EUA, vendendo mais de 14 milhões de cópias de álbuns em os EUA e mais Underwood ganhou sete prêmios Grammy, o maior número de Grammys de um ex-aluno de o American Idol.",Qwen3OIE_0_6B,Underwood,ganhou,o maior número de Grammys de um ex-aluno de o American Idol,3
"Desde então, Underwood vendeu 65 milhões de discos em todo o mundo e se tornou o concorrente de maior sucesso em os EUA, vendendo mais de 14 milhões de cópias de álbuns em os EUA e mais Underwood ganhou sete prêmios Grammy, o maior número de Grammys de um ex-aluno de o American Idol.",Qwen3OIE_4B,Underwood,vendeu em,todo o mundo,3
"Desde então, Underwood vendeu 65 milhões de discos em todo o mundo e se tornou o concorrente de maior sucesso em os EUA, vendendo mais de 14 milhões de cópias de álbuns em os EUA e mais Underwood ganhou sete prêmios Grammy, o maior número de Grammys de um ex-aluno de o American Idol.",Qwen3OIE_4B,Underwood,se tornou,o concorrente de maior sucesso em os EUA,6
"Desde então, Underwood vendeu 65 milhões de discos em todo o mundo e se tornou o concorrente de maior sucesso em os EUA, vendendo mais de 14 milhões de cópias de álbuns em os EUA e mais Underwood ganhou sete prêmios Grammy, o maior número de Grammys de um ex-aluno de o American Idol.",Qwen3OIE_4B,Underwood,vendeu,mais de 14 milhões de cópias de álbuns,4
"Desde então, Underwood vendeu 65 milhões de discos em todo o mundo e se tornou o concorrente de maior sucesso em os EUA, vendendo mais de 14 milhões de cópias de álbuns em os EUA e mais Underwood ganhou sete prêmios Grammy, o maior número de Grammys de um ex-aluno de o American Idol.",Qwen3OIE_4B,Underwood,ganhou,o maior número de Grammys de um ex-aluno de o American Idol,3
"Desde então, Underwood vendeu 65 milhões de discos em todo o mundo e se tornou o concorrente de maior sucesso em os EUA, vendendo mais de 14 milhões de cópias de álbuns em os EUA e mais Underwood ganhou sete prêmios Grammy, o maior número de Grammys de um ex-aluno de o American Idol.",respostas_gpt5.5_mini,Underwood,se tornou,o concorrente de maior sucesso em os EUA,6
"Desde então, Underwood vendeu 65 milhões de discos em todo o mundo e se tornou o concorrente de maior sucesso em os EUA, vendendo mais de 14 milhões de cópias de álbuns em os EUA e mais Underwood ganhou sete prêmios Grammy, o maior número de Grammys de um ex-aluno de o American Idol.",respostas_gpt5.5_mini,Underwood,vendeu,mais de 14 milhões de cópias de álbuns em os EUA,4
"Desde então, Underwood vendeu 65 milhões de discos em todo o mundo e se tornou o concorrente de maior sucesso em os EUA, vendendo mais de 14 milhões de cópias de álbuns em os EUA e mais Underwood ganhou sete prêmios Grammy, o maior número de Grammys de um ex-aluno de o American Idol.",respostasGemini3.1Pro,Underwood,vendeu em,todo o mundo,3
"Desde então, Underwood vendeu 65 milhões de discos em todo o mundo e se tornou o concorrente de maior sucesso em os EUA, vendendo mais de 14 milhões de cópias de álbuns em os EUA e mais Underwood ganhou sete prêmios Grammy, o maior número de Grammys de um ex-aluno de o American Idol.",respostasGemini3.1Pro,Underwood,se tornou,o concorrente de maior sucesso em os EUA,6
"No final de a temporada de 23 de maio, Jordin Sparks foi declarado vencedor, sendo o segundo colocado Blake Lewis.",Claude_Sonnet5,Jordin Sparks,foi declarado vencedor em,o final de a temporada de 23 de maio,4
"No final de a temporada de 23 de maio, Jordin Sparks foi declarado vencedor, sendo o segundo colocado Blake Lewis.",Qwen3OIE_0_6B,Jordin Sparks,foi declarado vencedor em,o final de a temporada de 23 de maio,4
"No final de a temporada de 23 de maio, Jordin Sparks foi declarado vencedor, sendo o segundo colocado Blake Lewis.",Qwen3OIE_4B,Jordin Sparks,foi declarado vencedor em,o final de a temporada de 23 de maio,4
"No final de a temporada de 23 de maio, Jordin Sparks foi declarado vencedor, sendo o segundo colocado Blake Lewis.",respostasGemini3.1Pro,Jordin Sparks,foi declarado em,No final de a temporada de 23 de maio,4
A sexta temporada foi a primeira temporada em que os resultados médios mostram uma classificação mais alta de o que as etapas de a competição (diferente de as temporadas anteriores) e se tornou a segunda melhor classificação de a série após a temporada anterior.,Claude_Sonnet5,A sexta temporada,se tornou,a segunda melhor classificação de a série,6
A sexta temporada foi a primeira temporada em que os resultados médios mostram uma classificação mais alta de o que as etapas de a competição (diferente de as temporadas anteriores) e se tornou a segunda melhor classificação de a série após a temporada anterior.,LlamaPortOIE3,A sexta temporada,se tornou,a segunda melhor classificação de a série após a temporada anterior,6
A sexta temporada foi a primeira temporada em que os resultados médios mostram uma classificação mais alta de o que as etapas de a competição (diferente de as temporadas anteriores) e se tornou a segunda melhor classificação de a série após a temporada anterior.,Qwen3OIE_0_6B,A sexta temporada,se tornou,a segunda melhor classificação de a série após a temporada anterior,6
A sexta temporada foi a primeira temporada em que os resultados médios mostram uma classificação mais alta de o que as etapas de a competição (diferente de as temporadas anteriores) e se tornou a segunda melhor classificação de a série após a temporada anterior.,Qwen3OIE_4B,a sexta temporada,se tornou,a segunda melhor classificação de a série após a temporada anterior,6
A sexta temporada foi a primeira temporada em que os resultados médios mostram uma classificação mais alta de o que as etapas de a competição (diferente de as temporadas anteriores) e se tornou a segunda melhor classificação de a série após a temporada anterior.,respostas_gpt5.5_mini,A sexta temporada,se tornou,a segunda melhor classificação de a série após a temporada anterior,6
A sexta temporada foi a primeira temporada em que os resultados médios mostram uma classificação mais alta de o que as etapas de a competição (diferente de as temporadas anteriores) e se tornou a segunda melhor classificação de a série após a temporada anterior.,respostasGemini3.1Pro,A sexta temporada,se tornou,a segunda melhor classificação de a série,6
"O American Idol foi indicado a o Programa de Competição de Realidade Excepcional de o Emmy por nove anos, mas nunca venceu.",Claude_Sonnet5,O American Idol,foi indicado por,nove anos,4
"O American Idol foi indicado a o Programa de Competição de Realidade Excepcional de o Emmy por nove anos, mas nunca venceu.",Qwen3OIE_0_6B,O American Idol,foi indicado por,nove anos,4
"O American Idol foi indicado a o Programa de Competição de Realidade Excepcional de o Emmy por nove anos, mas nunca venceu.",Qwen3OIE_4B,O American Idol,foi indicado por,nove anos,4
"O American Idol foi indicado a o Programa de Competição de Realidade Excepcional de o Emmy por nove anos, mas nunca venceu.",respostasGemini3.1Pro,O American Idol,foi indicado por,nove anos,4
"Na turnê de a 12ª temporada, um semi-finalista que venceu uma cantada também foi adicionado a a turnê.",Claude_Sonnet5,um semi-finalista,venceu,uma cantada,5
"Na turnê de a 12ª temporada, um semi-finalista que venceu uma cantada também foi adicionado a a turnê.",Claude_Sonnet5,um semi-finalista,foi adicionado a,a turnê,3
"Na turnê de a 12ª temporada, um semi-finalista que venceu uma cantada também foi adicionado a a turnê.",Claude_Sonnet5,um semi-finalista,foi adicionado em,a turnê de a 12ª temporada,3
"Na turnê de a 12ª temporada, um semi-finalista que venceu uma cantada também foi adicionado a a turnê.",PortNOIE,um semi-finalista,venceu,uma cantada,5
"Na turnê de a 12ª temporada, um semi-finalista que venceu uma cantada também foi adicionado a a turnê.",Qwen3OIE_0_6B,um semi-finalista,venceu,uma cantada,5
"Na turnê de a 12ª temporada, um semi-finalista que venceu uma cantada também foi adicionado a a turnê.",Qwen3OIE_0_6B,um semi-finalista,foi adicionado a,a turnê de a 12ª temporada,3
"Na turnê de a 12ª temporada, um semi-finalista que venceu uma cantada também foi adicionado a a turnê.",respostas_gpt5.5_mini,um semi-finalista,venceu,uma cantada,5
"Na turnê de a 12ª temporada, um semi-finalista que venceu uma cantada também foi adicionado a a turnê.",respostas_gpt5.5_mini,um semi-finalista,foi adicionado a,a turnê,3
"Na turnê de a 12ª temporada, um semi-finalista que venceu uma cantada também foi adicionado a a turnê.",respostasGemini3.1Pro,um semi-finalista,venceu,uma cantada,5
"Na turnê de a 12ª temporada, um semi-finalista que venceu uma cantada também foi adicionado a a turnê.",respostasGemini3.1Pro,um semi-finalista,foi adicionado a,a turnê,3
"Na turnê de a 12ª temporada, um semi-finalista que venceu uma cantada também foi adicionado a a turnê.",respostasGemini3.1Pro,um semi-finalista,foi adicionado em,Na turnê de a 12ª temporada,3
"A apresentadora de talk show ganhadora de o Emmy, Ellen Degeneres substituiu Paula Abdul nessa temporada, mas saiu depois de apenas uma temporada.",Claude_Sonnet5,Ellen Degeneres,saiu depois de,apenas uma temporada,3
"A apresentadora de talk show ganhadora de o Emmy, Ellen Degeneres substituiu Paula Abdul nessa temporada, mas saiu depois de apenas uma temporada.",Qwen3OIE_0_6B,Ellen Degeneres,saiu depois de,apenas uma temporada,3
"A apresentadora de talk show ganhadora de o Emmy, Ellen Degeneres substituiu Paula Abdul nessa temporada, mas saiu depois de apenas uma temporada.",Qwen3OIE_4B,Ellen Degeneres,saiu depois de,apenas uma temporada,3
"Em 1758, o taxonomista Linnaeus publicou em o Systema Naturae uma categorização de espécies que incluía as espécies de Canis.",Claude_Sonnet5,o taxonomista Linnaeus,publicou em,o Systema Naturae,4
"Em 1758, o taxonomista Linnaeus publicou em o Systema Naturae uma categorização de espécies que incluía as espécies de Canis.",Claude_Sonnet5,o taxonomista Linnaeus,publicou,uma categorização de espécies,4
"Em 1758, o taxonomista Linnaeus publicou em o Systema Naturae uma categorização de espécies que incluía as espécies de Canis.",Claude_Sonnet5,uma categorização de espécies,incluía,as espécies de Canis,5
"Em 1758, o taxonomista Linnaeus publicou em o Systema Naturae uma categorização de espécies que incluía as espécies de Canis.",Qwen3OIE_0_6B,o taxonomista Linnaeus,publicou em,o Systema Naturae,4
"Em 1758, o taxonomista Linnaeus publicou em o Systema Naturae uma categorização de espécies que incluía as espécies de Canis.",Qwen3OIE_0_6B,o taxonomista Linnaeus,publicou,uma categorização de espécies,4
"Em 1758, o taxonomista Linnaeus publicou em o Systema Naturae uma categorização de espécies que incluía as espécies de Canis.",Qwen3OIE_0_6B,uma categorização de espécies,incluía,as espécies de Canis,5
"Em 1758, o taxonomista Linnaeus publicou em o Systema Naturae uma categorização de espécies que incluía as espécies de Canis.",Qwen3OIE_4B,o taxonomista Linnaeus,publicou em,o Systema Naturae,4
"Em 1758, o taxonomista Linnaeus publicou em o Systema Naturae uma categorização de espécies que incluía as espécies de Canis.",Qwen3OIE_4B,uma categorização de espécies,incluía,as espécies de Canis,5
"Em 1758, o taxonomista Linnaeus publicou em o Systema Naturae uma categorização de espécies que incluía as espécies de Canis.",respostas_gpt5.5_mini,o taxonomista Linnaeus,publicou,uma categorização de espécies,4
"Em 1758, o taxonomista Linnaeus publicou em o Systema Naturae uma categorização de espécies que incluía as espécies de Canis.",respostas_gpt5.5_mini,uma categorização de espécies,incluía,as espécies de Canis,5
"Em 1758, o taxonomista Linnaeus publicou em o Systema Naturae uma categorização de espécies que incluía as espécies de Canis.",respostasGemini3.1Pro,o taxonomista Linnaeus,publicou,uma categorização de espécies,4
"Em 1758, o taxonomista Linnaeus publicou em o Systema Naturae uma categorização de espécies que incluía as espécies de Canis.",respostasGemini3.1Pro,o taxonomista Linnaeus,publicou em,o Systema Naturae,4
"Em 1758, o taxonomista Linnaeus publicou em o Systema Naturae uma categorização de espécies que incluía as espécies de Canis.",respostasGemini3.1Pro,uma categorização de espécies,incluía,as espécies de Canis,5
"Cazaquistão: O primeiro portador de tocha em Almaty, onde a tocha olímpica chegou por a primeira vez em 2 de abril, foi o presidente de o Nursultan Nazarbaev de o Cazaquistão.",Claude_Sonnet5,O primeiro portador de tocha em Almaty,foi,o presidente de o Nursultan Nazarbaev de o Cazaquistão,6
"Cazaquistão: O primeiro portador de tocha em Almaty, onde a tocha olímpica chegou por a primeira vez em 2 de abril, foi o presidente de o Nursultan Nazarbaev de o Cazaquistão.",Claude_Sonnet5,a tocha olímpica,chegou em,Almaty,3
"Cazaquistão: O primeiro portador de tocha em Almaty, onde a tocha olímpica chegou por a primeira vez em 2 de abril, foi o presidente de o Nursultan Nazarbaev de o Cazaquistão.",Qwen3OIE_0_6B,O primeiro portador de tocha em Almaty,foi,o presidente de o Nursultan Nazarbaev de o Cazaquistão,6
"Cazaquistão: O primeiro portador de tocha em Almaty, onde a tocha olímpica chegou por a primeira vez em 2 de abril, foi o presidente de o Nursultan Nazarbaev de o Cazaquistão.",Qwen3OIE_4B,O primeiro portador de tocha em Almaty,foi,o presidente de o Nursultan Nazarbaev de o Cazaquistão,6
"Cazaquistão: O primeiro portador de tocha em Almaty, onde a tocha olímpica chegou por a primeira vez em 2 de abril, foi o presidente de o Nursultan Nazarbaev de o Cazaquistão.",Qwen3OIE_4B,a tocha olímpica,chegou em,Almaty,3
"Cazaquistão: O primeiro portador de tocha em Almaty, onde a tocha olímpica chegou por a primeira vez em 2 de abril, foi o presidente de o Nursultan Nazarbaev de o Cazaquistão.",respostaGrok4.0Fast,O primeiro portador de tocha em Almaty,foi,o presidente de o Nursultan Nazarbaev de o Cazaquistão,6
"Cazaquistão: O primeiro portador de tocha em Almaty, onde a tocha olímpica chegou por a primeira vez em 2 de abril, foi o presidente de o Nursultan Nazarbaev de o Cazaquistão.",respostas_gpt5.5_mini,O primeiro portador de tocha em Almaty,foi,o presidente de o Nursultan Nazarbaev de o Cazaquistão,6
"Cazaquistão: O primeiro portador de tocha em Almaty, onde a tocha olímpica chegou por a primeira vez em 2 de abril, foi o presidente de o Nursultan Nazarbaev de o Cazaquistão.",respostasGemini3.1Pro,O primeiro portador de tocha em Almaty,foi,o presidente de o Nursultan Nazarbaev de o Cazaquistão,6
"Cazaquistão: O primeiro portador de tocha em Almaty, onde a tocha olímpica chegou por a primeira vez em 2 de abril, foi o presidente de o Nursultan Nazarbaev de o Cazaquistão.",respostasGemini3.1Pro,a tocha olímpica,chegou em,Almaty,3
"Rússia Em 5 de abril, a tocha olímpica chegou a São Petersburgo, em a Rússia.",Claude_Sonnet5,a tocha olímpica,chegou em,5 de abril,3
"Rússia Em 5 de abril, a tocha olímpica chegou a São Petersburgo, em a Rússia.",Qwen3OIE_0_6B,a tocha olímpica,chegou em,a Rússia,3
"Rússia Em 5 de abril, a tocha olímpica chegou a São Petersburgo, em a Rússia.",Qwen3OIE_0_6B,a tocha olímpica,chegou em,5 de abril,3
"Rússia Em 5 de abril, a tocha olímpica chegou a São Petersburgo, em a Rússia.",Qwen3OIE_4B,a tocha olímpica,chegou em,a Rússia,3
"Rússia Em 5 de abril, a tocha olímpica chegou a São Petersburgo, em a Rússia.",respostasGemini3.1Pro,a tocha olímpica,chegou em,5 de abril,3
"Rússia Em 5 de abril, a tocha olímpica chegou a São Petersburgo, em a Rússia.",respostasGemini3.1Pro,a tocha olímpica,chegou em,a Rússia,3
"Em meio a a pressão de ambas as direções, o primeiro-ministro Gordon Brown recebeu a tocha de o lado de fora de a 10 Downing Street sem segurá-la ou tocá-la.",Claude_Sonnet5,o primeiro-ministro Gordon Brown,recebeu,a tocha,3
"Em meio a a pressão de ambas as direções, o primeiro-ministro Gordon Brown recebeu a tocha de o lado de fora de a 10 Downing Street sem segurá-la ou tocá-la.",Qwen3OIE_4B,o primeiro-ministro Gordon Brown,recebeu,a tocha,3
"Em meio a a pressão de ambas as direções, o primeiro-ministro Gordon Brown recebeu a tocha de o lado de fora de a 10 Downing Street sem segurá-la ou tocá-la.",respostasGemini3.1Pro,o primeiro-ministro Gordon Brown,recebeu,a tocha,3
"Em 1º de abril de 2008, o Conselho de Supervisores de São Francisco aprovou uma resolução que tratava de as questões de direitos humanos quando a tocha olímpica de Pequim chegasse a São Francisco em 9 de abril.",Claude_Sonnet5,o Conselho de Supervisores de São Francisco,aprovou,uma resolução,5
"Em 1º de abril de 2008, o Conselho de Supervisores de São Francisco aprovou uma resolução que tratava de as questões de direitos humanos quando a tocha olímpica de Pequim chegasse a São Francisco em 9 de abril.",Claude_Sonnet5,uma resolução,tratava de,as questões de direitos humanos,5
"Em 1º de abril de 2008, o Conselho de Supervisores de São Francisco aprovou uma resolução que tratava de as questões de direitos humanos quando a tocha olímpica de Pequim chegasse a São Francisco em 9 de abril.",PortNOIE,o Conselho de Supervisores a tocha olímpica,aprovou,uma resolução questões,5
"Em 1º de abril de 2008, o Conselho de Supervisores de São Francisco aprovou uma resolução que tratava de as questões de direitos humanos quando a tocha olímpica de Pequim chegasse a São Francisco em 9 de abril.",Qwen3OIE_0_6B,o Conselho de Supervisores de São Francisco,aprovou,uma resolução,5
"Em 1º de abril de 2008, o Conselho de Supervisores de São Francisco aprovou uma resolução que tratava de as questões de direitos humanos quando a tocha olímpica de Pequim chegasse a São Francisco em 9 de abril.",Qwen3OIE_0_6B,uma resolução,tratava de,as questões de direitos humanos,5
"Em 1º de abril de 2008, o Conselho de Supervisores de São Francisco aprovou uma resolução que tratava de as questões de direitos humanos quando a tocha olímpica de Pequim chegasse a São Francisco em 9 de abril.",Qwen3OIE_4B,o Conselho de Supervisores de São Francisco,aprovou,uma resolução,5
"Em 1º de abril de 2008, o Conselho de Supervisores de São Francisco aprovou uma resolução que tratava de as questões de direitos humanos quando a tocha olímpica de Pequim chegasse a São Francisco em 9 de abril.",Qwen3OIE_4B,uma resolução,tratava de,as questões de direitos humanos,5
"Em 1º de abril de 2008, o Conselho de Supervisores de São Francisco aprovou uma resolução que tratava de as questões de direitos humanos quando a tocha olímpica de Pequim chegasse a São Francisco em 9 de abril.",respostas_gpt5.5_mini,o Conselho de Supervisores de São Francisco,aprovou,uma resolução,5
"Em 1º de abril de 2008, o Conselho de Supervisores de São Francisco aprovou uma resolução que tratava de as questões de direitos humanos quando a tocha olímpica de Pequim chegasse a São Francisco em 9 de abril.",respostas_gpt5.5_mini,uma resolução,tratava de,as questões de direitos humanos,5
"Em 1º de abril de 2008, o Conselho de Supervisores de São Francisco aprovou uma resolução que tratava de as questões de direitos humanos quando a tocha olímpica de Pequim chegasse a São Francisco em 9 de abril.",respostasGemini3.1Pro,uma resolução,tratava de,as questões de direitos humanos,5
"A mídia indiana informou que o ministro de o Comércio de a Índia, Kamal Nath, cancelou uma viagem oficial a Pequim em protesto, apesar de fontes de a Nath e de a China terem negado.:",Claude_Sonnet5,A mídia indiana,informou,"que o ministro de o Comércio de a Índia, Kamal Nath, cancelou uma viagem oficial a Pequim em protesto",6
"A mídia indiana informou que o ministro de o Comércio de a Índia, Kamal Nath, cancelou uma viagem oficial a Pequim em protesto, apesar de fontes de a Nath e de a China terem negado.:",Qwen3OIE_0_6B,A mídia indiana,informou,"que o ministro de o Comércio de a Índia, Kamal Nath, cancelou uma viagem oficial a Pequim em protesto, apesar de fontes de a Nath e de a China terem negado:",6
"A mídia indiana informou que o ministro de o Comércio de a Índia, Kamal Nath, cancelou uma viagem oficial a Pequim em protesto, apesar de fontes de a Nath e de a China terem negado.:",Qwen3OIE_4B,A mídia indiana,informou,"que o ministro de o Comércio de a Índia, Kamal Nath, cancelou uma viagem oficial a Pequim em protesto",6
"A mídia indiana informou que o ministro de o Comércio de a Índia, Kamal Nath, cancelou uma viagem oficial a Pequim em protesto, apesar de fontes de a Nath e de a China terem negado.:",respostaGrok4.0Fast,A mídia indiana,informou,"que o ministro de o Comércio de a Índia, Kamal Nath, cancelou uma viagem oficial a Pequim em protesto",6
"A mídia indiana informou que o ministro de o Comércio de a Índia, Kamal Nath, cancelou uma viagem oficial a Pequim em protesto, apesar de fontes de a Nath e de a China terem negado.:",respostas_gpt5.5_mini,A mídia indiana,informou,"que o ministro de o Comércio de a Índia, Kamal Nath, cancelou uma viagem oficial a Pequim em protesto",6
"A mídia indiana informou que o ministro de o Comércio de a Índia, Kamal Nath, cancelou uma viagem oficial a Pequim em protesto, apesar de fontes de a Nath e de a China terem negado.:",respostasGemini3.1Pro,A mídia indiana,informou,"que o ministro de o Comércio de a Índia, Kamal Nath, cancelou uma viagem oficial a Pequim em protesto",6
"Em vez de ensinar pequenas partes de um grande número de assuntos, Whitehead advogou o ensino de relativamente poucos conceitos importantes que o aluno poderia vincular organicamente a muitas áreas diferentes de o conhecimento, descobrindo sua aplicação em a vida real.",Claude_Sonnet5,o aluno,poderia vincular organicamente,a muitas áreas diferentes de o conhecimento,3
"Em vez de ensinar pequenas partes de um grande número de assuntos, Whitehead advogou o ensino de relativamente poucos conceitos importantes que o aluno poderia vincular organicamente a muitas áreas diferentes de o conhecimento, descobrindo sua aplicação em a vida real.",LlamaPortOIE3,Whitehead,advogou,"o ensino de relativamente poucos conceitos importantes que o aluno poderia vincular organicamente a muitas áreas diferentes de o conhecimento, descobrindo sua aplicação em a vida real",3
"Em vez de ensinar pequenas partes de um grande número de assuntos, Whitehead advogou o ensino de relativamente poucos conceitos importantes que o aluno poderia vincular organicamente a muitas áreas diferentes de o conhecimento, descobrindo sua aplicação em a vida real.",Qwen3OIE_0_6B,Whitehead,advogou,o ensino de relativamente poucos conceitos importantes que o aluno poderia vincular organicamente a muitas áreas diferentes de o conhecimento,3
"Em vez de ensinar pequenas partes de um grande número de assuntos, Whitehead advogou o ensino de relativamente poucos conceitos importantes que o aluno poderia vincular organicamente a muitas áreas diferentes de o conhecimento, descobrindo sua aplicação em a vida real.",Qwen3OIE_4B,Whitehead,advogou,o ensino de relativamente poucos conceitos importantes que o aluno poderia vincular organicamente a muitas áreas diferentes de o conhecimento,3
"Em vez de ensinar pequenas partes de um grande número de assuntos, Whitehead advogou o ensino de relativamente poucos conceitos importantes que o aluno poderia vincular organicamente a muitas áreas diferentes de o conhecimento, descobrindo sua aplicação em a vida real.",respostas_gpt5.5_mini,o aluno,poderia vincular,relativamente poucos conceitos importantes a muitas áreas diferentes de o conhecimento,3
"Em vez de ensinar pequenas partes de um grande número de assuntos, Whitehead advogou o ensino de relativamente poucos conceitos importantes que o aluno poderia vincular organicamente a muitas áreas diferentes de o conhecimento, descobrindo sua aplicação em a vida real.",respostasGemini3.1Pro,o aluno,poderia vincular,organicamente a muitas áreas diferentes de o conhecimento,3
"Whitehead argumentou que a realidade consiste em processos e não em objetos materiais, e que os processos são melhor definidos por suas relações com outros processos, rejeitando assim a teoria de que a realidade é fundamentalmente construída por pedaços de matéria que existem independentemente um de o outro.",Claude_Sonnet5,os processos,são melhor definidos por,suas relações com outros processos,4
"Whitehead argumentou que a realidade consiste em processos e não em objetos materiais, e que os processos são melhor definidos por suas relações com outros processos, rejeitando assim a teoria de que a realidade é fundamentalmente construída por pedaços de matéria que existem independentemente um de o outro.",LlamaPortOIE3,Whitehead,rejeitou,a teoria de que a realidade é fundamentalmente construída por pedaços de matéria que existem independentemente um de o outro,3
"Whitehead argumentou que a realidade consiste em processos e não em objetos materiais, e que os processos são melhor definidos por suas relações com outros processos, rejeitando assim a teoria de que a realidade é fundamentalmente construída por pedaços de matéria que existem independentemente um de o outro.",Qwen3OIE_4B,os processos,são melhor definidos por,as relações dos processos com outros processos,4
"Whitehead argumentou que a realidade consiste em processos e não em objetos materiais, e que os processos são melhor definidos por suas relações com outros processos, rejeitando assim a teoria de que a realidade é fundamentalmente construída por pedaços de matéria que existem independentemente um de o outro.",Qwen3OIE_4B,Whitehead,rejeitou,a teoria de que a realidade é fundamentalmente construída por pedaços de matéria que existem independentemente um de o outro,3
"Whitehead argumentou que a realidade consiste em processos e não em objetos materiais, e que os processos são melhor definidos por suas relações com outros processos, rejeitando assim a teoria de que a realidade é fundamentalmente construída por pedaços de matéria que existem independentemente um de o outro.",respostas_gpt5.5_mini,os processos,são melhor definidos por,suas relações com outros processos,4
"Whitehead argumentou que a realidade consiste em processos e não em objetos materiais, e que os processos são melhor definidos por suas relações com outros processos, rejeitando assim a teoria de que a realidade é fundamentalmente construída por pedaços de matéria que existem independentemente um de o outro.",respostas_gpt5.5_mini,Whitehead,rejeitou,a teoria de que a realidade é fundamentalmente construída por pedaços de matéria que existem independentemente um de o outro,3
"Whitehead argumentou que a realidade consiste em processos e não em objetos materiais, e que os processos são melhor definidos por suas relações com outros processos, rejeitando assim a teoria de que a realidade é fundamentalmente construída por pedaços de matéria que existem independentemente um de o outro.",respostasGemini3.1Pro,os processos,são melhor definidos por,suas relações com outros processos,4
"Alfred North Whitehead nasceu em Ramsgate, Kent, Inglaterra, em 1861.",Claude_Sonnet5,Alfred North Whitehead,nasceu em,"Ramsgate, Kent, Inglaterra",5
"Alfred North Whitehead nasceu em Ramsgate, Kent, Inglaterra, em 1861.",Qwen3OIE_0_6B,Alfred North Whitehead,nasceu em,"Ramsgate, Kent, Inglaterra",5
"Alfred North Whitehead nasceu em Ramsgate, Kent, Inglaterra, em 1861.",Qwen3OIE_4B,Alfred North Whitehead,nasceu em,"Ramsgate, Kent, Inglaterra",5
"Alfred North Whitehead nasceu em Ramsgate, Kent, Inglaterra, em 1861.",respostas_gpt5.5_mini,Alfred North Whitehead,nasceu em,"Ramsgate, Kent, Inglaterra",5
"Alfred North Whitehead nasceu em Ramsgate, Kent, Inglaterra, em 1861.",respostasGemini3.1Pro,Alfred North Whitehead,nasceu em,"Ramsgate, Kent, Inglaterra",5
"Em 1918, as responsabilidades acadêmicas de Whitehead começaram a se expandir seriamente, quando ele aceitou uma série de altos cargos administrativos dentro de o sistema de a Universidade de Londres, de os quais o Imperial College London era membro em a época.",Claude_Sonnet5,as responsabilidades acadêmicas de Whitehead,começaram a se expandir seriamente em,1918,4
"Em 1918, as responsabilidades acadêmicas de Whitehead começaram a se expandir seriamente, quando ele aceitou uma série de altos cargos administrativos dentro de o sistema de a Universidade de Londres, de os quais o Imperial College London era membro em a época.",Claude_Sonnet5,ele,aceitou,uma série de altos cargos administrativos dentro de o sistema de a Universidade de Londres,4
"Em 1918, as responsabilidades acadêmicas de Whitehead começaram a se expandir seriamente, quando ele aceitou uma série de altos cargos administrativos dentro de o sistema de a Universidade de Londres, de os quais o Imperial College London era membro em a época.",Claude_Sonnet5,o Imperial College London,era membro de,o sistema de a Universidade de Londres,3
"Em 1918, as responsabilidades acadêmicas de Whitehead começaram a se expandir seriamente, quando ele aceitou uma série de altos cargos administrativos dentro de o sistema de a Universidade de Londres, de os quais o Imperial College London era membro em a época.",LlamaPortOIE3,as responsabilidades acadêmicas de Whitehead,começaram a se expandir,seriamente,3
"Em 1918, as responsabilidades acadêmicas de Whitehead começaram a se expandir seriamente, quando ele aceitou uma série de altos cargos administrativos dentro de o sistema de a Universidade de Londres, de os quais o Imperial College London era membro em a época.",LlamaPortOIE3,ele,aceitou,uma série de altos cargos administrativos dentro de o sistema de a Universidade de Londres,4
"Em 1918, as responsabilidades acadêmicas de Whitehead começaram a se expandir seriamente, quando ele aceitou uma série de altos cargos administrativos dentro de o sistema de a Universidade de Londres, de os quais o Imperial College London era membro em a época.",Qwen3OIE_0_6B,as responsabilidades acadêmicas de Whitehead,começaram a se expandir em,1918,4
"Em 1918, as responsabilidades acadêmicas de Whitehead começaram a se expandir seriamente, quando ele aceitou uma série de altos cargos administrativos dentro de o sistema de a Universidade de Londres, de os quais o Imperial College London era membro em a época.",Qwen3OIE_4B,as responsabilidades acadêmicas de Whitehead,começaram a se expandir em,1918,4
"Em 1918, as responsabilidades acadêmicas de Whitehead começaram a se expandir seriamente, quando ele aceitou uma série de altos cargos administrativos dentro de o sistema de a Universidade de Londres, de os quais o Imperial College London era membro em a época.",Qwen3OIE_4B,o Imperial College London,era membro de,a Universidade de Londres,3
"Em 1918, as responsabilidades acadêmicas de Whitehead começaram a se expandir seriamente, quando ele aceitou uma série de altos cargos administrativos dentro de o sistema de a Universidade de Londres, de os quais o Imperial College London era membro em a época.",respostaGrok4.0Fast,ele,aceitou,uma série de altos cargos administrativos dentro de o sistema de a Universidade de Londres,4
"Em 1918, as responsabilidades acadêmicas de Whitehead começaram a se expandir seriamente, quando ele aceitou uma série de altos cargos administrativos dentro de o sistema de a Universidade de Londres, de os quais o Imperial College London era membro em a época.",respostas_gpt5.5_mini,as responsabilidades acadêmicas de Whitehead,começaram a se expandir,seriamente,3
"Em 1918, as responsabilidades acadêmicas de Whitehead começaram a se expandir seriamente, quando ele aceitou uma série de altos cargos administrativos dentro de o sistema de a Universidade de Londres, de os quais o Imperial College London era membro em a época.",respostas_gpt5.5_mini,ele,aceitou,uma série de altos cargos administrativos dentro de o sistema de a Universidade de Londres,4
"Em 1918, as responsabilidades acadêmicas de Whitehead começaram a se expandir seriamente, quando ele aceitou uma série de altos cargos administrativos dentro de o sistema de a Universidade de Londres, de os quais o Imperial College London era membro em a época.",respostas_gpt5.5_mini,o Imperial College London,era membro de,o sistema de a Universidade de Londres,3
"Em 1918, as responsabilidades acadêmicas de Whitehead começaram a se expandir seriamente, quando ele aceitou uma série de altos cargos administrativos dentro de o sistema de a Universidade de Londres, de os quais o Imperial College London era membro em a época.",respostasGemini3.1Pro,as responsabilidades acadêmicas de Whitehead,começaram a se expandir,seriamente,3
"Em 1918, as responsabilidades acadêmicas de Whitehead começaram a se expandir seriamente, quando ele aceitou uma série de altos cargos administrativos dentro de o sistema de a Universidade de Londres, de os quais o Imperial College London era membro em a época.",respostasGemini3.1Pro,as responsabilidades acadêmicas de Whitehead,começaram a se expandir em,1918,4
"Embora a corrida tenha sido um fator que contribuiu para o momento de a morte de o IndyMac, a causa subjacente de a falha foi a maneira insegura e insalubre por a qual a economia foi operada.",Claude_Sonnet5,a corrida,tenha sido,um fator que contribuiu para o momento de a morte de o IndyMac,4
"Embora a corrida tenha sido um fator que contribuiu para o momento de a morte de o IndyMac, a causa subjacente de a falha foi a maneira insegura e insalubre por a qual a economia foi operada.",LlamaPortOIE3,a corrida,tenha sido,um fator que contribuiu para o momento de a morte de o IndyMac,4
"Embora a corrida tenha sido um fator que contribuiu para o momento de a morte de o IndyMac, a causa subjacente de a falha foi a maneira insegura e insalubre por a qual a economia foi operada.",Qwen3OIE_0_6B,a corrida,tenha sido,um fator que contribuiu para o momento de a morte de o IndyMac,4
"Embora a corrida tenha sido um fator que contribuiu para o momento de a morte de o IndyMac, a causa subjacente de a falha foi a maneira insegura e insalubre por a qual a economia foi operada.",respostasGemini3.1Pro,a corrida,tenha sido,um fator que contribuiu para o momento de a morte de o IndyMac,4
"A recessão em os EUA, iniciada em dezembro de 2007, terminou em junho de 2009, de acordo com o Bureau Nacional de Pesquisa Econômica de os EUA (NBER) e a crise financeira parece ter terminado em a mesma época.",Claude_Sonnet5,A recessão em os EUA,iniciada em,dezembro de 2007,4
"A recessão em os EUA, iniciada em dezembro de 2007, terminou em junho de 2009, de acordo com o Bureau Nacional de Pesquisa Econômica de os EUA (NBER) e a crise financeira parece ter terminado em a mesma época.",Claude_Sonnet5,a crise financeira,parece ter terminado em,a mesma época,4
"A recessão em os EUA, iniciada em dezembro de 2007, terminou em junho de 2009, de acordo com o Bureau Nacional de Pesquisa Econômica de os EUA (NBER) e a crise financeira parece ter terminado em a mesma época.",LlamaPortOIE3,A recessão em os EUA,iniciada em,dezembro de 2007,4
"A recessão em os EUA, iniciada em dezembro de 2007, terminou em junho de 2009, de acordo com o Bureau Nacional de Pesquisa Econômica de os EUA (NBER) e a crise financeira parece ter terminado em a mesma época.",LlamaPortOIE3,a crise financeira,parece ter terminado em a,mesma época,4
"A recessão em os EUA, iniciada em dezembro de 2007, terminou em junho de 2009, de acordo com o Bureau Nacional de Pesquisa Econômica de os EUA (NBER) e a crise financeira parece ter terminado em a mesma época.",Qwen3OIE_0_6B,A recessão em os EUA,de acordo com,o Bureau Nacional de Pesquisa Econômica de os EUA (NBER),3
"A recessão em os EUA, iniciada em dezembro de 2007, terminou em junho de 2009, de acordo com o Bureau Nacional de Pesquisa Econômica de os EUA (NBER) e a crise financeira parece ter terminado em a mesma época.",Qwen3OIE_4B,A recessão em os EUA,foi iniciada em,dezembro de 2007,4
"A recessão em os EUA, iniciada em dezembro de 2007, terminou em junho de 2009, de acordo com o Bureau Nacional de Pesquisa Econômica de os EUA (NBER) e a crise financeira parece ter terminado em a mesma época.",Qwen3OIE_4B,A recessão em os EUA,terminou de acordo com,o Bureau Nacional de Pesquisa Econômica de os EUA (NBER),3
"A recessão em os EUA, iniciada em dezembro de 2007, terminou em junho de 2009, de acordo com o Bureau Nacional de Pesquisa Econômica de os EUA (NBER) e a crise financeira parece ter terminado em a mesma época.",respostas_gpt5.5_mini,a crise financeira,parece ter terminado em,a mesma época,4
"A recessão em os EUA, iniciada em dezembro de 2007, terminou em junho de 2009, de acordo com o Bureau Nacional de Pesquisa Econômica de os EUA (NBER) e a crise financeira parece ter terminado em a mesma época.",respostasGemini3.1Pro,A recessão em os EUA,iniciada em,dezembro de 2007,4
"A recessão em os EUA, iniciada em dezembro de 2007, terminou em junho de 2009, de acordo com o Bureau Nacional de Pesquisa Econômica de os EUA (NBER) e a crise financeira parece ter terminado em a mesma época.",respostasGemini3.1Pro,A recessão em os EUA,terminou de acordo com,o Bureau Nacional de Pesquisa Econômica de os EUA (NBER),3
"A recessão em os EUA, iniciada em dezembro de 2007, terminou em junho de 2009, de acordo com o Bureau Nacional de Pesquisa Econômica de os EUA (NBER) e a crise financeira parece ter terminado em a mesma época.",respostasGemini3.1Pro,a crise financeira,parece ter terminado em,a mesma época,4
"os títulos lastreados em hipotecas comerciais, os lastreados em ativos e os CDOs atingiram o pico em 2006 em quase US $ 2 trilhões... Em 2009, a emissão privada foi de menos de US $ 150 bilhões, e quase toda a emissão em lastro foi suportada por o Programa TALF de o Federal Reserve para ajudar os financiadores de cartões de crédito, automóveis e pequenas empresas.",Claude_Sonnet5,"os títulos lastreados em hipotecas comerciais, os lastreados em ativos e os CDOs",atingiram,o pico,3
"os títulos lastreados em hipotecas comerciais, os lastreados em ativos e os CDOs atingiram o pico em 2006 em quase US $ 2 trilhões... Em 2009, a emissão privada foi de menos de US $ 150 bilhões, e quase toda a emissão em lastro foi suportada por o Programa TALF de o Federal Reserve para ajudar os financiadores de cartões de crédito, automóveis e pequenas empresas.",Claude_Sonnet5,"os títulos lastreados em hipotecas comerciais, os lastreados em ativos e os CDOs",atingiram o pico em,quase US $ 2 trilhões,3
"os títulos lastreados em hipotecas comerciais, os lastreados em ativos e os CDOs atingiram o pico em 2006 em quase US $ 2 trilhões... Em 2009, a emissão privada foi de menos de US $ 150 bilhões, e quase toda a emissão em lastro foi suportada por o Programa TALF de o Federal Reserve para ajudar os financiadores de cartões de crédito, automóveis e pequenas empresas.",Qwen3OIE_4B,os títulos lastreados em hipotecas comerciais,atingiram,o pico,3
"os títulos lastreados em hipotecas comerciais, os lastreados em ativos e os CDOs atingiram o pico em 2006 em quase US $ 2 trilhões... Em 2009, a emissão privada foi de menos de US $ 150 bilhões, e quase toda a emissão em lastro foi suportada por o Programa TALF de o Federal Reserve para ajudar os financiadores de cartões de crédito, automóveis e pequenas empresas.",respostaGrok4.0Fast,"os títulos lastreados em hipotecas comerciais, os lastreados em ativos e os CDOs",atingiram o pico em,2006 em quase US $ 2 trilhões,3
"os títulos lastreados em hipotecas comerciais, os lastreados em ativos e os CDOs atingiram o pico em 2006 em quase US $ 2 trilhões... Em 2009, a emissão privada foi de menos de US $ 150 bilhões, e quase toda a emissão em lastro foi suportada por o Programa TALF de o Federal Reserve para ajudar os financiadores de cartões de crédito, automóveis e pequenas empresas.",respostas_gpt5.5_mini,os títulos lastreados em hipotecas comerciais,atingiram o pico em,2006 em quase US $ 2 trilhões,3
"os títulos lastreados em hipotecas comerciais, os lastreados em ativos e os CDOs atingiram o pico em 2006 em quase US $ 2 trilhões... Em 2009, a emissão privada foi de menos de US $ 150 bilhões, e quase toda a emissão em lastro foi suportada por o Programa TALF de o Federal Reserve para ajudar os financiadores de cartões de crédito, automóveis e pequenas empresas.",respostasGemini3.1Pro,os títulos lastreados em hipotecas comerciais,atingiram,o pico,3
Sassou também venceu a seguinte eleição presidencial em julho de 2009.,Claude_Sonnet5,Sassou,venceu em,julho de 2009,4
Sassou também venceu a seguinte eleição presidencial em julho de 2009.,LlamaPortOIE3,Sassou,venceu,a seguinte eleição presidencial em julho de 2009,3
Sassou também venceu a seguinte eleição presidencial em julho de 2009.,Qwen3OIE_0_6B,Sassou,venceu em,julho de 2009,4
Sassou também venceu a seguinte eleição presidencial em julho de 2009.,Qwen3OIE_4B,Sassou,venceu em,julho de 2009,4
Sassou também venceu a seguinte eleição presidencial em julho de 2009.,respostaGrok4.0Fast,Sassou,venceu,a seguinte eleição presidencial em julho de 2009,3
Sassou também venceu a seguinte eleição presidencial em julho de 2009.,respostas_gpt5.5_mini,Sassou,venceu,a seguinte eleição presidencial em julho de 2009,3
Sassou também venceu a seguinte eleição presidencial em julho de 2009.,respostasGemini3.1Pro,Sassou,venceu em,julho de 2009,4
"Na constituição russa, o primeiro ministro é em a verdade intitulado Presidente de o governo, enquanto o primeiro ministro irlandês é chamado Taoiseach (que é traduzido para inglês como primeiro ministro), e em Israel ele é Rosh HaMemshalah, que significa chefe de o governo.",Claude_Sonnet5,Rosh HaMemshalah,significa,chefe de o governo,3
"Na constituição russa, o primeiro ministro é em a verdade intitulado Presidente de o governo, enquanto o primeiro ministro irlandês é chamado Taoiseach (que é traduzido para inglês como primeiro ministro), e em Israel ele é Rosh HaMemshalah, que significa chefe de o governo.",PortNOIE,ele,é,Rosh HaMemshalah,3
"Na constituição russa, o primeiro ministro é em a verdade intitulado Presidente de o governo, enquanto o primeiro ministro irlandês é chamado Taoiseach (que é traduzido para inglês como primeiro ministro), e em Israel ele é Rosh HaMemshalah, que significa chefe de o governo.",Qwen3OIE_4B,Rosh HaMemshalah,significa,chefe de o governo,3
"Na constituição russa, o primeiro ministro é em a verdade intitulado Presidente de o governo, enquanto o primeiro ministro irlandês é chamado Taoiseach (que é traduzido para inglês como primeiro ministro), e em Israel ele é Rosh HaMemshalah, que significa chefe de o governo.",respostaGrok4.0Fast,o primeiro ministro,é intitulado,Presidente de o governo,3
"Na constituição russa, o primeiro ministro é em a verdade intitulado Presidente de o governo, enquanto o primeiro ministro irlandês é chamado Taoiseach (que é traduzido para inglês como primeiro ministro), e em Israel ele é Rosh HaMemshalah, que significa chefe de o governo.",respostas_gpt5.5_mini,o primeiro ministro,é intitulado,Presidente de o governo,3
"Na constituição russa, o primeiro ministro é em a verdade intitulado Presidente de o governo, enquanto o primeiro ministro irlandês é chamado Taoiseach (que é traduzido para inglês como primeiro ministro), e em Israel ele é Rosh HaMemshalah, que significa chefe de o governo.",respostas_gpt5.5_mini,ele,é,Rosh HaMemshalah,3
"Na constituição russa, o primeiro ministro é em a verdade intitulado Presidente de o governo, enquanto o primeiro ministro irlandês é chamado Taoiseach (que é traduzido para inglês como primeiro ministro), e em Israel ele é Rosh HaMemshalah, que significa chefe de o governo.",respostas_gpt5.5_mini,Rosh HaMemshalah,significa,chefe de o governo,3
"Na constituição russa, o primeiro ministro é em a verdade intitulado Presidente de o governo, enquanto o primeiro ministro irlandês é chamado Taoiseach (que é traduzido para inglês como primeiro ministro), e em Israel ele é Rosh HaMemshalah, que significa chefe de o governo.",respostasGemini3.1Pro,o primeiro ministro,é intitulado,Presidente de o governo,3
"Na constituição russa, o primeiro ministro é em a verdade intitulado Presidente de o governo, enquanto o primeiro ministro irlandês é chamado Taoiseach (que é traduzido para inglês como primeiro ministro), e em Israel ele é Rosh HaMemshalah, que significa chefe de o governo.",respostasGemini3.1Pro,ele,é,Rosh HaMemshalah,3
"O Exército Canadense é chefiado por o Comandante de o Exército Canadense e administrado por quatro divisões - a 2ª Divisão Canadense, a 3ª Divisão Canadense, a 4ª Divisão Canadense e a 5ª Divisão Canadense - o Sistema de Doutrina e Treinamento de o Exército Canadense e a Sede de o Exército Canadense.",Claude_Sonnet5,O Exército Canadense,é administrado por,o Sistema de Doutrina e Treinamento de o Exército Canadense,3
"O Exército Canadense é chefiado por o Comandante de o Exército Canadense e administrado por quatro divisões - a 2ª Divisão Canadense, a 3ª Divisão Canadense, a 4ª Divisão Canadense e a 5ª Divisão Canadense - o Sistema de Doutrina e Treinamento de o Exército Canadense e a Sede de o Exército Canadense.",Claude_Sonnet5,O Exército Canadense,é administrado por,a Sede de o Exército Canadense,3
"O Exército Canadense é chefiado por o Comandante de o Exército Canadense e administrado por quatro divisões - a 2ª Divisão Canadense, a 3ª Divisão Canadense, a 4ª Divisão Canadense e a 5ª Divisão Canadense - o Sistema de Doutrina e Treinamento de o Exército Canadense e a Sede de o Exército Canadense.",Qwen3OIE_0_6B,O Exército Canadense,é administrado por,quatro divisões,3
"O Exército Canadense é chefiado por o Comandante de o Exército Canadense e administrado por quatro divisões - a 2ª Divisão Canadense, a 3ª Divisão Canadense, a 4ª Divisão Canadense e a 5ª Divisão Canadense - o Sistema de Doutrina e Treinamento de o Exército Canadense e a Sede de o Exército Canadense.",Qwen3OIE_4B,O Exército Canadense,é administrado por,quatro divisões,3
"O Exército Canadense é chefiado por o Comandante de o Exército Canadense e administrado por quatro divisões - a 2ª Divisão Canadense, a 3ª Divisão Canadense, a 4ª Divisão Canadense e a 5ª Divisão Canadense - o Sistema de Doutrina e Treinamento de o Exército Canadense e a Sede de o Exército Canadense.",Qwen3OIE_4B,O Exército Canadense,é administrado por,o Sistema de Doutrina e Treinamento de o Exército Canadense,3
"O Exército Canadense é chefiado por o Comandante de o Exército Canadense e administrado por quatro divisões - a 2ª Divisão Canadense, a 3ª Divisão Canadense, a 4ª Divisão Canadense e a 5ª Divisão Canadense - o Sistema de Doutrina e Treinamento de o Exército Canadense e a Sede de o Exército Canadense.",Qwen3OIE_4B,O Exército Canadense,é administrado por,a Sede de o Exército Canadense,3
"O Exército Canadense é chefiado por o Comandante de o Exército Canadense e administrado por quatro divisões - a 2ª Divisão Canadense, a 3ª Divisão Canadense, a 4ª Divisão Canadense e a 5ª Divisão Canadense - o Sistema de Doutrina e Treinamento de o Exército Canadense e a Sede de o Exército Canadense.",respostasGemini3.1Pro,O Exército Canadense,é administrado por,quatro divisões,3
"O Exército Canadense é chefiado por o Comandante de o Exército Canadense e administrado por quatro divisões - a 2ª Divisão Canadense, a 3ª Divisão Canadense, a 4ª Divisão Canadense e a 5ª Divisão Canadense - o Sistema de Doutrina e Treinamento de o Exército Canadense e a Sede de o Exército Canadense.",respostasGemini3.1Pro,O Exército Canadense,é administrado por,o Sistema de Doutrina e Treinamento de o Exército Canadense,3
"O Exército Canadense é chefiado por o Comandante de o Exército Canadense e administrado por quatro divisões - a 2ª Divisão Canadense, a 3ª Divisão Canadense, a 4ª Divisão Canadense e a 5ª Divisão Canadense - o Sistema de Doutrina e Treinamento de o Exército Canadense e a Sede de o Exército Canadense.",respostasGemini3.1Pro,O Exército Canadense,é administrado por,a Sede de o Exército Canadense,3
"Todas as ordens de implantação e disposição de tropas, incluindo declarações de guerra, se enquadram em a prerrogativa real e são emitidas como Ordens em o Conselho, que devem ser assinadas por o monarca ou por o governador geral.",Claude_Sonnet5,Todas as ordens de implantação e disposição de tropas,são emitidas como,Ordens em o Conselho,5
"Todas as ordens de implantação e disposição de tropas, incluindo declarações de guerra, se enquadram em a prerrogativa real e são emitidas como Ordens em o Conselho, que devem ser assinadas por o monarca ou por o governador geral.",Claude_Sonnet5,Ordens em o Conselho,devem ser assinadas por,o monarca,3
"Todas as ordens de implantação e disposição de tropas, incluindo declarações de guerra, se enquadram em a prerrogativa real e são emitidas como Ordens em o Conselho, que devem ser assinadas por o monarca ou por o governador geral.",Claude_Sonnet5,Ordens em o Conselho,devem ser assinadas por,o governador geral,3
"Todas as ordens de implantação e disposição de tropas, incluindo declarações de guerra, se enquadram em a prerrogativa real e são emitidas como Ordens em o Conselho, que devem ser assinadas por o monarca ou por o governador geral.",LlamaPortOIE3,"Todas as ordens de implantação e disposição de tropas, incluindo declarações de guerra",são emitidas como,Ordens em o Conselho,5
"Todas as ordens de implantação e disposição de tropas, incluindo declarações de guerra, se enquadram em a prerrogativa real e são emitidas como Ordens em o Conselho, que devem ser assinadas por o monarca ou por o governador geral.",Qwen3OIE_0_6B,Todas as ordens de implantação e disposição de tropas,são emitidas como,Ordens em o Conselho,5
"Todas as ordens de implantação e disposição de tropas, incluindo declarações de guerra, se enquadram em a prerrogativa real e são emitidas como Ordens em o Conselho, que devem ser assinadas por o monarca ou por o governador geral.",Qwen3OIE_0_6B,Ordens em o Conselho,devem ser assinadas por,o monarca,3
"Todas as ordens de implantação e disposição de tropas, incluindo declarações de guerra, se enquadram em a prerrogativa real e são emitidas como Ordens em o Conselho, que devem ser assinadas por o monarca ou por o governador geral.",Qwen3OIE_0_6B,Ordens em o Conselho,devem ser assinadas por,o governador geral,3
"Todas as ordens de implantação e disposição de tropas, incluindo declarações de guerra, se enquadram em a prerrogativa real e são emitidas como Ordens em o Conselho, que devem ser assinadas por o monarca ou por o governador geral.",respostas_gpt5.5_mini,Todas as ordens de implantação e disposição de tropas,são emitidas como,Ordens em o Conselho,5
"Todas as ordens de implantação e disposição de tropas, incluindo declarações de guerra, se enquadram em a prerrogativa real e são emitidas como Ordens em o Conselho, que devem ser assinadas por o monarca ou por o governador geral.",respostas_gpt5.5_mini,Ordens em o Conselho,devem ser assinadas por,o monarca,3
"Todas as ordens de implantação e disposição de tropas, incluindo declarações de guerra, se enquadram em a prerrogativa real e são emitidas como Ordens em o Conselho, que devem ser assinadas por o monarca ou por o governador geral.",respostas_gpt5.5_mini,Ordens em o Conselho,devem ser assinadas por,o governador geral,3
"Todas as ordens de implantação e disposição de tropas, incluindo declarações de guerra, se enquadram em a prerrogativa real e são emitidas como Ordens em o Conselho, que devem ser assinadas por o monarca ou por o governador geral.",respostasGemini3.1Pro,Todas as ordens de implantação e disposição de tropas,são emitidas como,Ordens em o Conselho,5
O Chefe de Justiça preside o Senado durante o julgamento de impeachment de um presidente.,Claude_Sonnet5,O Chefe de Justiça,preside durante,o julgamento de impeachment de um presidente,3
O Chefe de Justiça preside o Senado durante o julgamento de impeachment de um presidente.,Qwen3OIE_0_6B,O Chefe de Justiça,preside durante,o julgamento de impeachment de um presidente,3
O Chefe de Justiça preside o Senado durante o julgamento de impeachment de um presidente.,respostasGemini3.1Pro,O Chefe de Justiça,preside durante,o julgamento de impeachment de um presidente,3
"Um exemplo de a segunda visão em nível estadual é encontrado em a visão de o Supremo Tribunal de a Flórida, que apenas o Supremo Tribunal de a Flórida pode licenciar e regular advogados que comparecem perante os tribunais de a Flórida, e somente o Supremo Tribunal de a Flórida pode definir regras para procedimentos em os tribunais de a Flórida.",Claude_Sonnet5,o Supremo Tribunal de a Flórida,pode licenciar,advogados que comparecem perante os tribunais de a Flórida,4
"Um exemplo de a segunda visão em nível estadual é encontrado em a visão de o Supremo Tribunal de a Flórida, que apenas o Supremo Tribunal de a Flórida pode licenciar e regular advogados que comparecem perante os tribunais de a Flórida, e somente o Supremo Tribunal de a Flórida pode definir regras para procedimentos em os tribunais de a Flórida.",Claude_Sonnet5,o Supremo Tribunal de a Flórida,pode regular,advogados que comparecem perante os tribunais de a Flórida,4
"Um exemplo de a segunda visão em nível estadual é encontrado em a visão de o Supremo Tribunal de a Flórida, que apenas o Supremo Tribunal de a Flórida pode licenciar e regular advogados que comparecem perante os tribunais de a Flórida, e somente o Supremo Tribunal de a Flórida pode definir regras para procedimentos em os tribunais de a Flórida.",Qwen3OIE_0_6B,o Supremo Tribunal de a Flórida,pode licenciar,advogados que comparecem perante os tribunais de a Flórida,4
"Um exemplo de a segunda visão em nível estadual é encontrado em a visão de o Supremo Tribunal de a Flórida, que apenas o Supremo Tribunal de a Flórida pode licenciar e regular advogados que comparecem perante os tribunais de a Flórida, e somente o Supremo Tribunal de a Flórida pode definir regras para procedimentos em os tribunais de a Flórida.",Qwen3OIE_0_6B,o Supremo Tribunal de a Flórida,pode regular,advogados que comparecem perante os tribunais de a Flórida,4
"Um exemplo de a segunda visão em nível estadual é encontrado em a visão de o Supremo Tribunal de a Flórida, que apenas o Supremo Tribunal de a Flórida pode licenciar e regular advogados que comparecem perante os tribunais de a Flórida, e somente o Supremo Tribunal de a Flórida pode definir regras para procedimentos em os tribunais de a Flórida.",Qwen3OIE_4B,o Supremo Tribunal de a Flórida,pode licenciar,advogados que comparecem perante os tribunais de a Flórida,4
"Um exemplo de a segunda visão em nível estadual é encontrado em a visão de o Supremo Tribunal de a Flórida, que apenas o Supremo Tribunal de a Flórida pode licenciar e regular advogados que comparecem perante os tribunais de a Flórida, e somente o Supremo Tribunal de a Flórida pode definir regras para procedimentos em os tribunais de a Flórida.",Qwen3OIE_4B,o Supremo Tribunal de a Flórida,pode regular,advogados que comparecem perante os tribunais de a Flórida,4
"Um exemplo de a segunda visão em nível estadual é encontrado em a visão de o Supremo Tribunal de a Flórida, que apenas o Supremo Tribunal de a Flórida pode licenciar e regular advogados que comparecem perante os tribunais de a Flórida, e somente o Supremo Tribunal de a Flórida pode definir regras para procedimentos em os tribunais de a Flórida.",respostasGemini3.1Pro,o Supremo Tribunal de a Flórida,pode licenciar,advogados que comparecem perante os tribunais de a Flórida,4
"Um exemplo de a segunda visão em nível estadual é encontrado em a visão de o Supremo Tribunal de a Flórida, que apenas o Supremo Tribunal de a Flórida pode licenciar e regular advogados que comparecem perante os tribunais de a Flórida, e somente o Supremo Tribunal de a Flórida pode definir regras para procedimentos em os tribunais de a Flórida.",respostasGemini3.1Pro,o Supremo Tribunal de a Flórida,pode regular,advogados que comparecem perante os tribunais de a Flórida,4
"Para satisfazer o ethos contemporâneo, um edifício deve ser construído de uma maneira ambientalmente amigável em termos de produção de seus materiais, seu impacto em o ambiente natural e construído de a área circundante e as demandas que ele faz sobre fontes de energia não sustentáveis para aquecimento, refrigeração, gerenciamento de água e resíduos e iluminação.",LlamaPortOIE3,um edifício,deve ser construído de,"uma maneira amigável em termos de produção de seus materiais, seu impacto em o ambiente natural e construído de a área circundante e as demandas que ele faz sobre fontes de energia não sustentáveis para aquecimento, refrigeração, gerenciamento de água e resíduos e iluminação",3
"Para satisfazer o ethos contemporâneo, um edifício deve ser construído de uma maneira ambientalmente amigável em termos de produção de seus materiais, seu impacto em o ambiente natural e construído de a área circundante e as demandas que ele faz sobre fontes de energia não sustentáveis para aquecimento, refrigeração, gerenciamento de água e resíduos e iluminação.",Qwen3OIE_0_6B,um edifício,deve ser construído de,"uma maneira ambientalmente amigável em termos de produção de seus materiais, seu impacto em o ambiente natural e construído de a área circundante e as demandas que ele faz sobre fontes de energia não sustentáveis para aquecimento, refrigeração, gerenciamento de água e resíduos e iluminação",3
"Para satisfazer o ethos contemporâneo, um edifício deve ser construído de uma maneira ambientalmente amigável em termos de produção de seus materiais, seu impacto em o ambiente natural e construído de a área circundante e as demandas que ele faz sobre fontes de energia não sustentáveis para aquecimento, refrigeração, gerenciamento de água e resíduos e iluminação.",Qwen3OIE_4B,um edifício,deve ser construído de,"as demandas que ele faz sobre fontes de energia não sustentáveis para aquecimento, refrigeração, gerenciamento de água e resíduos e iluminação",3
"Uma estrutura grande não pode mais ser o design de uma pessoa, mas deve ser o trabalho de muitos.",Claude_Sonnet5,Uma estrutura grande,deve ser,o trabalho de muitos,7
"Uma estrutura grande não pode mais ser o design de uma pessoa, mas deve ser o trabalho de muitos.",LlamaPortOIE3,Uma estrutura grande,deve ser,o trabalho de muitos,7
"Uma estrutura grande não pode mais ser o design de uma pessoa, mas deve ser o trabalho de muitos.",Qwen3OIE_0_6B,Uma estrutura grande,deve ser,o trabalho de muitos,7
"Uma estrutura grande não pode mais ser o design de uma pessoa, mas deve ser o trabalho de muitos.",Qwen3OIE_4B,Uma estrutura grande,deve ser,o trabalho de muitos,7
"Uma estrutura grande não pode mais ser o design de uma pessoa, mas deve ser o trabalho de muitos.",respostaGrok4.0Fast,Uma estrutura grande,deve ser,o trabalho de muitos,7
"Uma estrutura grande não pode mais ser o design de uma pessoa, mas deve ser o trabalho de muitos.",respostas_gpt5.5_mini,Uma estrutura grande,deve ser,o trabalho de muitos,7
"Uma estrutura grande não pode mais ser o design de uma pessoa, mas deve ser o trabalho de muitos.",respostasGemini3.1Pro,Uma estrutura grande,deve ser,o trabalho de muitos,7
"Devido a um excedente em a produção, a economia começou a se expandir, resultando em urbanização, criando áreas urbanas que cresceram e evoluíram muito rapidamente em alguns casos, como o de Çatal Höyük em a Anatólia e o Mohenjo Daro de a civilização de o vale de o Indo em o Paquistão atual.",Claude_Sonnet5,a economia,começou a se expandir devido a,um excedente em a produção,5
"Devido a um excedente em a produção, a economia começou a se expandir, resultando em urbanização, criando áreas urbanas que cresceram e evoluíram muito rapidamente em alguns casos, como o de Çatal Höyük em a Anatólia e o Mohenjo Daro de a civilização de o vale de o Indo em o Paquistão atual.",Claude_Sonnet5,a economia,resultando em,urbanização,3
"Devido a um excedente em a produção, a economia começou a se expandir, resultando em urbanização, criando áreas urbanas que cresceram e evoluíram muito rapidamente em alguns casos, como o de Çatal Höyük em a Anatólia e o Mohenjo Daro de a civilização de o vale de o Indo em o Paquistão atual.",Claude_Sonnet5,áreas urbanas,cresceram e evoluíram muito rapidamente em,alguns casos,3
"Devido a um excedente em a produção, a economia começou a se expandir, resultando em urbanização, criando áreas urbanas que cresceram e evoluíram muito rapidamente em alguns casos, como o de Çatal Höyük em a Anatólia e o Mohenjo Daro de a civilização de o vale de o Indo em o Paquistão atual.",LlamaPortOIE3,a economia,começou a se expandir,devido a um excedente em a produção,5
"Devido a um excedente em a produção, a economia começou a se expandir, resultando em urbanização, criando áreas urbanas que cresceram e evoluíram muito rapidamente em alguns casos, como o de Çatal Höyük em a Anatólia e o Mohenjo Daro de a civilização de o vale de o Indo em o Paquistão atual.",LlamaPortOIE3,a economia,resultando em,urbanização,3
"Devido a um excedente em a produção, a economia começou a se expandir, resultando em urbanização, criando áreas urbanas que cresceram e evoluíram muito rapidamente em alguns casos, como o de Çatal Höyük em a Anatólia e o Mohenjo Daro de a civilização de o vale de o Indo em o Paquistão atual.",Qwen3OIE_0_6B,a economia,começou a se expandir devido a,um excedente em a produção,5
"Devido a um excedente em a produção, a economia começou a se expandir, resultando em urbanização, criando áreas urbanas que cresceram e evoluíram muito rapidamente em alguns casos, como o de Çatal Höyük em a Anatólia e o Mohenjo Daro de a civilização de o vale de o Indo em o Paquistão atual.",Qwen3OIE_0_6B,áreas urbanas,cresceram e evoluíram muito rapidamente em,alguns casos,3
"Devido a um excedente em a produção, a economia começou a se expandir, resultando em urbanização, criando áreas urbanas que cresceram e evoluíram muito rapidamente em alguns casos, como o de Çatal Höyük em a Anatólia e o Mohenjo Daro de a civilização de o vale de o Indo em o Paquistão atual.",Qwen3OIE_4B,a economia,começou a se expandir devido a,um excedente em a produção,5
"Devido a um excedente em a produção, a economia começou a se expandir, resultando em urbanização, criando áreas urbanas que cresceram e evoluíram muito rapidamente em alguns casos, como o de Çatal Höyük em a Anatólia e o Mohenjo Daro de a civilização de o vale de o Indo em o Paquistão atual.",respostasGemini3.1Pro,a economia,começou a se expandir devido a,um excedente em a produção,5
"Devido a um excedente em a produção, a economia começou a se expandir, resultando em urbanização, criando áreas urbanas que cresceram e evoluíram muito rapidamente em alguns casos, como o de Çatal Höyük em a Anatólia e o Mohenjo Daro de a civilização de o vale de o Indo em o Paquistão atual.",respostasGemini3.1Pro,a economia,resultando em,urbanização,3
"Devido a um excedente em a produção, a economia começou a se expandir, resultando em urbanização, criando áreas urbanas que cresceram e evoluíram muito rapidamente em alguns casos, como o de Çatal Höyük em a Anatólia e o Mohenjo Daro de a civilização de o vale de o Indo em o Paquistão atual.",respostasGemini3.1Pro,áreas urbanas,evoluíram muito rapidamente em,alguns casos,3
"O professor de direito de a Universidade Columbia, Michael Dorf, observou que o possível processo de Schwarzenegger poderia finalmente lhe conceder o direito de concorrer a o cargo, observando A lei é muito clara, mas não é 100 % claro que os tribunais aplicariam essa lei em vez de deixá-la em liberdade.",Claude_Sonnet5,Michael Dorf,observou,que o possível processo de Schwarzenegger poderia finalmente lhe conceder o direito de concorrer a o cargo,3
"O professor de direito de a Universidade Columbia, Michael Dorf, observou que o possível processo de Schwarzenegger poderia finalmente lhe conceder o direito de concorrer a o cargo, observando A lei é muito clara, mas não é 100 % claro que os tribunais aplicariam essa lei em vez de deixá-la em liberdade.",LlamaPortOIE3,A lei,é,muito clara,4
"O professor de direito de a Universidade Columbia, Michael Dorf, observou que o possível processo de Schwarzenegger poderia finalmente lhe conceder o direito de concorrer a o cargo, observando A lei é muito clara, mas não é 100 % claro que os tribunais aplicariam essa lei em vez de deixá-la em liberdade.",Qwen3OIE_0_6B,A lei,é,muito clara,4
"O professor de direito de a Universidade Columbia, Michael Dorf, observou que o possível processo de Schwarzenegger poderia finalmente lhe conceder o direito de concorrer a o cargo, observando A lei é muito clara, mas não é 100 % claro que os tribunais aplicariam essa lei em vez de deixá-la em liberdade.",Qwen3OIE_4B,Michael Dorf,observou,que o possível processo de Schwarzenegger poderia finalmente lhe conceder o direito de concorrer a o cargo,3
"O professor de direito de a Universidade Columbia, Michael Dorf, observou que o possível processo de Schwarzenegger poderia finalmente lhe conceder o direito de concorrer a o cargo, observando A lei é muito clara, mas não é 100 % claro que os tribunais aplicariam essa lei em vez de deixá-la em liberdade.",Qwen3OIE_4B,A lei,é,muito clara,4
"O professor de direito de a Universidade Columbia, Michael Dorf, observou que o possível processo de Schwarzenegger poderia finalmente lhe conceder o direito de concorrer a o cargo, observando A lei é muito clara, mas não é 100 % claro que os tribunais aplicariam essa lei em vez de deixá-la em liberdade.",respostas_gpt5.5_mini,Michael Dorf,observou,que o possível processo de Schwarzenegger poderia finalmente lhe conceder o direito de concorrer a o cargo,3
"O professor de direito de a Universidade Columbia, Michael Dorf, observou que o possível processo de Schwarzenegger poderia finalmente lhe conceder o direito de concorrer a o cargo, observando A lei é muito clara, mas não é 100 % claro que os tribunais aplicariam essa lei em vez de deixá-la em liberdade.",respostas_gpt5.5_mini,A lei,é,muito clara,4
"Schwarzenegger conheceu Maria Shriver em o torneio de tênis Robert F. Kennedy, em agosto de 1977, e teve um relacionamento com as duas mulheres até agosto de 1978, quando Moray (que conhecia seu relacionamento com Shriver) emitiu um ultimato.",Claude_Sonnet5,Schwarzenegger,conheceu em,o torneio de tênis Robert F. Kennedy,4
"Schwarzenegger conheceu Maria Shriver em o torneio de tênis Robert F. Kennedy, em agosto de 1977, e teve um relacionamento com as duas mulheres até agosto de 1978, quando Moray (que conhecia seu relacionamento com Shriver) emitiu um ultimato.",Claude_Sonnet5,Schwarzenegger,conheceu em,agosto de 1977,4
"Schwarzenegger conheceu Maria Shriver em o torneio de tênis Robert F. Kennedy, em agosto de 1977, e teve um relacionamento com as duas mulheres até agosto de 1978, quando Moray (que conhecia seu relacionamento com Shriver) emitiu um ultimato.",Claude_Sonnet5,Schwarzenegger,teve,um relacionamento com as duas mulheres,4
"Schwarzenegger conheceu Maria Shriver em o torneio de tênis Robert F. Kennedy, em agosto de 1977, e teve um relacionamento com as duas mulheres até agosto de 1978, quando Moray (que conhecia seu relacionamento com Shriver) emitiu um ultimato.",Claude_Sonnet5,Schwarzenegger,teve um relacionamento até,agosto de 1978,3
"Schwarzenegger conheceu Maria Shriver em o torneio de tênis Robert F. Kennedy, em agosto de 1977, e teve um relacionamento com as duas mulheres até agosto de 1978, quando Moray (que conhecia seu relacionamento com Shriver) emitiu um ultimato.",LlamaPortOIE3,Schwarzenegger,teve,um relacionamento com as duas mulheres até agosto de 1978,4
"Schwarzenegger conheceu Maria Shriver em o torneio de tênis Robert F. Kennedy, em agosto de 1977, e teve um relacionamento com as duas mulheres até agosto de 1978, quando Moray (que conhecia seu relacionamento com Shriver) emitiu um ultimato.",Qwen3OIE_0_6B,Schwarzenegger,conheceu em,o torneio de tênis Robert F. Kennedy,4
"Schwarzenegger conheceu Maria Shriver em o torneio de tênis Robert F. Kennedy, em agosto de 1977, e teve um relacionamento com as duas mulheres até agosto de 1978, quando Moray (que conhecia seu relacionamento com Shriver) emitiu um ultimato.",Qwen3OIE_0_6B,Schwarzenegger,conheceu em,agosto de 1977,4
"Schwarzenegger conheceu Maria Shriver em o torneio de tênis Robert F. Kennedy, em agosto de 1977, e teve um relacionamento com as duas mulheres até agosto de 1978, quando Moray (que conhecia seu relacionamento com Shriver) emitiu um ultimato.",Qwen3OIE_0_6B,Schwarzenegger,teve um relacionamento até,agosto de 1978,3
"Schwarzenegger conheceu Maria Shriver em o torneio de tênis Robert F. Kennedy, em agosto de 1977, e teve um relacionamento com as duas mulheres até agosto de 1978, quando Moray (que conhecia seu relacionamento com Shriver) emitiu um ultimato.",Qwen3OIE_4B,Schwarzenegger,conheceu em,o torneio de tênis Robert F. Kennedy,4
"Schwarzenegger conheceu Maria Shriver em o torneio de tênis Robert F. Kennedy, em agosto de 1977, e teve um relacionamento com as duas mulheres até agosto de 1978, quando Moray (que conhecia seu relacionamento com Shriver) emitiu um ultimato.",Qwen3OIE_4B,Schwarzenegger,conheceu em,agosto de 1977,4
"Schwarzenegger conheceu Maria Shriver em o torneio de tênis Robert F. Kennedy, em agosto de 1977, e teve um relacionamento com as duas mulheres até agosto de 1978, quando Moray (que conhecia seu relacionamento com Shriver) emitiu um ultimato.",Qwen3OIE_4B,Schwarzenegger,teve um relacionamento com Maria Shriver até,agosto de 1978,3
"Schwarzenegger conheceu Maria Shriver em o torneio de tênis Robert F. Kennedy, em agosto de 1977, e teve um relacionamento com as duas mulheres até agosto de 1978, quando Moray (que conhecia seu relacionamento com Shriver) emitiu um ultimato.",respostaGrok4.0Fast,Schwarzenegger,teve,um relacionamento com as duas mulheres,4
"Schwarzenegger conheceu Maria Shriver em o torneio de tênis Robert F. Kennedy, em agosto de 1977, e teve um relacionamento com as duas mulheres até agosto de 1978, quando Moray (que conhecia seu relacionamento com Shriver) emitiu um ultimato.",respostasGemini3.1Pro,Schwarzenegger,conheceu em,o torneio de tênis Robert F. Kennedy,4
"Schwarzenegger conheceu Maria Shriver em o torneio de tênis Robert F. Kennedy, em agosto de 1977, e teve um relacionamento com as duas mulheres até agosto de 1978, quando Moray (que conhecia seu relacionamento com Shriver) emitiu um ultimato.",respostasGemini3.1Pro,Schwarzenegger,conheceu em,agosto de 1977,4
"Schwarzenegger conheceu Maria Shriver em o torneio de tênis Robert F. Kennedy, em agosto de 1977, e teve um relacionamento com as duas mulheres até agosto de 1978, quando Moray (que conhecia seu relacionamento com Shriver) emitiu um ultimato.",respostasGemini3.1Pro,Schwarzenegger,teve,um relacionamento com as duas mulheres,4
"Em 1620, os Padres Peregrinos partiram de Plymouth para o Novo Mundo e estabeleceram a Colônia de Plymouth - o segundo assentamento inglês em o que é hoje os Estados Unidos de a América.",Claude_Sonnet5,os Padres Peregrinos,partiram de,Plymouth,5
"Em 1620, os Padres Peregrinos partiram de Plymouth para o Novo Mundo e estabeleceram a Colônia de Plymouth - o segundo assentamento inglês em o que é hoje os Estados Unidos de a América.",Claude_Sonnet5,os Padres Peregrinos,partiram para,o Novo Mundo,4
"Em 1620, os Padres Peregrinos partiram de Plymouth para o Novo Mundo e estabeleceram a Colônia de Plymouth - o segundo assentamento inglês em o que é hoje os Estados Unidos de a América.",Claude_Sonnet5,os Padres Peregrinos,partiram em,1620,3
"Em 1620, os Padres Peregrinos partiram de Plymouth para o Novo Mundo e estabeleceram a Colônia de Plymouth - o segundo assentamento inglês em o que é hoje os Estados Unidos de a América.",Claude_Sonnet5,os Padres Peregrinos,estabeleceram,a Colônia de Plymouth,7
"Em 1620, os Padres Peregrinos partiram de Plymouth para o Novo Mundo e estabeleceram a Colônia de Plymouth - o segundo assentamento inglês em o que é hoje os Estados Unidos de a América.",LlamaPortOIE3,os Padres Peregrinos,estabeleceram,a Colônia de Plymouth,7
"Em 1620, os Padres Peregrinos partiram de Plymouth para o Novo Mundo e estabeleceram a Colônia de Plymouth - o segundo assentamento inglês em o que é hoje os Estados Unidos de a América.",Qwen3OIE_0_6B,os Padres Peregrinos,partiram de,Plymouth,5
"Em 1620, os Padres Peregrinos partiram de Plymouth para o Novo Mundo e estabeleceram a Colônia de Plymouth - o segundo assentamento inglês em o que é hoje os Estados Unidos de a América.",Qwen3OIE_0_6B,os Padres Peregrinos,partiram em,1620,3
"Em 1620, os Padres Peregrinos partiram de Plymouth para o Novo Mundo e estabeleceram a Colônia de Plymouth - o segundo assentamento inglês em o que é hoje os Estados Unidos de a América.",Qwen3OIE_0_6B,os Padres Peregrinos,estabeleceram,a Colônia de Plymouth,7
"Em 1620, os Padres Peregrinos partiram de Plymouth para o Novo Mundo e estabeleceram a Colônia de Plymouth - o segundo assentamento inglês em o que é hoje os Estados Unidos de a América.",Qwen3OIE_4B,os Padres Peregrinos,partiram de,Plymouth,5
"Em 1620, os Padres Peregrinos partiram de Plymouth para o Novo Mundo e estabeleceram a Colônia de Plymouth - o segundo assentamento inglês em o que é hoje os Estados Unidos de a América.",Qwen3OIE_4B,os Padres Peregrinos,partiram para,o Novo Mundo,4
"Em 1620, os Padres Peregrinos partiram de Plymouth para o Novo Mundo e estabeleceram a Colônia de Plymouth - o segundo assentamento inglês em o que é hoje os Estados Unidos de a América.",Qwen3OIE_4B,os Padres Peregrinos,estabeleceram,a Colônia de Plymouth,7
"Em 1620, os Padres Peregrinos partiram de Plymouth para o Novo Mundo e estabeleceram a Colônia de Plymouth - o segundo assentamento inglês em o que é hoje os Estados Unidos de a América.",respostaGrok4.0Fast,os Padres Peregrinos,estabeleceram,a Colônia de Plymouth,7
"Em 1620, os Padres Peregrinos partiram de Plymouth para o Novo Mundo e estabeleceram a Colônia de Plymouth - o segundo assentamento inglês em o que é hoje os Estados Unidos de a América.",respostas_gpt5.5_mini,os Padres Peregrinos,partiram de,Plymouth,5
"Em 1620, os Padres Peregrinos partiram de Plymouth para o Novo Mundo e estabeleceram a Colônia de Plymouth - o segundo assentamento inglês em o que é hoje os Estados Unidos de a América.",respostas_gpt5.5_mini,os Padres Peregrinos,partiram para,o Novo Mundo,4
"Em 1620, os Padres Peregrinos partiram de Plymouth para o Novo Mundo e estabeleceram a Colônia de Plymouth - o segundo assentamento inglês em o que é hoje os Estados Unidos de a América.",respostas_gpt5.5_mini,os Padres Peregrinos,estabeleceram,a Colônia de Plymouth,7
"Em 1620, os Padres Peregrinos partiram de Plymouth para o Novo Mundo e estabeleceram a Colônia de Plymouth - o segundo assentamento inglês em o que é hoje os Estados Unidos de a América.",respostasGemini3.1Pro,os Padres Peregrinos,partiram de,Plymouth,5
"Em 1620, os Padres Peregrinos partiram de Plymouth para o Novo Mundo e estabeleceram a Colônia de Plymouth - o segundo assentamento inglês em o que é hoje os Estados Unidos de a América.",respostasGemini3.1Pro,os Padres Peregrinos,partiram para,o Novo Mundo,4
"Em 1620, os Padres Peregrinos partiram de Plymouth para o Novo Mundo e estabeleceram a Colônia de Plymouth - o segundo assentamento inglês em o que é hoje os Estados Unidos de a América.",respostasGemini3.1Pro,os Padres Peregrinos,partiram em,1620,3
"Em 1620, os Padres Peregrinos partiram de Plymouth para o Novo Mundo e estabeleceram a Colônia de Plymouth - o segundo assentamento inglês em o que é hoje os Estados Unidos de a América.",respostasGemini3.1Pro,os Padres Peregrinos,estabeleceram,a Colônia de Plymouth,7
"No entanto, a FlyPlymouth planeja reabrir o aeroporto de a cidade até 2018, que fornecerá serviços diários para vários destinos, incluindo Londres.",Claude_Sonnet5,a FlyPlymouth,planeja reabrir,o aeroporto de a cidade,8
"No entanto, a FlyPlymouth planeja reabrir o aeroporto de a cidade até 2018, que fornecerá serviços diários para vários destinos, incluindo Londres.",LlamaPortOIE3,a FlyPlymouth,planeja reabrir,o aeroporto de a cidade até 2018,8
"No entanto, a FlyPlymouth planeja reabrir o aeroporto de a cidade até 2018, que fornecerá serviços diários para vários destinos, incluindo Londres.",LlamaPortOIE3,o aeroporto de a cidade até 2018,fornecerá,"serviços diários para vários destinos, incluindo Londres",3
"No entanto, a FlyPlymouth planeja reabrir o aeroporto de a cidade até 2018, que fornecerá serviços diários para vários destinos, incluindo Londres.",PortNOIE,a FlyPlymouth,planeja reabrir,o aeroporto de a cidade 2018,8
"No entanto, a FlyPlymouth planeja reabrir o aeroporto de a cidade até 2018, que fornecerá serviços diários para vários destinos, incluindo Londres.",Qwen3OIE_0_6B,a FlyPlymouth,planeja reabrir,o aeroporto de a cidade,8
"No entanto, a FlyPlymouth planeja reabrir o aeroporto de a cidade até 2018, que fornecerá serviços diários para vários destinos, incluindo Londres.",Qwen3OIE_0_6B,o aeroporto de a cidade,fornecerá,serviços diários para vários destinos,3
"No entanto, a FlyPlymouth planeja reabrir o aeroporto de a cidade até 2018, que fornecerá serviços diários para vários destinos, incluindo Londres.",Qwen3OIE_4B,a FlyPlymouth,planeja reabrir,o aeroporto de a cidade até 2018,8
"No entanto, a FlyPlymouth planeja reabrir o aeroporto de a cidade até 2018, que fornecerá serviços diários para vários destinos, incluindo Londres.",Qwen3OIE_4B,o aeroporto de a cidade,fornecerá,"serviços diários para vários destinos, incluindo Londres",3
"No entanto, a FlyPlymouth planeja reabrir o aeroporto de a cidade até 2018, que fornecerá serviços diários para vários destinos, incluindo Londres.",respostaGrok4.0Fast,a FlyPlymouth,planeja reabrir,o aeroporto de a cidade até 2018,8
"No entanto, a FlyPlymouth planeja reabrir o aeroporto de a cidade até 2018, que fornecerá serviços diários para vários destinos, incluindo Londres.",respostas_gpt5.5_mini,a FlyPlymouth,planeja reabrir,o aeroporto de a cidade até 2018,8
"No entanto, a FlyPlymouth planeja reabrir o aeroporto de a cidade até 2018, que fornecerá serviços diários para vários destinos, incluindo Londres.",respostasGemini3.1Pro,a FlyPlymouth,planeja reabrir,o aeroporto de a cidade,8
"Como os americanos tinham uma força aérea muito maior que a União Soviética e os Estados Unidos mantinham bases aéreas avançadas perto de o território soviético, em 1947 Stalin ordenou o desenvolvimento de mísseis balísticos intercontinentais (ICBMs) para combater a ameaça americana percebida.",Claude_Sonnet5,os americanos,tinham,uma força aérea muito maior que a União Soviética,4
"Como os americanos tinham uma força aérea muito maior que a União Soviética e os Estados Unidos mantinham bases aéreas avançadas perto de o território soviético, em 1947 Stalin ordenou o desenvolvimento de mísseis balísticos intercontinentais (ICBMs) para combater a ameaça americana percebida.",Claude_Sonnet5,Stalin,ordenou,o desenvolvimento de mísseis balísticos intercontinentais (ICBMs),6
"Como os americanos tinham uma força aérea muito maior que a União Soviética e os Estados Unidos mantinham bases aéreas avançadas perto de o território soviético, em 1947 Stalin ordenou o desenvolvimento de mísseis balísticos intercontinentais (ICBMs) para combater a ameaça americana percebida.",Claude_Sonnet5,Stalin,ordenou em,1947,3
"Como os americanos tinham uma força aérea muito maior que a União Soviética e os Estados Unidos mantinham bases aéreas avançadas perto de o território soviético, em 1947 Stalin ordenou o desenvolvimento de mísseis balísticos intercontinentais (ICBMs) para combater a ameaça americana percebida.",Claude_Sonnet5,Stalin,ordenou para combater,a ameaça americana percebida,3
"Como os americanos tinham uma força aérea muito maior que a União Soviética e os Estados Unidos mantinham bases aéreas avançadas perto de o território soviético, em 1947 Stalin ordenou o desenvolvimento de mísseis balísticos intercontinentais (ICBMs) para combater a ameaça americana percebida.",LlamaPortOIE3,Stalin,ordenou,o desenvolvimento de mísseis balísticos intercontinentais (ICBMs) para combater a ameaça americana percebida,5
"Como os americanos tinham uma força aérea muito maior que a União Soviética e os Estados Unidos mantinham bases aéreas avançadas perto de o território soviético, em 1947 Stalin ordenou o desenvolvimento de mísseis balísticos intercontinentais (ICBMs) para combater a ameaça americana percebida.",Qwen3OIE_0_6B,os americanos,tinham,uma força aérea muito maior que a União Soviética,4
"Como os americanos tinham uma força aérea muito maior que a União Soviética e os Estados Unidos mantinham bases aéreas avançadas perto de o território soviético, em 1947 Stalin ordenou o desenvolvimento de mísseis balísticos intercontinentais (ICBMs) para combater a ameaça americana percebida.",Qwen3OIE_0_6B,Stalin,ordenou,o desenvolvimento de mísseis balísticos intercontinentais (ICBMs) para combater a ameaça americana percebida,5
"Como os americanos tinham uma força aérea muito maior que a União Soviética e os Estados Unidos mantinham bases aéreas avançadas perto de o território soviético, em 1947 Stalin ordenou o desenvolvimento de mísseis balísticos intercontinentais (ICBMs) para combater a ameaça americana percebida.",Qwen3OIE_4B,os americanos,tinham,uma força aérea muito maior que a União Soviética,4
"Como os americanos tinham uma força aérea muito maior que a União Soviética e os Estados Unidos mantinham bases aéreas avançadas perto de o território soviético, em 1947 Stalin ordenou o desenvolvimento de mísseis balísticos intercontinentais (ICBMs) para combater a ameaça americana percebida.",Qwen3OIE_4B,Stalin,ordenou,o desenvolvimento de mísseis balísticos intercontinentais (ICBMs),6
"Como os americanos tinham uma força aérea muito maior que a União Soviética e os Estados Unidos mantinham bases aéreas avançadas perto de o território soviético, em 1947 Stalin ordenou o desenvolvimento de mísseis balísticos intercontinentais (ICBMs) para combater a ameaça americana percebida.",Qwen3OIE_4B,Stalin,ordenou em,1947,3
"Como os americanos tinham uma força aérea muito maior que a União Soviética e os Estados Unidos mantinham bases aéreas avançadas perto de o território soviético, em 1947 Stalin ordenou o desenvolvimento de mísseis balísticos intercontinentais (ICBMs) para combater a ameaça americana percebida.",Qwen3OIE_4B,Stalin,ordenou para combater,a ameaça americana percebida,3
"Como os americanos tinham uma força aérea muito maior que a União Soviética e os Estados Unidos mantinham bases aéreas avançadas perto de o território soviético, em 1947 Stalin ordenou o desenvolvimento de mísseis balísticos intercontinentais (ICBMs) para combater a ameaça americana percebida.",respostaGrok4.0Fast,Stalin,ordenou,o desenvolvimento de mísseis balísticos intercontinentais (ICBMs),6
"Como os americanos tinham uma força aérea muito maior que a União Soviética e os Estados Unidos mantinham bases aéreas avançadas perto de o território soviético, em 1947 Stalin ordenou o desenvolvimento de mísseis balísticos intercontinentais (ICBMs) para combater a ameaça americana percebida.",respostasGemini3.1Pro,os americanos,tinham,uma força aérea muito maior que a União Soviética,4
"Como os americanos tinham uma força aérea muito maior que a União Soviética e os Estados Unidos mantinham bases aéreas avançadas perto de o território soviético, em 1947 Stalin ordenou o desenvolvimento de mísseis balísticos intercontinentais (ICBMs) para combater a ameaça americana percebida.",respostasGemini3.1Pro,Stalin,ordenou,o desenvolvimento de mísseis balísticos intercontinentais,4
"Como os americanos tinham uma força aérea muito maior que a União Soviética e os Estados Unidos mantinham bases aéreas avançadas perto de o território soviético, em 1947 Stalin ordenou o desenvolvimento de mísseis balísticos intercontinentais (ICBMs) para combater a ameaça americana percebida.",respostasGemini3.1Pro,Stalin,ordenou em,1947,3
"Como os americanos tinham uma força aérea muito maior que a União Soviética e os Estados Unidos mantinham bases aéreas avançadas perto de o território soviético, em 1947 Stalin ordenou o desenvolvimento de mísseis balísticos intercontinentais (ICBMs) para combater a ameaça americana percebida.",respostasGemini3.1Pro,Stalin,ordenou para combater,a ameaça americana percebida,3
"O executivo de a RCA Victor Records, Ted Wallerstein, convenceu o chefe de a CBS William S. Paley a comprar a ARC e Paley fez de Wallerstein o chefe de a recém-adquirida gravadora.",Claude_Sonnet5,Ted Wallerstein,convenceu,o chefe de a CBS William S. Paley,3
"O executivo de a RCA Victor Records, Ted Wallerstein, convenceu o chefe de a CBS William S. Paley a comprar a ARC e Paley fez de Wallerstein o chefe de a recém-adquirida gravadora.",LlamaPortOIE3,Ted Wallerstein,convenceu,o chefe de a CBS William S. Paley a comprar a ARC,4
"O executivo de a RCA Victor Records, Ted Wallerstein, convenceu o chefe de a CBS William S. Paley a comprar a ARC e Paley fez de Wallerstein o chefe de a recém-adquirida gravadora.",Qwen3OIE_0_6B,O executivo de a RCA Victor Records,convenceu,o chefe de a CBS William S. Paley,3
"O executivo de a RCA Victor Records, Ted Wallerstein, convenceu o chefe de a CBS William S. Paley a comprar a ARC e Paley fez de Wallerstein o chefe de a recém-adquirida gravadora.",Qwen3OIE_4B,Ted Wallerstein,convenceu,o chefe de a CBS William S. Paley,3
"O executivo de a RCA Victor Records, Ted Wallerstein, convenceu o chefe de a CBS William S. Paley a comprar a ARC e Paley fez de Wallerstein o chefe de a recém-adquirida gravadora.",respostaGrok4.0Fast,"O executivo de a RCA Victor Records, Ted Wallerstein",convenceu,o chefe de a CBS William S. Paley a comprar a ARC,3
"O executivo de a RCA Victor Records, Ted Wallerstein, convenceu o chefe de a CBS William S. Paley a comprar a ARC e Paley fez de Wallerstein o chefe de a recém-adquirida gravadora.",respostasGemini3.1Pro,"O executivo de a RCA Victor Records, Ted Wallerstein",convenceu,o chefe de a CBS William S. Paley,3
"A ABC vendeu sua divisão de discos para a MCA Records em 1979 e, em 1986, a empresa controladora de a NBC, RCA, foi vendida para a General Electric, que depois vendeu todas as outras unidades de a RCA, incluindo a divisão de discos (que foi comprada por a Ariola Records, mais tarde conhecida como BMG).",Claude_Sonnet5,A ABC,vendeu para,a MCA Records,3
"A ABC vendeu sua divisão de discos para a MCA Records em 1979 e, em 1986, a empresa controladora de a NBC, RCA, foi vendida para a General Electric, que depois vendeu todas as outras unidades de a RCA, incluindo a divisão de discos (que foi comprada por a Ariola Records, mais tarde conhecida como BMG).",Claude_Sonnet5,A ABC,vendeu em,1979,4
"A ABC vendeu sua divisão de discos para a MCA Records em 1979 e, em 1986, a empresa controladora de a NBC, RCA, foi vendida para a General Electric, que depois vendeu todas as outras unidades de a RCA, incluindo a divisão de discos (que foi comprada por a Ariola Records, mais tarde conhecida como BMG).",Claude_Sonnet5,"a empresa controladora de a NBC, RCA",foi vendida para,a General Electric,6
"A ABC vendeu sua divisão de discos para a MCA Records em 1979 e, em 1986, a empresa controladora de a NBC, RCA, foi vendida para a General Electric, que depois vendeu todas as outras unidades de a RCA, incluindo a divisão de discos (que foi comprada por a Ariola Records, mais tarde conhecida como BMG).",Claude_Sonnet5,"a empresa controladora de a NBC, RCA",foi vendida em,1986,3
"A ABC vendeu sua divisão de discos para a MCA Records em 1979 e, em 1986, a empresa controladora de a NBC, RCA, foi vendida para a General Electric, que depois vendeu todas as outras unidades de a RCA, incluindo a divisão de discos (que foi comprada por a Ariola Records, mais tarde conhecida como BMG).",Claude_Sonnet5,a divisão de discos,foi comprada por,a Ariola Records,5
"A ABC vendeu sua divisão de discos para a MCA Records em 1979 e, em 1986, a empresa controladora de a NBC, RCA, foi vendida para a General Electric, que depois vendeu todas as outras unidades de a RCA, incluindo a divisão de discos (que foi comprada por a Ariola Records, mais tarde conhecida como BMG).",LlamaPortOIE3,"a empresa controladora de a NBC, RCA",foi vendida para,a General Electric,6
"A ABC vendeu sua divisão de discos para a MCA Records em 1979 e, em 1986, a empresa controladora de a NBC, RCA, foi vendida para a General Electric, que depois vendeu todas as outras unidades de a RCA, incluindo a divisão de discos (que foi comprada por a Ariola Records, mais tarde conhecida como BMG).",LlamaPortOIE3,a General Electric,vendeu,"todas as outras unidades de a RCA, incluindo a divisão de discos",4
"A ABC vendeu sua divisão de discos para a MCA Records em 1979 e, em 1986, a empresa controladora de a NBC, RCA, foi vendida para a General Electric, que depois vendeu todas as outras unidades de a RCA, incluindo a divisão de discos (que foi comprada por a Ariola Records, mais tarde conhecida como BMG).",Qwen3OIE_0_6B,A ABC,vendeu em,1979,4
"A ABC vendeu sua divisão de discos para a MCA Records em 1979 e, em 1986, a empresa controladora de a NBC, RCA, foi vendida para a General Electric, que depois vendeu todas as outras unidades de a RCA, incluindo a divisão de discos (que foi comprada por a Ariola Records, mais tarde conhecida como BMG).",Qwen3OIE_0_6B,a General Electric,vendeu,todas as outras unidades de a RCA,4
"A ABC vendeu sua divisão de discos para a MCA Records em 1979 e, em 1986, a empresa controladora de a NBC, RCA, foi vendida para a General Electric, que depois vendeu todas as outras unidades de a RCA, incluindo a divisão de discos (que foi comprada por a Ariola Records, mais tarde conhecida como BMG).",Qwen3OIE_0_6B,a divisão de discos,foi comprada por,a Ariola Records,5
"A ABC vendeu sua divisão de discos para a MCA Records em 1979 e, em 1986, a empresa controladora de a NBC, RCA, foi vendida para a General Electric, que depois vendeu todas as outras unidades de a RCA, incluindo a divisão de discos (que foi comprada por a Ariola Records, mais tarde conhecida como BMG).",Qwen3OIE_4B,A ABC,vendeu para,a MCA Records,3
"A ABC vendeu sua divisão de discos para a MCA Records em 1979 e, em 1986, a empresa controladora de a NBC, RCA, foi vendida para a General Electric, que depois vendeu todas as outras unidades de a RCA, incluindo a divisão de discos (que foi comprada por a Ariola Records, mais tarde conhecida como BMG).",Qwen3OIE_4B,A ABC,vendeu em,1979,4
"A ABC vendeu sua divisão de discos para a MCA Records em 1979 e, em 1986, a empresa controladora de a NBC, RCA, foi vendida para a General Electric, que depois vendeu todas as outras unidades de a RCA, incluindo a divisão de discos (que foi comprada por a Ariola Records, mais tarde conhecida como BMG).",Qwen3OIE_4B,a empresa controladora de a NBC,foi vendida para,a General Electric,6
"A ABC vendeu sua divisão de discos para a MCA Records em 1979 e, em 1986, a empresa controladora de a NBC, RCA, foi vendida para a General Electric, que depois vendeu todas as outras unidades de a RCA, incluindo a divisão de discos (que foi comprada por a Ariola Records, mais tarde conhecida como BMG).",Qwen3OIE_4B,a empresa controladora de a NBC,foi vendida em,1986,3
"A ABC vendeu sua divisão de discos para a MCA Records em 1979 e, em 1986, a empresa controladora de a NBC, RCA, foi vendida para a General Electric, que depois vendeu todas as outras unidades de a RCA, incluindo a divisão de discos (que foi comprada por a Ariola Records, mais tarde conhecida como BMG).",Qwen3OIE_4B,a General Electric,vendeu,todas as outras unidades de a RCA,4
"A ABC vendeu sua divisão de discos para a MCA Records em 1979 e, em 1986, a empresa controladora de a NBC, RCA, foi vendida para a General Electric, que depois vendeu todas as outras unidades de a RCA, incluindo a divisão de discos (que foi comprada por a Ariola Records, mais tarde conhecida como BMG).",Qwen3OIE_4B,a divisão de discos,foi comprada por,a Ariola Records,5
"A ABC vendeu sua divisão de discos para a MCA Records em 1979 e, em 1986, a empresa controladora de a NBC, RCA, foi vendida para a General Electric, que depois vendeu todas as outras unidades de a RCA, incluindo a divisão de discos (que foi comprada por a Ariola Records, mais tarde conhecida como BMG).",respostaGrok4.0Fast,"a empresa controladora de a NBC, RCA",foi vendida para,a General Electric,6
"A ABC vendeu sua divisão de discos para a MCA Records em 1979 e, em 1986, a empresa controladora de a NBC, RCA, foi vendida para a General Electric, que depois vendeu todas as outras unidades de a RCA, incluindo a divisão de discos (que foi comprada por a Ariola Records, mais tarde conhecida como BMG).",respostas_gpt5.5_mini,"a empresa controladora de a NBC, RCA",foi vendida para,a General Electric,6
"A ABC vendeu sua divisão de discos para a MCA Records em 1979 e, em 1986, a empresa controladora de a NBC, RCA, foi vendida para a General Electric, que depois vendeu todas as outras unidades de a RCA, incluindo a divisão de discos (que foi comprada por a Ariola Records, mais tarde conhecida como BMG).",respostas_gpt5.5_mini,a General Electric,vendeu,todas as outras unidades de a RCA,4
"A ABC vendeu sua divisão de discos para a MCA Records em 1979 e, em 1986, a empresa controladora de a NBC, RCA, foi vendida para a General Electric, que depois vendeu todas as outras unidades de a RCA, incluindo a divisão de discos (que foi comprada por a Ariola Records, mais tarde conhecida como BMG).",respostas_gpt5.5_mini,a divisão de discos,foi comprada por,a Ariola Records,5
"A ABC vendeu sua divisão de discos para a MCA Records em 1979 e, em 1986, a empresa controladora de a NBC, RCA, foi vendida para a General Electric, que depois vendeu todas as outras unidades de a RCA, incluindo a divisão de discos (que foi comprada por a Ariola Records, mais tarde conhecida como BMG).",respostasGemini3.1Pro,A ABC,vendeu para,a MCA Records,3
"A ABC vendeu sua divisão de discos para a MCA Records em 1979 e, em 1986, a empresa controladora de a NBC, RCA, foi vendida para a General Electric, que depois vendeu todas as outras unidades de a RCA, incluindo a divisão de discos (que foi comprada por a Ariola Records, mais tarde conhecida como BMG).",respostasGemini3.1Pro,A ABC,vendeu em,1979,4
"A ABC vendeu sua divisão de discos para a MCA Records em 1979 e, em 1986, a empresa controladora de a NBC, RCA, foi vendida para a General Electric, que depois vendeu todas as outras unidades de a RCA, incluindo a divisão de discos (que foi comprada por a Ariola Records, mais tarde conhecida como BMG).",respostasGemini3.1Pro,"a empresa controladora de a NBC, RCA",foi vendida para,a General Electric,6
"A ABC vendeu sua divisão de discos para a MCA Records em 1979 e, em 1986, a empresa controladora de a NBC, RCA, foi vendida para a General Electric, que depois vendeu todas as outras unidades de a RCA, incluindo a divisão de discos (que foi comprada por a Ariola Records, mais tarde conhecida como BMG).",respostasGemini3.1Pro,"a empresa controladora de a NBC, RCA",foi vendida em,1986,3
"A ABC vendeu sua divisão de discos para a MCA Records em 1979 e, em 1986, a empresa controladora de a NBC, RCA, foi vendida para a General Electric, que depois vendeu todas as outras unidades de a RCA, incluindo a divisão de discos (que foi comprada por a Ariola Records, mais tarde conhecida como BMG).",respostasGemini3.1Pro,a divisão de discos,foi comprada por,a Ariola Records,5
"A Universidade Nazarena de o Sul, fundada por a Igreja de o Nazareno, é uma universidade localizada em o subúrbio de Betânia, cercada pelos limites de a cidade de Oklahoma City.",Claude_Sonnet5,A Universidade Nazarena de o Sul,fundada por,a Igreja de o Nazareno,6
"A Universidade Nazarena de o Sul, fundada por a Igreja de o Nazareno, é uma universidade localizada em o subúrbio de Betânia, cercada pelos limites de a cidade de Oklahoma City.",Claude_Sonnet5,A Universidade Nazarena de o Sul,é localizada em,o subúrbio de Betânia,4
"A Universidade Nazarena de o Sul, fundada por a Igreja de o Nazareno, é uma universidade localizada em o subúrbio de Betânia, cercada pelos limites de a cidade de Oklahoma City.",LlamaPortOIE3,A Universidade Nazarena de o Sul,é localizada em o,subúrbio de Betânia,3
"A Universidade Nazarena de o Sul, fundada por a Igreja de o Nazareno, é uma universidade localizada em o subúrbio de Betânia, cercada pelos limites de a cidade de Oklahoma City.",PortNOIE,A Universidade o Sul,fundada por a,Igreja de o Nazareno,7
"A Universidade Nazarena de o Sul, fundada por a Igreja de o Nazareno, é uma universidade localizada em o subúrbio de Betânia, cercada pelos limites de a cidade de Oklahoma City.",PortNOIE,A Universidade o Sul,localizada em,o subúrbio de Betânia,3
"A Universidade Nazarena de o Sul, fundada por a Igreja de o Nazareno, é uma universidade localizada em o subúrbio de Betânia, cercada pelos limites de a cidade de Oklahoma City.",Qwen3OIE_0_6B,A Universidade Nazarena de o Sul,foi fundada por,a Igreja de o Nazareno,6
"A Universidade Nazarena de o Sul, fundada por a Igreja de o Nazareno, é uma universidade localizada em o subúrbio de Betânia, cercada pelos limites de a cidade de Oklahoma City.",Qwen3OIE_4B,A Universidade Nazarena de o Sul,foi fundada por,a Igreja de o Nazareno,6
"A Universidade Nazarena de o Sul, fundada por a Igreja de o Nazareno, é uma universidade localizada em o subúrbio de Betânia, cercada pelos limites de a cidade de Oklahoma City.",Qwen3OIE_4B,A Universidade Nazarena de o Sul,é localizada em,o subúrbio de Betânia,4
"A Universidade Nazarena de o Sul, fundada por a Igreja de o Nazareno, é uma universidade localizada em o subúrbio de Betânia, cercada pelos limites de a cidade de Oklahoma City.",respostas_gpt5.5_mini,A Universidade Nazarena de o Sul,foi fundada por,a Igreja de o Nazareno,6
"A Universidade Nazarena de o Sul, fundada por a Igreja de o Nazareno, é uma universidade localizada em o subúrbio de Betânia, cercada pelos limites de a cidade de Oklahoma City.",respostasGemini3.1Pro,A Universidade Nazarena de o Sul,fundada por,a Igreja de o Nazareno,6
"Oklahoma City é o lar de o maior distrito escolar de o estado, as Escolas Públicas de Oklahoma City.",Claude_Sonnet5,Oklahoma City,é o lar de,"o maior distrito escolar de o estado, as Escolas Públicas de Oklahoma City",3
"Oklahoma City é o lar de o maior distrito escolar de o estado, as Escolas Públicas de Oklahoma City.",LlamaPortOIE3,Oklahoma City,é o lar de o,"maior distrito escolar de o estado, as Escolas Públicas de Oklahoma City",3
"Oklahoma City é o lar de o maior distrito escolar de o estado, as Escolas Públicas de Oklahoma City.",Qwen3OIE_4B,Oklahoma City,é o lar de,"o maior distrito escolar de o estado, as Escolas Públicas de Oklahoma City",3
"Oklahoma City é servida por dois aeroportos principais, o Will Rogers World Airport e o muito menor Wiley Post Airport (aliás, os dois homenageados morreram em o mesmo acidente de avião em o Alasca) Will Rogers World Airport é o aeroporto comercial mais movimentado de o estado, com mais de 3,6 milhões passageiros anualmente.",Claude_Sonnet5,Will Rogers World Airport,é,o aeroporto comercial mais movimentado de o estado,6
"Oklahoma City é servida por dois aeroportos principais, o Will Rogers World Airport e o muito menor Wiley Post Airport (aliás, os dois homenageados morreram em o mesmo acidente de avião em o Alasca) Will Rogers World Airport é o aeroporto comercial mais movimentado de o estado, com mais de 3,6 milhões passageiros anualmente.",LlamaPortOIE3,Will Rogers World Airport,é,o aeroporto comercial mais movimentado de o estado,6
"Oklahoma City é servida por dois aeroportos principais, o Will Rogers World Airport e o muito menor Wiley Post Airport (aliás, os dois homenageados morreram em o mesmo acidente de avião em o Alasca) Will Rogers World Airport é o aeroporto comercial mais movimentado de o estado, com mais de 3,6 milhões passageiros anualmente.",Qwen3OIE_4B,o Will Rogers World Airport,é,o aeroporto comercial mais movimentado de Oklahoma,6
"Oklahoma City é servida por dois aeroportos principais, o Will Rogers World Airport e o muito menor Wiley Post Airport (aliás, os dois homenageados morreram em o mesmo acidente de avião em o Alasca) Will Rogers World Airport é o aeroporto comercial mais movimentado de o estado, com mais de 3,6 milhões passageiros anualmente.",respostaGrok4.0Fast,Will Rogers World Airport,é,o aeroporto comercial mais movimentado de o estado,6
"Oklahoma City é servida por dois aeroportos principais, o Will Rogers World Airport e o muito menor Wiley Post Airport (aliás, os dois homenageados morreram em o mesmo acidente de avião em o Alasca) Will Rogers World Airport é o aeroporto comercial mais movimentado de o estado, com mais de 3,6 milhões passageiros anualmente.",respostas_gpt5.5_mini,Will Rogers World Airport,é,o aeroporto comercial mais movimentado de o estado,6
"Oklahoma City é servida por dois aeroportos principais, o Will Rogers World Airport e o muito menor Wiley Post Airport (aliás, os dois homenageados morreram em o mesmo acidente de avião em o Alasca) Will Rogers World Airport é o aeroporto comercial mais movimentado de o estado, com mais de 3,6 milhões passageiros anualmente.",respostasGemini3.1Pro,Will Rogers World Airport,é,o aeroporto comercial mais movimentado de o estado,6
"Oklahoma City é o lar de várias equipes de esportes profissionais, incluindo o Oklahoma City Trovão de a National Basketball Association.",Claude_Sonnet5,Oklahoma City,é o lar de,várias equipes de esportes profissionais,5
"Oklahoma City é o lar de várias equipes de esportes profissionais, incluindo o Oklahoma City Trovão de a National Basketball Association.",Claude_Sonnet5,Oklahoma City,"é o lar de, incluindo",o Oklahoma City Trovão de a National Basketball Association,3
"Oklahoma City é o lar de várias equipes de esportes profissionais, incluindo o Oklahoma City Trovão de a National Basketball Association.",LlamaPortOIE3,Oklahoma City,é o lar de,várias equipes de esportes profissionais,5
"Oklahoma City é o lar de várias equipes de esportes profissionais, incluindo o Oklahoma City Trovão de a National Basketball Association.",LlamaPortOIE3,Oklahoma City,é o lar de,o Oklahoma City Trovão de a National Basketball Association,3
"Oklahoma City é o lar de várias equipes de esportes profissionais, incluindo o Oklahoma City Trovão de a National Basketball Association.",Qwen3OIE_4B,Oklahoma City,é o lar de,várias equipes de esportes profissionais,5
"Oklahoma City é o lar de várias equipes de esportes profissionais, incluindo o Oklahoma City Trovão de a National Basketball Association.",Qwen3OIE_4B,Oklahoma City,é o lar de,o Oklahoma City Trovão de a National Basketball Association,3
"Oklahoma City é o lar de várias equipes de esportes profissionais, incluindo o Oklahoma City Trovão de a National Basketball Association.",respostaGrok4.0Fast,Oklahoma City,é o lar de,várias equipes de esportes profissionais,5
"Oklahoma City é o lar de várias equipes de esportes profissionais, incluindo o Oklahoma City Trovão de a National Basketball Association.",respostas_gpt5.5_mini,Oklahoma City,é o lar de,várias equipes de esportes profissionais,5
"O UNFPA trabalha em parceria com os governos, juntamente com outras agências de as Nações Unidas, comunidades, ONGs, fundações e setor privado, para aumentar a conscientização e mobilizar o apoio e os recursos necessários para cumprir sua missão de promover os direitos e a saúde de as mulheres e jovens.",Claude_Sonnet5,O UNFPA,trabalha em parceria com,os governos,6
"O UNFPA trabalha em parceria com os governos, juntamente com outras agências de as Nações Unidas, comunidades, ONGs, fundações e setor privado, para aumentar a conscientização e mobilizar o apoio e os recursos necessários para cumprir sua missão de promover os direitos e a saúde de as mulheres e jovens.",Claude_Sonnet5,O UNFPA,trabalha em parceria com,outras agências de as Nações Unidas,4
"O UNFPA trabalha em parceria com os governos, juntamente com outras agências de as Nações Unidas, comunidades, ONGs, fundações e setor privado, para aumentar a conscientização e mobilizar o apoio e os recursos necessários para cumprir sua missão de promover os direitos e a saúde de as mulheres e jovens.",Claude_Sonnet5,O UNFPA,trabalha em parceria com,comunidades,4
"O UNFPA trabalha em parceria com os governos, juntamente com outras agências de as Nações Unidas, comunidades, ONGs, fundações e setor privado, para aumentar a conscientização e mobilizar o apoio e os recursos necessários para cumprir sua missão de promover os direitos e a saúde de as mulheres e jovens.",Claude_Sonnet5,O UNFPA,trabalha em parceria com,ONGs,4
"O UNFPA trabalha em parceria com os governos, juntamente com outras agências de as Nações Unidas, comunidades, ONGs, fundações e setor privado, para aumentar a conscientização e mobilizar o apoio e os recursos necessários para cumprir sua missão de promover os direitos e a saúde de as mulheres e jovens.",Claude_Sonnet5,O UNFPA,trabalha em parceria com,fundações,4
"O UNFPA trabalha em parceria com os governos, juntamente com outras agências de as Nações Unidas, comunidades, ONGs, fundações e setor privado, para aumentar a conscientização e mobilizar o apoio e os recursos necessários para cumprir sua missão de promover os direitos e a saúde de as mulheres e jovens.",Claude_Sonnet5,O UNFPA,trabalha em parceria com,setor privado,4
"O UNFPA trabalha em parceria com os governos, juntamente com outras agências de as Nações Unidas, comunidades, ONGs, fundações e setor privado, para aumentar a conscientização e mobilizar o apoio e os recursos necessários para cumprir sua missão de promover os direitos e a saúde de as mulheres e jovens.",Claude_Sonnet5,O UNFPA,trabalha para aumentar,a conscientização,3
"O UNFPA trabalha em parceria com os governos, juntamente com outras agências de as Nações Unidas, comunidades, ONGs, fundações e setor privado, para aumentar a conscientização e mobilizar o apoio e os recursos necessários para cumprir sua missão de promover os direitos e a saúde de as mulheres e jovens.",Qwen3OIE_0_6B,O UNFPA,trabalha em parceria com,os governos,6
"O UNFPA trabalha em parceria com os governos, juntamente com outras agências de as Nações Unidas, comunidades, ONGs, fundações e setor privado, para aumentar a conscientização e mobilizar o apoio e os recursos necessários para cumprir sua missão de promover os direitos e a saúde de as mulheres e jovens.",Qwen3OIE_0_6B,O UNFPA,trabalha em parceria com,outras agências de as Nações Unidas,4
"O UNFPA trabalha em parceria com os governos, juntamente com outras agências de as Nações Unidas, comunidades, ONGs, fundações e setor privado, para aumentar a conscientização e mobilizar o apoio e os recursos necessários para cumprir sua missão de promover os direitos e a saúde de as mulheres e jovens.",Qwen3OIE_0_6B,O UNFPA,trabalha em parceria com,comunidades,4
"O UNFPA trabalha em parceria com os governos, juntamente com outras agências de as Nações Unidas, comunidades, ONGs, fundações e setor privado, para aumentar a conscientização e mobilizar o apoio e os recursos necessários para cumprir sua missão de promover os direitos e a saúde de as mulheres e jovens.",Qwen3OIE_0_6B,O UNFPA,trabalha em parceria com,ONGs,4
"O UNFPA trabalha em parceria com os governos, juntamente com outras agências de as Nações Unidas, comunidades, ONGs, fundações e setor privado, para aumentar a conscientização e mobilizar o apoio e os recursos necessários para cumprir sua missão de promover os direitos e a saúde de as mulheres e jovens.",Qwen3OIE_0_6B,O UNFPA,trabalha em parceria com,fundações,4
"O UNFPA trabalha em parceria com os governos, juntamente com outras agências de as Nações Unidas, comunidades, ONGs, fundações e setor privado, para aumentar a conscientização e mobilizar o apoio e os recursos necessários para cumprir sua missão de promover os direitos e a saúde de as mulheres e jovens.",Qwen3OIE_0_6B,O UNFPA,trabalha em parceria com,setor privado,4
"O UNFPA trabalha em parceria com os governos, juntamente com outras agências de as Nações Unidas, comunidades, ONGs, fundações e setor privado, para aumentar a conscientização e mobilizar o apoio e os recursos necessários para cumprir sua missão de promover os direitos e a saúde de as mulheres e jovens.",Qwen3OIE_0_6B,O UNFPA,trabalha para aumentar,a conscientização,3
"O UNFPA trabalha em parceria com os governos, juntamente com outras agências de as Nações Unidas, comunidades, ONGs, fundações e setor privado, para aumentar a conscientização e mobilizar o apoio e os recursos necessários para cumprir sua missão de promover os direitos e a saúde de as mulheres e jovens.",Qwen3OIE_4B,O UNFPA,trabalha em parceria com,os governos,6
"O UNFPA trabalha em parceria com os governos, juntamente com outras agências de as Nações Unidas, comunidades, ONGs, fundações e setor privado, para aumentar a conscientização e mobilizar o apoio e os recursos necessários para cumprir sua missão de promover os direitos e a saúde de as mulheres e jovens.",Qwen3OIE_4B,O UNFPA,trabalha em parceria com,outras agências de as Nações Unidas,4
"O UNFPA trabalha em parceria com os governos, juntamente com outras agências de as Nações Unidas, comunidades, ONGs, fundações e setor privado, para aumentar a conscientização e mobilizar o apoio e os recursos necessários para cumprir sua missão de promover os direitos e a saúde de as mulheres e jovens.",Qwen3OIE_4B,O UNFPA,trabalha em parceria com,comunidades,4
"O UNFPA trabalha em parceria com os governos, juntamente com outras agências de as Nações Unidas, comunidades, ONGs, fundações e setor privado, para aumentar a conscientização e mobilizar o apoio e os recursos necessários para cumprir sua missão de promover os direitos e a saúde de as mulheres e jovens.",Qwen3OIE_4B,O UNFPA,trabalha em parceria com,ONGs,4
"O UNFPA trabalha em parceria com os governos, juntamente com outras agências de as Nações Unidas, comunidades, ONGs, fundações e setor privado, para aumentar a conscientização e mobilizar o apoio e os recursos necessários para cumprir sua missão de promover os direitos e a saúde de as mulheres e jovens.",Qwen3OIE_4B,O UNFPA,trabalha em parceria com,fundações,4
"O UNFPA trabalha em parceria com os governos, juntamente com outras agências de as Nações Unidas, comunidades, ONGs, fundações e setor privado, para aumentar a conscientização e mobilizar o apoio e os recursos necessários para cumprir sua missão de promover os direitos e a saúde de as mulheres e jovens.",Qwen3OIE_4B,O UNFPA,trabalha em parceria com,o setor privado,4
"O UNFPA trabalha em parceria com os governos, juntamente com outras agências de as Nações Unidas, comunidades, ONGs, fundações e setor privado, para aumentar a conscientização e mobilizar o apoio e os recursos necessários para cumprir sua missão de promover os direitos e a saúde de as mulheres e jovens.",respostaGrok4.0Fast,O UNFPA,trabalha em parceria com,os governos,6
"O UNFPA trabalha em parceria com os governos, juntamente com outras agências de as Nações Unidas, comunidades, ONGs, fundações e setor privado, para aumentar a conscientização e mobilizar o apoio e os recursos necessários para cumprir sua missão de promover os direitos e a saúde de as mulheres e jovens.",respostas_gpt5.5_mini,O UNFPA,trabalha em parceria com,os governos,6
"O UNFPA trabalha em parceria com os governos, juntamente com outras agências de as Nações Unidas, comunidades, ONGs, fundações e setor privado, para aumentar a conscientização e mobilizar o apoio e os recursos necessários para cumprir sua missão de promover os direitos e a saúde de as mulheres e jovens.",respostas_gpt5.5_mini,O UNFPA,trabalha em parceria com,outras agências de as Nações Unidas,4
"O UNFPA trabalha em parceria com os governos, juntamente com outras agências de as Nações Unidas, comunidades, ONGs, fundações e setor privado, para aumentar a conscientização e mobilizar o apoio e os recursos necessários para cumprir sua missão de promover os direitos e a saúde de as mulheres e jovens.",respostas_gpt5.5_mini,O UNFPA,trabalha em parceria com,comunidades,4
"O UNFPA trabalha em parceria com os governos, juntamente com outras agências de as Nações Unidas, comunidades, ONGs, fundações e setor privado, para aumentar a conscientização e mobilizar o apoio e os recursos necessários para cumprir sua missão de promover os direitos e a saúde de as mulheres e jovens.",respostas_gpt5.5_mini,O UNFPA,trabalha em parceria com,ONGs,4
"O UNFPA trabalha em parceria com os governos, juntamente com outras agências de as Nações Unidas, comunidades, ONGs, fundações e setor privado, para aumentar a conscientização e mobilizar o apoio e os recursos necessários para cumprir sua missão de promover os direitos e a saúde de as mulheres e jovens.",respostas_gpt5.5_mini,O UNFPA,trabalha em parceria com,fundações,4
"O UNFPA trabalha em parceria com os governos, juntamente com outras agências de as Nações Unidas, comunidades, ONGs, fundações e setor privado, para aumentar a conscientização e mobilizar o apoio e os recursos necessários para cumprir sua missão de promover os direitos e a saúde de as mulheres e jovens.",respostas_gpt5.5_mini,O UNFPA,trabalha em parceria com,setor privado,4
"O UNFPA trabalha em parceria com os governos, juntamente com outras agências de as Nações Unidas, comunidades, ONGs, fundações e setor privado, para aumentar a conscientização e mobilizar o apoio e os recursos necessários para cumprir sua missão de promover os direitos e a saúde de as mulheres e jovens.",respostasGemini3.1Pro,O UNFPA,trabalha em parceria com,os governos,6
"O UNFPA trabalha em parceria com os governos, juntamente com outras agências de as Nações Unidas, comunidades, ONGs, fundações e setor privado, para aumentar a conscientização e mobilizar o apoio e os recursos necessários para cumprir sua missão de promover os direitos e a saúde de as mulheres e jovens.",respostasGemini3.1Pro,O UNFPA,trabalha para aumentar,a conscientização,3
"Em 30 de dezembro de 1922, o Primeiro Congresso de os Sovietes de a URSS aprovou o Tratado sobre a Criação de a URSS, por o qual a Rússia se uniu a a República Socialista Soviética de a Ucrânia, República Socialista Soviética de a Bielorrússia e República Socialista Federal Soviética de a Transcaucásia.",Claude_Sonnet5,o Primeiro Congresso de os Sovietes de a URSS,aprovou em,30 de dezembro de 1922,4
"Em 30 de dezembro de 1922, o Primeiro Congresso de os Sovietes de a URSS aprovou o Tratado sobre a Criação de a URSS, por o qual a Rússia se uniu a a República Socialista Soviética de a Ucrânia, República Socialista Soviética de a Bielorrússia e República Socialista Federal Soviética de a Transcaucásia.",Claude_Sonnet5,a Rússia,se uniu a,a República Socialista Soviética de a Ucrânia,5
"Em 30 de dezembro de 1922, o Primeiro Congresso de os Sovietes de a URSS aprovou o Tratado sobre a Criação de a URSS, por o qual a Rússia se uniu a a República Socialista Soviética de a Ucrânia, República Socialista Soviética de a Bielorrússia e República Socialista Federal Soviética de a Transcaucásia.",Qwen3OIE_0_6B,o Primeiro Congresso de os Sovietes de a URSS,aprovou em,30 de dezembro de 1922,4
"Em 30 de dezembro de 1922, o Primeiro Congresso de os Sovietes de a URSS aprovou o Tratado sobre a Criação de a URSS, por o qual a Rússia se uniu a a República Socialista Soviética de a Ucrânia, República Socialista Soviética de a Bielorrússia e República Socialista Federal Soviética de a Transcaucásia.",Qwen3OIE_0_6B,a Rússia,se uniu a,a República Socialista Soviética de a Ucrânia,5
"Em 30 de dezembro de 1922, o Primeiro Congresso de os Sovietes de a URSS aprovou o Tratado sobre a Criação de a URSS, por o qual a Rússia se uniu a a República Socialista Soviética de a Ucrânia, República Socialista Soviética de a Bielorrússia e República Socialista Federal Soviética de a Transcaucásia.",Qwen3OIE_4B,o Primeiro Congresso de os Sovietes de a URSS,aprovou em,30 de dezembro de 1922,4
"Em 30 de dezembro de 1922, o Primeiro Congresso de os Sovietes de a URSS aprovou o Tratado sobre a Criação de a URSS, por o qual a Rússia se uniu a a República Socialista Soviética de a Ucrânia, República Socialista Soviética de a Bielorrússia e República Socialista Federal Soviética de a Transcaucásia.",Qwen3OIE_4B,a Rússia,se uniu a,a República Socialista Soviética de a Ucrânia,5
"Em 30 de dezembro de 1922, o Primeiro Congresso de os Sovietes de a URSS aprovou o Tratado sobre a Criação de a URSS, por o qual a Rússia se uniu a a República Socialista Soviética de a Ucrânia, República Socialista Soviética de a Bielorrússia e República Socialista Federal Soviética de a Transcaucásia.",respostas_gpt5.5_mini,a Rússia,se uniu a,a República Socialista Soviética de a Ucrânia,5
"Em 30 de dezembro de 1922, o Primeiro Congresso de os Sovietes de a URSS aprovou o Tratado sobre a Criação de a URSS, por o qual a Rússia se uniu a a República Socialista Soviética de a Ucrânia, República Socialista Soviética de a Bielorrússia e República Socialista Federal Soviética de a Transcaucásia.",respostasGemini3.1Pro,o Primeiro Congresso de os Sovietes de a URSS,aprovou em,30 de dezembro de 1922,4
"Em 30 de dezembro de 1922, o Primeiro Congresso de os Sovietes de a URSS aprovou o Tratado sobre a Criação de a URSS, por o qual a Rússia se uniu a a República Socialista Soviética de a Ucrânia, República Socialista Soviética de a Bielorrússia e República Socialista Federal Soviética de a Transcaucásia.",respostasGemini3.1Pro,a Rússia,se uniu a,a República Socialista Soviética de a Ucrânia,5
"A Universal possuía os direitos de o personagem Oswald, o Coelho de a Sorte, embora Walt Disney e Ub Iwerks tivessem criado Oswald, e seus filmes tivessem desfrutado de uma exibição teatral de sucesso.",Claude_Sonnet5,A Universal,possuía,"os direitos de o personagem Oswald, o Coelho de a Sorte",8
"A Universal possuía os direitos de o personagem Oswald, o Coelho de a Sorte, embora Walt Disney e Ub Iwerks tivessem criado Oswald, e seus filmes tivessem desfrutado de uma exibição teatral de sucesso.",Claude_Sonnet5,seus filmes,tivessem desfrutado de,uma exibição teatral de sucesso,4
"A Universal possuía os direitos de o personagem Oswald, o Coelho de a Sorte, embora Walt Disney e Ub Iwerks tivessem criado Oswald, e seus filmes tivessem desfrutado de uma exibição teatral de sucesso.",LlamaPortOIE3,A Universal,possuía,"os direitos de o personagem Oswald, o Coelho de a Sorte",8
"A Universal possuía os direitos de o personagem Oswald, o Coelho de a Sorte, embora Walt Disney e Ub Iwerks tivessem criado Oswald, e seus filmes tivessem desfrutado de uma exibição teatral de sucesso.",LlamaPortOIE3,seus filmes,tivessem desfrutado de,uma exibição teatral de sucesso,4
"A Universal possuía os direitos de o personagem Oswald, o Coelho de a Sorte, embora Walt Disney e Ub Iwerks tivessem criado Oswald, e seus filmes tivessem desfrutado de uma exibição teatral de sucesso.",PortNOIE,A Universal,possuía,os direitos de o personagem,8
"A Universal possuía os direitos de o personagem Oswald, o Coelho de a Sorte, embora Walt Disney e Ub Iwerks tivessem criado Oswald, e seus filmes tivessem desfrutado de uma exibição teatral de sucesso.",PortNOIE,A seus filmes,tivessem desfrutado de,uma exibição teatral de sucesso,4
"A Universal possuía os direitos de o personagem Oswald, o Coelho de a Sorte, embora Walt Disney e Ub Iwerks tivessem criado Oswald, e seus filmes tivessem desfrutado de uma exibição teatral de sucesso.",Qwen3OIE_0_6B,A Universal,possuía,os direitos de o personagem Oswald,8
"A Universal possuía os direitos de o personagem Oswald, o Coelho de a Sorte, embora Walt Disney e Ub Iwerks tivessem criado Oswald, e seus filmes tivessem desfrutado de uma exibição teatral de sucesso.",Qwen3OIE_4B,A Universal,possuía,os direitos de o personagem Oswald,8
"A Universal possuía os direitos de o personagem Oswald, o Coelho de a Sorte, embora Walt Disney e Ub Iwerks tivessem criado Oswald, e seus filmes tivessem desfrutado de uma exibição teatral de sucesso.",respostaGrok4.0Fast,A Universal,possuía,"os direitos de o personagem Oswald, o Coelho de a Sorte",8
"A Universal possuía os direitos de o personagem Oswald, o Coelho de a Sorte, embora Walt Disney e Ub Iwerks tivessem criado Oswald, e seus filmes tivessem desfrutado de uma exibição teatral de sucesso.",respostas_gpt5.5_mini,A Universal,possuía,"os direitos de o personagem Oswald, o Coelho de a Sorte",8
"A Universal possuía os direitos de o personagem Oswald, o Coelho de a Sorte, embora Walt Disney e Ub Iwerks tivessem criado Oswald, e seus filmes tivessem desfrutado de uma exibição teatral de sucesso.",respostas_gpt5.5_mini,seus filmes,tinham desfrutado de,uma exibição teatral de sucesso,4
"A Universal possuía os direitos de o personagem Oswald, o Coelho de a Sorte, embora Walt Disney e Ub Iwerks tivessem criado Oswald, e seus filmes tivessem desfrutado de uma exibição teatral de sucesso.",respostasGemini3.1Pro,A Universal,possuía,"os direitos de o personagem Oswald, o Coelho de a Sorte",8
"A cantora adolescente Deanna Durbin estrelou o primeiro filme americano de Pasternak, Three Smart Girls (1936).",Claude_Sonnet5,A cantora adolescente Deanna Durbin,estrelou,"o primeiro filme americano de Pasternak, Three Smart Girls (1936)",6
"A cantora adolescente Deanna Durbin estrelou o primeiro filme americano de Pasternak, Three Smart Girls (1936).",LlamaPortOIE3,A cantora adolescente Deanna Durbin,estrelou,"o primeiro filme americano de Pasternak, Three Smart Girls (1936)",6
"A cantora adolescente Deanna Durbin estrelou o primeiro filme americano de Pasternak, Three Smart Girls (1936).",Qwen3OIE_0_6B,A cantora adolescente Deanna Durbin,estrelou,"o primeiro filme americano de Pasternak, Three Smart Girls (1936)",6
"A cantora adolescente Deanna Durbin estrelou o primeiro filme americano de Pasternak, Three Smart Girls (1936).",respostaGrok4.0Fast,A cantora adolescente Deanna Durbin,estrelou,"o primeiro filme americano de Pasternak, Three Smart Girls (1936)",6
"A cantora adolescente Deanna Durbin estrelou o primeiro filme americano de Pasternak, Three Smart Girls (1936).",respostas_gpt5.5_mini,A cantora adolescente Deanna Durbin,estrelou,"o primeiro filme americano de Pasternak, Three Smart Girls (1936)",6
"A cantora adolescente Deanna Durbin estrelou o primeiro filme americano de Pasternak, Three Smart Girls (1936).",respostasGemini3.1Pro,A cantora adolescente Deanna Durbin,estrelou,"o primeiro filme americano de Pasternak, Three Smart Girls (1936)",6
"Na esperança de construir um império de entretenimento em torno de a Universal, a Seagram comprou a PolyGram em 1999 e outras propriedades de entretenimento, mas os lucros flutuantes característicos de Hollywood não substituíram o fluxo de renda confiável obtido com as ações anteriormente detidas em a DuPont.",Claude_Sonnet5,a Seagram,comprou,a PolyGram,6
"Na esperança de construir um império de entretenimento em torno de a Universal, a Seagram comprou a PolyGram em 1999 e outras propriedades de entretenimento, mas os lucros flutuantes característicos de Hollywood não substituíram o fluxo de renda confiável obtido com as ações anteriormente detidas em a DuPont.",Claude_Sonnet5,a Seagram,comprou em,1999,4
"Na esperança de construir um império de entretenimento em torno de a Universal, a Seagram comprou a PolyGram em 1999 e outras propriedades de entretenimento, mas os lucros flutuantes característicos de Hollywood não substituíram o fluxo de renda confiável obtido com as ações anteriormente detidas em a DuPont.",Claude_Sonnet5,a Seagram,comprou,outras propriedades de entretenimento,5
"Na esperança de construir um império de entretenimento em torno de a Universal, a Seagram comprou a PolyGram em 1999 e outras propriedades de entretenimento, mas os lucros flutuantes característicos de Hollywood não substituíram o fluxo de renda confiável obtido com as ações anteriormente detidas em a DuPont.",PortNOIE,a Seagram,comprou,a PolyGram,6
"Na esperança de construir um império de entretenimento em torno de a Universal, a Seagram comprou a PolyGram em 1999 e outras propriedades de entretenimento, mas os lucros flutuantes característicos de Hollywood não substituíram o fluxo de renda confiável obtido com as ações anteriormente detidas em a DuPont.",Qwen3OIE_0_6B,a Seagram,comprou,a PolyGram,6
"Na esperança de construir um império de entretenimento em torno de a Universal, a Seagram comprou a PolyGram em 1999 e outras propriedades de entretenimento, mas os lucros flutuantes característicos de Hollywood não substituíram o fluxo de renda confiável obtido com as ações anteriormente detidas em a DuPont.",Qwen3OIE_0_6B,a Seagram,comprou em,1999,4
"Na esperança de construir um império de entretenimento em torno de a Universal, a Seagram comprou a PolyGram em 1999 e outras propriedades de entretenimento, mas os lucros flutuantes característicos de Hollywood não substituíram o fluxo de renda confiável obtido com as ações anteriormente detidas em a DuPont.",Qwen3OIE_0_6B,a Seagram,comprou,outras propriedades de entretenimento,5
"Na esperança de construir um império de entretenimento em torno de a Universal, a Seagram comprou a PolyGram em 1999 e outras propriedades de entretenimento, mas os lucros flutuantes característicos de Hollywood não substituíram o fluxo de renda confiável obtido com as ações anteriormente detidas em a DuPont.",Qwen3OIE_4B,a Seagram,comprou,a PolyGram,6
"Na esperança de construir um império de entretenimento em torno de a Universal, a Seagram comprou a PolyGram em 1999 e outras propriedades de entretenimento, mas os lucros flutuantes característicos de Hollywood não substituíram o fluxo de renda confiável obtido com as ações anteriormente detidas em a DuPont.",Qwen3OIE_4B,a Seagram,comprou em,1999,4
"Na esperança de construir um império de entretenimento em torno de a Universal, a Seagram comprou a PolyGram em 1999 e outras propriedades de entretenimento, mas os lucros flutuantes característicos de Hollywood não substituíram o fluxo de renda confiável obtido com as ações anteriormente detidas em a DuPont.",Qwen3OIE_4B,a Seagram,comprou,outras propriedades de entretenimento,5
"Na esperança de construir um império de entretenimento em torno de a Universal, a Seagram comprou a PolyGram em 1999 e outras propriedades de entretenimento, mas os lucros flutuantes característicos de Hollywood não substituíram o fluxo de renda confiável obtido com as ações anteriormente detidas em a DuPont.",respostas_gpt5.5_mini,a Seagram,comprou,a PolyGram,6
"Na esperança de construir um império de entretenimento em torno de a Universal, a Seagram comprou a PolyGram em 1999 e outras propriedades de entretenimento, mas os lucros flutuantes característicos de Hollywood não substituíram o fluxo de renda confiável obtido com as ações anteriormente detidas em a DuPont.",respostas_gpt5.5_mini,a Seagram,comprou,outras propriedades de entretenimento,5
"Na esperança de construir um império de entretenimento em torno de a Universal, a Seagram comprou a PolyGram em 1999 e outras propriedades de entretenimento, mas os lucros flutuantes característicos de Hollywood não substituíram o fluxo de renda confiável obtido com as ações anteriormente detidas em a DuPont.",respostasGemini3.1Pro,a Seagram,comprou,a PolyGram,6
"Na esperança de construir um império de entretenimento em torno de a Universal, a Seagram comprou a PolyGram em 1999 e outras propriedades de entretenimento, mas os lucros flutuantes característicos de Hollywood não substituíram o fluxo de renda confiável obtido com as ações anteriormente detidas em a DuPont.",respostasGemini3.1Pro,a Seagram,comprou,outras propriedades de entretenimento,5
"Na esperança de construir um império de entretenimento em torno de a Universal, a Seagram comprou a PolyGram em 1999 e outras propriedades de entretenimento, mas os lucros flutuantes característicos de Hollywood não substituíram o fluxo de renda confiável obtido com as ações anteriormente detidas em a DuPont.",respostasGemini3.1Pro,a Seagram,comprou em,1999,4
"Posteriormente, a Universal Pictures adquiriu os direitos de distribuição em os Estados Unidos de vários filmes de o StudioCanal, como Mulholland Drive (que recebeu uma indicação a o Oscar) e Brotherhood of the Wolf (que se tornou o segundo filme em francês de maior bilheteria em os Estados Unidos desde 1980).",Claude_Sonnet5,Mulholland Drive,recebeu,uma indicação a o Oscar,4
"Posteriormente, a Universal Pictures adquiriu os direitos de distribuição em os Estados Unidos de vários filmes de o StudioCanal, como Mulholland Drive (que recebeu uma indicação a o Oscar) e Brotherhood of the Wolf (que se tornou o segundo filme em francês de maior bilheteria em os Estados Unidos desde 1980).",Claude_Sonnet5,Brotherhood of the Wolf,se tornou,o segundo filme em francês de maior bilheteria em os Estados Unidos,4
"Posteriormente, a Universal Pictures adquiriu os direitos de distribuição em os Estados Unidos de vários filmes de o StudioCanal, como Mulholland Drive (que recebeu uma indicação a o Oscar) e Brotherhood of the Wolf (que se tornou o segundo filme em francês de maior bilheteria em os Estados Unidos desde 1980).",Qwen3OIE_0_6B,Mulholland Drive,recebeu,uma indicação a o Oscar,4
"Posteriormente, a Universal Pictures adquiriu os direitos de distribuição em os Estados Unidos de vários filmes de o StudioCanal, como Mulholland Drive (que recebeu uma indicação a o Oscar) e Brotherhood of the Wolf (que se tornou o segundo filme em francês de maior bilheteria em os Estados Unidos desde 1980).",Qwen3OIE_0_6B,Brotherhood of the Wolf,se tornou,o segundo filme em francês de maior bilheteria em os Estados Unidos desde 1980,4
"Posteriormente, a Universal Pictures adquiriu os direitos de distribuição em os Estados Unidos de vários filmes de o StudioCanal, como Mulholland Drive (que recebeu uma indicação a o Oscar) e Brotherhood of the Wolf (que se tornou o segundo filme em francês de maior bilheteria em os Estados Unidos desde 1980).",Qwen3OIE_4B,Mulholland Drive,recebeu,uma indicação a o Oscar,4
"Posteriormente, a Universal Pictures adquiriu os direitos de distribuição em os Estados Unidos de vários filmes de o StudioCanal, como Mulholland Drive (que recebeu uma indicação a o Oscar) e Brotherhood of the Wolf (que se tornou o segundo filme em francês de maior bilheteria em os Estados Unidos desde 1980).",Qwen3OIE_4B,Brotherhood of the Wolf,se tornou,o segundo filme em francês de maior bilheteria em os Estados Unidos desde 1980,4
"Posteriormente, a Universal Pictures adquiriu os direitos de distribuição em os Estados Unidos de vários filmes de o StudioCanal, como Mulholland Drive (que recebeu uma indicação a o Oscar) e Brotherhood of the Wolf (que se tornou o segundo filme em francês de maior bilheteria em os Estados Unidos desde 1980).",respostas_gpt5.5_mini,Mulholland Drive,recebeu,uma indicação a o Oscar,4
"Posteriormente, a Universal Pictures adquiriu os direitos de distribuição em os Estados Unidos de vários filmes de o StudioCanal, como Mulholland Drive (que recebeu uma indicação a o Oscar) e Brotherhood of the Wolf (que se tornou o segundo filme em francês de maior bilheteria em os Estados Unidos desde 1980).",respostas_gpt5.5_mini,Brotherhood of the Wolf,se tornou,o segundo filme em francês de maior bilheteria em os Estados Unidos desde 1980,4
"Alexander Bell nasceu em Edimburgo, Escócia, em 3 de março de 1847.",Claude_Sonnet5,Alexander Bell,nasceu em,"Edimburgo, Escócia",4
"Alexander Bell nasceu em Edimburgo, Escócia, em 3 de março de 1847.",Claude_Sonnet5,Alexander Bell,nasceu em,3 de março de 1847,6
"Alexander Bell nasceu em Edimburgo, Escócia, em 3 de março de 1847.",Qwen3OIE_0_6B,Alexander Bell,nasceu em,3 de março de 1847,6
"Alexander Bell nasceu em Edimburgo, Escócia, em 3 de março de 1847.",Qwen3OIE_4B,Alexander Bell,nasceu em,"Edimburgo, Escócia",4
"Alexander Bell nasceu em Edimburgo, Escócia, em 3 de março de 1847.",Qwen3OIE_4B,Alexander Bell,nasceu em,3 de março de 1847,6
"Alexander Bell nasceu em Edimburgo, Escócia, em 3 de março de 1847.",respostaGrok4.0Fast,Alexander Bell,nasceu em,"Edimburgo, Escócia, em 3 de março de 1847",6
"Alexander Bell nasceu em Edimburgo, Escócia, em 3 de março de 1847.",respostas_gpt5.5_mini,Alexander Bell,nasceu em,"Edimburgo, Escócia",4
"Alexander Bell nasceu em Edimburgo, Escócia, em 3 de março de 1847.",respostas_gpt5.5_mini,Alexander Bell,nasceu em,3 de março de 1847,6
"Alexander Bell nasceu em Edimburgo, Escócia, em 3 de março de 1847.",respostasGemini3.1Pro,Alexander Bell,nasceu em,"Edimburgo, Escócia",4
"Alexander Bell nasceu em Edimburgo, Escócia, em 3 de março de 1847.",respostasGemini3.1Pro,Alexander Bell,nasceu em,3 de março de 1847,6
"Em 1865, quando a família Bell se mudou para Londres, Bell retornou a Weston House como assistente de mestre e, em suas horas vagas, continuou as experiências sonoras com o mínimo de equipamento de laboratório.",Claude_Sonnet5,a família Bell,se mudou em,1865,3
"Em 1865, quando a família Bell se mudou para Londres, Bell retornou a Weston House como assistente de mestre e, em suas horas vagas, continuou as experiências sonoras com o mínimo de equipamento de laboratório.",LlamaPortOIE3,Bell,continuou,as experiências sonoras com o mínimo de equipamento de laboratório,3
"Em 1865, quando a família Bell se mudou para Londres, Bell retornou a Weston House como assistente de mestre e, em suas horas vagas, continuou as experiências sonoras com o mínimo de equipamento de laboratório.",Qwen3OIE_0_6B,a família Bell,se mudou em,1865,3
"Em 1865, quando a família Bell se mudou para Londres, Bell retornou a Weston House como assistente de mestre e, em suas horas vagas, continuou as experiências sonoras com o mínimo de equipamento de laboratório.",respostas_gpt5.5_mini,Bell,continuou,as experiências sonoras com o mínimo de equipamento de laboratório,3
"Em 1865, quando a família Bell se mudou para Londres, Bell retornou a Weston House como assistente de mestre e, em suas horas vagas, continuou as experiências sonoras com o mínimo de equipamento de laboratório.",respostasGemini3.1Pro,a família Bell,se mudou em,1865,3
"Em 1865, quando a família Bell se mudou para Londres, Bell retornou a Weston House como assistente de mestre e, em suas horas vagas, continuou as experiências sonoras com o mínimo de equipamento de laboratório.",respostasGemini3.1Pro,Bell,continuou,as experiências sonoras com o mínimo de equipamento de laboratório,3
"No entanto, em maio de 1870, Melville morreu de complicações devido a a tuberculose, causando uma crise familiar.",Claude_Sonnet5,Melville,morreu em,maio de 1870,4
"No entanto, em maio de 1870, Melville morreu de complicações devido a a tuberculose, causando uma crise familiar.",LlamaPortOIE3,Melville,causou,uma crise familiar,4
"No entanto, em maio de 1870, Melville morreu de complicações devido a a tuberculose, causando uma crise familiar.",Qwen3OIE_0_6B,Melville,morreu em,maio de 1870,4
"No entanto, em maio de 1870, Melville morreu de complicações devido a a tuberculose, causando uma crise familiar.",Qwen3OIE_0_6B,Melville,causou,uma crise familiar,4
"No entanto, em maio de 1870, Melville morreu de complicações devido a a tuberculose, causando uma crise familiar.",Qwen3OIE_4B,Melville,morreu em,maio de 1870,4
"No entanto, em maio de 1870, Melville morreu de complicações devido a a tuberculose, causando uma crise familiar.",Qwen3OIE_4B,Melville,causou,uma crise familiar,4
"No entanto, em maio de 1870, Melville morreu de complicações devido a a tuberculose, causando uma crise familiar.",respostas_gpt5.5_mini,Melville,causou,uma crise familiar,4
"No entanto, em maio de 1870, Melville morreu de complicações devido a a tuberculose, causando uma crise familiar.",respostasGemini3.1Pro,Melville,morreu em,maio de 1870,4
"Depois que a família se estabeleceu, Bell e seu pai fizeram planos para estabelecer uma prática de ensino e, em 1871, ele acompanhou seu pai a Montreal, onde foi oferecido a Melville uma posição para ensinar seu Sistema de Fala Visível.",LlamaPortOIE3,Bell e seu pai,fizeram planos para,estabelecer uma prática de ensino,3
"Depois que a família se estabeleceu, Bell e seu pai fizeram planos para estabelecer uma prática de ensino e, em 1871, ele acompanhou seu pai a Montreal, onde foi oferecido a Melville uma posição para ensinar seu Sistema de Fala Visível.",respostaGrok4.0Fast,Bell e seu pai,fizeram planos para,estabelecer uma prática de ensino,3
"Depois que a família se estabeleceu, Bell e seu pai fizeram planos para estabelecer uma prática de ensino e, em 1871, ele acompanhou seu pai a Montreal, onde foi oferecido a Melville uma posição para ensinar seu Sistema de Fala Visível.",respostas_gpt5.5_mini,Bell e seu pai,fizeram planos para estabelecer,uma prática de ensino,3
"Em 10 de novembro de 2014, o presidente Barack Obama recomendou que a FCC reclassificasse o serviço de Internet de banda larga como um serviço de telecomunicações, a fim de preservar a neutralidade de a rede.",Claude_Sonnet5,o presidente Barack Obama,recomendou em,10 de novembro de 2014,4
"Em 10 de novembro de 2014, o presidente Barack Obama recomendou que a FCC reclassificasse o serviço de Internet de banda larga como um serviço de telecomunicações, a fim de preservar a neutralidade de a rede.",Qwen3OIE_0_6B,o presidente Barack Obama,recomendou em,10 de novembro de 2014,4
"Em 10 de novembro de 2014, o presidente Barack Obama recomendou que a FCC reclassificasse o serviço de Internet de banda larga como um serviço de telecomunicações, a fim de preservar a neutralidade de a rede.",Qwen3OIE_0_6B,a FCC,reclassificasse,o serviço de Internet de banda larga,3
"Em 10 de novembro de 2014, o presidente Barack Obama recomendou que a FCC reclassificasse o serviço de Internet de banda larga como um serviço de telecomunicações, a fim de preservar a neutralidade de a rede.",Qwen3OIE_4B,o presidente Barack Obama,recomendou em,10 de novembro de 2014,4
"Em 10 de novembro de 2014, o presidente Barack Obama recomendou que a FCC reclassificasse o serviço de Internet de banda larga como um serviço de telecomunicações, a fim de preservar a neutralidade de a rede.",Qwen3OIE_4B,a FCC,reclassificasse,o serviço de Internet de banda larga como um serviço de telecomunicações,3
"Em 10 de novembro de 2014, o presidente Barack Obama recomendou que a FCC reclassificasse o serviço de Internet de banda larga como um serviço de telecomunicações, a fim de preservar a neutralidade de a rede.",respostas_gpt5.5_mini,a FCC,reclassificasse,o serviço de Internet de banda larga como um serviço de telecomunicações,3
"Em 10 de novembro de 2014, o presidente Barack Obama recomendou que a FCC reclassificasse o serviço de Internet de banda larga como um serviço de telecomunicações, a fim de preservar a neutralidade de a rede.",respostasGemini3.1Pro,o presidente Barack Obama,recomendou em,10 de novembro de 2014,4
"Ao sair de a Universidade de Oxford, em 1676, Edmond Halley visitou Santa Helena e montou um observatório astronômico com um telescópio aéreo de 7,3 metros de comprimento com a intenção de estudar estrelas de o Hemisfério Sul.",Claude_Sonnet5,Edmond Halley,montou,"um observatório astronômico com um telescópio aéreo de 7,3 metros de comprimento",4
"Ao sair de a Universidade de Oxford, em 1676, Edmond Halley visitou Santa Helena e montou um observatório astronômico com um telescópio aéreo de 7,3 metros de comprimento com a intenção de estudar estrelas de o Hemisfério Sul.",LlamaPortOIE3,Edmond Halley,montou,"um observatório astronômico com um telescópio aéreo de 7,3 metros de comprimento com a intenção de estudar estrelas de o Hemisfério Sul",4
"Ao sair de a Universidade de Oxford, em 1676, Edmond Halley visitou Santa Helena e montou um observatório astronômico com um telescópio aéreo de 7,3 metros de comprimento com a intenção de estudar estrelas de o Hemisfério Sul.",Qwen3OIE_0_6B,Edmond Halley,montou,um observatório astronômico,3
"Ao sair de a Universidade de Oxford, em 1676, Edmond Halley visitou Santa Helena e montou um observatório astronômico com um telescópio aéreo de 7,3 metros de comprimento com a intenção de estudar estrelas de o Hemisfério Sul.",Qwen3OIE_4B,Edmond Halley,montou,"um observatório astronômico com um telescópio aéreo de 7,3 metros de comprimento",4
"Ao sair de a Universidade de Oxford, em 1676, Edmond Halley visitou Santa Helena e montou um observatório astronômico com um telescópio aéreo de 7,3 metros de comprimento com a intenção de estudar estrelas de o Hemisfério Sul.",Qwen3OIE_4B,Edmond Halley,tinha a intenção de estudar,estrelas de o Hemisfério Sul,3
"Ao sair de a Universidade de Oxford, em 1676, Edmond Halley visitou Santa Helena e montou um observatório astronômico com um telescópio aéreo de 7,3 metros de comprimento com a intenção de estudar estrelas de o Hemisfério Sul.",respostaGrok4.0Fast,Edmond Halley,montou,um observatório astronômico,3
"Ao sair de a Universidade de Oxford, em 1676, Edmond Halley visitou Santa Helena e montou um observatório astronômico com um telescópio aéreo de 7,3 metros de comprimento com a intenção de estudar estrelas de o Hemisfério Sul.",respostas_gpt5.5_mini,Edmond Halley,montou,"um observatório astronômico com um telescópio aéreo de 7,3 metros de comprimento",4
"Ao sair de a Universidade de Oxford, em 1676, Edmond Halley visitou Santa Helena e montou um observatório astronômico com um telescópio aéreo de 7,3 metros de comprimento com a intenção de estudar estrelas de o Hemisfério Sul.",respostasGemini3.1Pro,Edmond Halley,montou,um observatório astronômico,3
"Em 11 de abril de 1898, o americano Joshua Slocum, em seu famoso e épico solo, a viagem mundial chegou a Jamestown.",Claude_Sonnet5,o americano Joshua Slocum,chegou a,Jamestown,5
"Em 11 de abril de 1898, o americano Joshua Slocum, em seu famoso e épico solo, a viagem mundial chegou a Jamestown.",Claude_Sonnet5,o americano Joshua Slocum,chegou em,11 de abril de 1898,3
"Em 11 de abril de 1898, o americano Joshua Slocum, em seu famoso e épico solo, a viagem mundial chegou a Jamestown.",LlamaPortOIE3,o americano Joshua Slocum,chegou a,Jamestown,5
"Em 11 de abril de 1898, o americano Joshua Slocum, em seu famoso e épico solo, a viagem mundial chegou a Jamestown.",Qwen3OIE_4B,o americano Joshua Slocum,chegou a,Jamestown,5
"Em 11 de abril de 1898, o americano Joshua Slocum, em seu famoso e épico solo, a viagem mundial chegou a Jamestown.",Qwen3OIE_4B,o americano Joshua Slocum,chegou em,11 de abril de 1898,3
"Em 11 de abril de 1898, o americano Joshua Slocum, em seu famoso e épico solo, a viagem mundial chegou a Jamestown.",respostaGrok4.0Fast,o americano Joshua Slocum,chegou a,Jamestown,5
"Em 11 de abril de 1898, o americano Joshua Slocum, em seu famoso e épico solo, a viagem mundial chegou a Jamestown.",respostasGemini3.1Pro,o americano Joshua Slocum,chegou a,Jamestown,5
"Em 11 de abril de 1898, o americano Joshua Slocum, em seu famoso e épico solo, a viagem mundial chegou a Jamestown.",respostasGemini3.1Pro,o americano Joshua Slocum,chegou em,11 de abril de 1898,3
"Em 1840, Santa Helena tornou-se uma estação de abastecimento de o Esquadrão Britânico de a África Ocidental, impedindo a escravidão em o Brasil (principalmente), e muitos milhares de escravos foram libertados em a ilha.",Claude_Sonnet5,Santa Helena,tornou-se em,1840,3
"Em 1840, Santa Helena tornou-se uma estação de abastecimento de o Esquadrão Britânico de a África Ocidental, impedindo a escravidão em o Brasil (principalmente), e muitos milhares de escravos foram libertados em a ilha.",Claude_Sonnet5,muitos milhares de escravos,foram libertados em,a ilha,4
"Em 1840, Santa Helena tornou-se uma estação de abastecimento de o Esquadrão Britânico de a África Ocidental, impedindo a escravidão em o Brasil (principalmente), e muitos milhares de escravos foram libertados em a ilha.",Qwen3OIE_0_6B,Santa Helena,tornou-se em,1840,3
"Em 1840, Santa Helena tornou-se uma estação de abastecimento de o Esquadrão Britânico de a África Ocidental, impedindo a escravidão em o Brasil (principalmente), e muitos milhares de escravos foram libertados em a ilha.",Qwen3OIE_0_6B,muitos milhares de escravos,foram libertados em,a ilha,4
"Em 1840, Santa Helena tornou-se uma estação de abastecimento de o Esquadrão Britânico de a África Ocidental, impedindo a escravidão em o Brasil (principalmente), e muitos milhares de escravos foram libertados em a ilha.",respostas_gpt5.5_mini,muitos milhares de escravos,foram libertados em,a ilha,4
"Em 1840, Santa Helena tornou-se uma estação de abastecimento de o Esquadrão Britânico de a África Ocidental, impedindo a escravidão em o Brasil (principalmente), e muitos milhares de escravos foram libertados em a ilha.",respostasGemini3.1Pro,Santa Helena,tornou-se em,1840,3
"Em 1840, Santa Helena tornou-se uma estação de abastecimento de o Esquadrão Britânico de a África Ocidental, impedindo a escravidão em o Brasil (principalmente), e muitos milhares de escravos foram libertados em a ilha.",respostasGemini3.1Pro,muitos milhares de escravos,foram libertados em,a ilha,4
"A maioria de os residentes pertence a a Comunhão Anglicana e é membro de a Diocese de Santa Helena, que tem seu próprio bispo e inclui a Ilha de a Ascensão.",Claude_Sonnet5,A maioria de os residentes,é membro de,a Diocese de Santa Helena,5
"A maioria de os residentes pertence a a Comunhão Anglicana e é membro de a Diocese de Santa Helena, que tem seu próprio bispo e inclui a Ilha de a Ascensão.",Claude_Sonnet5,a Diocese de Santa Helena,tem,seu próprio bispo,4
"A maioria de os residentes pertence a a Comunhão Anglicana e é membro de a Diocese de Santa Helena, que tem seu próprio bispo e inclui a Ilha de a Ascensão.",Claude_Sonnet5,a Diocese de Santa Helena,inclui,a Ilha de a Ascensão,4
"A maioria de os residentes pertence a a Comunhão Anglicana e é membro de a Diocese de Santa Helena, que tem seu próprio bispo e inclui a Ilha de a Ascensão.",LlamaPortOIE3,A maioria de os residentes,é membro de a,Diocese de Santa Helena,5
"A maioria de os residentes pertence a a Comunhão Anglicana e é membro de a Diocese de Santa Helena, que tem seu próprio bispo e inclui a Ilha de a Ascensão.",Qwen3OIE_0_6B,A maioria de os residentes,é membro de,a Diocese de Santa Helena,5
"A maioria de os residentes pertence a a Comunhão Anglicana e é membro de a Diocese de Santa Helena, que tem seu próprio bispo e inclui a Ilha de a Ascensão.",Qwen3OIE_0_6B,a Diocese de Santa Helena,tem,seu próprio bispo,4
"A maioria de os residentes pertence a a Comunhão Anglicana e é membro de a Diocese de Santa Helena, que tem seu próprio bispo e inclui a Ilha de a Ascensão.",Qwen3OIE_0_6B,a Diocese de Santa Helena,inclui,a Ilha de a Ascensão,4
"A maioria de os residentes pertence a a Comunhão Anglicana e é membro de a Diocese de Santa Helena, que tem seu próprio bispo e inclui a Ilha de a Ascensão.",Qwen3OIE_4B,A maioria de os residentes,é membro de,a Diocese de Santa Helena,5
"A maioria de os residentes pertence a a Comunhão Anglicana e é membro de a Diocese de Santa Helena, que tem seu próprio bispo e inclui a Ilha de a Ascensão.",Qwen3OIE_4B,a Diocese de Santa Helena,tem,seu próprio bispo,4
"A maioria de os residentes pertence a a Comunhão Anglicana e é membro de a Diocese de Santa Helena, que tem seu próprio bispo e inclui a Ilha de a Ascensão.",Qwen3OIE_4B,a Diocese de Santa Helena,inclui,a Ilha de a Ascensão,4
"A maioria de os residentes pertence a a Comunhão Anglicana e é membro de a Diocese de Santa Helena, que tem seu próprio bispo e inclui a Ilha de a Ascensão.",respostas_gpt5.5_mini,A maioria de os residentes,é membro de,a Diocese de Santa Helena,5
"A maioria de os residentes pertence a a Comunhão Anglicana e é membro de a Diocese de Santa Helena, que tem seu próprio bispo e inclui a Ilha de a Ascensão.",respostas_gpt5.5_mini,a Diocese de Santa Helena,tem,seu próprio bispo,4
"A maioria de os residentes pertence a a Comunhão Anglicana e é membro de a Diocese de Santa Helena, que tem seu próprio bispo e inclui a Ilha de a Ascensão.",respostas_gpt5.5_mini,a Diocese de Santa Helena,inclui,a Ilha de a Ascensão,4
"A SURE fornece o serviço de telecomunicações em o território por meio de uma rede telefônica digital baseada em cobre, incluindo serviço de banda larga ADSL.",Claude_Sonnet5,A SURE,fornece por meio de,uma rede telefônica digital baseada em cobre,3
"A SURE fornece o serviço de telecomunicações em o território por meio de uma rede telefônica digital baseada em cobre, incluindo serviço de banda larga ADSL.",Qwen3OIE_0_6B,A SURE,fornece o serviço de telecomunicações por meio de,uma rede telefônica digital baseada em cobre,3
"A SURE fornece o serviço de telecomunicações em o território por meio de uma rede telefônica digital baseada em cobre, incluindo serviço de banda larga ADSL.",Qwen3OIE_4B,A SURE,fornece por meio de,uma rede telefônica digital baseada em cobre,3
As despesas públicas aumentaram de 10 milhões de libras em 2001-02 para 12 milhões de libras em 2005-06 para 28 milhões de libras em 2012-13.,Claude_Sonnet5,As despesas públicas,aumentaram para,12 milhões de libras em 2005-06,5
As despesas públicas aumentaram de 10 milhões de libras em 2001-02 para 12 milhões de libras em 2005-06 para 28 milhões de libras em 2012-13.,Qwen3OIE_0_6B,As despesas públicas,Aumentaram para,12 milhões de libras,5
As despesas públicas aumentaram de 10 milhões de libras em 2001-02 para 12 milhões de libras em 2005-06 para 28 milhões de libras em 2012-13.,Qwen3OIE_4B,As despesas públicas,aumentaram para,12 milhões de libras em 2005-06,5
As despesas públicas aumentaram de 10 milhões de libras em 2001-02 para 12 milhões de libras em 2005-06 para 28 milhões de libras em 2012-13.,respostas_gpt5.5_mini,As despesas públicas,aumentaram para,12 milhões de libras em 2005-06,5
As despesas públicas aumentaram de 10 milhões de libras em 2001-02 para 12 milhões de libras em 2005-06 para 28 milhões de libras em 2012-13.,respostasGemini3.1Pro,As despesas públicas,aumentaram para,12 milhões de libras,5
A Rádio comunitária Saint FM assumiu os canais de rádio desocupados por a Saint FM e foi lançada em 10 de março de 2013.,Claude_Sonnet5,A Rádio comunitária Saint FM,foi lançada em,10 de março de 2013,7
A Rádio comunitária Saint FM assumiu os canais de rádio desocupados por a Saint FM e foi lançada em 10 de março de 2013.,LlamaPortOIE3,A Rádio comunitária Saint FM,foi lançada em,10 de março de 2013,7
A Rádio comunitária Saint FM assumiu os canais de rádio desocupados por a Saint FM e foi lançada em 10 de março de 2013.,Qwen3OIE_0_6B,A Rádio comunitária Saint FM,foi lançada em,10 de março de 2013,7
A Rádio comunitária Saint FM assumiu os canais de rádio desocupados por a Saint FM e foi lançada em 10 de março de 2013.,Qwen3OIE_4B,A Rádio comunitária Saint FM,foi lançada em,10 de março de 2013,7
A Rádio comunitária Saint FM assumiu os canais de rádio desocupados por a Saint FM e foi lançada em 10 de março de 2013.,respostaGrok4.0Fast,A Rádio comunitária Saint FM,foi lançada em,10 de março de 2013,7
A Rádio comunitária Saint FM assumiu os canais de rádio desocupados por a Saint FM e foi lançada em 10 de março de 2013.,respostas_gpt5.5_mini,A Rádio comunitária Saint FM,foi lançada em,10 de março de 2013,7
A Rádio comunitária Saint FM assumiu os canais de rádio desocupados por a Saint FM e foi lançada em 10 de março de 2013.,respostasGemini3.1Pro,A Rádio comunitária Saint FM,foi lançada em,10 de março de 2013,7
"O termo aspiração às vezes se refere a a mudança sonora de a desescalização, em a qual uma consoante é lenitizada (enfraquecida) para se tornar uma parada glótica ou fricativa [ ʔ h ɦ ].",Claude_Sonnet5,uma consoante,é lenitizada (enfraquecida) para se tornar,uma parada glótica ou fricativa,3
"O termo aspiração às vezes se refere a a mudança sonora de a desescalização, em a qual uma consoante é lenitizada (enfraquecida) para se tornar uma parada glótica ou fricativa [ ʔ h ɦ ].",LlamaPortOIE3,uma consoante,é lenitizada para se tornar,uma parada glótica ou fricativa,4
"O termo aspiração às vezes se refere a a mudança sonora de a desescalização, em a qual uma consoante é lenitizada (enfraquecida) para se tornar uma parada glótica ou fricativa [ ʔ h ɦ ].",Qwen3OIE_0_6B,uma consoante,é lenitizada para se tornar,uma parada glótica,4
"O termo aspiração às vezes se refere a a mudança sonora de a desescalização, em a qual uma consoante é lenitizada (enfraquecida) para se tornar uma parada glótica ou fricativa [ ʔ h ɦ ].",respostasGemini3.1Pro,uma consoante,para se tornar,uma parada glótica,3
"O Punjabi perdeu os consoantes de voz ofegante, o que resultou em um sistema de tons e, portanto, faz uma distinção entre sem voz, aspirado e sonoro / p pʰ b /.",Claude_Sonnet5,O Punjabi,faz,"uma distinção entre sem voz, aspirado e sonoro",3
"O Punjabi perdeu os consoantes de voz ofegante, o que resultou em um sistema de tons e, portanto, faz uma distinção entre sem voz, aspirado e sonoro / p pʰ b /.",LlamaPortOIE3,O Punjabi,faz,"uma distinção entre sem voz, aspirado e sonoro",3
"O Punjabi perdeu os consoantes de voz ofegante, o que resultou em um sistema de tons e, portanto, faz uma distinção entre sem voz, aspirado e sonoro / p pʰ b /.",respostasGemini3.1Pro,O Punjabi,faz,"uma distinção entre sem voz, aspirado e sonoro / p pʰ b /",3
"Na química inorgânica, os hidretos também podem servir como ligantes de ponte que ligam dois centros metálicos em um complexo de coordenação.",Claude_Sonnet5,ligantes de ponte,ligam,dois centros metálicos em um complexo de coordenação,3
"Na química inorgânica, os hidretos também podem servir como ligantes de ponte que ligam dois centros metálicos em um complexo de coordenação.",Qwen3OIE_4B,ligantes de ponte,ligam,dois centros metálicos em um complexo de coordenação,3
"Na química inorgânica, os hidretos também podem servir como ligantes de ponte que ligam dois centros metálicos em um complexo de coordenação.",respostas_gpt5.5_mini,ligantes de ponte,ligam,dois centros metálicos em um complexo de coordenação,3
Maxwell observou que a capacidade térmica específica de o H2 se afasta inexplicavelmente de a de um gás diatômico abaixo de a temperatura ambiente e começa a se assemelhar cada vez mais a a de um gás monatômico a temperaturas criogênicas.,Claude_Sonnet5,Maxwell,observou,que a capacidade térmica específica de o H2 se afasta inexplicavelmente de a de um gás diatômico abaixo de a temperatura ambiente,6
Maxwell observou que a capacidade térmica específica de o H2 se afasta inexplicavelmente de a de um gás diatômico abaixo de a temperatura ambiente e começa a se assemelhar cada vez mais a a de um gás monatômico a temperaturas criogênicas.,Claude_Sonnet5,a capacidade térmica específica de o H2,começa a se assemelhar cada vez mais a,a de um gás monatômico,3
Maxwell observou que a capacidade térmica específica de o H2 se afasta inexplicavelmente de a de um gás diatômico abaixo de a temperatura ambiente e começa a se assemelhar cada vez mais a a de um gás monatômico a temperaturas criogênicas.,Qwen3OIE_0_6B,Maxwell,observou,que a capacidade térmica específica de o H2 se afasta inexplicavelmente de a de um gás diatômico abaixo de a temperatura ambiente e começa a se assemelhar cada vez mais a a de um gás monatômico a temperaturas criogênicas,6
Maxwell observou que a capacidade térmica específica de o H2 se afasta inexplicavelmente de a de um gás diatômico abaixo de a temperatura ambiente e começa a se assemelhar cada vez mais a a de um gás monatômico a temperaturas criogênicas.,Qwen3OIE_0_6B,a capacidade térmica específica de o H2,começa a se assemelhar a,a de um gás monatômico a temperaturas criogênicas,3
Maxwell observou que a capacidade térmica específica de o H2 se afasta inexplicavelmente de a de um gás diatômico abaixo de a temperatura ambiente e começa a se assemelhar cada vez mais a a de um gás monatômico a temperaturas criogênicas.,Qwen3OIE_4B,Maxwell,observou,que a capacidade térmica específica de o H2 se afasta inexplicavelmente de a de um gás diatômico abaixo de a temperatura ambiente e começa a se assemelhar cada vez mais a a de um gás monatômico a temperaturas criogênicas,6
Maxwell observou que a capacidade térmica específica de o H2 se afasta inexplicavelmente de a de um gás diatômico abaixo de a temperatura ambiente e começa a se assemelhar cada vez mais a a de um gás monatômico a temperaturas criogênicas.,respostaGrok4.0Fast,Maxwell,observou,que a capacidade térmica específica de o H2 se afasta inexplicavelmente de a de um gás diatômico,6
Maxwell observou que a capacidade térmica específica de o H2 se afasta inexplicavelmente de a de um gás diatômico abaixo de a temperatura ambiente e começa a se assemelhar cada vez mais a a de um gás monatômico a temperaturas criogênicas.,respostas_gpt5.5_mini,Maxwell,observou,que a capacidade térmica específica de o H2 se afasta inexplicavelmente de a de um gás diatômico abaixo de a temperatura ambiente,6
Maxwell observou que a capacidade térmica específica de o H2 se afasta inexplicavelmente de a de um gás diatômico abaixo de a temperatura ambiente e começa a se assemelhar cada vez mais a a de um gás monatômico a temperaturas criogênicas.,respostas_gpt5.5_mini,a capacidade térmica específica de o H2,começa a se assemelhar a,a de um gás monatômico a temperaturas criogênicas,3
Maxwell observou que a capacidade térmica específica de o H2 se afasta inexplicavelmente de a de um gás diatômico abaixo de a temperatura ambiente e começa a se assemelhar cada vez mais a a de um gás monatômico a temperaturas criogênicas.,respostasGemini3.1Pro,Maxwell,observou,que a capacidade térmica específica de o H2 se afasta inexplicavelmente de a de um gás diatômico abaixo de a temperatura ambiente e começa a se assemelhar cada vez mais a a de um gás monatômico a temperaturas criogênicas,6
"O hidrogênio, como H atômico, é o elemento químico mais abundante em o universo, constituindo 75 % de a matéria normal em massa e mais de 90 % em número de átomos (a maior parte de a massa de o universo, porém, não está em a forma de matéria de o tipo elemento químico, mas postula-se que ocorra como formas de massa ainda não detectadas, como matéria escura e energia escura).",LlamaPortOIE3,"O hidrogênio, como H atômico",é,o elemento químico mais abundante em o universo,4
"O hidrogênio, como H atômico, é o elemento químico mais abundante em o universo, constituindo 75 % de a matéria normal em massa e mais de 90 % em número de átomos (a maior parte de a massa de o universo, porém, não está em a forma de matéria de o tipo elemento químico, mas postula-se que ocorra como formas de massa ainda não detectadas, como matéria escura e energia escura).",PortNOIE,"O hidrogênio, como H atômico",é,o elemento químico mais abundante,4
"O hidrogênio, como H atômico, é o elemento químico mais abundante em o universo, constituindo 75 % de a matéria normal em massa e mais de 90 % em número de átomos (a maior parte de a massa de o universo, porém, não está em a forma de matéria de o tipo elemento químico, mas postula-se que ocorra como formas de massa ainda não detectadas, como matéria escura e energia escura).",respostaGrok4.0Fast,"O hidrogênio, como H atômico",é,o elemento químico mais abundante em o universo,4
"O hidrogênio, como H atômico, é o elemento químico mais abundante em o universo, constituindo 75 % de a matéria normal em massa e mais de 90 % em número de átomos (a maior parte de a massa de o universo, porém, não está em a forma de matéria de o tipo elemento químico, mas postula-se que ocorra como formas de massa ainda não detectadas, como matéria escura e energia escura).",respostas_gpt5.5_mini,"O hidrogênio, como H atômico",é,o elemento químico mais abundante em o universo,4
"Uma corrente de baixa tensão é percorrida por a água e o oxigênio gasoso se forma em o ânodo, enquanto o hidrogênio gasoso se forma em o cátodo.",Claude_Sonnet5,o hidrogênio gasoso,se forma em,o cátodo,6
"Uma corrente de baixa tensão é percorrida por a água e o oxigênio gasoso se forma em o ânodo, enquanto o hidrogênio gasoso se forma em o cátodo.",Qwen3OIE_0_6B,o oxigênio gasoso,se forma em,o cátodo,6
"Uma corrente de baixa tensão é percorrida por a água e o oxigênio gasoso se forma em o ânodo, enquanto o hidrogênio gasoso se forma em o cátodo.",Qwen3OIE_4B,o hidrogênio gasoso,se forma em,o cátodo,6
"Uma corrente de baixa tensão é percorrida por a água e o oxigênio gasoso se forma em o ânodo, enquanto o hidrogênio gasoso se forma em o cátodo.",respostaGrok4.0Fast,o hidrogênio gasoso,se forma em,o cátodo,6
"Uma corrente de baixa tensão é percorrida por a água e o oxigênio gasoso se forma em o ânodo, enquanto o hidrogênio gasoso se forma em o cátodo.",respostas_gpt5.5_mini,o hidrogênio gasoso,se forma em,o cátodo,6
"Uma corrente de baixa tensão é percorrida por a água e o oxigênio gasoso se forma em o ânodo, enquanto o hidrogênio gasoso se forma em o cátodo.",respostasGemini3.1Pro,o hidrogênio gasoso,se forma em,o cátodo,6
"A divisão de a água, em a qual a água é decomposta em seus componentes prótons, elétrons e oxigênio, ocorre em as reações de luz em todos os organismos fotossintéticos.",Claude_Sonnet5,a água,é decomposta em,"seus componentes prótons, elétrons e oxigênio",4
"A divisão de a água, em a qual a água é decomposta em seus componentes prótons, elétrons e oxigênio, ocorre em as reações de luz em todos os organismos fotossintéticos.",PortNOIE,A divisão a água,é decomposta em,seus componentes prótons elétrons e oxigênio,4
"A divisão de a água, em a qual a água é decomposta em seus componentes prótons, elétrons e oxigênio, ocorre em as reações de luz em todos os organismos fotossintéticos.",Qwen3OIE_0_6B,A divisão de a água,ocorre em,as reações de luz,3
"A divisão de a água, em a qual a água é decomposta em seus componentes prótons, elétrons e oxigênio, ocorre em as reações de luz em todos os organismos fotossintéticos.",Qwen3OIE_4B,A divisão de a água,ocorre em,as reações de luz,3
"A divisão de a água, em a qual a água é decomposta em seus componentes prótons, elétrons e oxigênio, ocorre em as reações de luz em todos os organismos fotossintéticos.",Qwen3OIE_4B,a água,é decomposta em,"seus componentes prótons, elétrons e oxigênio",4
"A divisão de a água, em a qual a água é decomposta em seus componentes prótons, elétrons e oxigênio, ocorre em as reações de luz em todos os organismos fotossintéticos.",respostas_gpt5.5_mini,a água,é decomposta em,"seus componentes prótons, elétrons e oxigênio",4
"A divisão de a água, em a qual a água é decomposta em seus componentes prótons, elétrons e oxigênio, ocorre em as reações de luz em todos os organismos fotossintéticos.",respostasGemini3.1Pro,A divisão de a água,ocorre em,as reações de luz,3
"Andreessen, líder de a equipe Mosaic em o Centro Nacional de Aplicações de Supercomputação (NCSA), logo fundou sua própria empresa, chamada Netscape, e lançou o Netscape Navigator, influenciado por o Mosaic, em 1994, que rapidamente se tornou o navegador mais popular de o mundo, respondendo por 90 % de todo o uso de a Web em o auge (consulte a participação de navegadores em a Web).",Claude_Sonnet5,Andreessen,lançou,o Netscape Navigator,5
"Andreessen, líder de a equipe Mosaic em o Centro Nacional de Aplicações de Supercomputação (NCSA), logo fundou sua própria empresa, chamada Netscape, e lançou o Netscape Navigator, influenciado por o Mosaic, em 1994, que rapidamente se tornou o navegador mais popular de o mundo, respondendo por 90 % de todo o uso de a Web em o auge (consulte a participação de navegadores em a Web).",Claude_Sonnet5,o Netscape Navigator,influenciado por,o Mosaic,3
"Andreessen, líder de a equipe Mosaic em o Centro Nacional de Aplicações de Supercomputação (NCSA), logo fundou sua própria empresa, chamada Netscape, e lançou o Netscape Navigator, influenciado por o Mosaic, em 1994, que rapidamente se tornou o navegador mais popular de o mundo, respondendo por 90 % de todo o uso de a Web em o auge (consulte a participação de navegadores em a Web).",Claude_Sonnet5,o Netscape Navigator,rapidamente se tornou,o navegador mais popular de o mundo,5
"Andreessen, líder de a equipe Mosaic em o Centro Nacional de Aplicações de Supercomputação (NCSA), logo fundou sua própria empresa, chamada Netscape, e lançou o Netscape Navigator, influenciado por o Mosaic, em 1994, que rapidamente se tornou o navegador mais popular de o mundo, respondendo por 90 % de todo o uso de a Web em o auge (consulte a participação de navegadores em a Web).",LlamaPortOIE3,o Netscape Navigator,rapidamente se tornou,o navegador mais popular de o mundo,5
"Andreessen, líder de a equipe Mosaic em o Centro Nacional de Aplicações de Supercomputação (NCSA), logo fundou sua própria empresa, chamada Netscape, e lançou o Netscape Navigator, influenciado por o Mosaic, em 1994, que rapidamente se tornou o navegador mais popular de o mundo, respondendo por 90 % de todo o uso de a Web em o auge (consulte a participação de navegadores em a Web).",Qwen3OIE_0_6B,Andreessen,lançou,o Netscape Navigator,5
"Andreessen, líder de a equipe Mosaic em o Centro Nacional de Aplicações de Supercomputação (NCSA), logo fundou sua própria empresa, chamada Netscape, e lançou o Netscape Navigator, influenciado por o Mosaic, em 1994, que rapidamente se tornou o navegador mais popular de o mundo, respondendo por 90 % de todo o uso de a Web em o auge (consulte a participação de navegadores em a Web).",Qwen3OIE_0_6B,o Netscape Navigator,foi influenciado por,o Mosaic,3
"Andreessen, líder de a equipe Mosaic em o Centro Nacional de Aplicações de Supercomputação (NCSA), logo fundou sua própria empresa, chamada Netscape, e lançou o Netscape Navigator, influenciado por o Mosaic, em 1994, que rapidamente se tornou o navegador mais popular de o mundo, respondendo por 90 % de todo o uso de a Web em o auge (consulte a participação de navegadores em a Web).",Qwen3OIE_0_6B,o Netscape Navigator,se tornou,o navegador mais popular de o mundo,5
"Andreessen, líder de a equipe Mosaic em o Centro Nacional de Aplicações de Supercomputação (NCSA), logo fundou sua própria empresa, chamada Netscape, e lançou o Netscape Navigator, influenciado por o Mosaic, em 1994, que rapidamente se tornou o navegador mais popular de o mundo, respondendo por 90 % de todo o uso de a Web em o auge (consulte a participação de navegadores em a Web).",Qwen3OIE_4B,Andreessen,lançou,o Netscape Navigator,5
"Andreessen, líder de a equipe Mosaic em o Centro Nacional de Aplicações de Supercomputação (NCSA), logo fundou sua própria empresa, chamada Netscape, e lançou o Netscape Navigator, influenciado por o Mosaic, em 1994, que rapidamente se tornou o navegador mais popular de o mundo, respondendo por 90 % de todo o uso de a Web em o auge (consulte a participação de navegadores em a Web).",Qwen3OIE_4B,o Netscape Navigator,foi influenciado por,o Mosaic,3
"Andreessen, líder de a equipe Mosaic em o Centro Nacional de Aplicações de Supercomputação (NCSA), logo fundou sua própria empresa, chamada Netscape, e lançou o Netscape Navigator, influenciado por o Mosaic, em 1994, que rapidamente se tornou o navegador mais popular de o mundo, respondendo por 90 % de todo o uso de a Web em o auge (consulte a participação de navegadores em a Web).",Qwen3OIE_4B,o Netscape Navigator,se tornou,o navegador mais popular de o mundo,5
"Andreessen, líder de a equipe Mosaic em o Centro Nacional de Aplicações de Supercomputação (NCSA), logo fundou sua própria empresa, chamada Netscape, e lançou o Netscape Navigator, influenciado por o Mosaic, em 1994, que rapidamente se tornou o navegador mais popular de o mundo, respondendo por 90 % de todo o uso de a Web em o auge (consulte a participação de navegadores em a Web).",respostaGrok4.0Fast,Andreessen,lançou,o Netscape Navigator em 1994,5
"Andreessen, líder de a equipe Mosaic em o Centro Nacional de Aplicações de Supercomputação (NCSA), logo fundou sua própria empresa, chamada Netscape, e lançou o Netscape Navigator, influenciado por o Mosaic, em 1994, que rapidamente se tornou o navegador mais popular de o mundo, respondendo por 90 % de todo o uso de a Web em o auge (consulte a participação de navegadores em a Web).",respostas_gpt5.5_mini,Andreessen,lançou,o Netscape Navigator,5
"Andreessen, líder de a equipe Mosaic em o Centro Nacional de Aplicações de Supercomputação (NCSA), logo fundou sua própria empresa, chamada Netscape, e lançou o Netscape Navigator, influenciado por o Mosaic, em 1994, que rapidamente se tornou o navegador mais popular de o mundo, respondendo por 90 % de todo o uso de a Web em o auge (consulte a participação de navegadores em a Web).",respostas_gpt5.5_mini,o Netscape Navigator,se tornou,o navegador mais popular de o mundo,5
"Navegadores de a web modernos oferecem suporte a uma combinação de HTML e XHTML baseados em padrões e de fato, que devem ser renderizados de a mesma maneira por todos os navegadores.",LlamaPortOIE3,uma combinação de HTML e XHTML baseados em padrões,devem ser renderizados de a,mesma maneira por todos os navegadores,3
"Navegadores de a web modernos oferecem suporte a uma combinação de HTML e XHTML baseados em padrões e de fato, que devem ser renderizados de a mesma maneira por todos os navegadores.",Qwen3OIE_0_6B,uma combinação de HTML e XHTML baseados em padrões e de fato,devem ser renderizados de,a mesma maneira por todos os navegadores,3
"Navegadores de a web modernos oferecem suporte a uma combinação de HTML e XHTML baseados em padrões e de fato, que devem ser renderizados de a mesma maneira por todos os navegadores.",respostas_gpt5.5_mini,HTML e XHTML baseados em padrões e de fato,devem ser renderizados de,a mesma maneira por todos os navegadores,3
"O principal objetivo de um navegador de a web é trazer recursos de informação para o usuário (recuperação ou busca), permitindo que eles visualizem as informações (exibição, renderização) e acessem outras informações (navegação, seguindo links).",Qwen3OIE_0_6B,O principal objetivo de um navegador de a web,é trazer,recursos de informação para o usuário,3
"O principal objetivo de um navegador de a web é trazer recursos de informação para o usuário (recuperação ou busca), permitindo que eles visualizem as informações (exibição, renderização) e acessem outras informações (navegação, seguindo links).",respostaGrok4.0Fast,O principal objetivo de um navegador de a web,é trazer,recursos de informação para o usuário,3
"O principal objetivo de um navegador de a web é trazer recursos de informação para o usuário (recuperação ou busca), permitindo que eles visualizem as informações (exibição, renderização) e acessem outras informações (navegação, seguindo links).",respostas_gpt5.5_mini,O principal objetivo de um navegador de a web,é trazer,recursos de informação para o usuário,3
Boston (pronuncia-se i / ˈbɒstən /) é a capital e maior cidade de a Commonwealth of Massachusetts em os Estados Unidos.,Qwen3OIE_0_6B,Boston,é,a maior cidade de a Commonwealth of Massachusetts,3
Boston (pronuncia-se i / ˈbɒstən /) é a capital e maior cidade de a Commonwealth of Massachusetts em os Estados Unidos.,Qwen3OIE_4B,Boston,é,a maior cidade de a Commonwealth of Massachusetts em os Estados Unidos,3
Boston (pronuncia-se i / ˈbɒstən /) é a capital e maior cidade de a Commonwealth of Massachusetts em os Estados Unidos.,respostasGemini3.1Pro,Boston,é,maior cidade de a Commonwealth of Massachusetts,3
"Sua rica história atrai muitos turistas, com o Faneuil Hall atraindo mais de 20 milhões de visitantes por ano.",Claude_Sonnet5,o Faneuil Hall,atraindo,mais de 20 milhões de visitantes por ano,3
"Sua rica história atrai muitos turistas, com o Faneuil Hall atraindo mais de 20 milhões de visitantes por ano.",LlamaPortOIE3,o Faneuil Hall,atraindo,mais de 20 milhões de visitantes por ano,3
"Sua rica história atrai muitos turistas, com o Faneuil Hall atraindo mais de 20 milhões de visitantes por ano.",Qwen3OIE_0_6B,o Faneuil Hall,atrai,mais de 20 milhões de visitantes por ano,3
"Sua rica história atrai muitos turistas, com o Faneuil Hall atraindo mais de 20 milhões de visitantes por ano.",Qwen3OIE_4B,O Faneuil Hall,atrai,mais de 20 milhões de visitantes por ano,3
"Sua rica história atrai muitos turistas, com o Faneuil Hall atraindo mais de 20 milhões de visitantes por ano.",respostas_gpt5.5_mini,o Faneuil Hall,atrai,mais de 20 milhões de visitantes por ano,3
"Sua rica história atrai muitos turistas, com o Faneuil Hall atraindo mais de 20 milhões de visitantes por ano.",respostasGemini3.1Pro,o Faneuil Hall,atraindo,mais de 20 milhões de visitantes por ano,3
"Na época em que Boston foi declarada como cidade, a população era de 46.226 habitantes, enquanto a área de a cidade era de apenas 12 km2.",Claude_Sonnet5,a população,era de,46.226 habitantes,6
"Na época em que Boston foi declarada como cidade, a população era de 46.226 habitantes, enquanto a área de a cidade era de apenas 12 km2.",Claude_Sonnet5,a área de a cidade,era de,apenas 12 km2,6
"Na época em que Boston foi declarada como cidade, a população era de 46.226 habitantes, enquanto a área de a cidade era de apenas 12 km2.",LlamaPortOIE3,a população,era de,46.226 habitantes,6
"Na época em que Boston foi declarada como cidade, a população era de 46.226 habitantes, enquanto a área de a cidade era de apenas 12 km2.",LlamaPortOIE3,a área de a cidade,era de,apenas 12 km2,6
"Na época em que Boston foi declarada como cidade, a população era de 46.226 habitantes, enquanto a área de a cidade era de apenas 12 km2.",Qwen3OIE_0_6B,a população,era de,46.226 habitantes,6
"Na época em que Boston foi declarada como cidade, a população era de 46.226 habitantes, enquanto a área de a cidade era de apenas 12 km2.",Qwen3OIE_0_6B,a área de a cidade,era de,apenas 12 km2,6
"Na época em que Boston foi declarada como cidade, a população era de 46.226 habitantes, enquanto a área de a cidade era de apenas 12 km2.",Qwen3OIE_4B,a área de Boston,era de,apenas 12 km2,6
"Na época em que Boston foi declarada como cidade, a população era de 46.226 habitantes, enquanto a área de a cidade era de apenas 12 km2.",respostaGrok4.0Fast,a população,era de,46.226 habitantes,6
"Na época em que Boston foi declarada como cidade, a população era de 46.226 habitantes, enquanto a área de a cidade era de apenas 12 km2.",respostas_gpt5.5_mini,a população,era de,46.226 habitantes,6
"Na época em que Boston foi declarada como cidade, a população era de 46.226 habitantes, enquanto a área de a cidade era de apenas 12 km2.",respostas_gpt5.5_mini,a área de a cidade,era de,apenas 12 km2,6
"Na época em que Boston foi declarada como cidade, a população era de 46.226 habitantes, enquanto a área de a cidade era de apenas 12 km2.",respostasGemini3.1Pro,a população,era de,46.226 habitantes,6
"Na época em que Boston foi declarada como cidade, a população era de 46.226 habitantes, enquanto a área de a cidade era de apenas 12 km2.",respostasGemini3.1Pro,a área de a cidade,era de,apenas 12 km2,6
"O rio Charles separa Boston de Watertown e a maioria de Cambridge, e a massa de Boston de seu próprio bairro de Charlestown.",Claude_Sonnet5,O rio Charles,separa,a maioria de Cambridge,6
"O rio Charles separa Boston de Watertown e a maioria de Cambridge, e a massa de Boston de seu próprio bairro de Charlestown.",Claude_Sonnet5,O rio Charles,separa,a massa de Boston de seu próprio bairro de Charlestown,6
"O rio Charles separa Boston de Watertown e a maioria de Cambridge, e a massa de Boston de seu próprio bairro de Charlestown.",LlamaPortOIE3,O rio Charles,separa,"Boston de Watertown e a maioria de Cambridge, e a massa de Boston de seu próprio bairro de Charlestown",6
"O rio Charles separa Boston de Watertown e a maioria de Cambridge, e a massa de Boston de seu próprio bairro de Charlestown.",Qwen3OIE_0_6B,O rio Charles,separa,a maioria de Cambridge,6
"O rio Charles separa Boston de Watertown e a maioria de Cambridge, e a massa de Boston de seu próprio bairro de Charlestown.",Qwen3OIE_0_6B,O rio Charles,separa,a massa de Boston de seu próprio bairro de Charlestown,6
"O rio Charles separa Boston de Watertown e a maioria de Cambridge, e a massa de Boston de seu próprio bairro de Charlestown.",Qwen3OIE_4B,O rio Charles,separa,a maioria de Cambridge,6
"O rio Charles separa Boston de Watertown e a maioria de Cambridge, e a massa de Boston de seu próprio bairro de Charlestown.",Qwen3OIE_4B,O rio Charles,separa,a massa de Boston de seu próprio bairro de Charlestown,6
"O rio Charles separa Boston de Watertown e a maioria de Cambridge, e a massa de Boston de seu próprio bairro de Charlestown.",respostaGrok4.0Fast,O rio Charles,separa,Boston de Watertown e a maioria de Cambridge,6
"O rio Charles separa Boston de Watertown e a maioria de Cambridge, e a massa de Boston de seu próprio bairro de Charlestown.",respostas_gpt5.5_mini,O rio Charles,separa,a maioria de Cambridge,6
"O rio Charles separa Boston de Watertown e a maioria de Cambridge, e a massa de Boston de seu próprio bairro de Charlestown.",respostas_gpt5.5_mini,O rio Charles,separa,a massa de Boston de seu próprio bairro de Charlestown,6
"O rio Charles separa Boston de Watertown e a maioria de Cambridge, e a massa de Boston de seu próprio bairro de Charlestown.",respostasGemini3.1Pro,O rio Charles,separa,Boston de a maioria de Cambridge,6
"O rio Charles separa Boston de Watertown e a maioria de Cambridge, e a massa de Boston de seu próprio bairro de Charlestown.",respostasGemini3.1Pro,O rio Charles,separa,a massa de Boston de seu próprio bairro de Charlestown,6
"O mês mais frio é janeiro, com uma média de 29,0 ° F (-1,7 ° C).",Claude_Sonnet5,janeiro,tem,"uma média de 29,0 ° F (-1,7 ° C)",3
"O mês mais frio é janeiro, com uma média de 29,0 ° F (-1,7 ° C).",Qwen3OIE_4B,janeiro,tem,"uma média de 29,0 ° F (-1,7 ° C)",3
"O mês mais frio é janeiro, com uma média de 29,0 ° F (-1,7 ° C).",respostas_gpt5.5_mini,janeiro,tem,"uma média de 29,0 ° F (-1,7 ° C)",3
"O Boston Red Sox, membro fundador de a Liga Americana de Major League Baseball em 1901, joga seus jogos em casa em o Fenway Park, perto de Kenmore Square, em a seção Fenway de a cidade.",Claude_Sonnet5,O Boston Red Sox,joga seus jogos em casa em,o Fenway Park,3
"O Boston Red Sox, membro fundador de a Liga Americana de Major League Baseball em 1901, joga seus jogos em casa em o Fenway Park, perto de Kenmore Square, em a seção Fenway de a cidade.",Qwen3OIE_0_6B,O Boston Red Sox,é,membro fundador de a Liga Americana de Major League Baseball,3
"O Boston Red Sox, membro fundador de a Liga Americana de Major League Baseball em 1901, joga seus jogos em casa em o Fenway Park, perto de Kenmore Square, em a seção Fenway de a cidade.",Qwen3OIE_0_6B,O Boston Red Sox,joga seus jogos em casa em,o Fenway Park,3
"O Boston Red Sox, membro fundador de a Liga Americana de Major League Baseball em 1901, joga seus jogos em casa em o Fenway Park, perto de Kenmore Square, em a seção Fenway de a cidade.",Qwen3OIE_4B,O Boston Red Sox,é,membro fundador de a Liga Americana de Major League Baseball em 1901,3
"O Boston Red Sox, membro fundador de a Liga Americana de Major League Baseball em 1901, joga seus jogos em casa em o Fenway Park, perto de Kenmore Square, em a seção Fenway de a cidade.",Qwen3OIE_4B,O Boston Red Sox,joga seus jogos em casa em,o Fenway Park,3
"O Boston Red Sox, membro fundador de a Liga Americana de Major League Baseball em 1901, joga seus jogos em casa em o Fenway Park, perto de Kenmore Square, em a seção Fenway de a cidade.",respostas_gpt5.5_mini,O Boston Red Sox,é,membro fundador de a Liga Americana de Major League Baseball em 1901,3
"O Aeroporto Logan, localizado em East Boston e operado por a Massachusetts Port Authority (Massport), é o principal aeroporto de Boston.",Claude_Sonnet5,O Aeroporto Logan,localizado em,East Boston,4
"O Aeroporto Logan, localizado em East Boston e operado por a Massachusetts Port Authority (Massport), é o principal aeroporto de Boston.",Claude_Sonnet5,O Aeroporto Logan,operado por,a Massachusetts Port Authority (Massport),5
"O Aeroporto Logan, localizado em East Boston e operado por a Massachusetts Port Authority (Massport), é o principal aeroporto de Boston.",Qwen3OIE_0_6B,O Aeroporto Logan,é localizado em,East Boston,4
"O Aeroporto Logan, localizado em East Boston e operado por a Massachusetts Port Authority (Massport), é o principal aeroporto de Boston.",Qwen3OIE_0_6B,O Aeroporto Logan,é operado por,a Massachusetts Port Authority (Massport),5
"O Aeroporto Logan, localizado em East Boston e operado por a Massachusetts Port Authority (Massport), é o principal aeroporto de Boston.",Qwen3OIE_4B,O Aeroporto Logan,é localizado em,East Boston,4
"O Aeroporto Logan, localizado em East Boston e operado por a Massachusetts Port Authority (Massport), é o principal aeroporto de Boston.",Qwen3OIE_4B,O Aeroporto Logan,é operado por,a Massachusetts Port Authority (Massport),5
"O Aeroporto Logan, localizado em East Boston e operado por a Massachusetts Port Authority (Massport), é o principal aeroporto de Boston.",respostas_gpt5.5_mini,Aeroporto Logan,é operado por,a Massachusetts Port Authority (Massport),5
"O Aeroporto Logan, localizado em East Boston e operado por a Massachusetts Port Authority (Massport), é o principal aeroporto de Boston.",respostasGemini3.1Pro,O Aeroporto Logan,localizado em,East Boston,4
"O Aeroporto Logan, localizado em East Boston e operado por a Massachusetts Port Authority (Massport), é o principal aeroporto de Boston.",respostasGemini3.1Pro,O Aeroporto Logan,operado por,a Massachusetts Port Authority,5
"O Ateneu de Boston (uma de as bibliotecas independentes mais antigas de os Estados Unidos), o Museu Infantil de Boston, o Bull & Finch Pub (cujo prédio é conhecido por o programa de televisão Cheers), o Museum of Science e o New England Aquarium estão dentro de a cidade.",Claude_Sonnet5,O Ateneu de Boston,está dentro de,a cidade,5
"O Ateneu de Boston (uma de as bibliotecas independentes mais antigas de os Estados Unidos), o Museu Infantil de Boston, o Bull & Finch Pub (cujo prédio é conhecido por o programa de televisão Cheers), o Museum of Science e o New England Aquarium estão dentro de a cidade.",Claude_Sonnet5,o Bull & Finch Pub,está dentro de,a cidade,5
"O Ateneu de Boston (uma de as bibliotecas independentes mais antigas de os Estados Unidos), o Museu Infantil de Boston, o Bull & Finch Pub (cujo prédio é conhecido por o programa de televisão Cheers), o Museum of Science e o New England Aquarium estão dentro de a cidade.",Claude_Sonnet5,o Museum of Science,está dentro de,a cidade,5
"O Ateneu de Boston (uma de as bibliotecas independentes mais antigas de os Estados Unidos), o Museu Infantil de Boston, o Bull & Finch Pub (cujo prédio é conhecido por o programa de televisão Cheers), o Museum of Science e o New England Aquarium estão dentro de a cidade.",Claude_Sonnet5,o New England Aquarium,está dentro de,a cidade,5
"O Ateneu de Boston (uma de as bibliotecas independentes mais antigas de os Estados Unidos), o Museu Infantil de Boston, o Bull & Finch Pub (cujo prédio é conhecido por o programa de televisão Cheers), o Museum of Science e o New England Aquarium estão dentro de a cidade.",Claude_Sonnet5,o Bull & Finch Pub,cujo prédio é conhecido por,o programa de televisão Cheers,3
"O Ateneu de Boston (uma de as bibliotecas independentes mais antigas de os Estados Unidos), o Museu Infantil de Boston, o Bull & Finch Pub (cujo prédio é conhecido por o programa de televisão Cheers), o Museum of Science e o New England Aquarium estão dentro de a cidade.",Qwen3OIE_0_6B,O Ateneu de Boston,está dentro de,a cidade,5
"O Ateneu de Boston (uma de as bibliotecas independentes mais antigas de os Estados Unidos), o Museu Infantil de Boston, o Bull & Finch Pub (cujo prédio é conhecido por o programa de televisão Cheers), o Museum of Science e o New England Aquarium estão dentro de a cidade.",Qwen3OIE_0_6B,O Bull & Finch Pub,está dentro de,a cidade,5
"O Ateneu de Boston (uma de as bibliotecas independentes mais antigas de os Estados Unidos), o Museu Infantil de Boston, o Bull & Finch Pub (cujo prédio é conhecido por o programa de televisão Cheers), o Museum of Science e o New England Aquarium estão dentro de a cidade.",Qwen3OIE_0_6B,O Museum of Science,está dentro de,a cidade,5
"O Ateneu de Boston (uma de as bibliotecas independentes mais antigas de os Estados Unidos), o Museu Infantil de Boston, o Bull & Finch Pub (cujo prédio é conhecido por o programa de televisão Cheers), o Museum of Science e o New England Aquarium estão dentro de a cidade.",Qwen3OIE_0_6B,O New England Aquarium,está dentro de,a cidade,5
"O Ateneu de Boston (uma de as bibliotecas independentes mais antigas de os Estados Unidos), o Museu Infantil de Boston, o Bull & Finch Pub (cujo prédio é conhecido por o programa de televisão Cheers), o Museum of Science e o New England Aquarium estão dentro de a cidade.",Qwen3OIE_4B,O Ateneu de Boston,está dentro de,a cidade,5
"O Ateneu de Boston (uma de as bibliotecas independentes mais antigas de os Estados Unidos), o Museu Infantil de Boston, o Bull & Finch Pub (cujo prédio é conhecido por o programa de televisão Cheers), o Museum of Science e o New England Aquarium estão dentro de a cidade.",Qwen3OIE_4B,o Bull & Finch Pub,está dentro de,a cidade,5
"O Ateneu de Boston (uma de as bibliotecas independentes mais antigas de os Estados Unidos), o Museu Infantil de Boston, o Bull & Finch Pub (cujo prédio é conhecido por o programa de televisão Cheers), o Museum of Science e o New England Aquarium estão dentro de a cidade.",Qwen3OIE_4B,o prédio do Bull & Finch Pub,é conhecido por,o programa de televisão Cheers,3
"O Ateneu de Boston (uma de as bibliotecas independentes mais antigas de os Estados Unidos), o Museu Infantil de Boston, o Bull & Finch Pub (cujo prédio é conhecido por o programa de televisão Cheers), o Museum of Science e o New England Aquarium estão dentro de a cidade.",Qwen3OIE_4B,o Museum of Science,está dentro de,a cidade,5
"O Ateneu de Boston (uma de as bibliotecas independentes mais antigas de os Estados Unidos), o Museu Infantil de Boston, o Bull & Finch Pub (cujo prédio é conhecido por o programa de televisão Cheers), o Museum of Science e o New England Aquarium estão dentro de a cidade.",Qwen3OIE_4B,o New England Aquarium,está dentro de,a cidade,5
"O Ateneu de Boston (uma de as bibliotecas independentes mais antigas de os Estados Unidos), o Museu Infantil de Boston, o Bull & Finch Pub (cujo prédio é conhecido por o programa de televisão Cheers), o Museum of Science e o New England Aquarium estão dentro de a cidade.",respostas_gpt5.5_mini,O Ateneu de Boston,está dentro de,a cidade,5
"O Ateneu de Boston (uma de as bibliotecas independentes mais antigas de os Estados Unidos), o Museu Infantil de Boston, o Bull & Finch Pub (cujo prédio é conhecido por o programa de televisão Cheers), o Museum of Science e o New England Aquarium estão dentro de a cidade.",respostas_gpt5.5_mini,o Bull & Finch Pub,está dentro de,a cidade,5
"O Ateneu de Boston (uma de as bibliotecas independentes mais antigas de os Estados Unidos), o Museu Infantil de Boston, o Bull & Finch Pub (cujo prédio é conhecido por o programa de televisão Cheers), o Museum of Science e o New England Aquarium estão dentro de a cidade.",respostas_gpt5.5_mini,o Museum of Science,está dentro de,a cidade,5
"O Ateneu de Boston (uma de as bibliotecas independentes mais antigas de os Estados Unidos), o Museu Infantil de Boston, o Bull & Finch Pub (cujo prédio é conhecido por o programa de televisão Cheers), o Museum of Science e o New England Aquarium estão dentro de a cidade.",respostas_gpt5.5_mini,o New England Aquarium,está dentro de,a cidade,5
"O Ateneu de Boston (uma de as bibliotecas independentes mais antigas de os Estados Unidos), o Museu Infantil de Boston, o Bull & Finch Pub (cujo prédio é conhecido por o programa de televisão Cheers), o Museum of Science e o New England Aquarium estão dentro de a cidade.",respostas_gpt5.5_mini,o prédio do Bull & Finch Pub,é conhecido por,o programa de televisão Cheers,3
"O Ateneu de Boston (uma de as bibliotecas independentes mais antigas de os Estados Unidos), o Museu Infantil de Boston, o Bull & Finch Pub (cujo prédio é conhecido por o programa de televisão Cheers), o Museum of Science e o New England Aquarium estão dentro de a cidade.",respostasGemini3.1Pro,O Ateneu de Boston,estão dentro de,a cidade,5
"O Ateneu de Boston (uma de as bibliotecas independentes mais antigas de os Estados Unidos), o Museu Infantil de Boston, o Bull & Finch Pub (cujo prédio é conhecido por o programa de televisão Cheers), o Museum of Science e o New England Aquarium estão dentro de a cidade.",respostasGemini3.1Pro,o Bull & Finch Pub,estão dentro de,a cidade,5
"O Ateneu de Boston (uma de as bibliotecas independentes mais antigas de os Estados Unidos), o Museu Infantil de Boston, o Bull & Finch Pub (cujo prédio é conhecido por o programa de televisão Cheers), o Museum of Science e o New England Aquarium estão dentro de a cidade.",respostasGemini3.1Pro,o Museum of Science,estão dentro de,a cidade,5
"O Ateneu de Boston (uma de as bibliotecas independentes mais antigas de os Estados Unidos), o Museu Infantil de Boston, o Bull & Finch Pub (cujo prédio é conhecido por o programa de televisão Cheers), o Museum of Science e o New England Aquarium estão dentro de a cidade.",respostasGemini3.1Pro,o New England Aquarium,estão dentro de,a cidade,5
"Um de os eventos esportivos mais conhecidos de a cidade é uma maratona de Boston, a corrida de 42,2 km que é a maratona anual mais antiga de o mundo, realizada em o dia de os patriotas em abril.",Qwen3OIE_0_6B,"a corrida de 42,2 km",é realizada em,o dia de os patriotas em abril,3
"A órbita de o Compass-M1 é quase circular, tem uma altitude de 21.150 km e uma inclinação de 55,5 graus.",Claude_Sonnet5,A órbita de o Compass-M1,tem,uma altitude de 21.150 km,7
"A órbita de o Compass-M1 é quase circular, tem uma altitude de 21.150 km e uma inclinação de 55,5 graus.",Claude_Sonnet5,A órbita de o Compass-M1,tem,"uma inclinação de 55,5 graus",6
"A órbita de o Compass-M1 é quase circular, tem uma altitude de 21.150 km e uma inclinação de 55,5 graus.",LlamaPortOIE3,A órbita de o Compass-M1,tem,uma altitude de 21.150 km,7
"A órbita de o Compass-M1 é quase circular, tem uma altitude de 21.150 km e uma inclinação de 55,5 graus.",LlamaPortOIE3,A órbita de o Compass-M1,tem,"uma inclinação de 55,5 graus",6
"A órbita de o Compass-M1 é quase circular, tem uma altitude de 21.150 km e uma inclinação de 55,5 graus.",Qwen3OIE_0_6B,A órbita de o Compass-M1,tem,uma altitude de 21.150 km,7
"A órbita de o Compass-M1 é quase circular, tem uma altitude de 21.150 km e uma inclinação de 55,5 graus.",Qwen3OIE_0_6B,A órbita de o Compass-M1,tem,"uma inclinação de 55,5 graus",6
"A órbita de o Compass-M1 é quase circular, tem uma altitude de 21.150 km e uma inclinação de 55,5 graus.",Qwen3OIE_4B,A órbita de o Compass-M1,tem,uma altitude de 21.150 km,7
"A órbita de o Compass-M1 é quase circular, tem uma altitude de 21.150 km e uma inclinação de 55,5 graus.",Qwen3OIE_4B,A órbita de o Compass-M1,tem,"uma inclinação de 55,5 graus",6
"A órbita de o Compass-M1 é quase circular, tem uma altitude de 21.150 km e uma inclinação de 55,5 graus.",respostaGrok4.0Fast,A órbita de o Compass-M1,tem,uma altitude de 21.150 km,7
"A órbita de o Compass-M1 é quase circular, tem uma altitude de 21.150 km e uma inclinação de 55,5 graus.",respostas_gpt5.5_mini,A órbita de o Compass-M1,tem,uma altitude de 21.150 km,7
"A órbita de o Compass-M1 é quase circular, tem uma altitude de 21.150 km e uma inclinação de 55,5 graus.",respostas_gpt5.5_mini,A órbita de o Compass-M1,tem,"uma inclinação de 55,5 graus",6
"A órbita de o Compass-M1 é quase circular, tem uma altitude de 21.150 km e uma inclinação de 55,5 graus.",respostasGemini3.1Pro,A órbita de o Compass-M1,tem,uma altitude de 21.150 km,7
"A órbita de o Compass-M1 é quase circular, tem uma altitude de 21.150 km e uma inclinação de 55,5 graus.",respostasGemini3.1Pro,A órbita de o Compass-M1,tem,"uma inclinação de 55,5 graus",6
"O Compass-M1 transmite em 3 bandas E2, E5B e E6.",Claude_Sonnet5,O Compass-M1,transmite em,"3 bandas E2, E5B e E6",4
"O Compass-M1 transmite em 3 bandas E2, E5B e E6.",Qwen3OIE_0_6B,O Compass-M1,transmite em,"3 bandas E2, E5B e E6",4
"O Compass-M1 transmite em 3 bandas E2, E5B e E6.",respostaGrok4.0Fast,O Compass-M1,transmite em,"3 bandas E2, E5B e E6",4
"O Compass-M1 transmite em 3 bandas E2, E5B e E6.",respostas_gpt5.5_mini,O Compass-M1,transmite em,"3 bandas E2, E5B e E6",4
"Logo após a Revolução Francesa (1789), a Primeira República Francesa proibiu o uso oficial e adotou políticas discriminatórias contra as línguas não padronizadas de a França (patois), como catalão, alsaciano, bretão, occitânico, flamengo e basco.",Claude_Sonnet5,a Primeira República Francesa,adotou,políticas discriminatórias contra as línguas não padronizadas de a França,6
"Logo após a Revolução Francesa (1789), a Primeira República Francesa proibiu o uso oficial e adotou políticas discriminatórias contra as línguas não padronizadas de a França (patois), como catalão, alsaciano, bretão, occitânico, flamengo e basco.",LlamaPortOIE3,a Primeira República Francesa,adotou,políticas discriminatórias contra as línguas não padronizadas de a França,6
"Logo após a Revolução Francesa (1789), a Primeira República Francesa proibiu o uso oficial e adotou políticas discriminatórias contra as línguas não padronizadas de a França (patois), como catalão, alsaciano, bretão, occitânico, flamengo e basco.",Qwen3OIE_0_6B,a Primeira República Francesa,adotou,políticas discriminatórias contra as línguas não padronizadas de a França (patois),6
"Logo após a Revolução Francesa (1789), a Primeira República Francesa proibiu o uso oficial e adotou políticas discriminatórias contra as línguas não padronizadas de a França (patois), como catalão, alsaciano, bretão, occitânico, flamengo e basco.",Qwen3OIE_4B,a Primeira República Francesa,adotou,políticas discriminatórias contra as línguas não padronizadas de a França (patois),6
"Logo após a Revolução Francesa (1789), a Primeira República Francesa proibiu o uso oficial e adotou políticas discriminatórias contra as línguas não padronizadas de a França (patois), como catalão, alsaciano, bretão, occitânico, flamengo e basco.",respostas_gpt5.5_mini,a Primeira República Francesa,adotou,políticas discriminatórias contra as línguas não padronizadas de a França (patois),6
"Logo após a Revolução Francesa (1789), a Primeira República Francesa proibiu o uso oficial e adotou políticas discriminatórias contra as línguas não padronizadas de a França (patois), como catalão, alsaciano, bretão, occitânico, flamengo e basco.",respostasGemini3.1Pro,a Primeira República Francesa,adotou,políticas discriminatórias contra as línguas não padronizadas de a França,6
"O ensino de o catalão é obrigatório em todas as escolas, mas é possível usar o espanhol para estudar em o sistema de ensino público de a Catalunha em duas situações, se o professor designado para uma turma optar por usar o espanhol ou durante o processo de aprendizagem de um ou mais alunos.",Claude_Sonnet5,o professor designado para uma turma,optar por usar,o espanhol,4
"O ensino de o catalão é obrigatório em todas as escolas, mas é possível usar o espanhol para estudar em o sistema de ensino público de a Catalunha em duas situações, se o professor designado para uma turma optar por usar o espanhol ou durante o processo de aprendizagem de um ou mais alunos.",Qwen3OIE_0_6B,O professor designado para uma turma,optar por usar,o espanhol,4
"O ensino de o catalão é obrigatório em todas as escolas, mas é possível usar o espanhol para estudar em o sistema de ensino público de a Catalunha em duas situações, se o professor designado para uma turma optar por usar o espanhol ou durante o processo de aprendizagem de um ou mais alunos.",Qwen3OIE_4B,o professor designado para uma turma,optar por usar,o espanhol,4
"O ensino de o catalão é obrigatório em todas as escolas, mas é possível usar o espanhol para estudar em o sistema de ensino público de a Catalunha em duas situações, se o professor designado para uma turma optar por usar o espanhol ou durante o processo de aprendizagem de um ou mais alunos.",respostas_gpt5.5_mini,o professor designado para uma turma,optar por usar,o espanhol,4
"Uma definição operacional ampla às vezes é usada para abranger a complexidade desses fenômenos diversos, onde um gene é definido como uma união de sequências genômicas que codificam um conjunto coerente de produtos funcionais potencialmente sobrepostos.",Claude_Sonnet5,Uma definição operacional ampla,às vezes é usada para abranger,a complexidade desses fenômenos diversos,6
"Uma definição operacional ampla às vezes é usada para abranger a complexidade desses fenômenos diversos, onde um gene é definido como uma união de sequências genômicas que codificam um conjunto coerente de produtos funcionais potencialmente sobrepostos.",LlamaPortOIE3,Uma definição operacional ampla,é usada para abranger,a complexidade desses fenômenos diversos,6
"Uma definição operacional ampla às vezes é usada para abranger a complexidade desses fenômenos diversos, onde um gene é definido como uma união de sequências genômicas que codificam um conjunto coerente de produtos funcionais potencialmente sobrepostos.",LlamaPortOIE3,um gene,é definido como,uma união de sequências genômicas que codificam um conjunto coerente de produtos funcionais potencialmente sobrepostos,5
"Uma definição operacional ampla às vezes é usada para abranger a complexidade desses fenômenos diversos, onde um gene é definido como uma união de sequências genômicas que codificam um conjunto coerente de produtos funcionais potencialmente sobrepostos.",Qwen3OIE_0_6B,Uma definição operacional ampla,é usada para abranger,a complexidade desses fenômenos diversos,6
"Uma definição operacional ampla às vezes é usada para abranger a complexidade desses fenômenos diversos, onde um gene é definido como uma união de sequências genômicas que codificam um conjunto coerente de produtos funcionais potencialmente sobrepostos.",Qwen3OIE_0_6B,um gene,é definido como,uma união de sequências genômicas que codificam um conjunto coerente de produtos funcionais potencialmente sobrepostos,5
"Uma definição operacional ampla às vezes é usada para abranger a complexidade desses fenômenos diversos, onde um gene é definido como uma união de sequências genômicas que codificam um conjunto coerente de produtos funcionais potencialmente sobrepostos.",Qwen3OIE_4B,Uma definição operacional ampla,é usada para abranger,a complexidade desses fenômenos diversos,6
"Uma definição operacional ampla às vezes é usada para abranger a complexidade desses fenômenos diversos, onde um gene é definido como uma união de sequências genômicas que codificam um conjunto coerente de produtos funcionais potencialmente sobrepostos.",Qwen3OIE_4B,um gene,é definido como,uma união de sequências genômicas que codificam um conjunto coerente de produtos funcionais potencialmente sobrepostos,5
"Uma definição operacional ampla às vezes é usada para abranger a complexidade desses fenômenos diversos, onde um gene é definido como uma união de sequências genômicas que codificam um conjunto coerente de produtos funcionais potencialmente sobrepostos.",respostaGrok4.0Fast,um gene,é definido como,uma união de sequências genômicas que codificam um conjunto coerente de produtos funcionais potencialmente sobrepostos,5
"Uma definição operacional ampla às vezes é usada para abranger a complexidade desses fenômenos diversos, onde um gene é definido como uma união de sequências genômicas que codificam um conjunto coerente de produtos funcionais potencialmente sobrepostos.",respostas_gpt5.5_mini,Uma definição operacional ampla,é usada para abranger,a complexidade desses fenômenos diversos,6
"Uma definição operacional ampla às vezes é usada para abranger a complexidade desses fenômenos diversos, onde um gene é definido como uma união de sequências genômicas que codificam um conjunto coerente de produtos funcionais potencialmente sobrepostos.",respostasGemini3.1Pro,Uma definição operacional ampla,é usada para abranger,a complexidade desses fenômenos diversos,6
"Uma definição operacional ampla às vezes é usada para abranger a complexidade desses fenômenos diversos, onde um gene é definido como uma união de sequências genômicas que codificam um conjunto coerente de produtos funcionais potencialmente sobrepostos.",respostasGemini3.1Pro,um gene,é definido como,uma união de sequências genômicas que codificam um conjunto coerente de produtos funcionais potencialmente sobrepostos,5
"A partir de o século XVI, a literatura catalã sofreu um declínio, a língua ficou sob a influência de o espanhol e as aulas de urbano e literário tornaram-se bilíngues.",Claude_Sonnet5,as aulas de urbano e literário,tornaram-se,bilíngues,6
"A partir de o século XVI, a literatura catalã sofreu um declínio, a língua ficou sob a influência de o espanhol e as aulas de urbano e literário tornaram-se bilíngues.",LlamaPortOIE3,as aulas de urbano e literário,tornaram-se,bilíngues,6
"A partir de o século XVI, a literatura catalã sofreu um declínio, a língua ficou sob a influência de o espanhol e as aulas de urbano e literário tornaram-se bilíngues.",Qwen3OIE_0_6B,a língua,tornou-se sob a influência de,o espanhol,3
"A partir de o século XVI, a literatura catalã sofreu um declínio, a língua ficou sob a influência de o espanhol e as aulas de urbano e literário tornaram-se bilíngues.",Qwen3OIE_0_6B,as aulas de urbano e literário,tornaram-se,bilíngues,6
"A partir de o século XVI, a literatura catalã sofreu um declínio, a língua ficou sob a influência de o espanhol e as aulas de urbano e literário tornaram-se bilíngues.",Qwen3OIE_4B,a língua,ficou sob a influência de,o espanhol,3
"A partir de o século XVI, a literatura catalã sofreu um declínio, a língua ficou sob a influência de o espanhol e as aulas de urbano e literário tornaram-se bilíngues.",Qwen3OIE_4B,as aulas de urbano e literário,tornaram-se,bilíngues,6
"A partir de o século XVI, a literatura catalã sofreu um declínio, a língua ficou sob a influência de o espanhol e as aulas de urbano e literário tornaram-se bilíngues.",respostas_gpt5.5_mini,a língua,ficou sob a influência de,o espanhol,3
"A partir de o século XVI, a literatura catalã sofreu um declínio, a língua ficou sob a influência de o espanhol e as aulas de urbano e literário tornaram-se bilíngues.",respostas_gpt5.5_mini,as aulas de urbano e literário,tornaram-se,bilíngues,6
"A partir de o século XVI, a literatura catalã sofreu um declínio, a língua ficou sob a influência de o espanhol e as aulas de urbano e literário tornaram-se bilíngues.",respostasGemini3.1Pro,as aulas de urbano e literário,tornaram-se,bilíngues,6
"Equipe principal de alguns de os jogadores mais conceituados de a AFL, incluindo George LaFrance e Gary e Alvin Rettig, além de ser uma segunda chance de carreira para o quarterback Art Schlichter, o Drive jogava regularmente antes de lotar o estádio Joe Louis Arena, e foi a o ArenaBowl todos os anos de sua existência (1988-1993).",Claude_Sonnet5,o Drive,foi a,o ArenaBowl,3
"Equipe principal de alguns de os jogadores mais conceituados de a AFL, incluindo George LaFrance e Gary e Alvin Rettig, além de ser uma segunda chance de carreira para o quarterback Art Schlichter, o Drive jogava regularmente antes de lotar o estádio Joe Louis Arena, e foi a o ArenaBowl todos os anos de sua existência (1988-1993).",respostas_gpt5.5_mini,o Drive,foi a,o ArenaBowl,3
"Equipe principal de alguns de os jogadores mais conceituados de a AFL, incluindo George LaFrance e Gary e Alvin Rettig, além de ser uma segunda chance de carreira para o quarterback Art Schlichter, o Drive jogava regularmente antes de lotar o estádio Joe Louis Arena, e foi a o ArenaBowl todos os anos de sua existência (1988-1993).",respostasGemini3.1Pro,o Drive,foi a,o ArenaBowl,3
"O início de a década de 1990 marcou o abrandamento de o R&B urbano, a o mesmo tempo em que o rock alternativo surgiu e o pop tradicional teve um ressurgimento significativo.",Claude_Sonnet5,o pop tradicional,teve,um ressurgimento significativo,4
"O início de a década de 1990 marcou o abrandamento de o R&B urbano, a o mesmo tempo em que o rock alternativo surgiu e o pop tradicional teve um ressurgimento significativo.",Qwen3OIE_4B,o pop tradicional,teve,um ressurgimento significativo,4
"O início de a década de 1990 marcou o abrandamento de o R&B urbano, a o mesmo tempo em que o rock alternativo surgiu e o pop tradicional teve um ressurgimento significativo.",respostas_gpt5.5_mini,o pop tradicional,teve,um ressurgimento significativo,4
"O início de a década de 1990 marcou o abrandamento de o R&B urbano, a o mesmo tempo em que o rock alternativo surgiu e o pop tradicional teve um ressurgimento significativo.",respostasGemini3.1Pro,o pop tradicional,teve,um ressurgimento significativo,4
"Denominado o equivalente acústico a o Prozac, contemporâneo adulto suave, uma versão mais voltada para adultos de o AC, nasceu em o final de a década de 1970 e cresceu em o início de os anos 80.",Claude_Sonnet5,contemporâneo adulto suave,nasceu em,o final de a década de 1970,4
"Denominado o equivalente acústico a o Prozac, contemporâneo adulto suave, uma versão mais voltada para adultos de o AC, nasceu em o final de a década de 1970 e cresceu em o início de os anos 80.",Claude_Sonnet5,contemporâneo adulto suave,cresceu em,o início de os anos 80,3
"Denominado o equivalente acústico a o Prozac, contemporâneo adulto suave, uma versão mais voltada para adultos de o AC, nasceu em o final de a década de 1970 e cresceu em o início de os anos 80.",respostaGrok4.0Fast,contemporâneo adulto suave,nasceu em,o final de a década de 1970,4
"Denominado o equivalente acústico a o Prozac, contemporâneo adulto suave, uma versão mais voltada para adultos de o AC, nasceu em o final de a década de 1970 e cresceu em o início de os anos 80.",respostas_gpt5.5_mini,contemporâneo adulto suave,nasceu em,o final de a década de 1970,4
"Denominado o equivalente acústico a o Prozac, contemporâneo adulto suave, uma versão mais voltada para adultos de o AC, nasceu em o final de a década de 1970 e cresceu em o início de os anos 80.",respostas_gpt5.5_mini,contemporâneo adulto suave,cresceu em,o início de os anos 80,3
"Denominado o equivalente acústico a o Prozac, contemporâneo adulto suave, uma versão mais voltada para adultos de o AC, nasceu em o final de a década de 1970 e cresceu em o início de os anos 80.",respostasGemini3.1Pro,contemporâneo adulto suave,nasceu em,o final de a década de 1970,4
"Denominado o equivalente acústico a o Prozac, contemporâneo adulto suave, uma versão mais voltada para adultos de o AC, nasceu em o final de a década de 1970 e cresceu em o início de os anos 80.",respostasGemini3.1Pro,contemporâneo adulto suave,cresceu em,o início de os anos 80,3
"Desde 1560, em o entanto, o edifício não é mais uma abadia nem uma catedral, tendo o status de Igreja de a Inglaterra Peculiar Real - uma igreja responsável diretamente por o soberano.",Claude_Sonnet5,o edifício,desde 1560 não é mais,uma catedral,5
"Desde 1560, em o entanto, o edifício não é mais uma abadia nem uma catedral, tendo o status de Igreja de a Inglaterra Peculiar Real - uma igreja responsável diretamente por o soberano.",Claude_Sonnet5,o edifício,tendo,o status de Igreja de a Inglaterra Peculiar Real,3
"Desde 1560, em o entanto, o edifício não é mais uma abadia nem uma catedral, tendo o status de Igreja de a Inglaterra Peculiar Real - uma igreja responsável diretamente por o soberano.",LlamaPortOIE3,o edifício,tendo,o status de Igreja de a Inglaterra Peculiar Real,3
"Desde 1560, em o entanto, o edifício não é mais uma abadia nem uma catedral, tendo o status de Igreja de a Inglaterra Peculiar Real - uma igreja responsável diretamente por o soberano.",Qwen3OIE_0_6B,o edifício,não é mais,uma catedral,5
"Desde 1560, em o entanto, o edifício não é mais uma abadia nem uma catedral, tendo o status de Igreja de a Inglaterra Peculiar Real - uma igreja responsável diretamente por o soberano.",Qwen3OIE_4B,o edifício,não é mais,uma catedral,5
"Desde 1560, em o entanto, o edifício não é mais uma abadia nem uma catedral, tendo o status de Igreja de a Inglaterra Peculiar Real - uma igreja responsável diretamente por o soberano.",respostas_gpt5.5_mini,o edifício,não é mais,uma catedral,5
"Desde 1560, em o entanto, o edifício não é mais uma abadia nem uma catedral, tendo o status de Igreja de a Inglaterra Peculiar Real - uma igreja responsável diretamente por o soberano.",respostasGemini3.1Pro,o edifício,não é mais,uma catedral,5
"Desde 1560, em o entanto, o edifício não é mais uma abadia nem uma catedral, tendo o status de Igreja de a Inglaterra Peculiar Real - uma igreja responsável diretamente por o soberano.",respostasGemini3.1Pro,o edifício,tendo,o status de Igreja de a Inglaterra Peculiar Real,3
"Henrique III reconstruiu a abadia em homenagem a um santo real, Eduardo, o Confessor, cujas relíquias foram colocadas em um santuário em o santuário.",Claude_Sonnet5,Henrique III,reconstruiu,a abadia,5
"Henrique III reconstruiu a abadia em homenagem a um santo real, Eduardo, o Confessor, cujas relíquias foram colocadas em um santuário em o santuário.",Claude_Sonnet5,Henrique III,reconstruiu em homenagem a,"um santo real, Eduardo, o Confessor",3
"Henrique III reconstruiu a abadia em homenagem a um santo real, Eduardo, o Confessor, cujas relíquias foram colocadas em um santuário em o santuário.",Qwen3OIE_0_6B,Henrique III,reconstruiu,a abadia,5
"Henrique III reconstruiu a abadia em homenagem a um santo real, Eduardo, o Confessor, cujas relíquias foram colocadas em um santuário em o santuário.",Qwen3OIE_4B,Henrique III,reconstruiu,a abadia,5
"Henrique III reconstruiu a abadia em homenagem a um santo real, Eduardo, o Confessor, cujas relíquias foram colocadas em um santuário em o santuário.",Qwen3OIE_4B,Henrique III,reconstruiu em homenagem a,"um santo real, Eduardo, o Confessor",3
"Henrique III reconstruiu a abadia em homenagem a um santo real, Eduardo, o Confessor, cujas relíquias foram colocadas em um santuário em o santuário.",respostas_gpt5.5_mini,Henrique III,reconstruiu,a abadia,5
"Henrique III reconstruiu a abadia em homenagem a um santo real, Eduardo, o Confessor, cujas relíquias foram colocadas em um santuário em o santuário.",respostasGemini3.1Pro,Henrique III,reconstruiu,a abadia,5
"Henrique III reconstruiu a abadia em homenagem a um santo real, Eduardo, o Confessor, cujas relíquias foram colocadas em um santuário em o santuário.",respostasGemini3.1Pro,Henrique III,reconstruiu em homenagem a,"um santo real, Eduardo, o Confessor",3
"A Abadia de Westminster, formalmente denominada Igreja Colegiada de São Pedro em Westminster, é uma grande igreja de a abadia, principalmente gótica, em a Cidade de Westminster, Londres, localizada a oeste de o Palácio de Westminster.",Claude_Sonnet5,A Abadia de Westminster,formalmente denominada,Igreja Colegiada de São Pedro em Westminster,3
"A Abadia de Westminster, formalmente denominada Igreja Colegiada de São Pedro em Westminster, é uma grande igreja de a abadia, principalmente gótica, em a Cidade de Westminster, Londres, localizada a oeste de o Palácio de Westminster.",Claude_Sonnet5,A Abadia de Westminster,localizada a oeste de,o Palácio de Westminster,3
"A Abadia de Westminster, formalmente denominada Igreja Colegiada de São Pedro em Westminster, é uma grande igreja de a abadia, principalmente gótica, em a Cidade de Westminster, Londres, localizada a oeste de o Palácio de Westminster.",Qwen3OIE_0_6B,A Abadia de Westminster,é formalmente denominada,Igreja Colegiada de São Pedro em Westminster,3
"A Abadia de Westminster, formalmente denominada Igreja Colegiada de São Pedro em Westminster, é uma grande igreja de a abadia, principalmente gótica, em a Cidade de Westminster, Londres, localizada a oeste de o Palácio de Westminster.",Qwen3OIE_4B,A Abadia de Westminster,é localizada a oeste de,o Palácio de Westminster,4
"A Abadia de Westminster, formalmente denominada Igreja Colegiada de São Pedro em Westminster, é uma grande igreja de a abadia, principalmente gótica, em a Cidade de Westminster, Londres, localizada a oeste de o Palácio de Westminster.",Qwen3OIE_4B,A Abadia de Westminster,é formalmente denominada,Igreja Colegiada de São Pedro em Westminster,3
"A Abadia de Westminster, formalmente denominada Igreja Colegiada de São Pedro em Westminster, é uma grande igreja de a abadia, principalmente gótica, em a Cidade de Westminster, Londres, localizada a oeste de o Palácio de Westminster.",respostas_gpt5.5_mini,A Abadia de Westminster,está localizada a oeste de,o Palácio de Westminster,3
"Atualmente, o nome completo de o governo de Nanjing é Governo Popular de a Cidade de Nanjing e a cidade está sujeita a o regime de partido único de o CPC, com o Secretário de o Comitê de o CPC Nanjing como governador de fato de a cidade e de o prefeito como chefe executivo de o governo que trabalha sob o secretário.",Claude_Sonnet5,o Secretário de o Comitê de o CPC Nanjing,é,governador de fato de a cidade,3
"Atualmente, o nome completo de o governo de Nanjing é Governo Popular de a Cidade de Nanjing e a cidade está sujeita a o regime de partido único de o CPC, com o Secretário de o Comitê de o CPC Nanjing como governador de fato de a cidade e de o prefeito como chefe executivo de o governo que trabalha sob o secretário.",Qwen3OIE_0_6B,o Secretário de o Comitê de o CPC,é,governador de fato de a cidade,3
"Atualmente, o nome completo de o governo de Nanjing é Governo Popular de a Cidade de Nanjing e a cidade está sujeita a o regime de partido único de o CPC, com o Secretário de o Comitê de o CPC Nanjing como governador de fato de a cidade e de o prefeito como chefe executivo de o governo que trabalha sob o secretário.",Qwen3OIE_4B,o Secretário de o Comitê de o CPC Nanjing,é,governador de fato de a cidade,3
"Na fronteira ocidental, fica a Província de Anhui, onde Nanjing faz fronteira com cinco cidades em o nível de a prefeitura, Chuzhou a noroeste, Wuhu, Chaohu e Maanshan a oeste e Xuancheng a sudoeste.",Claude_Sonnet5,a Província de Anhui,fica em,a fronteira ocidental,3
"Na fronteira ocidental, fica a Província de Anhui, onde Nanjing faz fronteira com cinco cidades em o nível de a prefeitura, Chuzhou a noroeste, Wuhu, Chaohu e Maanshan a oeste e Xuancheng a sudoeste.",Qwen3OIE_4B,a Província de Anhui,fica em,a fronteira ocidental,3
"Na fronteira ocidental, fica a Província de Anhui, onde Nanjing faz fronteira com cinco cidades em o nível de a prefeitura, Chuzhou a noroeste, Wuhu, Chaohu e Maanshan a oeste e Xuancheng a sudoeste.",respostasGemini3.1Pro,a Província de Anhui,fica em,Na fronteira ocidental,3
"Hoje, com uma longa tradição cultural e forte apoio de instituições educacionais locais, Nanjing é comumente vista como uma cidade de a cultura e uma de as cidades mais agradáveis para se viver em a China.",Claude_Sonnet5,Nanjing,é comumente vista como,uma de as cidades mais agradáveis para se viver em a China,6
"Hoje, com uma longa tradição cultural e forte apoio de instituições educacionais locais, Nanjing é comumente vista como uma cidade de a cultura e uma de as cidades mais agradáveis para se viver em a China.",LlamaPortOIE3,Nanjing,é comumente vista como,uma de as cidades mais agradáveis para se viver em a China,6
"Hoje, com uma longa tradição cultural e forte apoio de instituições educacionais locais, Nanjing é comumente vista como uma cidade de a cultura e uma de as cidades mais agradáveis para se viver em a China.",Qwen3OIE_0_6B,Nanjing,é comumente vista como,uma cidade de as cidades mais agradáveis para se viver em a China,6
"Hoje, com uma longa tradição cultural e forte apoio de instituições educacionais locais, Nanjing é comumente vista como uma cidade de a cultura e uma de as cidades mais agradáveis para se viver em a China.",Qwen3OIE_4B,Nanjing,é comumente vista como,uma cidade de as cidades mais agradáveis para se viver em a China,6
"Hoje, com uma longa tradição cultural e forte apoio de instituições educacionais locais, Nanjing é comumente vista como uma cidade de a cultura e uma de as cidades mais agradáveis para se viver em a China.",respostas_gpt5.5_mini,Nanjing,é comumente vista como,uma de as cidades mais agradáveis para se viver em a China,6
"Hoje, com uma longa tradição cultural e forte apoio de instituições educacionais locais, Nanjing é comumente vista como uma cidade de a cultura e uma de as cidades mais agradáveis para se viver em a China.",respostasGemini3.1Pro,Nanjing,é comumente vista como,uma de as cidades mais agradáveis para se viver em a China,6
"A Ópera Kun em a província de Jiangsu é um de os melhores teatros de Kunqu, a mais antiga arte de palco de a China.",Claude_Sonnet5,Kunqu,é,a mais antiga arte de palco de a China,4
"A Ópera Kun em a província de Jiangsu é um de os melhores teatros de Kunqu, a mais antiga arte de palco de a China.",Qwen3OIE_4B,Kunqu,é,a mais antiga arte de palco de a China,4
"A Ópera Kun em a província de Jiangsu é um de os melhores teatros de Kunqu, a mais antiga arte de palco de a China.",respostas_gpt5.5_mini,Kunqu,é,a mais antiga arte de palco de a China,4
"A Ópera Kun em a província de Jiangsu é um de os melhores teatros de Kunqu, a mais antiga arte de palco de a China.",respostasGemini3.1Pro,Kunqu,é,a mais antiga arte de palco de a China,4
"E as pessoas são até chamadas de Nanjing rabanete grande, o que significa que não são sofisticadas, apaixonadas e conservadoras.",Claude_Sonnet5,as pessoas,são até chamadas de,Nanjing rabanete grande,6
"E as pessoas são até chamadas de Nanjing rabanete grande, o que significa que não são sofisticadas, apaixonadas e conservadoras.",LlamaPortOIE3,as pessoas,são até chamadas de,Nanjing rabanete grande,6
"E as pessoas são até chamadas de Nanjing rabanete grande, o que significa que não são sofisticadas, apaixonadas e conservadoras.",Qwen3OIE_4B,as pessoas,são chamadas de,Nanjing rabanete grande,6
"E as pessoas são até chamadas de Nanjing rabanete grande, o que significa que não são sofisticadas, apaixonadas e conservadoras.",respostaGrok4.0Fast,as pessoas,são até chamadas de,Nanjing rabanete grande,6
"E as pessoas são até chamadas de Nanjing rabanete grande, o que significa que não são sofisticadas, apaixonadas e conservadoras.",respostas_gpt5.5_mini,as pessoas,são chamadas de,Nanjing rabanete grande,6
"E as pessoas são até chamadas de Nanjing rabanete grande, o que significa que não são sofisticadas, apaixonadas e conservadoras.",respostasGemini3.1Pro,as pessoas,são chamadas de,Nanjing rabanete grande,6
"Uma de as fontes mais interessantes é a Kindlifresserbrunnen (alemão de Bernese fonte de comensal de as crianças, mas muitas vezes traduzida como fonte de ogro), que se afirma representar um judeu, o deus grego Chronos ou uma figura Fastnacht que assusta crianças desobedientes.",Claude_Sonnet5,a Kindlifresserbrunnen,se afirma representar,um judeu,3
"Uma de as fontes mais interessantes é a Kindlifresserbrunnen (alemão de Bernese fonte de comensal de as crianças, mas muitas vezes traduzida como fonte de ogro), que se afirma representar um judeu, o deus grego Chronos ou uma figura Fastnacht que assusta crianças desobedientes.",Claude_Sonnet5,a Kindlifresserbrunnen,se afirma representar,o deus grego Chronos,3
"Uma de as fontes mais interessantes é a Kindlifresserbrunnen (alemão de Bernese fonte de comensal de as crianças, mas muitas vezes traduzida como fonte de ogro), que se afirma representar um judeu, o deus grego Chronos ou uma figura Fastnacht que assusta crianças desobedientes.",Qwen3OIE_0_6B,a Kindlifresserbrunnen,se afirma representar,um judeu,3
"Uma de as fontes mais interessantes é a Kindlifresserbrunnen (alemão de Bernese fonte de comensal de as crianças, mas muitas vezes traduzida como fonte de ogro), que se afirma representar um judeu, o deus grego Chronos ou uma figura Fastnacht que assusta crianças desobedientes.",Qwen3OIE_0_6B,a Kindlifresserbrunnen,se afirma representar,o deus grego Chronos,3
"Uma de as fontes mais interessantes é a Kindlifresserbrunnen (alemão de Bernese fonte de comensal de as crianças, mas muitas vezes traduzida como fonte de ogro), que se afirma representar um judeu, o deus grego Chronos ou uma figura Fastnacht que assusta crianças desobedientes.",Qwen3OIE_4B,a Kindlifresserbrunnen,se afirma representar,um judeu,3
"Uma de as fontes mais interessantes é a Kindlifresserbrunnen (alemão de Bernese fonte de comensal de as crianças, mas muitas vezes traduzida como fonte de ogro), que se afirma representar um judeu, o deus grego Chronos ou uma figura Fastnacht que assusta crianças desobedientes.",Qwen3OIE_4B,a Kindlifresserbrunnen,se afirma representar,o deus grego Chronos,3
"Berna também é a capital de o Cantão de Berna, o segundo mais populoso de os cantões de a Suíça.",Claude_Sonnet5,o Cantão de Berna,é,o segundo mais populoso de os cantões de a Suíça,5
"Berna também é a capital de o Cantão de Berna, o segundo mais populoso de os cantões de a Suíça.",LlamaPortOIE3,o Cantão de Berna,é,o segundo mais populoso de os cantões de a Suíça,5
"Berna também é a capital de o Cantão de Berna, o segundo mais populoso de os cantões de a Suíça.",Qwen3OIE_0_6B,Berna,é,a capital de o Cantão de Berna,4
"Berna também é a capital de o Cantão de Berna, o segundo mais populoso de os cantões de a Suíça.",Qwen3OIE_0_6B,o Cantão de Berna,é,o segundo mais populoso de os cantões de a Suíça,5
"Berna também é a capital de o Cantão de Berna, o segundo mais populoso de os cantões de a Suíça.",Qwen3OIE_4B,Berna,é,a capital de o Cantão de Berna,4
"Berna também é a capital de o Cantão de Berna, o segundo mais populoso de os cantões de a Suíça.",Qwen3OIE_4B,o Cantão de Berna,é,o segundo mais populoso de os cantões de a Suíça,5
"Berna também é a capital de o Cantão de Berna, o segundo mais populoso de os cantões de a Suíça.",respostaGrok4.0Fast,Berna,é,a capital de o Cantão de Berna,4
"Berna também é a capital de o Cantão de Berna, o segundo mais populoso de os cantões de a Suíça.",respostas_gpt5.5_mini,Berna,é,a capital de o Cantão de Berna,4
"Berna também é a capital de o Cantão de Berna, o segundo mais populoso de os cantões de a Suíça.",respostas_gpt5.5_mini,o Cantão de Berna,é,o segundo mais populoso de os cantões de a Suíça,5
"O funicular de Marzilibahn é, com 106 m de comprimento, a segunda ferrovia pública mais curta de a Europa depois de o Teleférico de Zagreb.",Claude_Sonnet5,O funicular de Marzilibahn,tem,106 m de comprimento,3
"O funicular de Marzilibahn é, com 106 m de comprimento, a segunda ferrovia pública mais curta de a Europa depois de o Teleférico de Zagreb.",Qwen3OIE_0_6B,O funicular de Marzilibahn,tem,106 m de comprimento,3
"O funicular de Marzilibahn é, com 106 m de comprimento, a segunda ferrovia pública mais curta de a Europa depois de o Teleférico de Zagreb.",Qwen3OIE_4B,O funicular de Marzilibahn,tem,106 m de comprimento,3
"Em maio de 2008, os Arquivos Nacionais anunciaram um contrato de cinco anos para digitalizar os registros selecionados, incluindo a Coleção Federal de o Censo Federal de os EUA, de 1790 a 1930, as listas de passageiros de 1820 a 1960 e os rascunhos de os cartões de registro de a Primeira e de a Segunda Guerra Mundial.",Claude_Sonnet5,os Arquivos Nacionais,anunciaram em,maio de 2008,3
"Em maio de 2008, os Arquivos Nacionais anunciaram um contrato de cinco anos para digitalizar os registros selecionados, incluindo a Coleção Federal de o Censo Federal de os EUA, de 1790 a 1930, as listas de passageiros de 1820 a 1960 e os rascunhos de os cartões de registro de a Primeira e de a Segunda Guerra Mundial.",Qwen3OIE_0_6B,os Arquivos Nacionais,anunciaram,um contrato de cinco anos,3
"Em maio de 2008, os Arquivos Nacionais anunciaram um contrato de cinco anos para digitalizar os registros selecionados, incluindo a Coleção Federal de o Censo Federal de os EUA, de 1790 a 1930, as listas de passageiros de 1820 a 1960 e os rascunhos de os cartões de registro de a Primeira e de a Segunda Guerra Mundial.",Qwen3OIE_4B,os Arquivos Nacionais,anunciaram,um contrato de cinco anos,3
"Em maio de 2008, os Arquivos Nacionais anunciaram um contrato de cinco anos para digitalizar os registros selecionados, incluindo a Coleção Federal de o Censo Federal de os EUA, de 1790 a 1930, as listas de passageiros de 1820 a 1960 e os rascunhos de os cartões de registro de a Primeira e de a Segunda Guerra Mundial.",Qwen3OIE_4B,os Arquivos Nacionais,anunciaram em,maio de 2008,3
"Em maio de 2008, os Arquivos Nacionais anunciaram um contrato de cinco anos para digitalizar os registros selecionados, incluindo a Coleção Federal de o Censo Federal de os EUA, de 1790 a 1930, as listas de passageiros de 1820 a 1960 e os rascunhos de os cartões de registro de a Primeira e de a Segunda Guerra Mundial.",respostasGemini3.1Pro,os Arquivos Nacionais,anunciaram,um contrato de cinco anos,3
"Em maio de 2008, os Arquivos Nacionais anunciaram um contrato de cinco anos para digitalizar os registros selecionados, incluindo a Coleção Federal de o Censo Federal de os EUA, de 1790 a 1930, as listas de passageiros de 1820 a 1960 e os rascunhos de os cartões de registro de a Primeira e de a Segunda Guerra Mundial.",respostasGemini3.1Pro,os Arquivos Nacionais,anunciaram em,maio de 2008,3
"Em 16 de março de 2011, o cargueiro MS Oliva encalhou em a Ilha Nightingale, derramando toneladas de óleo combustível pesado em o oceano, deixando uma mancha de óleo ameaçando a população de a ilha de pinguins rockhopper.",Claude_Sonnet5,o cargueiro MS Oliva,encalhou em,16 de março de 2011,3
"Em 16 de março de 2011, o cargueiro MS Oliva encalhou em a Ilha Nightingale, derramando toneladas de óleo combustível pesado em o oceano, deixando uma mancha de óleo ameaçando a população de a ilha de pinguins rockhopper.",Claude_Sonnet5,o cargueiro MS Oliva,derramando,toneladas de óleo combustível pesado em o oceano,3
"Em 16 de março de 2011, o cargueiro MS Oliva encalhou em a Ilha Nightingale, derramando toneladas de óleo combustível pesado em o oceano, deixando uma mancha de óleo ameaçando a população de a ilha de pinguins rockhopper.",Claude_Sonnet5,uma mancha de óleo,ameaçando,a população de a ilha de pinguins rockhopper,4
"Em 16 de março de 2011, o cargueiro MS Oliva encalhou em a Ilha Nightingale, derramando toneladas de óleo combustível pesado em o oceano, deixando uma mancha de óleo ameaçando a população de a ilha de pinguins rockhopper.",Qwen3OIE_4B,o cargueiro MS Oliva,encalhou em,16 de março de 2011,3
"Em 16 de março de 2011, o cargueiro MS Oliva encalhou em a Ilha Nightingale, derramando toneladas de óleo combustível pesado em o oceano, deixando uma mancha de óleo ameaçando a população de a ilha de pinguins rockhopper.",Qwen3OIE_4B,uma mancha de óleo,ameaçando,a população de a ilha de pinguins rockhopper,4
"Em 16 de março de 2011, o cargueiro MS Oliva encalhou em a Ilha Nightingale, derramando toneladas de óleo combustível pesado em o oceano, deixando uma mancha de óleo ameaçando a população de a ilha de pinguins rockhopper.",respostas_gpt5.5_mini,o cargueiro MS Oliva,derramando,toneladas de óleo combustível pesado,3
"Em 16 de março de 2011, o cargueiro MS Oliva encalhou em a Ilha Nightingale, derramando toneladas de óleo combustível pesado em o oceano, deixando uma mancha de óleo ameaçando a população de a ilha de pinguins rockhopper.",respostas_gpt5.5_mini,uma mancha de óleo,ameaçando,a população de a ilha de pinguins rockhopper,4
"Em 16 de março de 2011, o cargueiro MS Oliva encalhou em a Ilha Nightingale, derramando toneladas de óleo combustível pesado em o oceano, deixando uma mancha de óleo ameaçando a população de a ilha de pinguins rockhopper.",respostasGemini3.1Pro,o cargueiro MS Oliva,encalhou em,16 de março de 2011,3
"Em 16 de março de 2011, o cargueiro MS Oliva encalhou em a Ilha Nightingale, derramando toneladas de óleo combustível pesado em o oceano, deixando uma mancha de óleo ameaçando a população de a ilha de pinguins rockhopper.",respostasGemini3.1Pro,o cargueiro MS Oliva,derramando,toneladas de óleo combustível pesado,3
"Em 16 de março de 2011, o cargueiro MS Oliva encalhou em a Ilha Nightingale, derramando toneladas de óleo combustível pesado em o oceano, deixando uma mancha de óleo ameaçando a população de a ilha de pinguins rockhopper.",respostasGemini3.1Pro,uma mancha de óleo,ameaçando,a população de a ilha de pinguins rockhopper,4
"A Ilha Nightingale não tem água fresca, então os pingüins foram transportados para Tristão de a Cunha para limpeza.",Claude_Sonnet5,os pingüins,foram transportados para,Tristão de a Cunha,6
"A Ilha Nightingale não tem água fresca, então os pingüins foram transportados para Tristão de a Cunha para limpeza.",LlamaPortOIE3,os pingüins,foram transportados para,Tristão de a Cunha para limpeza,6
"A Ilha Nightingale não tem água fresca, então os pingüins foram transportados para Tristão de a Cunha para limpeza.",PortNOIE,os pingüins,foram transportados para,Tristão de a Cunha,6
"A Ilha Nightingale não tem água fresca, então os pingüins foram transportados para Tristão de a Cunha para limpeza.",Qwen3OIE_0_6B,os pingüins,foram transportados para,Tristão de a Cunha,6
"A Ilha Nightingale não tem água fresca, então os pingüins foram transportados para Tristão de a Cunha para limpeza.",Qwen3OIE_4B,os pingüins,foram transportados para,Tristão de a Cunha,6
"A Ilha Nightingale não tem água fresca, então os pingüins foram transportados para Tristão de a Cunha para limpeza.",respostas_gpt5.5_mini,os pingüins,foram transportados para,Tristão de a Cunha,6
"O primeiro colono permanente foi Jonathan Lambert, de Salem, Massachusetts, Estados Unidos, que chegou às ilhas em Dezembro de 1810 com dois outros homens.",Claude_Sonnet5,Jonathan Lambert,é de,"Salem, Massachusetts, Estados Unidos",3
"O primeiro colono permanente foi Jonathan Lambert, de Salem, Massachusetts, Estados Unidos, que chegou às ilhas em Dezembro de 1810 com dois outros homens.",Claude_Sonnet5,Jonathan Lambert,chegou a,as ilhas,3
"O primeiro colono permanente foi Jonathan Lambert, de Salem, Massachusetts, Estados Unidos, que chegou às ilhas em Dezembro de 1810 com dois outros homens.",Qwen3OIE_0_6B,Jonathan Lambert,é de,"Salem, Massachusetts, Estados Unidos",3
"O primeiro colono permanente foi Jonathan Lambert, de Salem, Massachusetts, Estados Unidos, que chegou às ilhas em Dezembro de 1810 com dois outros homens.",Qwen3OIE_4B,Jonathan Lambert,é de,"Salem, Massachusetts, Estados Unidos",3
"O primeiro colono permanente foi Jonathan Lambert, de Salem, Massachusetts, Estados Unidos, que chegou às ilhas em Dezembro de 1810 com dois outros homens.",Qwen3OIE_4B,Jonathan Lambert,chegou a,as ilhas,3
"O primeiro colono permanente foi Jonathan Lambert, de Salem, Massachusetts, Estados Unidos, que chegou às ilhas em Dezembro de 1810 com dois outros homens.",respostas_gpt5.5_mini,Jonathan Lambert,chegou a,as ilhas,3
"Durante a Segunda Guerra Mundial, o Kansas foi uma de as 131 faculdades e universidades nacionais que participaram de o Programa de Treinamento V-12 Navy College, que ofereceu a os alunos o caminho para uma comissão de a Marinha.",Claude_Sonnet5,o Kansas,foi,uma de as 131 faculdades e universidades nacionais,4
"Durante a Segunda Guerra Mundial, o Kansas foi uma de as 131 faculdades e universidades nacionais que participaram de o Programa de Treinamento V-12 Navy College, que ofereceu a os alunos o caminho para uma comissão de a Marinha.",Claude_Sonnet5,as 131 faculdades e universidades nacionais,participaram de,o Programa de Treinamento V-12 Navy College,3
"Durante a Segunda Guerra Mundial, o Kansas foi uma de as 131 faculdades e universidades nacionais que participaram de o Programa de Treinamento V-12 Navy College, que ofereceu a os alunos o caminho para uma comissão de a Marinha.",PortNOIE,uma de as 131 faculdades e universidades nacionais,participaram de,o Programa de Treinamento V-12 Navy College,3
"Durante a Segunda Guerra Mundial, o Kansas foi uma de as 131 faculdades e universidades nacionais que participaram de o Programa de Treinamento V-12 Navy College, que ofereceu a os alunos o caminho para uma comissão de a Marinha.",respostaGrok4.0Fast,o Kansas,foi,uma de as 131 faculdades e universidades nacionais,4
"Durante a Segunda Guerra Mundial, o Kansas foi uma de as 131 faculdades e universidades nacionais que participaram de o Programa de Treinamento V-12 Navy College, que ofereceu a os alunos o caminho para uma comissão de a Marinha.",respostas_gpt5.5_mini,o Kansas,foi,uma de as 131 faculdades e universidades nacionais,4
"Durante a Segunda Guerra Mundial, o Kansas foi uma de as 131 faculdades e universidades nacionais que participaram de o Programa de Treinamento V-12 Navy College, que ofereceu a os alunos o caminho para uma comissão de a Marinha.",respostas_gpt5.5_mini,as 131 faculdades e universidades nacionais,participaram de,o Programa de Treinamento V-12 Navy College,3
"Durante a Segunda Guerra Mundial, o Kansas foi uma de as 131 faculdades e universidades nacionais que participaram de o Programa de Treinamento V-12 Navy College, que ofereceu a os alunos o caminho para uma comissão de a Marinha.",respostasGemini3.1Pro,o Kansas,foi,uma de as 131 faculdades e universidades nacionais,4
"A Escola de Negócios de a Universidade de o Kansas é uma escola pública de negócios localizada em o campus principal de a Universidade de o Kansas em Lawrence, Kansas.",Claude_Sonnet5,A Escola de Negócios de a Universidade de o Kansas,é localizada em,o campus principal de a Universidade de o Kansas,5
"A Escola de Negócios de a Universidade de o Kansas é uma escola pública de negócios localizada em o campus principal de a Universidade de o Kansas em Lawrence, Kansas.",PortNOIE,A Escola de Negócios de a Universidade de uma escola pública,localizada em o,"campus principal de a Universidade de o Kansas em Lawrence, Kansas",6
"A Escola de Negócios de a Universidade de o Kansas é uma escola pública de negócios localizada em o campus principal de a Universidade de o Kansas em Lawrence, Kansas.",Qwen3OIE_0_6B,A Escola de Negócios de a Universidade de o Kansas,é,"uma escola pública de negócios localizada em o campus principal de a Universidade de o Kansas em Lawrence, Kansas",3
"A Escola de Negócios de a Universidade de o Kansas é uma escola pública de negócios localizada em o campus principal de a Universidade de o Kansas em Lawrence, Kansas.",Qwen3OIE_0_6B,A Escola de Negócios de a Universidade de o Kansas,é localizada em,"o campus principal de a Universidade de o Kansas em Lawrence, Kansas",5
"A Escola de Negócios de a Universidade de o Kansas é uma escola pública de negócios localizada em o campus principal de a Universidade de o Kansas em Lawrence, Kansas.",Qwen3OIE_4B,A Escola de Negócios de a Universidade de o Kansas,é localizada em,"o campus principal de a Universidade de o Kansas em Lawrence, Kansas",5
"A Escola de Negócios de a Universidade de o Kansas é uma escola pública de negócios localizada em o campus principal de a Universidade de o Kansas em Lawrence, Kansas.",respostaGrok4.0Fast,A Escola de Negócios de a Universidade de o Kansas,é,uma escola pública de negócios localizada em o campus principal de a Universidade de o Kansas,3
"A Escola de Negócios de a Universidade de o Kansas é uma escola pública de negócios localizada em o campus principal de a Universidade de o Kansas em Lawrence, Kansas.",respostas_gpt5.5_mini,A Escola de Negócios de a Universidade de o Kansas,é localizada em,"o campus principal de a Universidade de o Kansas em Lawrence, Kansas",5
"A Escola de Negócios de a Universidade de o Kansas é uma escola pública de negócios localizada em o campus principal de a Universidade de o Kansas em Lawrence, Kansas.",respostasGemini3.1Pro,A Escola de Negócios de a Universidade de o Kansas,é,"uma escola pública de negócios localizada em o campus principal de a Universidade de o Kansas em Lawrence, Kansas",3
"A Escola de Engenharia KU é uma escola pública de engenharia credenciada por a ABET, localizada em o campus principal.",Claude_Sonnet5,A Escola de Engenharia KU,credenciada por,a ABET,3
"A Escola de Engenharia KU é uma escola pública de engenharia credenciada por a ABET, localizada em o campus principal.",Claude_Sonnet5,A Escola de Engenharia KU,localizada em,o campus principal,6
"A Escola de Engenharia KU é uma escola pública de engenharia credenciada por a ABET, localizada em o campus principal.",PortNOIE,A Escola de Engenharia,localizada em o,campus principal,6
"A Escola de Engenharia KU é uma escola pública de engenharia credenciada por a ABET, localizada em o campus principal.",Qwen3OIE_0_6B,A Escola de Engenharia KU,é localizada em,o campus principal,6
"A Escola de Engenharia KU é uma escola pública de engenharia credenciada por a ABET, localizada em o campus principal.",Qwen3OIE_4B,A Escola de Engenharia KU,é credenciada por,a ABET,3
"A Escola de Engenharia KU é uma escola pública de engenharia credenciada por a ABET, localizada em o campus principal.",Qwen3OIE_4B,A Escola de Engenharia KU,é localizada em,o campus principal,6
"A Escola de Engenharia KU é uma escola pública de engenharia credenciada por a ABET, localizada em o campus principal.",respostas_gpt5.5_mini,A Escola de Engenharia KU,é credenciada por,a ABET,3
"A Escola de Engenharia KU é uma escola pública de engenharia credenciada por a ABET, localizada em o campus principal.",respostas_gpt5.5_mini,A Escola de Engenharia KU,é localizada em,o campus principal,6
"A Escola de Engenharia KU é uma escola pública de engenharia credenciada por a ABET, localizada em o campus principal.",respostasGemini3.1Pro,A Escola de Engenharia KU,localizada em,o campus principal,6
O departamento de computação acadêmica de a KU participou ativamente de a configuração de a Internet e é o desenvolvedor de o navegador de a Web baseado em texto de o Lynx.,Claude_Sonnet5,O departamento de computação acadêmica de a KU,é,o desenvolvedor de o navegador de a Web baseado em texto de o Lynx,6
O departamento de computação acadêmica de a KU participou ativamente de a configuração de a Internet e é o desenvolvedor de o navegador de a Web baseado em texto de o Lynx.,Qwen3OIE_0_6B,O departamento de computação acadêmica de a KU,é,o desenvolvedor de o navegador de a Web baseado em texto de o Lynx,6
O departamento de computação acadêmica de a KU participou ativamente de a configuração de a Internet e é o desenvolvedor de o navegador de a Web baseado em texto de o Lynx.,Qwen3OIE_4B,O departamento de computação acadêmica de a KU,é,o desenvolvedor de o navegador de a Web baseado em texto de o Lynx,6
O departamento de computação acadêmica de a KU participou ativamente de a configuração de a Internet e é o desenvolvedor de o navegador de a Web baseado em texto de o Lynx.,respostaGrok4.0Fast,O departamento de computação acadêmica de a KU,é,o desenvolvedor de o navegador de a Web baseado em texto de o Lynx,6
O departamento de computação acadêmica de a KU participou ativamente de a configuração de a Internet e é o desenvolvedor de o navegador de a Web baseado em texto de o Lynx.,respostas_gpt5.5_mini,O departamento de computação acadêmica de a KU,é,o desenvolvedor de o navegador de a Web baseado em texto de o Lynx,6
O departamento de computação acadêmica de a KU participou ativamente de a configuração de a Internet e é o desenvolvedor de o navegador de a Web baseado em texto de o Lynx.,respostasGemini3.1Pro,O departamento de computação acadêmica de a KU,é,o desenvolvedor de o navegador de a Web baseado em texto de o Lynx,6
A KU Endowment foi fundada em 1891 como a primeira fundação de a América para uma universidade pública,Claude_Sonnet5,A KU Endowment,foi fundada como,a primeira fundação de a América para uma universidade pública,5
A KU Endowment foi fundada em 1891 como a primeira fundação de a América para uma universidade pública,LlamaPortOIE3,A KU Endowment,foi fundada em,1891 como a primeira fundação de a América para uma universidade pública,5
A KU Endowment foi fundada em 1891 como a primeira fundação de a América para uma universidade pública,Qwen3OIE_0_6B,A KU Endowment,foi fundada como,a primeira fundação de a América para uma universidade pública,5
A KU Endowment foi fundada em 1891 como a primeira fundação de a América para uma universidade pública,Qwen3OIE_4B,A KU Endowment,foi fundada como,a primeira fundação de a América para uma universidade pública,5
A KU Endowment foi fundada em 1891 como a primeira fundação de a América para uma universidade pública,respostasGemini3.1Pro,A KU Endowment,foi fundada como,a primeira fundação de a América para uma universidade pública,5
Algumas formas de corrupção - agora chamadas de corrupção institucional - são diferenciadas de suborno e outros tipos de óbvios ganhos pessoais.,Claude_Sonnet5,Algumas formas de corrupção,agora chamadas de,corrupção institucional,4
Algumas formas de corrupção - agora chamadas de corrupção institucional - são diferenciadas de suborno e outros tipos de óbvios ganhos pessoais.,Claude_Sonnet5,Algumas formas de corrupção,são diferenciadas de,outros tipos de óbvios ganhos pessoais,6
Algumas formas de corrupção - agora chamadas de corrupção institucional - são diferenciadas de suborno e outros tipos de óbvios ganhos pessoais.,LlamaPortOIE3,Algumas formas de corrupção,são diferenciadas de,suborno e outros tipos de óbvios ganhos pessoais,6
Algumas formas de corrupção - agora chamadas de corrupção institucional - são diferenciadas de suborno e outros tipos de óbvios ganhos pessoais.,Qwen3OIE_0_6B,Algumas formas de corrupção,são chamadas de,corrupção institucional,4
Algumas formas de corrupção - agora chamadas de corrupção institucional - são diferenciadas de suborno e outros tipos de óbvios ganhos pessoais.,Qwen3OIE_0_6B,Algumas formas de corrupção,são diferenciadas de,outros tipos de óbvios ganhos pessoais,6
Algumas formas de corrupção - agora chamadas de corrupção institucional - são diferenciadas de suborno e outros tipos de óbvios ganhos pessoais.,Qwen3OIE_4B,Algumas formas de corrupção,são agora chamadas de,corrupção institucional,4
Algumas formas de corrupção - agora chamadas de corrupção institucional - são diferenciadas de suborno e outros tipos de óbvios ganhos pessoais.,Qwen3OIE_4B,Algumas formas de corrupção,são diferenciadas de,outros tipos de óbvios ganhos pessoais,6
Algumas formas de corrupção - agora chamadas de corrupção institucional - são diferenciadas de suborno e outros tipos de óbvios ganhos pessoais.,respostas_gpt5.5_mini,Algumas formas de corrupção,são diferenciadas de,suborno e outros tipos de óbvios ganhos pessoais,6
Algumas formas de corrupção - agora chamadas de corrupção institucional - são diferenciadas de suborno e outros tipos de óbvios ganhos pessoais.,respostasGemini3.1Pro,Algumas formas de corrupção,agora chamadas de,corrupção institucional,4
Algumas formas de corrupção - agora chamadas de corrupção institucional - são diferenciadas de suborno e outros tipos de óbvios ganhos pessoais.,respostasGemini3.1Pro,Algumas formas de corrupção,são diferenciadas de,outros tipos de óbvios ganhos pessoais,6
"No caso de a África, um de os fatores para esse comportamento foi a instabilidade política e o fato de que novos governos frequentemente confiscaram corrupticamente o governo anterior.",Claude_Sonnet5,novos governos,frequentemente confiscaram corrupticamente,o governo anterior,4
"No caso de a África, um de os fatores para esse comportamento foi a instabilidade política e o fato de que novos governos frequentemente confiscaram corrupticamente o governo anterior.",LlamaPortOIE3,novos governos,frequentemente confiscaram,corrupticamente o governo anterior,4
"No caso de a África, um de os fatores para esse comportamento foi a instabilidade política e o fato de que novos governos frequentemente confiscaram corrupticamente o governo anterior.",Qwen3OIE_4B,novos governos,frequentemente confiscaram,o governo anterior,4
"No caso de a África, um de os fatores para esse comportamento foi a instabilidade política e o fato de que novos governos frequentemente confiscaram corrupticamente o governo anterior.",respostasGemini3.1Pro,novos governos,frequentemente confiscaram corrupticamente,o governo anterior,4
"O termo é aplicado com mais freqüência a padrões regionais de fala, mas um dialeto também pode ser definido por outros fatores, como classe social.",Claude_Sonnet5,um dialeto,também pode ser definido por,"outros fatores, como classe social",4
"O termo é aplicado com mais freqüência a padrões regionais de fala, mas um dialeto também pode ser definido por outros fatores, como classe social.",LlamaPortOIE3,um dialeto,pode ser definido por,"outros fatores, como classe social",3
"O termo é aplicado com mais freqüência a padrões regionais de fala, mas um dialeto também pode ser definido por outros fatores, como classe social.",PortNOIE,O termo,é aplicado com,mais freqüência a padrões regionais de fala,5
"O termo é aplicado com mais freqüência a padrões regionais de fala, mas um dialeto também pode ser definido por outros fatores, como classe social.",Qwen3OIE_0_6B,O termo,é aplicado a,padrões regionais de fala,5
"O termo é aplicado com mais freqüência a padrões regionais de fala, mas um dialeto também pode ser definido por outros fatores, como classe social.",Qwen3OIE_0_6B,um dialeto,pode ser definido por,outros fatores,3
"O termo é aplicado com mais freqüência a padrões regionais de fala, mas um dialeto também pode ser definido por outros fatores, como classe social.",Qwen3OIE_4B,O termo,é aplicado a,padrões regionais de fala,5
"O termo é aplicado com mais freqüência a padrões regionais de fala, mas um dialeto também pode ser definido por outros fatores, como classe social.",Qwen3OIE_4B,um dialeto,também pode ser definido por,outros fatores,3
"O termo é aplicado com mais freqüência a padrões regionais de fala, mas um dialeto também pode ser definido por outros fatores, como classe social.",respostaGrok4.0Fast,um dialeto,pode ser definido por,"outros fatores, como classe social",3
"O termo é aplicado com mais freqüência a padrões regionais de fala, mas um dialeto também pode ser definido por outros fatores, como classe social.",respostas_gpt5.5_mini,O termo,é aplicado a,padrões regionais de fala,5
"O termo é aplicado com mais freqüência a padrões regionais de fala, mas um dialeto também pode ser definido por outros fatores, como classe social.",respostas_gpt5.5_mini,um dialeto,pode ser definido por,outros fatores,3
"O termo é aplicado com mais freqüência a padrões regionais de fala, mas um dialeto também pode ser definido por outros fatores, como classe social.",respostasGemini3.1Pro,O termo,é aplicado com,mais freqüência a padrões regionais de fala,5
"O termo dialeto (de Latim dialectus, dialectos, de a palavra grega antiga διάλεκτος diálektos, discurso, de διά diá, através e λέγω legō, eu falo) é usado de duas maneiras distintas para se referir a dois tipos diferentes de fenômenos linguísticos.",Claude_Sonnet5,O termo dialeto,é usado para se referir a,dois tipos diferentes de fenômenos linguísticos,3
"O termo dialeto (de Latim dialectus, dialectos, de a palavra grega antiga διάλεκτος diálektos, discurso, de διά diá, através e λέγω legō, eu falo) é usado de duas maneiras distintas para se referir a dois tipos diferentes de fenômenos linguísticos.",LlamaPortOIE3,O termo dialeto,é usado de,duas maneiras distintas para se referir a dois tipos diferentes de fenômenos linguísticos,3
"O termo dialeto (de Latim dialectus, dialectos, de a palavra grega antiga διάλεκτος diálektos, discurso, de διά diá, através e λέγω legō, eu falo) é usado de duas maneiras distintas para se referir a dois tipos diferentes de fenômenos linguísticos.",Qwen3OIE_0_6B,O termo dialeto,é usado de,se referir a dois tipos diferentes de fenômenos linguísticos,3
"O termo dialeto (de Latim dialectus, dialectos, de a palavra grega antiga διάλεκτος diálektos, discurso, de διά diá, através e λέγω legō, eu falo) é usado de duas maneiras distintas para se referir a dois tipos diferentes de fenômenos linguísticos.",Qwen3OIE_4B,O termo dialeto,é usado para se referir a,dois tipos diferentes de fenômenos linguísticos,3
"O termo dialeto (de Latim dialectus, dialectos, de a palavra grega antiga διάλεκτος diálektos, discurso, de διά diá, através e λέγω legō, eu falo) é usado de duas maneiras distintas para se referir a dois tipos diferentes de fenômenos linguísticos.",respostas_gpt5.5_mini,O termo dialeto,é usado de,duas maneiras distintas para se referir a dois tipos diferentes de fenômenos linguísticos,3
"O termo dialeto (de Latim dialectus, dialectos, de a palavra grega antiga διάλεκτος diálektos, discurso, de διά diá, através e λέγω legō, eu falo) é usado de duas maneiras distintas para se referir a dois tipos diferentes de fenômenos linguísticos.",respostasGemini3.1Pro,O termo dialeto,é usado para se referir a,dois tipos diferentes de fenômenos linguísticos,3
"O termo música clássica não apareceu até o início de o século 19, em uma tentativa de canonizar distintamente o período de Johann Sebastian Bach a Beethoven como uma idade de ouro.",LlamaPortOIE3,O termo música clássica,não apareceu até,o início de o século 19 em uma tentativa de canonizar distintamente o período de Johann Sebastian Bach a Beethoven como uma idade de ouro,4
"O termo música clássica não apareceu até o início de o século 19, em uma tentativa de canonizar distintamente o período de Johann Sebastian Bach a Beethoven como uma idade de ouro.",Qwen3OIE_0_6B,O termo música clássica,não apareceu em,uma tentativa de canonizar distintamente o período de Johann Sebastian Bach a Beethoven como uma idade de ouro,3
"O termo música clássica não apareceu até o início de o século 19, em uma tentativa de canonizar distintamente o período de Johann Sebastian Bach a Beethoven como uma idade de ouro.",respostasGemini3.1Pro,O termo música clássica,não apareceu em,uma tentativa de canonizar distintamente o período de Johann Sebastian Bach a Beethoven como uma idade de ouro,3
"Menander Protector menciona um Daurentius (577-579) que matou um enviado avar de Khagan Bayan I. Os ávaros pediram a os eslavos que aceitassem a soberania de os ávaros, mas ele recusou e é relatado como dizendo Outros não conquistam nossa terra, conquistamos os deles - assim será sempre para nós",Claude_Sonnet5,Menander Protector,menciona,um Daurentius (577-579),6
"Menander Protector menciona um Daurentius (577-579) que matou um enviado avar de Khagan Bayan I. Os ávaros pediram a os eslavos que aceitassem a soberania de os ávaros, mas ele recusou e é relatado como dizendo Outros não conquistam nossa terra, conquistamos os deles - assim será sempre para nós",Claude_Sonnet5,um Daurentius,matou,um enviado avar de Khagan Bayan I,3
"Menander Protector menciona um Daurentius (577-579) que matou um enviado avar de Khagan Bayan I. Os ávaros pediram a os eslavos que aceitassem a soberania de os ávaros, mas ele recusou e é relatado como dizendo Outros não conquistam nossa terra, conquistamos os deles - assim será sempre para nós",Claude_Sonnet5,Os ávaros,pediram a,os eslavos,6
"Menander Protector menciona um Daurentius (577-579) que matou um enviado avar de Khagan Bayan I. Os ávaros pediram a os eslavos que aceitassem a soberania de os ávaros, mas ele recusou e é relatado como dizendo Outros não conquistam nossa terra, conquistamos os deles - assim será sempre para nós",LlamaPortOIE3,um Daurentius,matou,um enviado avar de Khagan Bayan I,3
"Menander Protector menciona um Daurentius (577-579) que matou um enviado avar de Khagan Bayan I. Os ávaros pediram a os eslavos que aceitassem a soberania de os ávaros, mas ele recusou e é relatado como dizendo Outros não conquistam nossa terra, conquistamos os deles - assim será sempre para nós",PortNOIE,Menander Protector,menciona,um Daurentius (577-579,6
"Menander Protector menciona um Daurentius (577-579) que matou um enviado avar de Khagan Bayan I. Os ávaros pediram a os eslavos que aceitassem a soberania de os ávaros, mas ele recusou e é relatado como dizendo Outros não conquistam nossa terra, conquistamos os deles - assim será sempre para nós",PortNOIE,Os ávaros,pediram a,os eslavos,6
"Menander Protector menciona um Daurentius (577-579) que matou um enviado avar de Khagan Bayan I. Os ávaros pediram a os eslavos que aceitassem a soberania de os ávaros, mas ele recusou e é relatado como dizendo Outros não conquistam nossa terra, conquistamos os deles - assim será sempre para nós",Qwen3OIE_0_6B,Menander Protector,menciona,um Daurentius,6
"Menander Protector menciona um Daurentius (577-579) que matou um enviado avar de Khagan Bayan I. Os ávaros pediram a os eslavos que aceitassem a soberania de os ávaros, mas ele recusou e é relatado como dizendo Outros não conquistam nossa terra, conquistamos os deles - assim será sempre para nós",Qwen3OIE_0_6B,um Daurentius,matou,um enviado avar de Khagan Bayan I,3
"Menander Protector menciona um Daurentius (577-579) que matou um enviado avar de Khagan Bayan I. Os ávaros pediram a os eslavos que aceitassem a soberania de os ávaros, mas ele recusou e é relatado como dizendo Outros não conquistam nossa terra, conquistamos os deles - assim será sempre para nós",Qwen3OIE_0_6B,Os ávaros,pediram a,os eslavos,6
"Menander Protector menciona um Daurentius (577-579) que matou um enviado avar de Khagan Bayan I. Os ávaros pediram a os eslavos que aceitassem a soberania de os ávaros, mas ele recusou e é relatado como dizendo Outros não conquistam nossa terra, conquistamos os deles - assim será sempre para nós",Qwen3OIE_4B,Menander Protector,menciona,um Daurentius (577-579),6
"Menander Protector menciona um Daurentius (577-579) que matou um enviado avar de Khagan Bayan I. Os ávaros pediram a os eslavos que aceitassem a soberania de os ávaros, mas ele recusou e é relatado como dizendo Outros não conquistam nossa terra, conquistamos os deles - assim será sempre para nós",Qwen3OIE_4B,os ávaros,pediram a,os eslavos,6
"Menander Protector menciona um Daurentius (577-579) que matou um enviado avar de Khagan Bayan I. Os ávaros pediram a os eslavos que aceitassem a soberania de os ávaros, mas ele recusou e é relatado como dizendo Outros não conquistam nossa terra, conquistamos os deles - assim será sempre para nós",respostas_gpt5.5_mini,Menander Protector,menciona,um Daurentius (577-579),6
"Menander Protector menciona um Daurentius (577-579) que matou um enviado avar de Khagan Bayan I. Os ávaros pediram a os eslavos que aceitassem a soberania de os ávaros, mas ele recusou e é relatado como dizendo Outros não conquistam nossa terra, conquistamos os deles - assim será sempre para nós",respostas_gpt5.5_mini,Os ávaros,pediram a,os eslavos,6
"Menander Protector menciona um Daurentius (577-579) que matou um enviado avar de Khagan Bayan I. Os ávaros pediram a os eslavos que aceitassem a soberania de os ávaros, mas ele recusou e é relatado como dizendo Outros não conquistam nossa terra, conquistamos os deles - assim será sempre para nós",respostasGemini3.1Pro,Menander Protector,menciona,um Daurentius (577-579),6
"Menander Protector menciona um Daurentius (577-579) que matou um enviado avar de Khagan Bayan I. Os ávaros pediram a os eslavos que aceitassem a soberania de os ávaros, mas ele recusou e é relatado como dizendo Outros não conquistam nossa terra, conquistamos os deles - assim será sempre para nós",respostasGemini3.1Pro,Os ávaros,pediram a,os eslavos,6
"Por volta de o século VI, os eslavos apareceram em as fronteiras bizantinas em grandes números.",Claude_Sonnet5,os eslavos,apareceram por volta de,o século VI,3
"Por volta de o século VI, os eslavos apareceram em as fronteiras bizantinas em grandes números.",Qwen3OIE_4B,os eslavos,apareceram por volta de,o século VI,3
"Por volta de o século VI, os eslavos apareceram em as fronteiras bizantinas em grandes números.",respostasGemini3.1Pro,os eslavos,apareceram por volta de,o século VI,3
"O proto-eslavo, a suposta língua ancestral de todas as línguas eslavas, é um descendente de o proto-indo-europeu comum, através de um estágio balto-eslavo, em o qual desenvolveu numerosas isoglosses lexicais e morfofonológicas com as línguas bálticas.",Claude_Sonnet5,O proto-eslavo,é,a suposta língua ancestral de todas as línguas eslavas,4
"O proto-eslavo, a suposta língua ancestral de todas as línguas eslavas, é um descendente de o proto-indo-europeu comum, através de um estágio balto-eslavo, em o qual desenvolveu numerosas isoglosses lexicais e morfofonológicas com as línguas bálticas.",Claude_Sonnet5,O proto-eslavo,é um descendente de,o proto-indo-europeu comum,3
"O proto-eslavo, a suposta língua ancestral de todas as línguas eslavas, é um descendente de o proto-indo-europeu comum, através de um estágio balto-eslavo, em o qual desenvolveu numerosas isoglosses lexicais e morfofonológicas com as línguas bálticas.",Claude_Sonnet5,O proto-eslavo,desenvolveu,numerosas isoglosses lexicais e morfofonológicas com as línguas bálticas,5
"O proto-eslavo, a suposta língua ancestral de todas as línguas eslavas, é um descendente de o proto-indo-europeu comum, através de um estágio balto-eslavo, em o qual desenvolveu numerosas isoglosses lexicais e morfofonológicas com as línguas bálticas.",LlamaPortOIE3,O proto-eslavo,é um descendente de o,proto-indo-europeu comum,3
"O proto-eslavo, a suposta língua ancestral de todas as línguas eslavas, é um descendente de o proto-indo-europeu comum, através de um estágio balto-eslavo, em o qual desenvolveu numerosas isoglosses lexicais e morfofonológicas com as línguas bálticas.",LlamaPortOIE3,O proto-eslavo,desenvolveu,numerosas isoglosses lexicais e morfofonológicas com as línguas bálticas,5
"O proto-eslavo, a suposta língua ancestral de todas as línguas eslavas, é um descendente de o proto-indo-europeu comum, através de um estágio balto-eslavo, em o qual desenvolveu numerosas isoglosses lexicais e morfofonológicas com as línguas bálticas.",Qwen3OIE_0_6B,O proto-eslavo,é,a suposta língua ancestral de todas as línguas eslavas,4
"O proto-eslavo, a suposta língua ancestral de todas as línguas eslavas, é um descendente de o proto-indo-europeu comum, através de um estágio balto-eslavo, em o qual desenvolveu numerosas isoglosses lexicais e morfofonológicas com as línguas bálticas.",Qwen3OIE_4B,O proto-eslavo,é,a suposta língua ancestral de todas as línguas eslavas,4
"O proto-eslavo, a suposta língua ancestral de todas as línguas eslavas, é um descendente de o proto-indo-europeu comum, através de um estágio balto-eslavo, em o qual desenvolveu numerosas isoglosses lexicais e morfofonológicas com as línguas bálticas.",Qwen3OIE_4B,O proto-eslavo,desenvolveu,numerosas isoglosses lexicais e morfofonológicas com as línguas bálticas,5
"O proto-eslavo, a suposta língua ancestral de todas as línguas eslavas, é um descendente de o proto-indo-europeu comum, através de um estágio balto-eslavo, em o qual desenvolveu numerosas isoglosses lexicais e morfofonológicas com as línguas bálticas.",respostas_gpt5.5_mini,O proto-eslavo,é um descendente de,o proto-indo-europeu comum,3
"O proto-eslavo, a suposta língua ancestral de todas as línguas eslavas, é um descendente de o proto-indo-europeu comum, através de um estágio balto-eslavo, em o qual desenvolveu numerosas isoglosses lexicais e morfofonológicas com as línguas bálticas.",respostas_gpt5.5_mini,O proto-eslavo,desenvolveu,numerosas isoglosses lexicais e morfofonológicas com as línguas bálticas,5
"O proto-eslavo, a suposta língua ancestral de todas as línguas eslavas, é um descendente de o proto-indo-europeu comum, através de um estágio balto-eslavo, em o qual desenvolveu numerosas isoglosses lexicais e morfofonológicas com as línguas bálticas.",respostasGemini3.1Pro,O proto-eslavo,é,a suposta língua ancestral de todas as línguas eslavas,4
"O proto-eslavo, a suposta língua ancestral de todas as línguas eslavas, é um descendente de o proto-indo-europeu comum, através de um estágio balto-eslavo, em o qual desenvolveu numerosas isoglosses lexicais e morfofonológicas com as línguas bálticas.",respostasGemini3.1Pro,O proto-eslavo,desenvolveu,numerosas isoglosses lexicais e morfofonológicas,5
Os gorais de o sul de a Polônia e de o norte de a Eslováquia são parcialmente descendentes de os vlachs de língua românica que migraram para a região de os Séculos 14 a 17 e foram absorvidos por a população local.,Claude_Sonnet5,Os gorais de o sul de a Polônia e de o norte de a Eslováquia,são parcialmente descendentes de,os vlachs de língua românica,6
Os gorais de o sul de a Polônia e de o norte de a Eslováquia são parcialmente descendentes de os vlachs de língua românica que migraram para a região de os Séculos 14 a 17 e foram absorvidos por a população local.,Claude_Sonnet5,os vlachs de língua românica,foram absorvidos por,a população local,5
Os gorais de o sul de a Polônia e de o norte de a Eslováquia são parcialmente descendentes de os vlachs de língua românica que migraram para a região de os Séculos 14 a 17 e foram absorvidos por a população local.,LlamaPortOIE3,Os gorais de o sul de a Polônia e de o norte de a Eslováquia,são parcialmente descendentes de os,vlachs de língua românica,6
Os gorais de o sul de a Polônia e de o norte de a Eslováquia são parcialmente descendentes de os vlachs de língua românica que migraram para a região de os Séculos 14 a 17 e foram absorvidos por a população local.,LlamaPortOIE3,os vlachs de língua românica,migraram para,a região de os Séculos 14 a 17,4
Os gorais de o sul de a Polônia e de o norte de a Eslováquia são parcialmente descendentes de os vlachs de língua românica que migraram para a região de os Séculos 14 a 17 e foram absorvidos por a população local.,LlamaPortOIE3,os vlachs de língua românica,foram absorvidos por a,população local,5
Os gorais de o sul de a Polônia e de o norte de a Eslováquia são parcialmente descendentes de os vlachs de língua românica que migraram para a região de os Séculos 14 a 17 e foram absorvidos por a população local.,Qwen3OIE_0_6B,os vlachs de língua românica,migraram para,a região de os Séculos 14 a 17,4
Os gorais de o sul de a Polônia e de o norte de a Eslováquia são parcialmente descendentes de os vlachs de língua românica que migraram para a região de os Séculos 14 a 17 e foram absorvidos por a população local.,Qwen3OIE_0_6B,os vlachs de língua românica,foram absorvidos por,a população local,5
Os gorais de o sul de a Polônia e de o norte de a Eslováquia são parcialmente descendentes de os vlachs de língua românica que migraram para a região de os Séculos 14 a 17 e foram absorvidos por a população local.,Qwen3OIE_4B,Os gorais de o sul de a Polônia e de o norte de a Eslováquia,são parcialmente descendentes de,os vlachs de língua românica,6
Os gorais de o sul de a Polônia e de o norte de a Eslováquia são parcialmente descendentes de os vlachs de língua românica que migraram para a região de os Séculos 14 a 17 e foram absorvidos por a população local.,Qwen3OIE_4B,os vlachs de língua românica,migraram para,a região de os Séculos 14 a 17,4
Os gorais de o sul de a Polônia e de o norte de a Eslováquia são parcialmente descendentes de os vlachs de língua românica que migraram para a região de os Séculos 14 a 17 e foram absorvidos por a população local.,Qwen3OIE_4B,os vlachs de língua românica,foram absorvidos por,a população local,5
Os gorais de o sul de a Polônia e de o norte de a Eslováquia são parcialmente descendentes de os vlachs de língua românica que migraram para a região de os Séculos 14 a 17 e foram absorvidos por a população local.,respostaGrok4.0Fast,Os gorais de o sul de a Polônia e de o norte de a Eslováquia,são parcialmente descendentes de,os vlachs de língua românica,6
Os gorais de o sul de a Polônia e de o norte de a Eslováquia são parcialmente descendentes de os vlachs de língua românica que migraram para a região de os Séculos 14 a 17 e foram absorvidos por a população local.,respostas_gpt5.5_mini,Os gorais de o sul de a Polônia e de o norte de a Eslováquia,são parcialmente descendentes de,os vlachs de língua românica,6
Os gorais de o sul de a Polônia e de o norte de a Eslováquia são parcialmente descendentes de os vlachs de língua românica que migraram para a região de os Séculos 14 a 17 e foram absorvidos por a população local.,respostas_gpt5.5_mini,os vlachs de língua românica,migraram para,a região de os Séculos 14 a 17,4
Os gorais de o sul de a Polônia e de o norte de a Eslováquia são parcialmente descendentes de os vlachs de língua românica que migraram para a região de os Séculos 14 a 17 e foram absorvidos por a população local.,respostas_gpt5.5_mini,os vlachs de língua românica,foram absorvidos por,a população local,5
Os gorais de o sul de a Polônia e de o norte de a Eslováquia são parcialmente descendentes de os vlachs de língua românica que migraram para a região de os Séculos 14 a 17 e foram absorvidos por a população local.,respostasGemini3.1Pro,Os gorais de o sul de a Polônia e de o norte de a Eslováquia,são parcialmente descendentes de,os vlachs de língua românica,6
"Josip Broz nasceu em 7 de maio de 1892 em Kumrovec, em a região croata de Hrvatsko Zagorje, em a Áustria-Hungria.",Claude_Sonnet5,Josip Broz,nasceu em,Kumrovec,5
"Josip Broz nasceu em 7 de maio de 1892 em Kumrovec, em a região croata de Hrvatsko Zagorje, em a Áustria-Hungria.",Qwen3OIE_0_6B,Josip Broz,nasceu em,Kumrovec,5
"Josip Broz nasceu em 7 de maio de 1892 em Kumrovec, em a região croata de Hrvatsko Zagorje, em a Áustria-Hungria.",Qwen3OIE_4B,Josip Broz,nasceu em,Kumrovec,5
"Josip Broz nasceu em 7 de maio de 1892 em Kumrovec, em a região croata de Hrvatsko Zagorje, em a Áustria-Hungria.",respostas_gpt5.5_mini,Josip Broz,nasceu em,Kumrovec,5
"Josip Broz nasceu em 7 de maio de 1892 em Kumrovec, em a região croata de Hrvatsko Zagorje, em a Áustria-Hungria.",respostasGemini3.1Pro,Josip Broz,nasceu em,Kumrovec,5
"Em 1937, Stalin assassinou o secretário-geral de a CPY, Milan Gorkić, em Moscou.",Claude_Sonnet5,Stalin,assassinou em,Moscou,4
"Em 1937, Stalin assassinou o secretário-geral de a CPY, Milan Gorkić, em Moscou.",Claude_Sonnet5,Stalin,assassinou em,1937,4
"Em 1937, Stalin assassinou o secretário-geral de a CPY, Milan Gorkić, em Moscou.",Qwen3OIE_0_6B,Stalin,assassinou em,Moscou,4
"Em 1937, Stalin assassinou o secretário-geral de a CPY, Milan Gorkić, em Moscou.",Qwen3OIE_0_6B,Stalin,assassinou em,1937,4
"Em 1937, Stalin assassinou o secretário-geral de a CPY, Milan Gorkić, em Moscou.",Qwen3OIE_4B,Stalin,assassinou em,1937,4
"Em 1937, Stalin assassinou o secretário-geral de a CPY, Milan Gorkić, em Moscou.",Qwen3OIE_4B,Stalin,assassinou em,Moscou,4
"Em 1937, Stalin assassinou o secretário-geral de a CPY, Milan Gorkić, em Moscou.",respostasGemini3.1Pro,Stalin,assassinou em,Moscou,4
"Em 1937, Stalin assassinou o secretário-geral de a CPY, Milan Gorkić, em Moscou.",respostasGemini3.1Pro,Stalin,assassinou em,1937,4
"Em 28 de setembro de 1944, a Agência Telegráfica de a União Soviética (TASS) informou que Tito assinou um acordo com a União Soviética que permitia a entrada temporária de tropas soviéticas em o território iugoslavo, o que permitia a o Exército Vermelho auxiliar em as operações em as áreas nordeste de o país.",Claude_Sonnet5,a Agência Telegráfica de a União Soviética (TASS),informou,que Tito assinou um acordo com a União Soviética,3
"Em 28 de setembro de 1944, a Agência Telegráfica de a União Soviética (TASS) informou que Tito assinou um acordo com a União Soviética que permitia a entrada temporária de tropas soviéticas em o território iugoslavo, o que permitia a o Exército Vermelho auxiliar em as operações em as áreas nordeste de o país.",Qwen3OIE_0_6B,a Agência Telegráfica de a União Soviética (TASS),informou,"que Tito assinou um acordo com a União Soviética que permitia a entrada temporária de tropas soviéticas em o território iugoslavo, o que permitia a o Exército Vermelho auxiliar em as operações em as áreas nordeste de o país",3
"Em 28 de setembro de 1944, a Agência Telegráfica de a União Soviética (TASS) informou que Tito assinou um acordo com a União Soviética que permitia a entrada temporária de tropas soviéticas em o território iugoslavo, o que permitia a o Exército Vermelho auxiliar em as operações em as áreas nordeste de o país.",Qwen3OIE_4B,a Agência Telegráfica de a União Soviética (TASS),informou,"que Tito assinou um acordo com a União Soviética que permitia a entrada temporária de tropas soviéticas em o território iugoslavo, o que permitia a o Exército Vermelho auxiliar em as operações em as áreas nordeste de o país",3
"Em 28 de setembro de 1944, a Agência Telegráfica de a União Soviética (TASS) informou que Tito assinou um acordo com a União Soviética que permitia a entrada temporária de tropas soviéticas em o território iugoslavo, o que permitia a o Exército Vermelho auxiliar em as operações em as áreas nordeste de o país.",respostaGrok4.0Fast,a Agência Telegráfica de a União Soviética (TASS),informou,que Tito assinou um acordo com a União Soviética,3
"Em 28 de setembro de 1944, a Agência Telegráfica de a União Soviética (TASS) informou que Tito assinou um acordo com a União Soviética que permitia a entrada temporária de tropas soviéticas em o território iugoslavo, o que permitia a o Exército Vermelho auxiliar em as operações em as áreas nordeste de o país.",respostas_gpt5.5_mini,a Agência Telegráfica de a União Soviética (TASS),informou,que Tito assinou um acordo com a União Soviética,3
"Em 28 de setembro de 1944, a Agência Telegráfica de a União Soviética (TASS) informou que Tito assinou um acordo com a União Soviética que permitia a entrada temporária de tropas soviéticas em o território iugoslavo, o que permitia a o Exército Vermelho auxiliar em as operações em as áreas nordeste de o país.",respostasGemini3.1Pro,a Agência Telegráfica de a União Soviética (TASS),informou,que Tito assinou um acordo com a União Soviética que permitia a entrada temporária de tropas soviéticas em o território iugoslavo,3
"Em 1949, a crise quase se transformou em um conflito armado, enquanto as forças húngaras e soviéticas se aglomeravam em a fronteira jugoslava de o norte.",Claude_Sonnet5,as forças húngaras e soviéticas,se aglomeravam em,a fronteira jugoslava de o norte,6
"Em 1949, a crise quase se transformou em um conflito armado, enquanto as forças húngaras e soviéticas se aglomeravam em a fronteira jugoslava de o norte.",LlamaPortOIE3,as forças húngaras e soviéticas,se aglomeravam em a,fronteira jugoslava de o norte,6
"Em 1949, a crise quase se transformou em um conflito armado, enquanto as forças húngaras e soviéticas se aglomeravam em a fronteira jugoslava de o norte.",Qwen3OIE_0_6B,as forças húngaras e soviéticas,se aglomeravam em,a fronteira jugoslava de o norte,6
"Em 1949, a crise quase se transformou em um conflito armado, enquanto as forças húngaras e soviéticas se aglomeravam em a fronteira jugoslava de o norte.",Qwen3OIE_4B,as forças húngaras,se aglomeravam em,a fronteira jugoslava de o norte,6
"Em 1949, a crise quase se transformou em um conflito armado, enquanto as forças húngaras e soviéticas se aglomeravam em a fronteira jugoslava de o norte.",respostas_gpt5.5_mini,as forças húngaras e soviéticas,se aglomeravam em,a fronteira jugoslava de o norte,6
"Em 1949, a crise quase se transformou em um conflito armado, enquanto as forças húngaras e soviéticas se aglomeravam em a fronteira jugoslava de o norte.",respostasGemini3.1Pro,as forças húngaras e soviéticas,se aglomeravam em,a fronteira jugoslava de o norte,6
"Após a morte de Stalin, Tito rejeitou o convite de a URSS para uma visita para discutir a normalização de as relações entre duas nações.",Claude_Sonnet5,Tito,rejeitou após,a morte de Stalin,4
"Após a morte de Stalin, Tito rejeitou o convite de a URSS para uma visita para discutir a normalização de as relações entre duas nações.",Qwen3OIE_0_6B,Tito,rejeitou após,a morte de Stalin,4
"Após a morte de Stalin, Tito rejeitou o convite de a URSS para uma visita para discutir a normalização de as relações entre duas nações.",Qwen3OIE_4B,Tito,rejeitou após,a morte de Stalin,4
"Após a morte de Stalin, Tito rejeitou o convite de a URSS para uma visita para discutir a normalização de as relações entre duas nações.",respostasGemini3.1Pro,Tito,rejeitou Após,a morte de Stalin,4
"O maior monumento de Tito de o mundo, com cerca de 10 m de altura, está localizado em a Praça Tito (Eslovênia Titov trg), a praça central de Velenje, em a Eslovênia.",Claude_Sonnet5,O maior monumento de Tito de o mundo,está localizado em,a Praça Tito (Eslovênia Titov trg),4
"O maior monumento de Tito de o mundo, com cerca de 10 m de altura, está localizado em a Praça Tito (Eslovênia Titov trg), a praça central de Velenje, em a Eslovênia.",LlamaPortOIE3,O maior monumento de Tito de o mundo,está localizado em a,"Praça Tito (Eslovênia Titov trg), a praça central de Velenje, em a Eslovênia",3
"O maior monumento de Tito de o mundo, com cerca de 10 m de altura, está localizado em a Praça Tito (Eslovênia Titov trg), a praça central de Velenje, em a Eslovênia.",Qwen3OIE_0_6B,O maior monumento de Tito de o mundo,está localizado em,a Praça Tito (Eslovênia Titov trg),4
"O maior monumento de Tito de o mundo, com cerca de 10 m de altura, está localizado em a Praça Tito (Eslovênia Titov trg), a praça central de Velenje, em a Eslovênia.",Qwen3OIE_0_6B,O maior monumento de Tito de o mundo,está localizado em,"a Praça central de Velenje, em a Eslovênia",3
"O maior monumento de Tito de o mundo, com cerca de 10 m de altura, está localizado em a Praça Tito (Eslovênia Titov trg), a praça central de Velenje, em a Eslovênia.",Qwen3OIE_4B,O maior monumento de Tito de o mundo,está localizado em,a Praça Tito (Eslovênia Titov trg),4
"O maior monumento de Tito de o mundo, com cerca de 10 m de altura, está localizado em a Praça Tito (Eslovênia Titov trg), a praça central de Velenje, em a Eslovênia.",respostas_gpt5.5_mini,O maior monumento de Tito de o mundo,está localizado em,a Praça Tito (Eslovênia Titov trg),4
"O maior monumento de Tito de o mundo, com cerca de 10 m de altura, está localizado em a Praça Tito (Eslovênia Titov trg), a praça central de Velenje, em a Eslovênia.",respostasGemini3.1Pro,O maior monumento de Tito de o mundo,está localizado em,"a Praça Tito, a praça central de Velenje, em a Eslovênia",3
"Em 1936, quando Tito ficou em o Hotel Lux, em Moscou, conheceu a camarada austríaca Lucia Bauer.",Claude_Sonnet5,Tito,conheceu,a camarada austríaca Lucia Bauer,7
"Em 1936, quando Tito ficou em o Hotel Lux, em Moscou, conheceu a camarada austríaca Lucia Bauer.",Claude_Sonnet5,Tito,conheceu em,1936,4
"Em 1936, quando Tito ficou em o Hotel Lux, em Moscou, conheceu a camarada austríaca Lucia Bauer.",LlamaPortOIE3,Tito,conheceu,a camarada austríaca Lucia Bauer,7
"Em 1936, quando Tito ficou em o Hotel Lux, em Moscou, conheceu a camarada austríaca Lucia Bauer.",Qwen3OIE_0_6B,Tito,conheceu,a camarada austríaca Lucia Bauer,7
"Em 1936, quando Tito ficou em o Hotel Lux, em Moscou, conheceu a camarada austríaca Lucia Bauer.",Qwen3OIE_0_6B,Tito,conheceu em,1936,4
"Em 1936, quando Tito ficou em o Hotel Lux, em Moscou, conheceu a camarada austríaca Lucia Bauer.",Qwen3OIE_4B,Tito,conheceu,a camarada austríaca Lucia Bauer,7
"Em 1936, quando Tito ficou em o Hotel Lux, em Moscou, conheceu a camarada austríaca Lucia Bauer.",Qwen3OIE_4B,Tito,conheceu em,1936,4
"Em 1936, quando Tito ficou em o Hotel Lux, em Moscou, conheceu a camarada austríaca Lucia Bauer.",respostaGrok4.0Fast,Tito,conheceu,a camarada austríaca Lucia Bauer,7
"Em 1936, quando Tito ficou em o Hotel Lux, em Moscou, conheceu a camarada austríaca Lucia Bauer.",respostas_gpt5.5_mini,Tito,conheceu,a camarada austríaca Lucia Bauer,7
"Em 1936, quando Tito ficou em o Hotel Lux, em Moscou, conheceu a camarada austríaca Lucia Bauer.",respostasGemini3.1Pro,Tito,conheceu,a camarada austríaca Lucia Bauer,7
"Em 1936, quando Tito ficou em o Hotel Lux, em Moscou, conheceu a camarada austríaca Lucia Bauer.",respostasGemini3.1Pro,Tito,conheceu em,1936,4
"Tito tinha apenas 59 anos, quando ela tinha 27 anos, quando finalmente se casaram em abril de 1952, com o chefe de segurança de o estado Aleksandar Ranković como padrinho.",Claude_Sonnet5,ela,tinha,27 anos,5
"Tito tinha apenas 59 anos, quando ela tinha 27 anos, quando finalmente se casaram em abril de 1952, com o chefe de segurança de o estado Aleksandar Ranković como padrinho.",LlamaPortOIE3,ela,tinha,27 anos,5
"Tito tinha apenas 59 anos, quando ela tinha 27 anos, quando finalmente se casaram em abril de 1952, com o chefe de segurança de o estado Aleksandar Ranković como padrinho.",PortNOIE,ela,tinha,27 anos,5
"Tito tinha apenas 59 anos, quando ela tinha 27 anos, quando finalmente se casaram em abril de 1952, com o chefe de segurança de o estado Aleksandar Ranković como padrinho.",respostaGrok4.0Fast,Tito,se casaram em,abril de 1952,3
"Tito tinha apenas 59 anos, quando ela tinha 27 anos, quando finalmente se casaram em abril de 1952, com o chefe de segurança de o estado Aleksandar Ranković como padrinho.",respostas_gpt5.5_mini,ela,tinha,27 anos,5
"Tito tinha apenas 59 anos, quando ela tinha 27 anos, quando finalmente se casaram em abril de 1952, com o chefe de segurança de o estado Aleksandar Ranković como padrinho.",respostasGemini3.1Pro,ela,tinha,27 anos,5
"Seu pai, Franjo Broz (26 de novembro de 1860 - 16 de dezembro de 1936), era croata, enquanto sua mãe Marija (25 de março de 1864 - 14 de janeiro de 1918) era esloveno.",Claude_Sonnet5,"Seu pai, Franjo Broz",era,croata,5
"Seu pai, Franjo Broz (26 de novembro de 1860 - 16 de dezembro de 1936), era croata, enquanto sua mãe Marija (25 de março de 1864 - 14 de janeiro de 1918) era esloveno.",Claude_Sonnet5,sua mãe Marija,era,esloveno,4
"Seu pai, Franjo Broz (26 de novembro de 1860 - 16 de dezembro de 1936), era croata, enquanto sua mãe Marija (25 de março de 1864 - 14 de janeiro de 1918) era esloveno.",LlamaPortOIE3,"Seu pai, Franjo Broz",era,croata,5
"Seu pai, Franjo Broz (26 de novembro de 1860 - 16 de dezembro de 1936), era croata, enquanto sua mãe Marija (25 de março de 1864 - 14 de janeiro de 1918) era esloveno.",LlamaPortOIE3,sua mãe Marija,era,esloveno,4
"Seu pai, Franjo Broz (26 de novembro de 1860 - 16 de dezembro de 1936), era croata, enquanto sua mãe Marija (25 de março de 1864 - 14 de janeiro de 1918) era esloveno.",respostaGrok4.0Fast,"Seu pai, Franjo Broz",era,croata,5
"Seu pai, Franjo Broz (26 de novembro de 1860 - 16 de dezembro de 1936), era croata, enquanto sua mãe Marija (25 de março de 1864 - 14 de janeiro de 1918) era esloveno.",respostas_gpt5.5_mini,"Seu pai, Franjo Broz",era,croata,5
"Seu pai, Franjo Broz (26 de novembro de 1860 - 16 de dezembro de 1936), era croata, enquanto sua mãe Marija (25 de março de 1864 - 14 de janeiro de 1918) era esloveno.",respostas_gpt5.5_mini,sua mãe Marija,era,esloveno,4
"Seu pai, Franjo Broz (26 de novembro de 1860 - 16 de dezembro de 1936), era croata, enquanto sua mãe Marija (25 de março de 1864 - 14 de janeiro de 1918) era esloveno.",respostasGemini3.1Pro,"Seu pai, Franjo Broz",era,croata,5
"Seu pai, Franjo Broz (26 de novembro de 1860 - 16 de dezembro de 1936), era croata, enquanto sua mãe Marija (25 de março de 1864 - 14 de janeiro de 1918) era esloveno.",respostasGemini3.1Pro,sua mãe Marija,era,esloveno,4
"Na Segunda Guerra Mundial, os Estados Unidos, durante a campanha de Gilbert e Marshall, invadiram e ocuparam as ilhas em 1944, destruindo ou isolando as guarnições japonesas.",Claude_Sonnet5,os Estados Unidos,invadiram,as ilhas,5
"Na Segunda Guerra Mundial, os Estados Unidos, durante a campanha de Gilbert e Marshall, invadiram e ocuparam as ilhas em 1944, destruindo ou isolando as guarnições japonesas.",Claude_Sonnet5,os Estados Unidos,ocuparam,as ilhas,5
"Na Segunda Guerra Mundial, os Estados Unidos, durante a campanha de Gilbert e Marshall, invadiram e ocuparam as ilhas em 1944, destruindo ou isolando as guarnições japonesas.",Claude_Sonnet5,os Estados Unidos,destruindo,as guarnições japonesas,3
"Na Segunda Guerra Mundial, os Estados Unidos, durante a campanha de Gilbert e Marshall, invadiram e ocuparam as ilhas em 1944, destruindo ou isolando as guarnições japonesas.",Qwen3OIE_0_6B,os Estados Unidos,invadiram,as ilhas,5
"Na Segunda Guerra Mundial, os Estados Unidos, durante a campanha de Gilbert e Marshall, invadiram e ocuparam as ilhas em 1944, destruindo ou isolando as guarnições japonesas.",Qwen3OIE_0_6B,os Estados Unidos,ocuparam,as ilhas,5
"Na Segunda Guerra Mundial, os Estados Unidos, durante a campanha de Gilbert e Marshall, invadiram e ocuparam as ilhas em 1944, destruindo ou isolando as guarnições japonesas.",Qwen3OIE_4B,os Estados Unidos,invadiram,as ilhas,5
"Na Segunda Guerra Mundial, os Estados Unidos, durante a campanha de Gilbert e Marshall, invadiram e ocuparam as ilhas em 1944, destruindo ou isolando as guarnições japonesas.",Qwen3OIE_4B,os Estados Unidos,ocuparam,as ilhas,5
"Na Segunda Guerra Mundial, os Estados Unidos, durante a campanha de Gilbert e Marshall, invadiram e ocuparam as ilhas em 1944, destruindo ou isolando as guarnições japonesas.",respostas_gpt5.5_mini,os Estados Unidos,invadiram,as ilhas,5
"Na Segunda Guerra Mundial, os Estados Unidos, durante a campanha de Gilbert e Marshall, invadiram e ocuparam as ilhas em 1944, destruindo ou isolando as guarnições japonesas.",respostas_gpt5.5_mini,os Estados Unidos,ocuparam,as ilhas,5
"Na Segunda Guerra Mundial, os Estados Unidos, durante a campanha de Gilbert e Marshall, invadiram e ocuparam as ilhas em 1944, destruindo ou isolando as guarnições japonesas.",respostas_gpt5.5_mini,os Estados Unidos,destruindo,as guarnições japonesas,3
"Na Segunda Guerra Mundial, os Estados Unidos, durante a campanha de Gilbert e Marshall, invadiram e ocuparam as ilhas em 1944, destruindo ou isolando as guarnições japonesas.",respostasGemini3.1Pro,os Estados Unidos,invadiram,as ilhas,5
"Na Segunda Guerra Mundial, os Estados Unidos, durante a campanha de Gilbert e Marshall, invadiram e ocuparam as ilhas em 1944, destruindo ou isolando as guarnições japonesas.",respostasGemini3.1Pro,os Estados Unidos,ocuparam,as ilhas,5
"Na Segunda Guerra Mundial, os Estados Unidos, durante a campanha de Gilbert e Marshall, invadiram e ocuparam as ilhas em 1944, destruindo ou isolando as guarnições japonesas.",respostasGemini3.1Pro,os Estados Unidos,destruindo,as guarnições japonesas,3
"Mais de dois terços de a população vive em a capital, Majuro e Ebeye, o centro urbano secundário, localizado em o Atol de Kwajalein.",Claude_Sonnet5,Mais de dois terços de a população,vive em,"a capital, Majuro",4
"Mais de dois terços de a população vive em a capital, Majuro e Ebeye, o centro urbano secundário, localizado em o Atol de Kwajalein.",LlamaPortOIE3,Mais de dois terços de a população,vive em a,"capital, Majuro e Ebeye",3
"Mais de dois terços de a população vive em a capital, Majuro e Ebeye, o centro urbano secundário, localizado em o Atol de Kwajalein.",LlamaPortOIE3,o centro urbano secundário,localizado em o,Atol de Kwajalein,3
"Mais de dois terços de a população vive em a capital, Majuro e Ebeye, o centro urbano secundário, localizado em o Atol de Kwajalein.",Qwen3OIE_4B,Mais de dois terços de a população,vive em,"a capital, Majuro",4
"Mais de dois terços de a população vive em a capital, Majuro e Ebeye, o centro urbano secundário, localizado em o Atol de Kwajalein.",Qwen3OIE_4B,o centro urbano secundário,está localizado em,o Atol de Kwajalein,3
"Mais de dois terços de a população vive em a capital, Majuro e Ebeye, o centro urbano secundário, localizado em o Atol de Kwajalein.",respostaGrok4.0Fast,Mais de dois terços de a população,vive em,"a capital, Majuro e Ebeye",5
"Mais de dois terços de a população vive em a capital, Majuro e Ebeye, o centro urbano secundário, localizado em o Atol de Kwajalein.",respostas_gpt5.5_mini,Mais de dois terços de a população,vive em,"a capital, Majuro e Ebeye",5
"Mais de dois terços de a população vive em a capital, Majuro e Ebeye, o centro urbano secundário, localizado em o Atol de Kwajalein.",respostasGemini3.1Pro,o centro urbano secundário,localizado em,o Atol de Kwajalein,3
"Fortalezas chamadas grόd foram construídas onde o culto religioso era poderoso, onde as provações eram conduzidas e onde os clãs se reuniam diante de o perigo.",Claude_Sonnet5,Fortalezas chamadas grόd,foram construídas onde,o culto religioso era poderoso,5
"Fortalezas chamadas grόd foram construídas onde o culto religioso era poderoso, onde as provações eram conduzidas e onde os clãs se reuniam diante de o perigo.",Qwen3OIE_0_6B,Fortalezas chamadas gród,foram construídas onde,o culto religioso era poderoso,5
"Fortalezas chamadas grόd foram construídas onde o culto religioso era poderoso, onde as provações eram conduzidas e onde os clãs se reuniam diante de o perigo.",Qwen3OIE_0_6B,Fortalezas chamadas gród,foram construídas onde,as provações eram conduzidas,3
"Fortalezas chamadas grόd foram construídas onde o culto religioso era poderoso, onde as provações eram conduzidas e onde os clãs se reuniam diante de o perigo.",Qwen3OIE_0_6B,Fortalezas chamadas gród,foram construídas onde,os clãs se reuniam diante de o perigo,3
"Fortalezas chamadas grόd foram construídas onde o culto religioso era poderoso, onde as provações eram conduzidas e onde os clãs se reuniam diante de o perigo.",Qwen3OIE_4B,Fortalezas chamadas grόd,foram construídas onde,o culto religioso era poderoso,5
"Fortalezas chamadas grόd foram construídas onde o culto religioso era poderoso, onde as provações eram conduzidas e onde os clãs se reuniam diante de o perigo.",Qwen3OIE_4B,Fortalezas chamadas grόd,foram construídas onde,as provações eram conduzidas,3
"Fortalezas chamadas grόd foram construídas onde o culto religioso era poderoso, onde as provações eram conduzidas e onde os clãs se reuniam diante de o perigo.",Qwen3OIE_4B,Fortalezas chamadas grόd,foram construídas onde,os clãs se reuniam diante de o perigo,3
"Fortalezas chamadas grόd foram construídas onde o culto religioso era poderoso, onde as provações eram conduzidas e onde os clãs se reuniam diante de o perigo.",respostas_gpt5.5_mini,Fortalezas chamadas grόd,foram construídas,onde o culto religioso era poderoso,5
"Fortalezas chamadas grόd foram construídas onde o culto religioso era poderoso, onde as provações eram conduzidas e onde os clãs se reuniam diante de o perigo.",respostasGemini3.1Pro,Fortalezas chamadas grόd,foram construídas onde,o culto religioso era poderoso,5
"Fortalezas chamadas grόd foram construídas onde o culto religioso era poderoso, onde as provações eram conduzidas e onde os clãs se reuniam diante de o perigo.",respostasGemini3.1Pro,Fortalezas chamadas grόd,foram construídas onde,as provações eram conduzidas,3
"Fortalezas chamadas grόd foram construídas onde o culto religioso era poderoso, onde as provações eram conduzidas e onde os clãs se reuniam diante de o perigo.",respostasGemini3.1Pro,Fortalezas chamadas grόd,foram construídas onde,os clãs se reuniam diante de o perigo,3
"No livro 8, Enéias se alia a o rei Evander, que ocupa o futuro local de Roma, e recebe novas armaduras e um escudo representando a história romana.",Claude_Sonnet5,o rei Evander,ocupa,o futuro local de Roma,4
"No livro 8, Enéias se alia a o rei Evander, que ocupa o futuro local de Roma, e recebe novas armaduras e um escudo representando a história romana.",Claude_Sonnet5,Enéias,recebe,novas armaduras,4
"No livro 8, Enéias se alia a o rei Evander, que ocupa o futuro local de Roma, e recebe novas armaduras e um escudo representando a história romana.",Claude_Sonnet5,Enéias,recebe,um escudo representando a história romana,4
"No livro 8, Enéias se alia a o rei Evander, que ocupa o futuro local de Roma, e recebe novas armaduras e um escudo representando a história romana.",LlamaPortOIE3,Enéias,recebe,novas armaduras e um escudo representando a história romana,4
"No livro 8, Enéias se alia a o rei Evander, que ocupa o futuro local de Roma, e recebe novas armaduras e um escudo representando a história romana.",Qwen3OIE_0_6B,Enéias,recebe,novas armaduras,4
"No livro 8, Enéias se alia a o rei Evander, que ocupa o futuro local de Roma, e recebe novas armaduras e um escudo representando a história romana.",Qwen3OIE_0_6B,Enéias,recebe,um escudo representando a história romana,4
"No livro 8, Enéias se alia a o rei Evander, que ocupa o futuro local de Roma, e recebe novas armaduras e um escudo representando a história romana.",Qwen3OIE_0_6B,o rei Evander,ocupa,o futuro local de Roma,4
"No livro 8, Enéias se alia a o rei Evander, que ocupa o futuro local de Roma, e recebe novas armaduras e um escudo representando a história romana.",Qwen3OIE_4B,o rei Evander,ocupa,o futuro local de Roma,4
"No livro 8, Enéias se alia a o rei Evander, que ocupa o futuro local de Roma, e recebe novas armaduras e um escudo representando a história romana.",Qwen3OIE_4B,Enéias,recebe,novas armaduras,4
"No livro 8, Enéias se alia a o rei Evander, que ocupa o futuro local de Roma, e recebe novas armaduras e um escudo representando a história romana.",Qwen3OIE_4B,Enéias,recebe,um escudo representando a história romana,4
"No livro 8, Enéias se alia a o rei Evander, que ocupa o futuro local de Roma, e recebe novas armaduras e um escudo representando a história romana.",respostas_gpt5.5_mini,o rei Evander,ocupa,o futuro local de Roma,4
"No livro 8, Enéias se alia a o rei Evander, que ocupa o futuro local de Roma, e recebe novas armaduras e um escudo representando a história romana.",respostasGemini3.1Pro,Enéias,recebe,novas armaduras,4
"A estrutura de o nappe de fundo é de origem européia continental, sobre a qual são empilhados nappes de sedimentos marinhos, rematados por nappes derivados de a chapa africana",Claude_Sonnet5,nappes de sedimentos marinhos,são empilhados sobre,A estrutura de o nappe de fundo,4
"A estrutura de o nappe de fundo é de origem européia continental, sobre a qual são empilhados nappes de sedimentos marinhos, rematados por nappes derivados de a chapa africana",Claude_Sonnet5,nappes de sedimentos marinhos,rematados por,nappes derivados de a chapa africana,5
"A estrutura de o nappe de fundo é de origem européia continental, sobre a qual são empilhados nappes de sedimentos marinhos, rematados por nappes derivados de a chapa africana",LlamaPortOIE3,nappes de sedimentos marinhos,são empilhados sobre,a estrutura de o nappe de fundo,4
"A estrutura de o nappe de fundo é de origem européia continental, sobre a qual são empilhados nappes de sedimentos marinhos, rematados por nappes derivados de a chapa africana",LlamaPortOIE3,nappes de sedimentos marinhos,são rematados por,nappes derivados de a chapa africana,5
"A estrutura de o nappe de fundo é de origem européia continental, sobre a qual são empilhados nappes de sedimentos marinhos, rematados por nappes derivados de a chapa africana",Qwen3OIE_0_6B,nappes de sedimentos marinhos,são rematados por,nappes derivados de a chapa africana,5
"A estrutura de o nappe de fundo é de origem européia continental, sobre a qual são empilhados nappes de sedimentos marinhos, rematados por nappes derivados de a chapa africana",Qwen3OIE_4B,nappes de sedimentos marinhos,são empilhados sobre,a estrutura de o nappe de fundo,4
"A estrutura de o nappe de fundo é de origem européia continental, sobre a qual são empilhados nappes de sedimentos marinhos, rematados por nappes derivados de a chapa africana",Qwen3OIE_4B,nappes de sedimentos marinhos,são rematados por,nappes derivados de a chapa africana,5
"A estrutura de o nappe de fundo é de origem européia continental, sobre a qual são empilhados nappes de sedimentos marinhos, rematados por nappes derivados de a chapa africana",respostas_gpt5.5_mini,nappes de sedimentos marinhos,são empilhados sobre,a estrutura de o nappe de fundo,4
"A estrutura de o nappe de fundo é de origem européia continental, sobre a qual são empilhados nappes de sedimentos marinhos, rematados por nappes derivados de a chapa africana",respostasGemini3.1Pro,nappes de sedimentos marinhos,rematados por,nappes derivados de a chapa africana,5
"Agassiz estudou o movimento de as geleiras em a década de 1840 em a Geleira Unteraar, onde descobriu que a geleira se movia 100 m (328 pés) por ano, mais rapidamente em o meio de o que em as bordas.",Claude_Sonnet5,Agassiz,estudou em,a década de 1840,4
"Agassiz estudou o movimento de as geleiras em a década de 1840 em a Geleira Unteraar, onde descobriu que a geleira se movia 100 m (328 pés) por ano, mais rapidamente em o meio de o que em as bordas.",Claude_Sonnet5,Agassiz,estudou em,a Geleira Unteraar,4
"Agassiz estudou o movimento de as geleiras em a década de 1840 em a Geleira Unteraar, onde descobriu que a geleira se movia 100 m (328 pés) por ano, mais rapidamente em o meio de o que em as bordas.",Claude_Sonnet5,Agassiz,descobriu,que a geleira se movia 100 m (328 pés) por ano,5
"Agassiz estudou o movimento de as geleiras em a década de 1840 em a Geleira Unteraar, onde descobriu que a geleira se movia 100 m (328 pés) por ano, mais rapidamente em o meio de o que em as bordas.",LlamaPortOIE3,Agassiz,descobriu,"que a geleira se movia 100 m (328 pés) por ano, mais rapidamente em o meio de o que em as bordas",5
"Agassiz estudou o movimento de as geleiras em a década de 1840 em a Geleira Unteraar, onde descobriu que a geleira se movia 100 m (328 pés) por ano, mais rapidamente em o meio de o que em as bordas.",Qwen3OIE_0_6B,Agassiz,estudou em,a década de 1840,4
"Agassiz estudou o movimento de as geleiras em a década de 1840 em a Geleira Unteraar, onde descobriu que a geleira se movia 100 m (328 pés) por ano, mais rapidamente em o meio de o que em as bordas.",Qwen3OIE_0_6B,Agassiz,estudou em,a Geleira Unteraar,4
"Agassiz estudou o movimento de as geleiras em a década de 1840 em a Geleira Unteraar, onde descobriu que a geleira se movia 100 m (328 pés) por ano, mais rapidamente em o meio de o que em as bordas.",Qwen3OIE_0_6B,Agassiz,descobriu,"que a geleira se movia 100 m (328 pés) por ano, mais rapidamente em o meio de o que em as bordas",5
"Agassiz estudou o movimento de as geleiras em a década de 1840 em a Geleira Unteraar, onde descobriu que a geleira se movia 100 m (328 pés) por ano, mais rapidamente em o meio de o que em as bordas.",Qwen3OIE_4B,Agassiz,estudou em,a década de 1840,4
"Agassiz estudou o movimento de as geleiras em a década de 1840 em a Geleira Unteraar, onde descobriu que a geleira se movia 100 m (328 pés) por ano, mais rapidamente em o meio de o que em as bordas.",Qwen3OIE_4B,Agassiz,estudou em,a Geleira Unteraar,4
"Agassiz estudou o movimento de as geleiras em a década de 1840 em a Geleira Unteraar, onde descobriu que a geleira se movia 100 m (328 pés) por ano, mais rapidamente em o meio de o que em as bordas.",Qwen3OIE_4B,Agassiz,descobriu,"que a geleira se movia 100 m (328 pés) por ano, mais rapidamente em o meio de o que em as bordas",5
"Agassiz estudou o movimento de as geleiras em a década de 1840 em a Geleira Unteraar, onde descobriu que a geleira se movia 100 m (328 pés) por ano, mais rapidamente em o meio de o que em as bordas.",respostas_gpt5.5_mini,Agassiz,descobriu,que a geleira se movia 100 m (328 pés) por ano,5
"Agassiz estudou o movimento de as geleiras em a década de 1840 em a Geleira Unteraar, onde descobriu que a geleira se movia 100 m (328 pés) por ano, mais rapidamente em o meio de o que em as bordas.",respostasGemini3.1Pro,Agassiz,estudou em,a década de 1840,4
"Agassiz estudou o movimento de as geleiras em a década de 1840 em a Geleira Unteraar, onde descobriu que a geleira se movia 100 m (328 pés) por ano, mais rapidamente em o meio de o que em as bordas.",respostasGemini3.1Pro,Agassiz,estudou em,a Geleira Unteraar,4
"Em altitudes entre 1.000 e 3.000 m (3.281 e 9.843 pés), a queda de neve começa em novembro e se acumula até abril ou maio, quando o derretimento começa.",Claude_Sonnet5,a queda de neve,se acumula até,abril ou maio,3
"Em altitudes entre 1.000 e 3.000 m (3.281 e 9.843 pés), a queda de neve começa em novembro e se acumula até abril ou maio, quando o derretimento começa.",LlamaPortOIE3,a queda de neve,se acumula,até abril ou maio,3
"Em altitudes entre 1.000 e 3.000 m (3.281 e 9.843 pés), a queda de neve começa em novembro e se acumula até abril ou maio, quando o derretimento começa.",Qwen3OIE_0_6B,a queda de neve,se acumula até,abril,3
"Em altitudes entre 1.000 e 3.000 m (3.281 e 9.843 pés), a queda de neve começa em novembro e se acumula até abril ou maio, quando o derretimento começa.",Qwen3OIE_0_6B,a queda de neve,se acumula até,maio,3
"Em altitudes entre 1.000 e 3.000 m (3.281 e 9.843 pés), a queda de neve começa em novembro e se acumula até abril ou maio, quando o derretimento começa.",Qwen3OIE_4B,a queda de neve,se acumula até,abril,3
"Em altitudes entre 1.000 e 3.000 m (3.281 e 9.843 pés), a queda de neve começa em novembro e se acumula até abril ou maio, quando o derretimento começa.",Qwen3OIE_4B,a queda de neve,se acumula até,maio,3
"Em altitudes entre 1.000 e 3.000 m (3.281 e 9.843 pés), a queda de neve começa em novembro e se acumula até abril ou maio, quando o derretimento começa.",respostas_gpt5.5_mini,a queda de neve,se acumula até,abril ou maio,3
"Em altitudes entre 1.000 e 3.000 m (3.281 e 9.843 pés), a queda de neve começa em novembro e se acumula até abril ou maio, quando o derretimento começa.",respostasGemini3.1Pro,a queda de neve,se acumula até,abril,3
"Em altitudes entre 1.000 e 3.000 m (3.281 e 9.843 pés), a queda de neve começa em novembro e se acumula até abril ou maio, quando o derretimento começa.",respostasGemini3.1Pro,a queda de neve,se acumula até,maio,3
"A zona montanhosa se estende de 800 a 1.700 m (2.625 a 5.577 pés), seguida por a zona sub-alpina de 1.600 a 2.400 m (5.249 a 7.874 pés).",Claude_Sonnet5,A zona montanhosa,seguida por,a zona sub-alpina de 1.600 a 2.400 m (5.249 a 7.874 pés),3
"A zona montanhosa se estende de 800 a 1.700 m (2.625 a 5.577 pés), seguida por a zona sub-alpina de 1.600 a 2.400 m (5.249 a 7.874 pés).",LlamaPortOIE3,A zona sub-alpina,se estende de,1.600 a 2.400 m,3
"A zona montanhosa se estende de 800 a 1.700 m (2.625 a 5.577 pés), seguida por a zona sub-alpina de 1.600 a 2.400 m (5.249 a 7.874 pés).",Qwen3OIE_0_6B,A zona sub-alpina,se estende de,1.600 a 2.400 m,3
"A zona montanhosa se estende de 800 a 1.700 m (2.625 a 5.577 pés), seguida por a zona sub-alpina de 1.600 a 2.400 m (5.249 a 7.874 pés).",Qwen3OIE_4B,A zona montanhosa,é seguida por,a zona sub-alpina de 1.600 a 2.400 m (5.249 a 7.874 pés),3
"A zona montanhosa se estende de 800 a 1.700 m (2.625 a 5.577 pés), seguida por a zona sub-alpina de 1.600 a 2.400 m (5.249 a 7.874 pés).",Qwen3OIE_4B,a zona sub-alpina,se estende de,1.600 a 2.400 m (5.249 a 7.874 pés),3
"A zona montanhosa se estende de 800 a 1.700 m (2.625 a 5.577 pés), seguida por a zona sub-alpina de 1.600 a 2.400 m (5.249 a 7.874 pés).",respostasGemini3.1Pro,A zona montanhosa,seguida por,a zona sub-alpina de 1.600 a 2.400 m,3
"As plantas alpinas são agrupadas por habitat e tipo de solo, que pode ser calcário ou não calcário.",Claude_Sonnet5,As plantas alpinas,são agrupadas por,habitat,4
"As plantas alpinas são agrupadas por habitat e tipo de solo, que pode ser calcário ou não calcário.",Claude_Sonnet5,tipo de solo,pode ser,calcário ou não calcário,3
"As plantas alpinas são agrupadas por habitat e tipo de solo, que pode ser calcário ou não calcário.",Qwen3OIE_0_6B,As plantas alpinas,são agrupadas por,habitat,4
"As plantas alpinas são agrupadas por habitat e tipo de solo, que pode ser calcário ou não calcário.",Qwen3OIE_4B,As plantas alpinas,são agrupadas por,habitat,4
"As plantas alpinas são agrupadas por habitat e tipo de solo, que pode ser calcário ou não calcário.",Qwen3OIE_4B,tipo de solo,pode ser,não calcário,3
"As plantas alpinas são agrupadas por habitat e tipo de solo, que pode ser calcário ou não calcário.",respostas_gpt5.5_mini,tipo de solo,pode ser,não calcário,3
"As plantas alpinas são agrupadas por habitat e tipo de solo, que pode ser calcário ou não calcário.",respostasGemini3.1Pro,As plantas alpinas,são agrupadas por,habitat,4
"Durante essas visitas, Shelley escreveu o poema Mont Blanc, Byron escreveu O Prisioneiro de Chillon e o dramático poema Manfred, e Mary Shelley, que achou a paisagem avassaladora, concebeu a idéia de o romance Frankenstein em sua vila às margens de o rio.",Claude_Sonnet5,Byron,escreveu,O Prisioneiro de Chillon,6
"Durante essas visitas, Shelley escreveu o poema Mont Blanc, Byron escreveu O Prisioneiro de Chillon e o dramático poema Manfred, e Mary Shelley, que achou a paisagem avassaladora, concebeu a idéia de o romance Frankenstein em sua vila às margens de o rio.",Claude_Sonnet5,Byron,escreveu,o dramático poema Manfred,4
"Durante essas visitas, Shelley escreveu o poema Mont Blanc, Byron escreveu O Prisioneiro de Chillon e o dramático poema Manfred, e Mary Shelley, que achou a paisagem avassaladora, concebeu a idéia de o romance Frankenstein em sua vila às margens de o rio.",Claude_Sonnet5,Mary Shelley,concebeu,a idéia de o romance Frankenstein,6
"Durante essas visitas, Shelley escreveu o poema Mont Blanc, Byron escreveu O Prisioneiro de Chillon e o dramático poema Manfred, e Mary Shelley, que achou a paisagem avassaladora, concebeu a idéia de o romance Frankenstein em sua vila às margens de o rio.",Qwen3OIE_0_6B,Byron,escreveu,O Prisioneiro de Chillon,6
"Durante essas visitas, Shelley escreveu o poema Mont Blanc, Byron escreveu O Prisioneiro de Chillon e o dramático poema Manfred, e Mary Shelley, que achou a paisagem avassaladora, concebeu a idéia de o romance Frankenstein em sua vila às margens de o rio.",Qwen3OIE_0_6B,Mary Shelley,concebeu,a idéia de o romance Frankenstein,6
"Durante essas visitas, Shelley escreveu o poema Mont Blanc, Byron escreveu O Prisioneiro de Chillon e o dramático poema Manfred, e Mary Shelley, que achou a paisagem avassaladora, concebeu a idéia de o romance Frankenstein em sua vila às margens de o rio.",Qwen3OIE_4B,Byron,escreveu,O Prisioneiro de Chillon,6
"Durante essas visitas, Shelley escreveu o poema Mont Blanc, Byron escreveu O Prisioneiro de Chillon e o dramático poema Manfred, e Mary Shelley, que achou a paisagem avassaladora, concebeu a idéia de o romance Frankenstein em sua vila às margens de o rio.",Qwen3OIE_4B,Byron,escreveu,o dramático poema Manfred,4
"Durante essas visitas, Shelley escreveu o poema Mont Blanc, Byron escreveu O Prisioneiro de Chillon e o dramático poema Manfred, e Mary Shelley, que achou a paisagem avassaladora, concebeu a idéia de o romance Frankenstein em sua vila às margens de o rio.",Qwen3OIE_4B,Mary Shelley,concebeu,a idéia de o romance Frankenstein,6
"Durante essas visitas, Shelley escreveu o poema Mont Blanc, Byron escreveu O Prisioneiro de Chillon e o dramático poema Manfred, e Mary Shelley, que achou a paisagem avassaladora, concebeu a idéia de o romance Frankenstein em sua vila às margens de o rio.",respostaGrok4.0Fast,Byron,escreveu,O Prisioneiro de Chillon,6
"Durante essas visitas, Shelley escreveu o poema Mont Blanc, Byron escreveu O Prisioneiro de Chillon e o dramático poema Manfred, e Mary Shelley, que achou a paisagem avassaladora, concebeu a idéia de o romance Frankenstein em sua vila às margens de o rio.",respostaGrok4.0Fast,Mary Shelley,concebeu,a idéia de o romance Frankenstein,6
"Durante essas visitas, Shelley escreveu o poema Mont Blanc, Byron escreveu O Prisioneiro de Chillon e o dramático poema Manfred, e Mary Shelley, que achou a paisagem avassaladora, concebeu a idéia de o romance Frankenstein em sua vila às margens de o rio.",respostas_gpt5.5_mini,Byron,escreveu,O Prisioneiro de Chillon,6
"Durante essas visitas, Shelley escreveu o poema Mont Blanc, Byron escreveu O Prisioneiro de Chillon e o dramático poema Manfred, e Mary Shelley, que achou a paisagem avassaladora, concebeu a idéia de o romance Frankenstein em sua vila às margens de o rio.",respostas_gpt5.5_mini,Byron,escreveu,o dramático poema Manfred,4
"Durante essas visitas, Shelley escreveu o poema Mont Blanc, Byron escreveu O Prisioneiro de Chillon e o dramático poema Manfred, e Mary Shelley, que achou a paisagem avassaladora, concebeu a idéia de o romance Frankenstein em sua vila às margens de o rio.",respostas_gpt5.5_mini,Mary Shelley,concebeu,a idéia de o romance Frankenstein,6
"Durante essas visitas, Shelley escreveu o poema Mont Blanc, Byron escreveu O Prisioneiro de Chillon e o dramático poema Manfred, e Mary Shelley, que achou a paisagem avassaladora, concebeu a idéia de o romance Frankenstein em sua vila às margens de o rio.",respostasGemini3.1Pro,Byron,escreveu,O Prisioneiro de Chillon,6
"Durante essas visitas, Shelley escreveu o poema Mont Blanc, Byron escreveu O Prisioneiro de Chillon e o dramático poema Manfred, e Mary Shelley, que achou a paisagem avassaladora, concebeu a idéia de o romance Frankenstein em sua vila às margens de o rio.",respostasGemini3.1Pro,Byron,escreveu,o dramático poema Manfred,4
"Durante essas visitas, Shelley escreveu o poema Mont Blanc, Byron escreveu O Prisioneiro de Chillon e o dramático poema Manfred, e Mary Shelley, que achou a paisagem avassaladora, concebeu a idéia de o romance Frankenstein em sua vila às margens de o rio.",respostasGemini3.1Pro,Mary Shelley,concebeu,a idéia de o romance Frankenstein,6
"A cozinha é separada de a área de estar (chamada stube, a área de a casa aquecida por um fogão) e os quartos de o segundo andar se beneficiam de o aumento de o calor.",Claude_Sonnet5,os quartos de o segundo andar,se beneficiam de,o aumento de o calor,6
"A cozinha é separada de a área de estar (chamada stube, a área de a casa aquecida por um fogão) e os quartos de o segundo andar se beneficiam de o aumento de o calor.",LlamaPortOIE3,os quartos de o segundo andar,se beneficiam de o,aumento de o calor,6
"A cozinha é separada de a área de estar (chamada stube, a área de a casa aquecida por um fogão) e os quartos de o segundo andar se beneficiam de o aumento de o calor.",Qwen3OIE_0_6B,os quartos de o segundo andar,se beneficiam de,o aumento de o calor,6
"A cozinha é separada de a área de estar (chamada stube, a área de a casa aquecida por um fogão) e os quartos de o segundo andar se beneficiam de o aumento de o calor.",Qwen3OIE_4B,os quartos de o segundo andar,se beneficiam de,o aumento de o calor,6
"A cozinha é separada de a área de estar (chamada stube, a área de a casa aquecida por um fogão) e os quartos de o segundo andar se beneficiam de o aumento de o calor.",respostas_gpt5.5_mini,os quartos de o segundo andar,se beneficiam de,o aumento de o calor,6
"A cozinha é separada de a área de estar (chamada stube, a área de a casa aquecida por um fogão) e os quartos de o segundo andar se beneficiam de o aumento de o calor.",respostasGemini3.1Pro,os quartos de o segundo andar,se beneficiam de,o aumento de o calor,6
Os cristais alpinos foram estudados e coletados por centenas de anos e começaram a ser classificados em o século 18.,Claude_Sonnet5,Os cristais alpinos,foram coletados por,centenas de anos,4
Os cristais alpinos foram estudados e coletados por centenas de anos e começaram a ser classificados em o século 18.,Claude_Sonnet5,Os cristais alpinos,começaram a ser classificados em,o século 18,7
Os cristais alpinos foram estudados e coletados por centenas de anos e começaram a ser classificados em o século 18.,LlamaPortOIE3,Os cristais alpinos,começaram a ser classificados em o,século 18,6
Os cristais alpinos foram estudados e coletados por centenas de anos e começaram a ser classificados em o século 18.,PortNOIE,Os cristais,começaram a ser classificados,século 18,6
Os cristais alpinos foram estudados e coletados por centenas de anos e começaram a ser classificados em o século 18.,Qwen3OIE_0_6B,Os cristais alpinos,foram coletados por,centenas de anos,4
Os cristais alpinos foram estudados e coletados por centenas de anos e começaram a ser classificados em o século 18.,Qwen3OIE_0_6B,Os cristais alpinos,começaram a ser classificados em,o século 18,7
Os cristais alpinos foram estudados e coletados por centenas de anos e começaram a ser classificados em o século 18.,Qwen3OIE_4B,Os cristais alpinos,foram coletados por,centenas de anos,4
Os cristais alpinos foram estudados e coletados por centenas de anos e começaram a ser classificados em o século 18.,Qwen3OIE_4B,Os cristais alpinos,começaram a ser classificados em,o século 18,7
Os cristais alpinos foram estudados e coletados por centenas de anos e começaram a ser classificados em o século 18.,respostas_gpt5.5_mini,Os cristais alpinos,foram coletados por,centenas de anos,4
Os cristais alpinos foram estudados e coletados por centenas de anos e começaram a ser classificados em o século 18.,respostas_gpt5.5_mini,Os cristais alpinos,começaram a ser classificados em,o século 18,7
Os cristais alpinos foram estudados e coletados por centenas de anos e começaram a ser classificados em o século 18.,respostasGemini3.1Pro,Os cristais alpinos,começaram a ser,classificados em o século 18,5
Um cromossomo consiste em uma única hélice de DNA muito longa em a qual milhares de genes são codificados.,Claude_Sonnet5,milhares de genes,são codificados em,uma única hélice de DNA muito longa,4
Um cromossomo consiste em uma única hélice de DNA muito longa em a qual milhares de genes são codificados.,LlamaPortOIE3,milhares de genes,são codificados em,uma única hélice de DNA muito longa,4
Um cromossomo consiste em uma única hélice de DNA muito longa em a qual milhares de genes são codificados.,Qwen3OIE_4B,milhares de genes,são codificados em,uma única hélice de DNA muito longa,4
Um cromossomo consiste em uma única hélice de DNA muito longa em a qual milhares de genes são codificados.,respostas_gpt5.5_mini,milhares de genes,são codificados em,uma única hélice de DNA muito longa,4
"João Bernardo Nino Vieira foi eleito em 2005 como Presidente de a Guiné-Bissau como independente, sendo declarado vencedor de o segundo turno por o CNE (Comitê Nacional de Eleições).",Claude_Sonnet5,João Bernardo Nino Vieira,foi eleito como,Presidente de a Guiné-Bissau,8
"João Bernardo Nino Vieira foi eleito em 2005 como Presidente de a Guiné-Bissau como independente, sendo declarado vencedor de o segundo turno por o CNE (Comitê Nacional de Eleições).",Claude_Sonnet5,João Bernardo Nino Vieira,foi eleito como,independente,3
"João Bernardo Nino Vieira foi eleito em 2005 como Presidente de a Guiné-Bissau como independente, sendo declarado vencedor de o segundo turno por o CNE (Comitê Nacional de Eleições).",Claude_Sonnet5,João Bernardo Nino Vieira,sendo declarado vencedor de,o segundo turno,3
"João Bernardo Nino Vieira foi eleito em 2005 como Presidente de a Guiné-Bissau como independente, sendo declarado vencedor de o segundo turno por o CNE (Comitê Nacional de Eleições).",LlamaPortOIE3,João Bernardo Nino Vieira,foi eleito,como Presidente de a Guiné-Bissau como independente,8
"João Bernardo Nino Vieira foi eleito em 2005 como Presidente de a Guiné-Bissau como independente, sendo declarado vencedor de o segundo turno por o CNE (Comitê Nacional de Eleições).",PortNOIE,Bernardo Nino Vieira,foi eleito em,2005 como Presidente de a Guiné-Bissau como independente,8
"João Bernardo Nino Vieira foi eleito em 2005 como Presidente de a Guiné-Bissau como independente, sendo declarado vencedor de o segundo turno por o CNE (Comitê Nacional de Eleições).",Qwen3OIE_0_6B,João Bernardo Nino Vieira,foi eleito como,Presidente de a Guiné-Bissau,8
"João Bernardo Nino Vieira foi eleito em 2005 como Presidente de a Guiné-Bissau como independente, sendo declarado vencedor de o segundo turno por o CNE (Comitê Nacional de Eleições).",Qwen3OIE_0_6B,João Bernardo Nino Vieira,foi eleito como,independente,3
"João Bernardo Nino Vieira foi eleito em 2005 como Presidente de a Guiné-Bissau como independente, sendo declarado vencedor de o segundo turno por o CNE (Comitê Nacional de Eleições).",Qwen3OIE_0_6B,João Bernardo Nino Vieira,foi declarado vencedor de,o segundo turno,3
"João Bernardo Nino Vieira foi eleito em 2005 como Presidente de a Guiné-Bissau como independente, sendo declarado vencedor de o segundo turno por o CNE (Comitê Nacional de Eleições).",Qwen3OIE_4B,João Bernardo Nino Vieira,foi eleito como,Presidente de a Guiné-Bissau,8
"João Bernardo Nino Vieira foi eleito em 2005 como Presidente de a Guiné-Bissau como independente, sendo declarado vencedor de o segundo turno por o CNE (Comitê Nacional de Eleições).",respostaGrok4.0Fast,João Bernardo Nino Vieira,foi eleito em,2005 como Presidente de a Guiné-Bissau,8
"João Bernardo Nino Vieira foi eleito em 2005 como Presidente de a Guiné-Bissau como independente, sendo declarado vencedor de o segundo turno por o CNE (Comitê Nacional de Eleições).",respostas_gpt5.5_mini,João Bernardo Nino Vieira,foi eleito como,Presidente de a Guiné-Bissau como independente,8
"João Bernardo Nino Vieira foi eleito em 2005 como Presidente de a Guiné-Bissau como independente, sendo declarado vencedor de o segundo turno por o CNE (Comitê Nacional de Eleições).",respostas_gpt5.5_mini,João Bernardo Nino Vieira,foi declarado vencedor de,o segundo turno,3
"João Bernardo Nino Vieira foi eleito em 2005 como Presidente de a Guiné-Bissau como independente, sendo declarado vencedor de o segundo turno por o CNE (Comitê Nacional de Eleições).",respostasGemini3.1Pro,João Bernardo Nino Vieira,foi eleito como,Presidente de a Guiné-Bissau,8
"João Bernardo Nino Vieira foi eleito em 2005 como Presidente de a Guiné-Bissau como independente, sendo declarado vencedor de o segundo turno por o CNE (Comitê Nacional de Eleições).",respostasGemini3.1Pro,João Bernardo Nino Vieira,foi eleito como,independente,3
"De acordo com a revisão de 2010 de a Perspectiva Mundial de a População de a ONU, a população de a Guiné-Bissau era de 1.515.000 em 2010, em comparação com 518.000 em 1950.",Claude_Sonnet5,a população de a Guiné-Bissau,era de,1.515.000,3
"De acordo com a revisão de 2010 de a Perspectiva Mundial de a População de a ONU, a população de a Guiné-Bissau era de 1.515.000 em 2010, em comparação com 518.000 em 1950.",LlamaPortOIE3,a população de a Guiné-Bissau,era de,518.000 em 1950,3
"De acordo com a revisão de 2010 de a Perspectiva Mundial de a População de a ONU, a população de a Guiné-Bissau era de 1.515.000 em 2010, em comparação com 518.000 em 1950.",Qwen3OIE_0_6B,a população de a Guiné-Bissau,era de,1.515.000,3
"De acordo com a revisão de 2010 de a Perspectiva Mundial de a População de a ONU, a população de a Guiné-Bissau era de 1.515.000 em 2010, em comparação com 518.000 em 1950.",Qwen3OIE_4B,a população de a Guiné-Bissau,era de,518.000 em 1950,3
"De acordo com a revisão de 2010 de a Perspectiva Mundial de a População de a ONU, a população de a Guiné-Bissau era de 1.515.000 em 2010, em comparação com 518.000 em 1950.",respostas_gpt5.5_mini,a população de a Guiné-Bissau,era de,518.000 em 1950,3
"De acordo com a revisão de 2010 de a Perspectiva Mundial de a População de a ONU, a população de a Guiné-Bissau era de 1.515.000 em 2010, em comparação com 518.000 em 1950.",respostasGemini3.1Pro,a população de a Guiné-Bissau,era de,1.515.000,3
