sentence,modelo_exemplo,arg1,rel,arg2,n_modelos_concordando
"A universidade é afiliada a a Congregação de a Santa Cruz (em latim Congregatio a Sancta Cruce, pós-nominais abreviados",Claude_Sonnet5,a Congregação de a Santa Cruz,é chamada em latim,Congregatio a Sancta Cruce,3
"A universidade é afiliada a a Congregação de a Santa Cruz (em latim Congregatio a Sancta Cruce, pós-nominais abreviados",PortugueseT5OIE_Abstractive,a Congregação de a Santa Cruz,é em latim,Congregatio a Sancta Cruce,3
"A universidade é afiliada a a Congregação de a Santa Cruz (em latim Congregatio a Sancta Cruce, pós-nominais abreviados",respostaGrok4.0Fast,Congregação de a Santa Cruz,é em latim,Congregatio a Sancta Cruce,3
"Michael J. Shea, formado em 1904, escreveu a música, e seu irmão, John F. Shea, que se formou em 1906 e 1908, escreveu a letra original.",Claude_Sonnet5,John F. Shea,se formou em,1906,4
"Michael J. Shea, formado em 1904, escreveu a música, e seu irmão, John F. Shea, que se formou em 1906 e 1908, escreveu a letra original.",Claude_Sonnet5,John F. Shea,se formou em,1908,4
"Michael J. Shea, formado em 1904, escreveu a música, e seu irmão, John F. Shea, que se formou em 1906 e 1908, escreveu a letra original.",Claude_Sonnet5,John F. Shea,escreveu,a letra original,4
"Michael J. Shea, formado em 1904, escreveu a música, e seu irmão, John F. Shea, que se formou em 1906 e 1908, escreveu a letra original.",PortugueseT5OIE_Abstractive,John F. Shea,se formou em,1906,4
"Michael J. Shea, formado em 1904, escreveu a música, e seu irmão, John F. Shea, que se formou em 1906 e 1908, escreveu a letra original.",PortugueseT5OIE_Abstractive,John F. Shea,se formou em,1908,4
"Michael J. Shea, formado em 1904, escreveu a música, e seu irmão, John F. Shea, que se formou em 1906 e 1908, escreveu a letra original.",respostaGrok4.0Fast,John F. Shea,se formou em,1906,4
"Michael J. Shea, formado em 1904, escreveu a música, e seu irmão, John F. Shea, que se formou em 1906 e 1908, escreveu a letra original.",respostaGrok4.0Fast,John F. Shea,se formou em,1908,4
"Michael J. Shea, formado em 1904, escreveu a música, e seu irmão, John F. Shea, que se formou em 1906 e 1908, escreveu a letra original.",respostaGrok4.0Fast,John F. Shea,escreveu,a letra original,4
"Michael J. Shea, formado em 1904, escreveu a música, e seu irmão, John F. Shea, que se formou em 1906 e 1908, escreveu a letra original.",respostas_gpt5.5_mini,John F. Shea,escreveu,a letra original,4
"Michael J. Shea, formado em 1904, escreveu a música, e seu irmão, John F. Shea, que se formou em 1906 e 1908, escreveu a letra original.",respostasGemini3.1Pro,John F. Shea,se formou em,1906,4
"Michael J. Shea, formado em 1904, escreveu a música, e seu irmão, John F. Shea, que se formou em 1906 e 1908, escreveu a letra original.",respostasGemini3.1Pro,John F. Shea,se formou em,1908,4
"Michael J. Shea, formado em 1904, escreveu a música, e seu irmão, John F. Shea, que se formou em 1906 e 1908, escreveu a letra original.",respostasGemini3.1Pro,John F. Shea,escreveu,a letra original,4
"A Universidade de Notre Dame du Lac (ou simplesmente Notre Dame / ˌnoʊtərˈdeɪm / NOH-tər-DAYM) é uma Universidade Católica de Pesquisa localizada a o lado de South Bend, Indiana, em os Estados Unidos.",Claude_Sonnet5,A Universidade de Notre Dame du Lac,é localizada ao lado de,"South Bend, Indiana",5
"A Universidade de Notre Dame du Lac (ou simplesmente Notre Dame / ˌnoʊtərˈdeɪm / NOH-tər-DAYM) é uma Universidade Católica de Pesquisa localizada a o lado de South Bend, Indiana, em os Estados Unidos.",Claude_Sonnet5,A Universidade de Notre Dame du Lac,é localizada em,os Estados Unidos,5
"A Universidade de Notre Dame du Lac (ou simplesmente Notre Dame / ˌnoʊtərˈdeɪm / NOH-tər-DAYM) é uma Universidade Católica de Pesquisa localizada a o lado de South Bend, Indiana, em os Estados Unidos.",PortugueseT5OIE_Abstractive,A Universidade de Notre Dame du Lac,é localizada a o lado de,"South Bend, Indiana",4
"A Universidade de Notre Dame du Lac (ou simplesmente Notre Dame / ˌnoʊtərˈdeɪm / NOH-tər-DAYM) é uma Universidade Católica de Pesquisa localizada a o lado de South Bend, Indiana, em os Estados Unidos.",PortugueseT5OIE_Abstractive,A Universidade de Notre Dame du Lac,é localizada em,os Estados Unidos,5
"A Universidade de Notre Dame du Lac (ou simplesmente Notre Dame / ˌnoʊtərˈdeɪm / NOH-tər-DAYM) é uma Universidade Católica de Pesquisa localizada a o lado de South Bend, Indiana, em os Estados Unidos.",respostaGrok4.0Fast,A Universidade de Notre Dame du Lac,é localizada ao lado de,"South Bend, Indiana",5
"A Universidade de Notre Dame du Lac (ou simplesmente Notre Dame / ˌnoʊtərˈdeɪm / NOH-tər-DAYM) é uma Universidade Católica de Pesquisa localizada a o lado de South Bend, Indiana, em os Estados Unidos.",respostaGrok4.0Fast,A Universidade de Notre Dame du Lac,é localizada em,os Estados Unidos,5
"A Universidade de Notre Dame du Lac (ou simplesmente Notre Dame / ˌnoʊtərˈdeɪm / NOH-tər-DAYM) é uma Universidade Católica de Pesquisa localizada a o lado de South Bend, Indiana, em os Estados Unidos.",respostas_gpt5.5_mini,A Universidade de Notre Dame du Lac,está localizada ao lado de,"South Bend, Indiana",3
"A Universidade de Notre Dame du Lac (ou simplesmente Notre Dame / ˌnoʊtərˈdeɪm / NOH-tər-DAYM) é uma Universidade Católica de Pesquisa localizada a o lado de South Bend, Indiana, em os Estados Unidos.",respostas_gpt5.5_mini,A Universidade de Notre Dame du Lac,está localizada em,os Estados Unidos,5
"A Universidade de Notre Dame du Lac (ou simplesmente Notre Dame / ˌnoʊtərˈdeɪm / NOH-tər-DAYM) é uma Universidade Católica de Pesquisa localizada a o lado de South Bend, Indiana, em os Estados Unidos.",respostasGemini3.1Pro,A Universidade de Notre Dame du Lac,é localizada a o lado de,"South Bend, Indiana",4
"A Universidade de Notre Dame du Lac (ou simplesmente Notre Dame / ˌnoʊtərˈdeɪm / NOH-tər-DAYM) é uma Universidade Católica de Pesquisa localizada a o lado de South Bend, Indiana, em os Estados Unidos.",respostasGemini3.1Pro,A Universidade de Notre Dame du Lac,é localizada em,os Estados Unidos,5
"Em fevereiro de 2013, Beyoncé disse que Madonna a inspirou a assumir o controle de sua própria carreira.",Claude_Sonnet5,Beyoncé,disse,que Madonna inspirou Beyoncé a assumir o controle de sua própria carreira,4
"Em fevereiro de 2013, Beyoncé disse que Madonna a inspirou a assumir o controle de sua própria carreira.",PortugueseT5OIE_Abstractive,Beyoncé,disse,que Madonna a inspirou a assumir o controle de sua própria carreira,4
"Em fevereiro de 2013, Beyoncé disse que Madonna a inspirou a assumir o controle de sua própria carreira.",respostaGrok4.0Fast,Beyoncé,disse,que Madonna a inspirou a assumir o controle de sua própria carreira,4
"Em fevereiro de 2013, Beyoncé disse que Madonna a inspirou a assumir o controle de sua própria carreira.",respostasGemini3.1Pro,Beyoncé,disse,que Madonna a inspirou a assumir o controle de sua própria carreira,4
"Em 2013, foi anunciado que Beyoncé trabalharia com Salma Hayek e Frida Giannini em uma campanha de a Gucci Chime for Change, que visa espalhar o empoderamento feminino.",Claude_Sonnet5,uma campanha da Gucci Chime for Change,visa espalhar,o empoderamento feminino,4
"Em 2013, foi anunciado que Beyoncé trabalharia com Salma Hayek e Frida Giannini em uma campanha de a Gucci Chime for Change, que visa espalhar o empoderamento feminino.",respostaGrok4.0Fast,a campanha de a Gucci Chime for Change,visa espalhar,o empoderamento feminino,4
"Em 2013, foi anunciado que Beyoncé trabalharia com Salma Hayek e Frida Giannini em uma campanha de a Gucci Chime for Change, que visa espalhar o empoderamento feminino.",respostas_gpt5.5_mini,a campanha de a Gucci Chime for Change,visa espalhar,o empoderamento feminino,4
"Em 2013, foi anunciado que Beyoncé trabalharia com Salma Hayek e Frida Giannini em uma campanha de a Gucci Chime for Change, que visa espalhar o empoderamento feminino.",respostasGemini3.1Pro,uma campanha de a Gucci Chime for Change,visa espalhar,o empoderamento feminino,4
"O Aeroporto Internacional de Bozeman Yellowstone é o aeroporto mais movimentado de o estado de Montana, superando o Aeroporto Internacional Billings Logan em a primavera de 2013",Claude_Sonnet5,O Aeroporto Internacional de Bozeman Yellowstone,superou,o Aeroporto Internacional Billings Logan,3
"O Aeroporto Internacional de Bozeman Yellowstone é o aeroporto mais movimentado de o estado de Montana, superando o Aeroporto Internacional Billings Logan em a primavera de 2013",respostas_gpt5.5_mini,O Aeroporto Internacional de Bozeman Yellowstone,superou,O Aeroporto Internacional Billings Logan,3
"O Aeroporto Internacional de Bozeman Yellowstone é o aeroporto mais movimentado de o estado de Montana, superando o Aeroporto Internacional Billings Logan em a primavera de 2013",respostasGemini3.1Pro,O Aeroporto Internacional de Bozeman Yellowstone,superou,o Aeroporto Internacional Billings Logan,3
"Na primavera de 1834, Chopin participou de o Festival de Música de o Baixo Reno em Aix-la-Chapelle com Hiller, e foi lá que Chopin conheceu Felix Mendelssohn.",Claude_Sonnet5,Chopin,conheceu,Felix Mendelssohn,5
"Na primavera de 1834, Chopin participou de o Festival de Música de o Baixo Reno em Aix-la-Chapelle com Hiller, e foi lá que Chopin conheceu Felix Mendelssohn.",PortugueseT5OIE_Abstractive,Chopin,conheceu,Felix Mendelssohn,5
"Na primavera de 1834, Chopin participou de o Festival de Música de o Baixo Reno em Aix-la-Chapelle com Hiller, e foi lá que Chopin conheceu Felix Mendelssohn.",respostaGrok4.0Fast,Chopin,conheceu,Felix Mendelssohn,5
"Na primavera de 1834, Chopin participou de o Festival de Música de o Baixo Reno em Aix-la-Chapelle com Hiller, e foi lá que Chopin conheceu Felix Mendelssohn.",respostas_gpt5.5_mini,Chopin,conheceu,Felix Mendelssohn,5
"Na primavera de 1834, Chopin participou de o Festival de Música de o Baixo Reno em Aix-la-Chapelle com Hiller, e foi lá que Chopin conheceu Felix Mendelssohn.",respostasGemini3.1Pro,Chopin,conheceu,Felix Mendelssohn,5
"Mais tarde naquela manhã, o marido de Solange, Clésinger, fez a máscara mortuária de Chopin e um giro de a mão esquerda.",Claude_Sonnet5,Clésinger,fez,a máscara mortuária de Chopin,4
"Mais tarde naquela manhã, o marido de Solange, Clésinger, fez a máscara mortuária de Chopin e um giro de a mão esquerda.",Claude_Sonnet5,Clésinger,fez,um giro da mão esquerda de Chopin,4
"Mais tarde naquela manhã, o marido de Solange, Clésinger, fez a máscara mortuária de Chopin e um giro de a mão esquerda.",respostaGrok4.0Fast,Clésinger,fez,a máscara mortuária de Chopin,4
"Mais tarde naquela manhã, o marido de Solange, Clésinger, fez a máscara mortuária de Chopin e um giro de a mão esquerda.",respostaGrok4.0Fast,Clésinger,fez,um giro de a mão esquerda,4
"Mais tarde naquela manhã, o marido de Solange, Clésinger, fez a máscara mortuária de Chopin e um giro de a mão esquerda.",respostas_gpt5.5_mini,Clésinger,fez,a máscara mortuária de Chopin,4
"Mais tarde naquela manhã, o marido de Solange, Clésinger, fez a máscara mortuária de Chopin e um giro de a mão esquerda.",respostas_gpt5.5_mini,Clésinger,fez,um giro de a mão esquerda,4
"Mais tarde naquela manhã, o marido de Solange, Clésinger, fez a máscara mortuária de Chopin e um giro de a mão esquerda.",respostasGemini3.1Pro,Clésinger,fez,a máscara mortuária de Chopin,4
"Mais tarde naquela manhã, o marido de Solange, Clésinger, fez a máscara mortuária de Chopin e um giro de a mão esquerda.",respostasGemini3.1Pro,Clésinger,fez,um giro de a mão esquerda,4
"Em setembro de 1828, Chopin, ainda estudante, visitou Berlim com um amigo de a família, o zoólogo Feliks Jarocki, desfrutando de óperas dirigidas por Gaspare Spontini e assistindo a concertos de Carl Friedrich Zelter, Felix Mendelssohn e outras celebridades.",Claude_Sonnet5,Chopin,assistiu a,concertos de Carl Friedrich Zelter,3
"Em setembro de 1828, Chopin, ainda estudante, visitou Berlim com um amigo de a família, o zoólogo Feliks Jarocki, desfrutando de óperas dirigidas por Gaspare Spontini e assistindo a concertos de Carl Friedrich Zelter, Felix Mendelssohn e outras celebridades.",Claude_Sonnet5,Chopin,assistiu a,concertos de Felix Mendelssohn,3
"Em setembro de 1828, Chopin, ainda estudante, visitou Berlim com um amigo de a família, o zoólogo Feliks Jarocki, desfrutando de óperas dirigidas por Gaspare Spontini e assistindo a concertos de Carl Friedrich Zelter, Felix Mendelssohn e outras celebridades.",PortugueseT5OIE_Abstractive,Chopin,assistiu a,concertos de Carl Friedrich Zelter,3
"Em setembro de 1828, Chopin, ainda estudante, visitou Berlim com um amigo de a família, o zoólogo Feliks Jarocki, desfrutando de óperas dirigidas por Gaspare Spontini e assistindo a concertos de Carl Friedrich Zelter, Felix Mendelssohn e outras celebridades.",PortugueseT5OIE_Abstractive,Chopin,assistiu a,concertos de Felix Mendelssohn,3
"Em setembro de 1828, Chopin, ainda estudante, visitou Berlim com um amigo de a família, o zoólogo Feliks Jarocki, desfrutando de óperas dirigidas por Gaspare Spontini e assistindo a concertos de Carl Friedrich Zelter, Felix Mendelssohn e outras celebridades.",respostasGemini3.1Pro,Chopin,assistiu a,concertos de Carl Friedrich Zelter,3
"Em setembro de 1828, Chopin, ainda estudante, visitou Berlim com um amigo de a família, o zoólogo Feliks Jarocki, desfrutando de óperas dirigidas por Gaspare Spontini e assistindo a concertos de Carl Friedrich Zelter, Felix Mendelssohn e outras celebridades.",respostasGemini3.1Pro,Chopin,assistiu a,concertos de Felix Mendelssohn,3
"Quando o imperador Ming Yongle convidou Je Tsongkhapa (1357-1419), fundador de a escola Gelug, para ir a a corte Ming e prestar homenagem, este último recusou.",PortugueseT5OIE_Abstractive,Je Tsongkhapa,é,fundador de a escola Gelug,3
"Quando o imperador Ming Yongle convidou Je Tsongkhapa (1357-1419), fundador de a escola Gelug, para ir a a corte Ming e prestar homenagem, este último recusou.",respostaGrok4.0Fast,Je Tsongkhapa,é,fundador de a escola Gelug,3
"Quando o imperador Ming Yongle convidou Je Tsongkhapa (1357-1419), fundador de a escola Gelug, para ir a a corte Ming e prestar homenagem, este último recusou.",respostasGemini3.1Pro,Je Tsongkhapa (1357-1419),é,fundador de a escola Gelug,3
"No entanto, depois que Altan Khan (1507-1582) - líder de os mongóis Tümed que derrubou a hegemonia de a confederação Oirat Mongol sobre as estepes - fez as pazes com a dinastia Ming em 1571, ele persuadiu os Ming a reabrir seus mercados de fronteira em 1573.",Claude_Sonnet5,Altan Khan,derrubou,a hegemonia da confederação Oirat Mongol sobre as estepes,3
"No entanto, depois que Altan Khan (1507-1582) - líder de os mongóis Tümed que derrubou a hegemonia de a confederação Oirat Mongol sobre as estepes - fez as pazes com a dinastia Ming em 1571, ele persuadiu os Ming a reabrir seus mercados de fronteira em 1573.",respostaGrok4.0Fast,Altan Khan,derrubou,a hegemonia de a confederação Oirat Mongol sobre as estepes,3
"No entanto, depois que Altan Khan (1507-1582) - líder de os mongóis Tümed que derrubou a hegemonia de a confederação Oirat Mongol sobre as estepes - fez as pazes com a dinastia Ming em 1571, ele persuadiu os Ming a reabrir seus mercados de fronteira em 1573.",respostaGrok4.0Fast,Altan Khan,persuadiu,os Ming a reabrir seus mercados de fronteira em 1573,3
"No entanto, depois que Altan Khan (1507-1582) - líder de os mongóis Tümed que derrubou a hegemonia de a confederação Oirat Mongol sobre as estepes - fez as pazes com a dinastia Ming em 1571, ele persuadiu os Ming a reabrir seus mercados de fronteira em 1573.",respostas_gpt5.5_mini,Altan Khan,derrubou,a hegemonia de a confederação Oirat Mongol sobre as estepes,3
"No entanto, depois que Altan Khan (1507-1582) - líder de os mongóis Tümed que derrubou a hegemonia de a confederação Oirat Mongol sobre as estepes - fez as pazes com a dinastia Ming em 1571, ele persuadiu os Ming a reabrir seus mercados de fronteira em 1573.",respostas_gpt5.5_mini,Altan Khan,persuadiu,os Ming a reabrir seus mercados de fronteira,3
"No entanto, depois que Altan Khan (1507-1582) - líder de os mongóis Tümed que derrubou a hegemonia de a confederação Oirat Mongol sobre as estepes - fez as pazes com a dinastia Ming em 1571, ele persuadiu os Ming a reabrir seus mercados de fronteira em 1573.",respostasGemini3.1Pro,Altan Khan (1507-1582),persuadiu,os Ming a reabrir seus mercados de fronteira,3
"Depois que Altan Khan fez as pazes com a dinastia Ming em 1571, ele convidou o terceiro hierarca de a Gelug - Sönam Gyatso (1543-1588) - para encontrá-lo em Amdo (Qinghai moderno) em 1578, onde acidentalmente concedeu a ele e seus dois antecessores com o título de Dalai Lama - Professor de o Oceano.",PortugueseT5OIE_Abstractive,Altan Khan,convidou,o terceiro hierarca de a Gelug,3
"Depois que Altan Khan fez as pazes com a dinastia Ming em 1571, ele convidou o terceiro hierarca de a Gelug - Sönam Gyatso (1543-1588) - para encontrá-lo em Amdo (Qinghai moderno) em 1578, onde acidentalmente concedeu a ele e seus dois antecessores com o título de Dalai Lama - Professor de o Oceano.",respostaGrok4.0Fast,Altan Khan,convidou,o terceiro hierarca de a Gelug - Sönam Gyatso,3
"Depois que Altan Khan fez as pazes com a dinastia Ming em 1571, ele convidou o terceiro hierarca de a Gelug - Sönam Gyatso (1543-1588) - para encontrá-lo em Amdo (Qinghai moderno) em 1578, onde acidentalmente concedeu a ele e seus dois antecessores com o título de Dalai Lama - Professor de o Oceano.",respostasGemini3.1Pro,Altan Khan,convidou,o terceiro hierarca de a Gelug,3
"Embora não tenha sido registrada em nenhum registro oficial chinês, a biografia de Sonam Gyatso afirma que Wanli novamente conferiu títulos a Sonam Gyatso em 1588 e o convidou para Pequim por a segunda vez, mas Sonam Gyatso não pôde visitar a China, pois morreu em o mesmo ano em a Mongólia.",PortugueseT5OIE_Abstractive,a biografia de Sonam Gyatso,afirma,que Wanli novamente conferiu títulos a Sonam Gyatso em 1588 e o convidou para Pequim por a segunda vez,3
"Embora não tenha sido registrada em nenhum registro oficial chinês, a biografia de Sonam Gyatso afirma que Wanli novamente conferiu títulos a Sonam Gyatso em 1588 e o convidou para Pequim por a segunda vez, mas Sonam Gyatso não pôde visitar a China, pois morreu em o mesmo ano em a Mongólia.",respostaGrok4.0Fast,a biografia de Sonam Gyatso,afirma,que Wanli novamente conferiu títulos a Sonam Gyatso em 1588,3
"Embora não tenha sido registrada em nenhum registro oficial chinês, a biografia de Sonam Gyatso afirma que Wanli novamente conferiu títulos a Sonam Gyatso em 1588 e o convidou para Pequim por a segunda vez, mas Sonam Gyatso não pôde visitar a China, pois morreu em o mesmo ano em a Mongólia.",respostasGemini3.1Pro,a biografia de Sonam Gyatso,afirma,que Wanli novamente conferiu títulos a Sonam Gyatso em 1588 e o convidou para Pequim por a segunda vez,3
"Sem mencionar o papel de os mongóis, o China Daily afirma que foi a sucessiva dinastia Qing que estabeleceu o título de Dalai Lama e seu poder em o Tibete Em 1653, o imperador Qing concedeu um título honorífico a o quinto Dalai Lama e depois o fez.",Claude_Sonnet5,o imperador Qing,concedeu,um título honorífico,3
"Sem mencionar o papel de os mongóis, o China Daily afirma que foi a sucessiva dinastia Qing que estabeleceu o título de Dalai Lama e seu poder em o Tibete Em 1653, o imperador Qing concedeu um título honorífico a o quinto Dalai Lama e depois o fez.",PortugueseT5OIE_Abstractive,o chin Daily,afirma,que foi a sucessiva dinastia Qing que estabeleceu o título de Dalai Lama e seu poder em o Tibete Em 1653,3
"Sem mencionar o papel de os mongóis, o China Daily afirma que foi a sucessiva dinastia Qing que estabeleceu o título de Dalai Lama e seu poder em o Tibete Em 1653, o imperador Qing concedeu um título honorífico a o quinto Dalai Lama e depois o fez.",PortugueseT5OIE_Abstractive,o imperador Qing,concedeu,um título honorífico,3
"Sem mencionar o papel de os mongóis, o China Daily afirma que foi a sucessiva dinastia Qing que estabeleceu o título de Dalai Lama e seu poder em o Tibete Em 1653, o imperador Qing concedeu um título honorífico a o quinto Dalai Lama e depois o fez.",respostaGrok4.0Fast,o China Daily,afirma,que foi a sucessiva dinastia Qing que estabeleceu o título de Dalai Lama e seu poder em o Tibete,3
"Sem mencionar o papel de os mongóis, o China Daily afirma que foi a sucessiva dinastia Qing que estabeleceu o título de Dalai Lama e seu poder em o Tibete Em 1653, o imperador Qing concedeu um título honorífico a o quinto Dalai Lama e depois o fez.",respostasGemini3.1Pro,o China Daily,afirma,que foi a sucessiva dinastia Qing que estabeleceu o título de Dalai Lama e seu poder em o Tibete,3
"Sem mencionar o papel de os mongóis, o China Daily afirma que foi a sucessiva dinastia Qing que estabeleceu o título de Dalai Lama e seu poder em o Tibete Em 1653, o imperador Qing concedeu um título honorífico a o quinto Dalai Lama e depois o fez.",respostasGemini3.1Pro,o imperador Qing,concedeu,um título honorífico,3
"O imperador Wanli convidou Yonten Gyatso para Pequim em 1616, mas, assim como seu antecessor, ele morreu antes de poder fazer a jornada.",Claude_Sonnet5,O imperador Wanli,convidou,Yonten Gyatso,3
"O imperador Wanli convidou Yonten Gyatso para Pequim em 1616, mas, assim como seu antecessor, ele morreu antes de poder fazer a jornada.",PortugueseT5OIE_Abstractive,O imperador Wanli,convidou,Yonten Gyatso,3
"O imperador Wanli convidou Yonten Gyatso para Pequim em 1616, mas, assim como seu antecessor, ele morreu antes de poder fazer a jornada.",respostasGemini3.1Pro,O imperador Wanli,convidou,Yonten Gyatso,3
"O quarto Dalai Lama se recusou a dar uma audiência a o rei Ü-Tsang, que provocou um conflito quando este começou a atacar mosteiros Gelug.",Claude_Sonnet5,O quarto Dalai Lama,se recusou a dar uma audiência a,o rei Ü-Tsang,4
"O quarto Dalai Lama se recusou a dar uma audiência a o rei Ü-Tsang, que provocou um conflito quando este começou a atacar mosteiros Gelug.",Claude_Sonnet5,o rei Ü-Tsang,começou a atacar,mosteiros Gelug,4
"O quarto Dalai Lama se recusou a dar uma audiência a o rei Ü-Tsang, que provocou um conflito quando este começou a atacar mosteiros Gelug.",PortugueseT5OIE_Abstractive,O quarto Dalai Lama,se recusou a dar uma audiência a,o rei Ü-Tsang,4
"O quarto Dalai Lama se recusou a dar uma audiência a o rei Ü-Tsang, que provocou um conflito quando este começou a atacar mosteiros Gelug.",PortugueseT5OIE_Abstractive,o rei Ü-Tsang,começou a atacar,mosteiros Gelug,4
"O quarto Dalai Lama se recusou a dar uma audiência a o rei Ü-Tsang, que provocou um conflito quando este começou a atacar mosteiros Gelug.",respostas_gpt5.5_mini,O quarto Dalai Lama,se recusou a dar uma audiência a,o rei Ü-Tsang,4
"O quarto Dalai Lama se recusou a dar uma audiência a o rei Ü-Tsang, que provocou um conflito quando este começou a atacar mosteiros Gelug.",respostas_gpt5.5_mini,o rei Ü-Tsang,começou a atacar,mosteiros Gelug,4
"O quarto Dalai Lama se recusou a dar uma audiência a o rei Ü-Tsang, que provocou um conflito quando este começou a atacar mosteiros Gelug.",respostasGemini3.1Pro,O quarto Dalai Lama,se recusou a dar a,o rei Ü-Tsang,4
"O quarto Dalai Lama se recusou a dar uma audiência a o rei Ü-Tsang, que provocou um conflito quando este começou a atacar mosteiros Gelug.",respostasGemini3.1Pro,o rei Ü-Tsang,começou a atacar,mosteiros Gelug,4
"Güshi Khan aceitou seu papel de protetor e, de 1637 a 1640, ele não apenas derrotou os inimigos de os Gelugpas em as regiões Amdo e Kham, mas também reassentou toda a sua tribo em Amdo.",Claude_Sonnet5,Güshi Khan,derrotou,os inimigos dos Gelugpas,3
"Güshi Khan aceitou seu papel de protetor e, de 1637 a 1640, ele não apenas derrotou os inimigos de os Gelugpas em as regiões Amdo e Kham, mas também reassentou toda a sua tribo em Amdo.",Claude_Sonnet5,Güshi Khan,reassentou,toda a sua tribo,4
"Güshi Khan aceitou seu papel de protetor e, de 1637 a 1640, ele não apenas derrotou os inimigos de os Gelugpas em as regiões Amdo e Kham, mas também reassentou toda a sua tribo em Amdo.",PortugueseT5OIE_Abstractive,Güshi Khan,derrotou,os inimigos de os Gelugpas,3
"Güshi Khan aceitou seu papel de protetor e, de 1637 a 1640, ele não apenas derrotou os inimigos de os Gelugpas em as regiões Amdo e Kham, mas também reassentou toda a sua tribo em Amdo.",respostaGrok4.0Fast,Güshi Khan,reassentou,toda a sua tribo em Amdo,4
"Güshi Khan aceitou seu papel de protetor e, de 1637 a 1640, ele não apenas derrotou os inimigos de os Gelugpas em as regiões Amdo e Kham, mas também reassentou toda a sua tribo em Amdo.",respostas_gpt5.5_mini,Güshi Khan,reassentou,toda a sua tribo em Amdo,4
"Güshi Khan aceitou seu papel de protetor e, de 1637 a 1640, ele não apenas derrotou os inimigos de os Gelugpas em as regiões Amdo e Kham, mas também reassentou toda a sua tribo em Amdo.",respostasGemini3.1Pro,Güshi Khan,derrotou,os inimigos de os Gelugpas,3
"Güshi Khan aceitou seu papel de protetor e, de 1637 a 1640, ele não apenas derrotou os inimigos de os Gelugpas em as regiões Amdo e Kham, mas também reassentou toda a sua tribo em Amdo.",respostasGemini3.1Pro,Güshi Khan,reassentou,toda a sua tribo,4
"As versões de seis e sete faixas de a trilha sonora de o jogo foram lançadas em 19 de novembro de 2006, como parte de uma promoção de o Nintendo Power e acompanhadas de réplicas de a Master Sword e de o Hylian Shield.",Claude_Sonnet5,As versões de seis e sete faixas da trilha sonora do jogo,foram lançadas como parte de,uma promoção do Nintendo Power,5
"As versões de seis e sete faixas de a trilha sonora de o jogo foram lançadas em 19 de novembro de 2006, como parte de uma promoção de o Nintendo Power e acompanhadas de réplicas de a Master Sword e de o Hylian Shield.",Claude_Sonnet5,As versões de seis e sete faixas da trilha sonora do jogo,foram acompanhadas de,réplicas da Master Sword,4
"As versões de seis e sete faixas de a trilha sonora de o jogo foram lançadas em 19 de novembro de 2006, como parte de uma promoção de o Nintendo Power e acompanhadas de réplicas de a Master Sword e de o Hylian Shield.",Claude_Sonnet5,As versões de seis e sete faixas da trilha sonora do jogo,foram acompanhadas de,réplicas do Hylian Shield,4
"As versões de seis e sete faixas de a trilha sonora de o jogo foram lançadas em 19 de novembro de 2006, como parte de uma promoção de o Nintendo Power e acompanhadas de réplicas de a Master Sword e de o Hylian Shield.",PortugueseT5OIE_Abstractive,As versões de seis e sete faixas de a trilha sonora de o jogo,foram parte de,uma promoção de o Nintendo Power,5
"As versões de seis e sete faixas de a trilha sonora de o jogo foram lançadas em 19 de novembro de 2006, como parte de uma promoção de o Nintendo Power e acompanhadas de réplicas de a Master Sword e de o Hylian Shield.",PortugueseT5OIE_Abstractive,As versões de seis e sete faixas de a trilha sonora de o jogo,foram acompanhadas de,réplicas de a Master Sword,4
"As versões de seis e sete faixas de a trilha sonora de o jogo foram lançadas em 19 de novembro de 2006, como parte de uma promoção de o Nintendo Power e acompanhadas de réplicas de a Master Sword e de o Hylian Shield.",PortugueseT5OIE_Abstractive,As versões de seis e sete faixas de a trilha sonora de o jogo,foram acompanhadas de,réplicas de o Hylian Shield,4
"As versões de seis e sete faixas de a trilha sonora de o jogo foram lançadas em 19 de novembro de 2006, como parte de uma promoção de o Nintendo Power e acompanhadas de réplicas de a Master Sword e de o Hylian Shield.",respostaGrok4.0Fast,As versões de seis e sete faixas de a trilha sonora de o jogo,foram lançadas como parte de,uma promoção de o Nintendo Power,5
"As versões de seis e sete faixas de a trilha sonora de o jogo foram lançadas em 19 de novembro de 2006, como parte de uma promoção de o Nintendo Power e acompanhadas de réplicas de a Master Sword e de o Hylian Shield.",respostas_gpt5.5_mini,As versões de seis e sete faixas de a trilha sonora de o jogo,foram lançadas como parte de,uma promoção de o Nintendo Power,5
"As versões de seis e sete faixas de a trilha sonora de o jogo foram lançadas em 19 de novembro de 2006, como parte de uma promoção de o Nintendo Power e acompanhadas de réplicas de a Master Sword e de o Hylian Shield.",respostas_gpt5.5_mini,As versões de seis e sete faixas de a trilha sonora de o jogo,foram acompanhadas de,réplicas de a Master Sword,4
"As versões de seis e sete faixas de a trilha sonora de o jogo foram lançadas em 19 de novembro de 2006, como parte de uma promoção de o Nintendo Power e acompanhadas de réplicas de a Master Sword e de o Hylian Shield.",respostas_gpt5.5_mini,As versões de seis e sete faixas de a trilha sonora de o jogo,foram acompanhadas de,réplicas de o Hylian Shield,4
"As versões de seis e sete faixas de a trilha sonora de o jogo foram lançadas em 19 de novembro de 2006, como parte de uma promoção de o Nintendo Power e acompanhadas de réplicas de a Master Sword e de o Hylian Shield.",respostasGemini3.1Pro,As versões de seis e sete faixas de a trilha sonora de o jogo,foram lançadas como parte de,uma promoção de o Nintendo Power,5
"As versões de seis e sete faixas de a trilha sonora de o jogo foram lançadas em 19 de novembro de 2006, como parte de uma promoção de o Nintendo Power e acompanhadas de réplicas de a Master Sword e de o Hylian Shield.",respostasGemini3.1Pro,As versões de seis e sete faixas de a trilha sonora de o jogo,foram acompanhadas de,réplicas de a Master Sword,4
"As versões de seis e sete faixas de a trilha sonora de o jogo foram lançadas em 19 de novembro de 2006, como parte de uma promoção de o Nintendo Power e acompanhadas de réplicas de a Master Sword e de o Hylian Shield.",respostasGemini3.1Pro,As versões de seis e sete faixas de a trilha sonora de o jogo,foram acompanhadas de,réplicas de o Hylian Shield,4
"As versões 3.3 e 3.4 de o Wii Menu impediram a cópia de arquivos salvos explorados em o console até que os métodos de evasão fossem descobertos, e a versão 4.0 de o Wii Menu corrigiu a vulnerabilidade.",Claude_Sonnet5,A versão 3.3 do Wii Menu,impediu,a cópia de arquivos salvos explorados no console,3
"As versões 3.3 e 3.4 de o Wii Menu impediram a cópia de arquivos salvos explorados em o console até que os métodos de evasão fossem descobertos, e a versão 4.0 de o Wii Menu corrigiu a vulnerabilidade.",PortugueseT5OIE_Abstractive,A versão 3.3 de o Wii Menu,impediu,a cópia de arquivos salvos explorados em o console,3
"As versões 3.3 e 3.4 de o Wii Menu impediram a cópia de arquivos salvos explorados em o console até que os métodos de evasão fossem descobertos, e a versão 4.0 de o Wii Menu corrigiu a vulnerabilidade.",respostasGemini3.1Pro,A versão 3.3 de o Wii Menu,impediu,a cópia de arquivos salvos explorados em o console,3
O governo central estima que mais de 7.000 salas de aula com engenharia inadequada desabaram em o terremoto.,PortugueseT5OIE_Abstractive,O governo central,estima,que mais de 7.000 salas de aula com engenharia inadequada desabaram em o terremoto,3
O governo central estima que mais de 7.000 salas de aula com engenharia inadequada desabaram em o terremoto.,respostaGrok4.0Fast,O governo central,estima,que mais de 7.000 salas de aula com engenharia inadequada desabaram em o terremoto,3
O governo central estima que mais de 7.000 salas de aula com engenharia inadequada desabaram em o terremoto.,respostasGemini3.1Pro,O governo central,estima,que mais de 7.000 salas de aula com engenharia inadequada desabaram em o terremoto,3
"A rota de a tocha por o país foi reduzida e houve um minuto de silêncio quando a próxima etapa começou em a cidade de Ruijin, Jiangxi, em a quarta-feira após o terremoto.",Claude_Sonnet5,a próxima etapa,começou em,"a cidade de Ruijin, Jiangxi",4
"A rota de a tocha por o país foi reduzida e houve um minuto de silêncio quando a próxima etapa começou em a cidade de Ruijin, Jiangxi, em a quarta-feira após o terremoto.",PortugueseT5OIE_Abstractive,a próxima etapa,começou em,"a cidade de Ruijin, Jiangxi",4
"A rota de a tocha por o país foi reduzida e houve um minuto de silêncio quando a próxima etapa começou em a cidade de Ruijin, Jiangxi, em a quarta-feira após o terremoto.",respostas_gpt5.5_mini,a próxima etapa,começou em,"a cidade de Ruijin, Jiangxi",4
"A rota de a tocha por o país foi reduzida e houve um minuto de silêncio quando a próxima etapa começou em a cidade de Ruijin, Jiangxi, em a quarta-feira após o terremoto.",respostasGemini3.1Pro,a próxima etapa,começou em,"a cidade de Ruijin, Jiangxi",4
"Enquanto isso, um trem de carga que transportava 13 tanques de gasolina descarrilou em Condado de Hui, Gansu, e pegou fogo depois que o trilho foi distorcido.",Claude_Sonnet5,um trem de carga,transportava,13 tanques de gasolina,4
"Enquanto isso, um trem de carga que transportava 13 tanques de gasolina descarrilou em Condado de Hui, Gansu, e pegou fogo depois que o trilho foi distorcido.",PortugueseT5OIE_Abstractive,um trem de carga,transportava,13 tanques de gasolina,4
"Enquanto isso, um trem de carga que transportava 13 tanques de gasolina descarrilou em Condado de Hui, Gansu, e pegou fogo depois que o trilho foi distorcido.",respostaGrok4.0Fast,um trem de carga,descarrilou em,"Condado de Hui, Gansu",3
"Enquanto isso, um trem de carga que transportava 13 tanques de gasolina descarrilou em Condado de Hui, Gansu, e pegou fogo depois que o trilho foi distorcido.",respostas_gpt5.5_mini,um trem de carga,transportava,13 tanques de gasolina,4
"Enquanto isso, um trem de carga que transportava 13 tanques de gasolina descarrilou em Condado de Hui, Gansu, e pegou fogo depois que o trilho foi distorcido.",respostas_gpt5.5_mini,um trem de carga,descarrilou em,"Condado de Hui, Gansu",3
"Enquanto isso, um trem de carga que transportava 13 tanques de gasolina descarrilou em Condado de Hui, Gansu, e pegou fogo depois que o trilho foi distorcido.",respostasGemini3.1Pro,um trem de carga,transportava,13 tanques de gasolina,4
"Enquanto isso, um trem de carga que transportava 13 tanques de gasolina descarrilou em Condado de Hui, Gansu, e pegou fogo depois que o trilho foi distorcido.",respostasGemini3.1Pro,um trem de carga,descarrilou em,"Condado de Hui, Gansu",3
Os Estados Unidos compartilharam algumas de suas imagens de satélite de as áreas atingidas por o terremoto com as Autoridades chinesas.,Claude_Sonnet5,Os Estados Unidos,compartilharam,algumas de suas imagens de satélite das áreas atingidas pelo terremoto,5
Os Estados Unidos compartilharam algumas de suas imagens de satélite de as áreas atingidas por o terremoto com as Autoridades chinesas.,PortugueseT5OIE_Abstractive,Os Estados Unidos,compartilharam,algumas das imagens de satélite dos Estados Unidos de as áreas atingidas por o terremoto,5
Os Estados Unidos compartilharam algumas de suas imagens de satélite de as áreas atingidas por o terremoto com as Autoridades chinesas.,respostaGrok4.0Fast,Os Estados Unidos,compartilharam,algumas de suas imagens de satélite de as áreas atingidas por o terremoto com as Autoridades chinesas,5
Os Estados Unidos compartilharam algumas de suas imagens de satélite de as áreas atingidas por o terremoto com as Autoridades chinesas.,respostas_gpt5.5_mini,Os Estados Unidos,compartilharam,algumas de suas imagens de satélite de as áreas atingidas por o terremoto,5
Os Estados Unidos compartilharam algumas de suas imagens de satélite de as áreas atingidas por o terremoto com as Autoridades chinesas.,respostasGemini3.1Pro,Os Estados Unidos,compartilharam,algumas de as imagens de satélite de os Estados Unidos de as áreas atingidas por o terremoto,5
"Nova York - freqüentemente chamada Cidade de Nova York ou Cidade de Nova York para distingui-la de o Estado de Nova York, de o qual faz parte - é a cidade mais populosa de os Estados Unidos e o centro de a área metropolitana de Nova York, o principal portal de imigração legal para os Estados Unidos e uma de as aglomerações urbanas mais populosas de o mundo.",Claude_Sonnet5,Nova York,é frequentemente chamada,Cidade de Nova York,5
"Nova York - freqüentemente chamada Cidade de Nova York ou Cidade de Nova York para distingui-la de o Estado de Nova York, de o qual faz parte - é a cidade mais populosa de os Estados Unidos e o centro de a área metropolitana de Nova York, o principal portal de imigração legal para os Estados Unidos e uma de as aglomerações urbanas mais populosas de o mundo.",Claude_Sonnet5,Nova York,faz parte de,o Estado de Nova York,3
"Nova York - freqüentemente chamada Cidade de Nova York ou Cidade de Nova York para distingui-la de o Estado de Nova York, de o qual faz parte - é a cidade mais populosa de os Estados Unidos e o centro de a área metropolitana de Nova York, o principal portal de imigração legal para os Estados Unidos e uma de as aglomerações urbanas mais populosas de o mundo.",Claude_Sonnet5,Nova York,é,o centro da área metropolitana de Nova York,5
"Nova York - freqüentemente chamada Cidade de Nova York ou Cidade de Nova York para distingui-la de o Estado de Nova York, de o qual faz parte - é a cidade mais populosa de os Estados Unidos e o centro de a área metropolitana de Nova York, o principal portal de imigração legal para os Estados Unidos e uma de as aglomerações urbanas mais populosas de o mundo.",Claude_Sonnet5,Nova York,é,o principal portal de imigração legal para os Estados Unidos,5
"Nova York - freqüentemente chamada Cidade de Nova York ou Cidade de Nova York para distingui-la de o Estado de Nova York, de o qual faz parte - é a cidade mais populosa de os Estados Unidos e o centro de a área metropolitana de Nova York, o principal portal de imigração legal para os Estados Unidos e uma de as aglomerações urbanas mais populosas de o mundo.",Claude_Sonnet5,Nova York,é,uma das aglomerações urbanas mais populosas do mundo,4
"Nova York - freqüentemente chamada Cidade de Nova York ou Cidade de Nova York para distingui-la de o Estado de Nova York, de o qual faz parte - é a cidade mais populosa de os Estados Unidos e o centro de a área metropolitana de Nova York, o principal portal de imigração legal para os Estados Unidos e uma de as aglomerações urbanas mais populosas de o mundo.",PortugueseT5OIE_Abstractive,Nova York,é também chamada,Cidade de Nova York,4
"Nova York - freqüentemente chamada Cidade de Nova York ou Cidade de Nova York para distingui-la de o Estado de Nova York, de o qual faz parte - é a cidade mais populosa de os Estados Unidos e o centro de a área metropolitana de Nova York, o principal portal de imigração legal para os Estados Unidos e uma de as aglomerações urbanas mais populosas de o mundo.",PortugueseT5OIE_Abstractive,Nova York,é,o centro de a área metropolitana de Nova York,5
"Nova York - freqüentemente chamada Cidade de Nova York ou Cidade de Nova York para distingui-la de o Estado de Nova York, de o qual faz parte - é a cidade mais populosa de os Estados Unidos e o centro de a área metropolitana de Nova York, o principal portal de imigração legal para os Estados Unidos e uma de as aglomerações urbanas mais populosas de o mundo.",PortugueseT5OIE_Abstractive,Nova York,é,o principal portal de imigração legal para os Estados Unidos,5
"Nova York - freqüentemente chamada Cidade de Nova York ou Cidade de Nova York para distingui-la de o Estado de Nova York, de o qual faz parte - é a cidade mais populosa de os Estados Unidos e o centro de a área metropolitana de Nova York, o principal portal de imigração legal para os Estados Unidos e uma de as aglomerações urbanas mais populosas de o mundo.",PortugueseT5OIE_Abstractive,Nova York,é,uma das aglomerações urbanas mais populosas de o mundo,4
"Nova York - freqüentemente chamada Cidade de Nova York ou Cidade de Nova York para distingui-la de o Estado de Nova York, de o qual faz parte - é a cidade mais populosa de os Estados Unidos e o centro de a área metropolitana de Nova York, o principal portal de imigração legal para os Estados Unidos e uma de as aglomerações urbanas mais populosas de o mundo.",respostaGrok4.0Fast,Nova York,é frequentemente chamada,Cidade de Nova York,5
"Nova York - freqüentemente chamada Cidade de Nova York ou Cidade de Nova York para distingui-la de o Estado de Nova York, de o qual faz parte - é a cidade mais populosa de os Estados Unidos e o centro de a área metropolitana de Nova York, o principal portal de imigração legal para os Estados Unidos e uma de as aglomerações urbanas mais populosas de o mundo.",respostaGrok4.0Fast,Nova York,é,o centro de a área metropolitana de Nova York,5
"Nova York - freqüentemente chamada Cidade de Nova York ou Cidade de Nova York para distingui-la de o Estado de Nova York, de o qual faz parte - é a cidade mais populosa de os Estados Unidos e o centro de a área metropolitana de Nova York, o principal portal de imigração legal para os Estados Unidos e uma de as aglomerações urbanas mais populosas de o mundo.",respostaGrok4.0Fast,Nova York,é,o principal portal de imigração legal para os Estados Unidos,5
"Nova York - freqüentemente chamada Cidade de Nova York ou Cidade de Nova York para distingui-la de o Estado de Nova York, de o qual faz parte - é a cidade mais populosa de os Estados Unidos e o centro de a área metropolitana de Nova York, o principal portal de imigração legal para os Estados Unidos e uma de as aglomerações urbanas mais populosas de o mundo.",respostas_gpt5.5_mini,Nova York,é frequentemente chamada de,Cidade de Nova York,3
"Nova York - freqüentemente chamada Cidade de Nova York ou Cidade de Nova York para distingui-la de o Estado de Nova York, de o qual faz parte - é a cidade mais populosa de os Estados Unidos e o centro de a área metropolitana de Nova York, o principal portal de imigração legal para os Estados Unidos e uma de as aglomerações urbanas mais populosas de o mundo.",respostas_gpt5.5_mini,Nova York,faz parte de,o Estado de Nova York,3
"Nova York - freqüentemente chamada Cidade de Nova York ou Cidade de Nova York para distingui-la de o Estado de Nova York, de o qual faz parte - é a cidade mais populosa de os Estados Unidos e o centro de a área metropolitana de Nova York, o principal portal de imigração legal para os Estados Unidos e uma de as aglomerações urbanas mais populosas de o mundo.",respostas_gpt5.5_mini,Nova York,é,o centro de a área metropolitana de Nova York,5
"Nova York - freqüentemente chamada Cidade de Nova York ou Cidade de Nova York para distingui-la de o Estado de Nova York, de o qual faz parte - é a cidade mais populosa de os Estados Unidos e o centro de a área metropolitana de Nova York, o principal portal de imigração legal para os Estados Unidos e uma de as aglomerações urbanas mais populosas de o mundo.",respostas_gpt5.5_mini,Nova York,é,o principal portal de imigração legal para os Estados Unidos,5
"Nova York - freqüentemente chamada Cidade de Nova York ou Cidade de Nova York para distingui-la de o Estado de Nova York, de o qual faz parte - é a cidade mais populosa de os Estados Unidos e o centro de a área metropolitana de Nova York, o principal portal de imigração legal para os Estados Unidos e uma de as aglomerações urbanas mais populosas de o mundo.",respostas_gpt5.5_mini,Nova York,é,uma de as aglomerações urbanas mais populosas de o mundo,4
"Nova York - freqüentemente chamada Cidade de Nova York ou Cidade de Nova York para distingui-la de o Estado de Nova York, de o qual faz parte - é a cidade mais populosa de os Estados Unidos e o centro de a área metropolitana de Nova York, o principal portal de imigração legal para os Estados Unidos e uma de as aglomerações urbanas mais populosas de o mundo.",respostasGemini3.1Pro,Nova York,é freqüentemente chamada,Cidade de Nova York,4
"Nova York - freqüentemente chamada Cidade de Nova York ou Cidade de Nova York para distingui-la de o Estado de Nova York, de o qual faz parte - é a cidade mais populosa de os Estados Unidos e o centro de a área metropolitana de Nova York, o principal portal de imigração legal para os Estados Unidos e uma de as aglomerações urbanas mais populosas de o mundo.",respostasGemini3.1Pro,Nova York,faz parte de,o Estado de Nova York,3
"Nova York - freqüentemente chamada Cidade de Nova York ou Cidade de Nova York para distingui-la de o Estado de Nova York, de o qual faz parte - é a cidade mais populosa de os Estados Unidos e o centro de a área metropolitana de Nova York, o principal portal de imigração legal para os Estados Unidos e uma de as aglomerações urbanas mais populosas de o mundo.",respostasGemini3.1Pro,Nova York,é,o centro de a área metropolitana de Nova York,5
"Nova York - freqüentemente chamada Cidade de Nova York ou Cidade de Nova York para distingui-la de o Estado de Nova York, de o qual faz parte - é a cidade mais populosa de os Estados Unidos e o centro de a área metropolitana de Nova York, o principal portal de imigração legal para os Estados Unidos e uma de as aglomerações urbanas mais populosas de o mundo.",respostasGemini3.1Pro,Nova York,é,o principal portal de imigração legal para os Estados Unidos,5
"Nova York - freqüentemente chamada Cidade de Nova York ou Cidade de Nova York para distingui-la de o Estado de Nova York, de o qual faz parte - é a cidade mais populosa de os Estados Unidos e o centro de a área metropolitana de Nova York, o principal portal de imigração legal para os Estados Unidos e uma de as aglomerações urbanas mais populosas de o mundo.",respostasGemini3.1Pro,Nova York,é,uma de as aglomerações urbanas mais populosas de o mundo,4
"Em 1664, Peter Stuyvesant, diretor-geral de a colônia de a Nova Holanda, entregou Nova Amsterdã a os ingleses sem derramamento de sangue.",Claude_Sonnet5,Peter Stuyvesant,entregou,Nova Amsterdã,3
"Em 1664, Peter Stuyvesant, diretor-geral de a colônia de a Nova Holanda, entregou Nova Amsterdã a os ingleses sem derramamento de sangue.",PortugueseT5OIE_Abstractive,Peter Stuyvesant,entregou,Nova Amsterdã,3
"Em 1664, Peter Stuyvesant, diretor-geral de a colônia de a Nova Holanda, entregou Nova Amsterdã a os ingleses sem derramamento de sangue.",respostasGemini3.1Pro,Peter Stuyvesant,entregou,Nova Amsterdã,3
"A Batalha de Long Island, a maior batalha de a Guerra Revolucionária Americana, foi travada em agosto de 1776, inteiramente em o bairro moderno de o Brooklyn.",Claude_Sonnet5,A Batalha de Long Island,foi travada inteiramente em,o bairro moderno do Brooklyn,5
"A Batalha de Long Island, a maior batalha de a Guerra Revolucionária Americana, foi travada em agosto de 1776, inteiramente em o bairro moderno de o Brooklyn.",PortugueseT5OIE_Abstractive,A Batalha de Long Island,foi travada em,o bairro moderno de o Brooklyn,5
"A Batalha de Long Island, a maior batalha de a Guerra Revolucionária Americana, foi travada em agosto de 1776, inteiramente em o bairro moderno de o Brooklyn.",PortugueseT5OIE_Abstractive,A Batalha de Long Island,é,a maior batalha de a Guerra Revolucionária Americana,4
"A Batalha de Long Island, a maior batalha de a Guerra Revolucionária Americana, foi travada em agosto de 1776, inteiramente em o bairro moderno de o Brooklyn.",respostaGrok4.0Fast,A Batalha de Long Island,é,a maior batalha de a Guerra Revolucionária Americana,4
"A Batalha de Long Island, a maior batalha de a Guerra Revolucionária Americana, foi travada em agosto de 1776, inteiramente em o bairro moderno de o Brooklyn.",respostaGrok4.0Fast,A Batalha de Long Island,foi travada em,o bairro moderno de o Brooklyn,5
"A Batalha de Long Island, a maior batalha de a Guerra Revolucionária Americana, foi travada em agosto de 1776, inteiramente em o bairro moderno de o Brooklyn.",respostas_gpt5.5_mini,A Batalha de Long Island,é,a maior batalha de a Guerra Revolucionária Americana,4
"A Batalha de Long Island, a maior batalha de a Guerra Revolucionária Americana, foi travada em agosto de 1776, inteiramente em o bairro moderno de o Brooklyn.",respostas_gpt5.5_mini,A Batalha de Long Island,foi travada em,o bairro moderno de o Brooklyn,5
"A Batalha de Long Island, a maior batalha de a Guerra Revolucionária Americana, foi travada em agosto de 1776, inteiramente em o bairro moderno de o Brooklyn.",respostasGemini3.1Pro,A Batalha de Long Island,é,a maior batalha de a Guerra Revolucionária Americana,4
"A Batalha de Long Island, a maior batalha de a Guerra Revolucionária Americana, foi travada em agosto de 1776, inteiramente em o bairro moderno de o Brooklyn.",respostasGemini3.1Pro,A Batalha de Long Island,foi travada em,o bairro moderno de o Brooklyn,5
"Quando um candidato presidencial republicano às eleições de 2016 ridicularizou o liberalismo de os valores de Nova York em janeiro de 2016, Donald Trump, líder em as pesquisas, defendeu vigorosamente sua cidade.",Claude_Sonnet5,um candidato presidencial republicano às eleições de 2016,ridicularizou,o liberalismo dos valores de Nova York,4
"Quando um candidato presidencial republicano às eleições de 2016 ridicularizou o liberalismo de os valores de Nova York em janeiro de 2016, Donald Trump, líder em as pesquisas, defendeu vigorosamente sua cidade.",PortugueseT5OIE_Abstractive,um candidato presidencial republicano às eleições de 2016,ridicularizou,o liberalismo de os valores de Nova York,4
"Quando um candidato presidencial republicano às eleições de 2016 ridicularizou o liberalismo de os valores de Nova York em janeiro de 2016, Donald Trump, líder em as pesquisas, defendeu vigorosamente sua cidade.",respostas_gpt5.5_mini,um candidato presidencial republicano às eleições de 2016,ridicularizou,o liberalismo de os valores de Nova York,4
"Quando um candidato presidencial republicano às eleições de 2016 ridicularizou o liberalismo de os valores de Nova York em janeiro de 2016, Donald Trump, líder em as pesquisas, defendeu vigorosamente sua cidade.",respostasGemini3.1Pro,um candidato presidencial republicano às eleições de 2016,ridicularizou,o liberalismo de os valores de Nova York,4
"O ponto mais alto de a cidade é Todt Hill, em Staten Island, que, a 124,9 m acima de o nível de o mar, é o ponto mais alto de a costa leste de o sul de o Maine.",Claude_Sonnet5,Todt Hill,está a,"124,9 m acima do nível do mar",3
"O ponto mais alto de a cidade é Todt Hill, em Staten Island, que, a 124,9 m acima de o nível de o mar, é o ponto mais alto de a costa leste de o sul de o Maine.",Claude_Sonnet5,Todt Hill,é,o ponto mais alto da costa leste do sul do Maine,5
"O ponto mais alto de a cidade é Todt Hill, em Staten Island, que, a 124,9 m acima de o nível de o mar, é o ponto mais alto de a costa leste de o sul de o Maine.",PortugueseT5OIE_Abstractive,Todt Hill,é,o ponto mais alto de a costa leste de o sul de o Maine,5
"O ponto mais alto de a cidade é Todt Hill, em Staten Island, que, a 124,9 m acima de o nível de o mar, é o ponto mais alto de a costa leste de o sul de o Maine.",PortugueseT5OIE_Abstractive,Todt Hill,está a,"124,9 m acima de o nível de o mar",3
"O ponto mais alto de a cidade é Todt Hill, em Staten Island, que, a 124,9 m acima de o nível de o mar, é o ponto mais alto de a costa leste de o sul de o Maine.",respostaGrok4.0Fast,Todt Hill,é,o ponto mais alto de a costa leste de o sul de o Maine,5
"O ponto mais alto de a cidade é Todt Hill, em Staten Island, que, a 124,9 m acima de o nível de o mar, é o ponto mais alto de a costa leste de o sul de o Maine.",respostas_gpt5.5_mini,Todt Hill,está a,"124,9 m acima de o nível de o mar",3
"O ponto mais alto de a cidade é Todt Hill, em Staten Island, que, a 124,9 m acima de o nível de o mar, é o ponto mais alto de a costa leste de o sul de o Maine.",respostas_gpt5.5_mini,Todt Hill,é,o ponto mais alto de a costa leste de o sul de o Maine,5
"O ponto mais alto de a cidade é Todt Hill, em Staten Island, que, a 124,9 m acima de o nível de o mar, é o ponto mais alto de a costa leste de o sul de o Maine.",respostasGemini3.1Pro,Todt Hill,é,o ponto mais alto de a costa leste de o sul de o Maine,5
"O maior parque municipal de a cidade é o Pelham Bay Park, com 2.700 acres (1.093 ha).",Claude_Sonnet5,o Pelham Bay Park,tem,2.700 acres (1.093 ha),4
"O maior parque municipal de a cidade é o Pelham Bay Park, com 2.700 acres (1.093 ha).",PortugueseT5OIE_Abstractive,o Pelham Bay Park,tem,2.700 acres (1.093 ha),4
"O maior parque municipal de a cidade é o Pelham Bay Park, com 2.700 acres (1.093 ha).",respostas_gpt5.5_mini,o Pelham Bay Park,tem,2.700 acres (1.093 ha),4
"O maior parque municipal de a cidade é o Pelham Bay Park, com 2.700 acres (1.093 ha).",respostasGemini3.1Pro,o Pelham Bay Park,tem,2.700 acres (1.093 ha),4
"A cidade de Nova York possui um alto grau de disparidade de renda, conforme indicado por o seu coeficiente de Gini de 0,5 para a cidade em geral e 0,6 para Manhattan.",Claude_Sonnet5,A cidade de Nova York,possui,um alto grau de disparidade de renda,5
"A cidade de Nova York possui um alto grau de disparidade de renda, conforme indicado por o seu coeficiente de Gini de 0,5 para a cidade em geral e 0,6 para Manhattan.",PortugueseT5OIE_Abstractive,A cidade de Nova York,possui,um alto grau de disparidade de renda,5
"A cidade de Nova York possui um alto grau de disparidade de renda, conforme indicado por o seu coeficiente de Gini de 0,5 para a cidade em geral e 0,6 para Manhattan.",respostaGrok4.0Fast,A cidade de Nova York,possui,um alto grau de disparidade de renda,5
"A cidade de Nova York possui um alto grau de disparidade de renda, conforme indicado por o seu coeficiente de Gini de 0,5 para a cidade em geral e 0,6 para Manhattan.",respostas_gpt5.5_mini,A cidade de Nova York,possui,um alto grau de disparidade de renda,5
"A cidade de Nova York possui um alto grau de disparidade de renda, conforme indicado por o seu coeficiente de Gini de 0,5 para a cidade em geral e 0,6 para Manhattan.",respostasGemini3.1Pro,A cidade de Nova York,possui,um alto grau de disparidade de renda,5
"A frota de ônibus públicos de a cidade de Nova York é a maior de a América de o Norte, e o Port Authority Bus Terminal, o principal terminal de ônibus interurbano de a cidade, atende 7.000 ônibus e 200.000 passageiros diariamente, tornando-se a estação de ônibus mais movimentada de o mundo.",Claude_Sonnet5,o Port Authority Bus Terminal,é,o principal terminal de ônibus interurbano da cidade,5
"A frota de ônibus públicos de a cidade de Nova York é a maior de a América de o Norte, e o Port Authority Bus Terminal, o principal terminal de ônibus interurbano de a cidade, atende 7.000 ônibus e 200.000 passageiros diariamente, tornando-se a estação de ônibus mais movimentada de o mundo.",Claude_Sonnet5,o Port Authority Bus Terminal,atende,7.000 ônibus diariamente,4
"A frota de ônibus públicos de a cidade de Nova York é a maior de a América de o Norte, e o Port Authority Bus Terminal, o principal terminal de ônibus interurbano de a cidade, atende 7.000 ônibus e 200.000 passageiros diariamente, tornando-se a estação de ônibus mais movimentada de o mundo.",Claude_Sonnet5,o Port Authority Bus Terminal,atende,200.000 passageiros diariamente,4
"A frota de ônibus públicos de a cidade de Nova York é a maior de a América de o Norte, e o Port Authority Bus Terminal, o principal terminal de ônibus interurbano de a cidade, atende 7.000 ônibus e 200.000 passageiros diariamente, tornando-se a estação de ônibus mais movimentada de o mundo.",Claude_Sonnet5,o Port Authority Bus Terminal,é,a estação de ônibus mais movimentada do mundo,5
"A frota de ônibus públicos de a cidade de Nova York é a maior de a América de o Norte, e o Port Authority Bus Terminal, o principal terminal de ônibus interurbano de a cidade, atende 7.000 ônibus e 200.000 passageiros diariamente, tornando-se a estação de ônibus mais movimentada de o mundo.",PortugueseT5OIE_Abstractive,o Port Authority Bus Terminal,é,o principal terminal de ônibus interurbano de Nova York,5
"A frota de ônibus públicos de a cidade de Nova York é a maior de a América de o Norte, e o Port Authority Bus Terminal, o principal terminal de ônibus interurbano de a cidade, atende 7.000 ônibus e 200.000 passageiros diariamente, tornando-se a estação de ônibus mais movimentada de o mundo.",PortugueseT5OIE_Abstractive,o Port Authority Bus Terminal,atende,7.000 ônibus,4
"A frota de ônibus públicos de a cidade de Nova York é a maior de a América de o Norte, e o Port Authority Bus Terminal, o principal terminal de ônibus interurbano de a cidade, atende 7.000 ônibus e 200.000 passageiros diariamente, tornando-se a estação de ônibus mais movimentada de o mundo.",PortugueseT5OIE_Abstractive,o Port Authority Bus Terminal,atende,200.000 passageiros,4
"A frota de ônibus públicos de a cidade de Nova York é a maior de a América de o Norte, e o Port Authority Bus Terminal, o principal terminal de ônibus interurbano de a cidade, atende 7.000 ônibus e 200.000 passageiros diariamente, tornando-se a estação de ônibus mais movimentada de o mundo.",PortugueseT5OIE_Abstractive,o Port Authority Bus Terminal,é,a estação de ônibus mais movimentada de o mundo,5
"A frota de ônibus públicos de a cidade de Nova York é a maior de a América de o Norte, e o Port Authority Bus Terminal, o principal terminal de ônibus interurbano de a cidade, atende 7.000 ônibus e 200.000 passageiros diariamente, tornando-se a estação de ônibus mais movimentada de o mundo.",respostaGrok4.0Fast,o Port Authority Bus Terminal,é,o principal terminal de ônibus interurbano de a cidade,5
"A frota de ônibus públicos de a cidade de Nova York é a maior de a América de o Norte, e o Port Authority Bus Terminal, o principal terminal de ônibus interurbano de a cidade, atende 7.000 ônibus e 200.000 passageiros diariamente, tornando-se a estação de ônibus mais movimentada de o mundo.",respostaGrok4.0Fast,o Port Authority Bus Terminal,é,a estação de ônibus mais movimentada de o mundo,5
"A frota de ônibus públicos de a cidade de Nova York é a maior de a América de o Norte, e o Port Authority Bus Terminal, o principal terminal de ônibus interurbano de a cidade, atende 7.000 ônibus e 200.000 passageiros diariamente, tornando-se a estação de ônibus mais movimentada de o mundo.",respostas_gpt5.5_mini,o Port Authority Bus Terminal,é,o principal terminal de ônibus interurbano de a cidade,5
"A frota de ônibus públicos de a cidade de Nova York é a maior de a América de o Norte, e o Port Authority Bus Terminal, o principal terminal de ônibus interurbano de a cidade, atende 7.000 ônibus e 200.000 passageiros diariamente, tornando-se a estação de ônibus mais movimentada de o mundo.",respostas_gpt5.5_mini,o Port Authority Bus Terminal,atende,7.000 ônibus,4
"A frota de ônibus públicos de a cidade de Nova York é a maior de a América de o Norte, e o Port Authority Bus Terminal, o principal terminal de ônibus interurbano de a cidade, atende 7.000 ônibus e 200.000 passageiros diariamente, tornando-se a estação de ônibus mais movimentada de o mundo.",respostas_gpt5.5_mini,o Port Authority Bus Terminal,atende,200.000 passageiros diariamente,4
"A frota de ônibus públicos de a cidade de Nova York é a maior de a América de o Norte, e o Port Authority Bus Terminal, o principal terminal de ônibus interurbano de a cidade, atende 7.000 ônibus e 200.000 passageiros diariamente, tornando-se a estação de ônibus mais movimentada de o mundo.",respostas_gpt5.5_mini,o Port Authority Bus Terminal,é,a estação de ônibus mais movimentada de o mundo,5
"A frota de ônibus públicos de a cidade de Nova York é a maior de a América de o Norte, e o Port Authority Bus Terminal, o principal terminal de ônibus interurbano de a cidade, atende 7.000 ônibus e 200.000 passageiros diariamente, tornando-se a estação de ônibus mais movimentada de o mundo.",respostasGemini3.1Pro,o Port Authority Bus Terminal,é,o principal terminal de ônibus interurbano de a cidade de Nova York,5
"A frota de ônibus públicos de a cidade de Nova York é a maior de a América de o Norte, e o Port Authority Bus Terminal, o principal terminal de ônibus interurbano de a cidade, atende 7.000 ônibus e 200.000 passageiros diariamente, tornando-se a estação de ônibus mais movimentada de o mundo.",respostasGemini3.1Pro,o Port Authority Bus Terminal,atende,7.000 ônibus,4
"A frota de ônibus públicos de a cidade de Nova York é a maior de a América de o Norte, e o Port Authority Bus Terminal, o principal terminal de ônibus interurbano de a cidade, atende 7.000 ônibus e 200.000 passageiros diariamente, tornando-se a estação de ônibus mais movimentada de o mundo.",respostasGemini3.1Pro,o Port Authority Bus Terminal,atende,200.000 passageiros,4
"A frota de ônibus públicos de a cidade de Nova York é a maior de a América de o Norte, e o Port Authority Bus Terminal, o principal terminal de ônibus interurbano de a cidade, atende 7.000 ônibus e 200.000 passageiros diariamente, tornando-se a estação de ônibus mais movimentada de o mundo.",respostasGemini3.1Pro,o Port Authority Bus Terminal,é,a estação de ônibus mais movimentada de o mundo,5
"Eu amo Nova Iorque (estilizado I ❤ NY) é um logotipo e uma música que são a base de uma campanha publicitária e são usados desde 1977 para promover o turismo em a cidade de Nova York e, posteriormente, também para promover o Estado de Nova York.",Claude_Sonnet5,Eu amo Nova Iorque,é,um logotipo,4
"Eu amo Nova Iorque (estilizado I ❤ NY) é um logotipo e uma música que são a base de uma campanha publicitária e são usados desde 1977 para promover o turismo em a cidade de Nova York e, posteriormente, também para promover o Estado de Nova York.",Claude_Sonnet5,Eu amo Nova Iorque,é,uma música,4
"Eu amo Nova Iorque (estilizado I ❤ NY) é um logotipo e uma música que são a base de uma campanha publicitária e são usados desde 1977 para promover o turismo em a cidade de Nova York e, posteriormente, também para promover o Estado de Nova York.",Claude_Sonnet5,Eu amo Nova Iorque,é a base de,uma campanha publicitária,3
"Eu amo Nova Iorque (estilizado I ❤ NY) é um logotipo e uma música que são a base de uma campanha publicitária e são usados desde 1977 para promover o turismo em a cidade de Nova York e, posteriormente, também para promover o Estado de Nova York.",PortugueseT5OIE_Abstractive,Eu amo Nova Iorque,é,um logotipo,4
"Eu amo Nova Iorque (estilizado I ❤ NY) é um logotipo e uma música que são a base de uma campanha publicitária e são usados desde 1977 para promover o turismo em a cidade de Nova York e, posteriormente, também para promover o Estado de Nova York.",PortugueseT5OIE_Abstractive,Eu amo Nova Iorque,é,uma música,4
"Eu amo Nova Iorque (estilizado I ❤ NY) é um logotipo e uma música que são a base de uma campanha publicitária e são usados desde 1977 para promover o turismo em a cidade de Nova York e, posteriormente, também para promover o Estado de Nova York.",respostaGrok4.0Fast,Eu amo Nova Iorque,é a base de,uma campanha publicitária,3
"Eu amo Nova Iorque (estilizado I ❤ NY) é um logotipo e uma música que são a base de uma campanha publicitária e são usados desde 1977 para promover o turismo em a cidade de Nova York e, posteriormente, também para promover o Estado de Nova York.",respostas_gpt5.5_mini,Eu amo Nova Iorque,é,um logotipo,4
"Eu amo Nova Iorque (estilizado I ❤ NY) é um logotipo e uma música que são a base de uma campanha publicitária e são usados desde 1977 para promover o turismo em a cidade de Nova York e, posteriormente, também para promover o Estado de Nova York.",respostas_gpt5.5_mini,Eu amo Nova Iorque,é,uma música,4
"Eu amo Nova Iorque (estilizado I ❤ NY) é um logotipo e uma música que são a base de uma campanha publicitária e são usados desde 1977 para promover o turismo em a cidade de Nova York e, posteriormente, também para promover o Estado de Nova York.",respostas_gpt5.5_mini,Eu amo Nova Iorque,são a base de,uma campanha publicitária,3
"Eu amo Nova Iorque (estilizado I ❤ NY) é um logotipo e uma música que são a base de uma campanha publicitária e são usados desde 1977 para promover o turismo em a cidade de Nova York e, posteriormente, também para promover o Estado de Nova York.",respostasGemini3.1Pro,Eu amo Nova Iorque,é,um logotipo,4
"Eu amo Nova Iorque (estilizado I ❤ NY) é um logotipo e uma música que são a base de uma campanha publicitária e são usados desde 1977 para promover o turismo em a cidade de Nova York e, posteriormente, também para promover o Estado de Nova York.",respostasGemini3.1Pro,Eu amo Nova Iorque,é,uma música,4
"A cidade de Nova York está localizada em um de os maiores portos naturais de o mundo, e os bairros de Manhattan e Staten Island são (principalmente) coterminosos com ilhas com os mesmos nomes, enquanto Queens e Brooklyn estão localizadas em a extremidade oeste de a maior Ilha Longa, e O Bronx está localizado em a ponta sul de o continente de o estado de Nova York.",Claude_Sonnet5,Queens,está localizado em,a extremidade oeste da maior Ilha Longa,3
"A cidade de Nova York está localizada em um de os maiores portos naturais de o mundo, e os bairros de Manhattan e Staten Island são (principalmente) coterminosos com ilhas com os mesmos nomes, enquanto Queens e Brooklyn estão localizadas em a extremidade oeste de a maior Ilha Longa, e O Bronx está localizado em a ponta sul de o continente de o estado de Nova York.",Claude_Sonnet5,Brooklyn,está localizado em,a extremidade oeste da maior Ilha Longa,3
"A cidade de Nova York está localizada em um de os maiores portos naturais de o mundo, e os bairros de Manhattan e Staten Island são (principalmente) coterminosos com ilhas com os mesmos nomes, enquanto Queens e Brooklyn estão localizadas em a extremidade oeste de a maior Ilha Longa, e O Bronx está localizado em a ponta sul de o continente de o estado de Nova York.",Claude_Sonnet5,O Bronx,está localizado em,a ponta sul do continente do estado de Nova York,4
"A cidade de Nova York está localizada em um de os maiores portos naturais de o mundo, e os bairros de Manhattan e Staten Island são (principalmente) coterminosos com ilhas com os mesmos nomes, enquanto Queens e Brooklyn estão localizadas em a extremidade oeste de a maior Ilha Longa, e O Bronx está localizado em a ponta sul de o continente de o estado de Nova York.",PortugueseT5OIE_Abstractive,Queens,está localizada em,a extremidade oeste de a maior Ilha Longa,3
"A cidade de Nova York está localizada em um de os maiores portos naturais de o mundo, e os bairros de Manhattan e Staten Island são (principalmente) coterminosos com ilhas com os mesmos nomes, enquanto Queens e Brooklyn estão localizadas em a extremidade oeste de a maior Ilha Longa, e O Bronx está localizado em a ponta sul de o continente de o estado de Nova York.",PortugueseT5OIE_Abstractive,Brooklyn,está localizada em,a extremidade oeste de a maior Ilha Longa,3
"A cidade de Nova York está localizada em um de os maiores portos naturais de o mundo, e os bairros de Manhattan e Staten Island são (principalmente) coterminosos com ilhas com os mesmos nomes, enquanto Queens e Brooklyn estão localizadas em a extremidade oeste de a maior Ilha Longa, e O Bronx está localizado em a ponta sul de o continente de o estado de Nova York.",PortugueseT5OIE_Abstractive,O Bronx,está localizado em,a ponta sul de o continente de o estado de Nova York,4
"A cidade de Nova York está localizada em um de os maiores portos naturais de o mundo, e os bairros de Manhattan e Staten Island são (principalmente) coterminosos com ilhas com os mesmos nomes, enquanto Queens e Brooklyn estão localizadas em a extremidade oeste de a maior Ilha Longa, e O Bronx está localizado em a ponta sul de o continente de o estado de Nova York.",respostas_gpt5.5_mini,O Bronx,está localizado em,a ponta sul de o continente de o estado de Nova York,4
"A cidade de Nova York está localizada em um de os maiores portos naturais de o mundo, e os bairros de Manhattan e Staten Island são (principalmente) coterminosos com ilhas com os mesmos nomes, enquanto Queens e Brooklyn estão localizadas em a extremidade oeste de a maior Ilha Longa, e O Bronx está localizado em a ponta sul de o continente de o estado de Nova York.",respostasGemini3.1Pro,Queens,está localizada em,a extremidade oeste de a maior Ilha Longa,3
"A cidade de Nova York está localizada em um de os maiores portos naturais de o mundo, e os bairros de Manhattan e Staten Island são (principalmente) coterminosos com ilhas com os mesmos nomes, enquanto Queens e Brooklyn estão localizadas em a extremidade oeste de a maior Ilha Longa, e O Bronx está localizado em a ponta sul de o continente de o estado de Nova York.",respostasGemini3.1Pro,Brooklyn,está localizada em,a extremidade oeste de a maior Ilha Longa,3
"A cidade de Nova York está localizada em um de os maiores portos naturais de o mundo, e os bairros de Manhattan e Staten Island são (principalmente) coterminosos com ilhas com os mesmos nomes, enquanto Queens e Brooklyn estão localizadas em a extremidade oeste de a maior Ilha Longa, e O Bronx está localizado em a ponta sul de o continente de o estado de Nova York.",respostasGemini3.1Pro,O Bronx,está localizado em,a ponta sul de o continente de o estado de Nova York,4
"Em 1960, Capote e Lee viajaram juntos para o Kansas para investigar os vários assassinatos que foram a base de o romance de ficção não-ficção de Capote In Cold Blood.",Claude_Sonnet5,os vários assassinatos,foram a base de,o romance de ficção não-ficção de Capote In Cold Blood,3
"Em 1960, Capote e Lee viajaram juntos para o Kansas para investigar os vários assassinatos que foram a base de o romance de ficção não-ficção de Capote In Cold Blood.",PortugueseT5OIE_Abstractive,os vários assassinatos,foram a base de,o romance de ficção não-ficção de Capote In Cold Blood,3
"Em 1960, Capote e Lee viajaram juntos para o Kansas para investigar os vários assassinatos que foram a base de o romance de ficção não-ficção de Capote In Cold Blood.",respostas_gpt5.5_mini,os vários assassinatos,foram a base de,o romance de ficção não-ficção de Capote In Cold Blood,3
"O pai de Lee morreu antes de o lançamento de o filme, e Lee ficou tão impressionado com a performance de Peck que ela lhe deu um relógio de bolso de o pai, que ele tinha com ele em a noite em que recebeu o Oscar de melhor ator.",Claude_Sonnet5,Peck,recebeu,o Oscar de melhor ator,4
"O pai de Lee morreu antes de o lançamento de o filme, e Lee ficou tão impressionado com a performance de Peck que ela lhe deu um relógio de bolso de o pai, que ele tinha com ele em a noite em que recebeu o Oscar de melhor ator.",PortugueseT5OIE_Abstractive,Lee,ficou tão impressionado com,a performance de Peck,3
"O pai de Lee morreu antes de o lançamento de o filme, e Lee ficou tão impressionado com a performance de Peck que ela lhe deu um relógio de bolso de o pai, que ele tinha com ele em a noite em que recebeu o Oscar de melhor ator.",PortugueseT5OIE_Abstractive,Peck,recebeu,o Oscar de melhor ator,4
"O pai de Lee morreu antes de o lançamento de o filme, e Lee ficou tão impressionado com a performance de Peck que ela lhe deu um relógio de bolso de o pai, que ele tinha com ele em a noite em que recebeu o Oscar de melhor ator.",respostaGrok4.0Fast,Lee,deu,um relógio de bolso de o pai a Peck,3
"O pai de Lee morreu antes de o lançamento de o filme, e Lee ficou tão impressionado com a performance de Peck que ela lhe deu um relógio de bolso de o pai, que ele tinha com ele em a noite em que recebeu o Oscar de melhor ator.",respostas_gpt5.5_mini,Lee,ficou tão impressionado com,a performance de Peck,3
"O pai de Lee morreu antes de o lançamento de o filme, e Lee ficou tão impressionado com a performance de Peck que ela lhe deu um relógio de bolso de o pai, que ele tinha com ele em a noite em que recebeu o Oscar de melhor ator.",respostas_gpt5.5_mini,Lee,deu,um relógio de bolso de o pai,3
"O pai de Lee morreu antes de o lançamento de o filme, e Lee ficou tão impressionado com a performance de Peck que ela lhe deu um relógio de bolso de o pai, que ele tinha com ele em a noite em que recebeu o Oscar de melhor ator.",respostas_gpt5.5_mini,Peck,recebeu,o Oscar de melhor ator,4
"O pai de Lee morreu antes de o lançamento de o filme, e Lee ficou tão impressionado com a performance de Peck que ela lhe deu um relógio de bolso de o pai, que ele tinha com ele em a noite em que recebeu o Oscar de melhor ator.",respostasGemini3.1Pro,Lee,ficou impressionado com,a performance de Peck,4
"O pai de Lee morreu antes de o lançamento de o filme, e Lee ficou tão impressionado com a performance de Peck que ela lhe deu um relógio de bolso de o pai, que ele tinha com ele em a noite em que recebeu o Oscar de melhor ator.",respostasGemini3.1Pro,Lee,deu,um relógio de bolso de o pai de Lee,3
"O pai de Lee morreu antes de o lançamento de o filme, e Lee ficou tão impressionado com a performance de Peck que ela lhe deu um relógio de bolso de o pai, que ele tinha com ele em a noite em que recebeu o Oscar de melhor ator.",respostasGemini3.1Pro,Peck,recebeu,o Oscar de melhor ator,4
"Em 2010, houve preocupações entre as autoridades tadjiques de que o militarismo islâmico em o leste de o país estava em ascensão após a fuga de 25 militantes de uma prisão tadjique em agosto, uma emboscada que matou 28 soldados tadjiques em o vale de Rasht em setembro, e outra emboscada em o vale em outubro que matou 30 soldados, seguida de combates fora de Gharm que deixaram 3 militantes mortos.",Claude_Sonnet5,combates fora de Gharm,deixaram,3 militantes mortos,3
"Em 2010, houve preocupações entre as autoridades tadjiques de que o militarismo islâmico em o leste de o país estava em ascensão após a fuga de 25 militantes de uma prisão tadjique em agosto, uma emboscada que matou 28 soldados tadjiques em o vale de Rasht em setembro, e outra emboscada em o vale em outubro que matou 30 soldados, seguida de combates fora de Gharm que deixaram 3 militantes mortos.",PortugueseT5OIE_Abstractive,combates fora de Gharm,deixaram,3 militantes mortos,3
"Em 2010, houve preocupações entre as autoridades tadjiques de que o militarismo islâmico em o leste de o país estava em ascensão após a fuga de 25 militantes de uma prisão tadjique em agosto, uma emboscada que matou 28 soldados tadjiques em o vale de Rasht em setembro, e outra emboscada em o vale em outubro que matou 30 soldados, seguida de combates fora de Gharm que deixaram 3 militantes mortos.",respostasGemini3.1Pro,combates fora de Gharm,deixaram,3 militantes mortos,3
"O Império Samanida, 819 a 999, restaurou o controle persa de a região e ampliou as cidades de Samarcanda e Bukhara (hoje as duas cidades fazem parte de o Uzbequistão), que se tornaram os centros culturais de o Irã e a região era conhecida como Khorasan.",Claude_Sonnet5,Samarcanda e Bukhara,se tornaram,os centros culturais do Irã,3
"O Império Samanida, 819 a 999, restaurou o controle persa de a região e ampliou as cidades de Samarcanda e Bukhara (hoje as duas cidades fazem parte de o Uzbequistão), que se tornaram os centros culturais de o Irã e a região era conhecida como Khorasan.",PortugueseT5OIE_Abstractive,O Império Samanida,restaurou,o controle persa de a região,4
"O Império Samanida, 819 a 999, restaurou o controle persa de a região e ampliou as cidades de Samarcanda e Bukhara (hoje as duas cidades fazem parte de o Uzbequistão), que se tornaram os centros culturais de o Irã e a região era conhecida como Khorasan.",PortugueseT5OIE_Abstractive,O Império Samanida,ampliou,as cidades de Samarcanda,4
"O Império Samanida, 819 a 999, restaurou o controle persa de a região e ampliou as cidades de Samarcanda e Bukhara (hoje as duas cidades fazem parte de o Uzbequistão), que se tornaram os centros culturais de o Irã e a região era conhecida como Khorasan.",respostaGrok4.0Fast,O Império Samanida,restaurou,o controle persa de a região,4
"O Império Samanida, 819 a 999, restaurou o controle persa de a região e ampliou as cidades de Samarcanda e Bukhara (hoje as duas cidades fazem parte de o Uzbequistão), que se tornaram os centros culturais de o Irã e a região era conhecida como Khorasan.",respostaGrok4.0Fast,O Império Samanida,ampliou,as cidades de Samarcanda e Bukhara,4
"O Império Samanida, 819 a 999, restaurou o controle persa de a região e ampliou as cidades de Samarcanda e Bukhara (hoje as duas cidades fazem parte de o Uzbequistão), que se tornaram os centros culturais de o Irã e a região era conhecida como Khorasan.",respostaGrok4.0Fast,Samarcanda e Bukhara,se tornaram,os centros culturais de o Irã,3
"O Império Samanida, 819 a 999, restaurou o controle persa de a região e ampliou as cidades de Samarcanda e Bukhara (hoje as duas cidades fazem parte de o Uzbequistão), que se tornaram os centros culturais de o Irã e a região era conhecida como Khorasan.",respostas_gpt5.5_mini,O Império Samanida,restaurou,o controle persa de a região,4
"O Império Samanida, 819 a 999, restaurou o controle persa de a região e ampliou as cidades de Samarcanda e Bukhara (hoje as duas cidades fazem parte de o Uzbequistão), que se tornaram os centros culturais de o Irã e a região era conhecida como Khorasan.",respostas_gpt5.5_mini,O Império Samanida,ampliou,as cidades de Samarcanda e Bukhara,4
"O Império Samanida, 819 a 999, restaurou o controle persa de a região e ampliou as cidades de Samarcanda e Bukhara (hoje as duas cidades fazem parte de o Uzbequistão), que se tornaram os centros culturais de o Irã e a região era conhecida como Khorasan.",respostas_gpt5.5_mini,Samarcanda e Bukhara,se tornaram,os centros culturais de o Irã,3
"O Império Samanida, 819 a 999, restaurou o controle persa de a região e ampliou as cidades de Samarcanda e Bukhara (hoje as duas cidades fazem parte de o Uzbequistão), que se tornaram os centros culturais de o Irã e a região era conhecida como Khorasan.",respostasGemini3.1Pro,O Império Samanida,restaurou,o controle persa de a região,4
"O Império Samanida, 819 a 999, restaurou o controle persa de a região e ampliou as cidades de Samarcanda e Bukhara (hoje as duas cidades fazem parte de o Uzbequistão), que se tornaram os centros culturais de o Irã e a região era conhecida como Khorasan.",respostasGemini3.1Pro,O Império Samanida,ampliou,as cidades de Samarcanda,4
"Durante o final de o século XIX, os jadidistas se estabeleceram como um movimento social islâmico em toda a região.",Claude_Sonnet5,os jadidistas,se estabeleceram em,toda a região,4
"Durante o final de o século XIX, os jadidistas se estabeleceram como um movimento social islâmico em toda a região.",respostaGrok4.0Fast,os jadidistas,se estabeleceram em,toda a região,4
"Durante o final de o século XIX, os jadidistas se estabeleceram como um movimento social islâmico em toda a região.",respostas_gpt5.5_mini,os jadidistas,se estabeleceram em,toda a região,4
"Durante o final de o século XIX, os jadidistas se estabeleceram como um movimento social islâmico em toda a região.",respostasGemini3.1Pro,os jadidistas,se estabeleceram em,toda a região,4
"1916, quando manifestantes atacaram soldados russos em Khujand por uma ameaça de recrutamento forçado durante a Primeira Guerra Mundial.",PortugueseT5OIE_Abstractive,manifestantes,atacaram em,Khujand,3
"1916, quando manifestantes atacaram soldados russos em Khujand por uma ameaça de recrutamento forçado durante a Primeira Guerra Mundial.",respostas_gpt5.5_mini,manifestantes,atacaram em,Khujand,3
"1916, quando manifestantes atacaram soldados russos em Khujand por uma ameaça de recrutamento forçado durante a Primeira Guerra Mundial.",respostasGemini3.1Pro,manifestantes,atacaram em,Khujand,3
"Com a ocupação de Napoleão, Portugal começou um declínio lento, mas inexorável, que durou até o século XX.",Claude_Sonnet5,Portugal,começou,"um declínio lento, mas inexorável",4
"Com a ocupação de Napoleão, Portugal começou um declínio lento, mas inexorável, que durou até o século XX.",Claude_Sonnet5,"o declínio lento, mas inexorável de Portugal",durou até,o século XX,3
"Com a ocupação de Napoleão, Portugal começou um declínio lento, mas inexorável, que durou até o século XX.",PortugueseT5OIE_Abstractive,Portugal,começou,um declínio inexorável,4
"Com a ocupação de Napoleão, Portugal começou um declínio lento, mas inexorável, que durou até o século XX.",PortugueseT5OIE_Abstractive,um declínio inexorável,durou até,o século XX,3
"Com a ocupação de Napoleão, Portugal começou um declínio lento, mas inexorável, que durou até o século XX.",respostas_gpt5.5_mini,Portugal,começou,"um declínio lento, mas inexorável",4
"Com a ocupação de Napoleão, Portugal começou um declínio lento, mas inexorável, que durou até o século XX.",respostas_gpt5.5_mini,"um declínio lento, mas inexorável",durou até,o século XX,4
"Com a ocupação de Napoleão, Portugal começou um declínio lento, mas inexorável, que durou até o século XX.",respostasGemini3.1Pro,Portugal,começou,"um declínio lento, mas inexorável",4
"Com a ocupação de Napoleão, Portugal começou um declínio lento, mas inexorável, que durou até o século XX.",respostasGemini3.1Pro,"um declínio lento, mas inexorável",durou até,o século XX,4
"Portugal mantém uma forma republicana semi-presidencial unitária de governo e é um país desenvolvido com uma economia avançada e um alto padrão de vida, tendo o 18º maior progresso social de o mundo, colocando-o a a frente de outros países de a Europa Ocidental como França, Espanha e Itália.",Claude_Sonnet5,Portugal,tem,o 18º maior progresso social do mundo,5
"Portugal mantém uma forma republicana semi-presidencial unitária de governo e é um país desenvolvido com uma economia avançada e um alto padrão de vida, tendo o 18º maior progresso social de o mundo, colocando-o a a frente de outros países de a Europa Ocidental como França, Espanha e Itália.",PortugueseT5OIE_Abstractive,Portugal,é,um país desenvolvido com uma economia avançada e um alto padrão de vida,3
"Portugal mantém uma forma republicana semi-presidencial unitária de governo e é um país desenvolvido com uma economia avançada e um alto padrão de vida, tendo o 18º maior progresso social de o mundo, colocando-o a a frente de outros países de a Europa Ocidental como França, Espanha e Itália.",PortugueseT5OIE_Abstractive,Portugal,tem,o 18o maior progresso social de o mundo,5
"Portugal mantém uma forma republicana semi-presidencial unitária de governo e é um país desenvolvido com uma economia avançada e um alto padrão de vida, tendo o 18º maior progresso social de o mundo, colocando-o a a frente de outros países de a Europa Ocidental como França, Espanha e Itália.",respostaGrok4.0Fast,Portugal,tem,o 18º maior progresso social de o mundo,5
"Portugal mantém uma forma republicana semi-presidencial unitária de governo e é um país desenvolvido com uma economia avançada e um alto padrão de vida, tendo o 18º maior progresso social de o mundo, colocando-o a a frente de outros países de a Europa Ocidental como França, Espanha e Itália.",respostas_gpt5.5_mini,Portugal,é,um país desenvolvido com uma economia avançada e um alto padrão de vida,3
"Portugal mantém uma forma republicana semi-presidencial unitária de governo e é um país desenvolvido com uma economia avançada e um alto padrão de vida, tendo o 18º maior progresso social de o mundo, colocando-o a a frente de outros países de a Europa Ocidental como França, Espanha e Itália.",respostas_gpt5.5_mini,Portugal,tem,o 18º maior progresso social do mundo,5
"Portugal mantém uma forma republicana semi-presidencial unitária de governo e é um país desenvolvido com uma economia avançada e um alto padrão de vida, tendo o 18º maior progresso social de o mundo, colocando-o a a frente de outros países de a Europa Ocidental como França, Espanha e Itália.",respostasGemini3.1Pro,Portugal,é,um país desenvolvido com uma economia avançada,3
"Portugal mantém uma forma republicana semi-presidencial unitária de governo e é um país desenvolvido com uma economia avançada e um alto padrão de vida, tendo o 18º maior progresso social de o mundo, colocando-o a a frente de outros países de a Europa Ocidental como França, Espanha e Itália.",respostasGemini3.1Pro,Portugal,é,um país desenvolvido com um alto padrão de vida,3
"Portugal mantém uma forma republicana semi-presidencial unitária de governo e é um país desenvolvido com uma economia avançada e um alto padrão de vida, tendo o 18º maior progresso social de o mundo, colocando-o a a frente de outros países de a Europa Ocidental como França, Espanha e Itália.",respostasGemini3.1Pro,Portugal,tem,o 18º maior progresso social de o mundo,5
"Mais tarde, uma província de o norte de a Lusitânia foi formada, conhecida como Gallaecia, com capital em Bracara Augusta, hoje Braga.",Claude_Sonnet5,uma província do norte da Lusitânia,era conhecida como,Gallaecia,4
"Mais tarde, uma província de o norte de a Lusitânia foi formada, conhecida como Gallaecia, com capital em Bracara Augusta, hoje Braga.",Claude_Sonnet5,Gallaecia,tinha capital em,Bracara Augusta,3
"Mais tarde, uma província de o norte de a Lusitânia foi formada, conhecida como Gallaecia, com capital em Bracara Augusta, hoje Braga.",Claude_Sonnet5,Bracara Augusta,é hoje,Braga,3
"Mais tarde, uma província de o norte de a Lusitânia foi formada, conhecida como Gallaecia, com capital em Bracara Augusta, hoje Braga.",PortugueseT5OIE_Abstractive,uma província de o norte de a Lusitânia,é conhecida como,Gallaecia,4
"Mais tarde, uma província de o norte de a Lusitânia foi formada, conhecida como Gallaecia, com capital em Bracara Augusta, hoje Braga.",PortugueseT5OIE_Abstractive,Bracara Augusta,é hoje,Braga,3
"Mais tarde, uma província de o norte de a Lusitânia foi formada, conhecida como Gallaecia, com capital em Bracara Augusta, hoje Braga.",respostaGrok4.0Fast,uma província de o norte de a Lusitânia,é conhecida como,Gallaecia,4
"Mais tarde, uma província de o norte de a Lusitânia foi formada, conhecida como Gallaecia, com capital em Bracara Augusta, hoje Braga.",respostas_gpt5.5_mini,Gallaecia,tinha como capital,Bracara Augusta,3
"Mais tarde, uma província de o norte de a Lusitânia foi formada, conhecida como Gallaecia, com capital em Bracara Augusta, hoje Braga.",respostasGemini3.1Pro,uma província de o norte de a Lusitânia,é conhecida como,Gallaecia,4
"Mais tarde, uma província de o norte de a Lusitânia foi formada, conhecida como Gallaecia, com capital em Bracara Augusta, hoje Braga.",respostasGemini3.1Pro,Gallaecia,tinha capital em,Bracara Augusta,3
"Mais tarde, uma província de o norte de a Lusitânia foi formada, conhecida como Gallaecia, com capital em Bracara Augusta, hoje Braga.",respostasGemini3.1Pro,Bracara Augusta,é hoje,Braga,3
"O período de Taifa terminou com a conquista de os almorávidas que vieram de o Marrocos em 1086, conquistando uma vitória decisiva em a Batalha de Sagrajas, seguida um século depois em 1147, após o segundo período de Taifa, pelos Almohads, também de Marraquexe.",Claude_Sonnet5,os almorávidas,vieram de,o Marrocos,4
"O período de Taifa terminou com a conquista de os almorávidas que vieram de o Marrocos em 1086, conquistando uma vitória decisiva em a Batalha de Sagrajas, seguida um século depois em 1147, após o segundo período de Taifa, pelos Almohads, também de Marraquexe.",Claude_Sonnet5,os almorávidas,conquistaram,uma vitória decisiva,3
"O período de Taifa terminou com a conquista de os almorávidas que vieram de o Marrocos em 1086, conquistando uma vitória decisiva em a Batalha de Sagrajas, seguida um século depois em 1147, após o segundo período de Taifa, pelos Almohads, também de Marraquexe.",PortugueseT5OIE_Abstractive,os almorávidas,vieram de,o Marrocos,4
"O período de Taifa terminou com a conquista de os almorávidas que vieram de o Marrocos em 1086, conquistando uma vitória decisiva em a Batalha de Sagrajas, seguida um século depois em 1147, após o segundo período de Taifa, pelos Almohads, também de Marraquexe.",PortugueseT5OIE_Abstractive,os almorávidas,conquistaram,uma vitória decisiva,3
"O período de Taifa terminou com a conquista de os almorávidas que vieram de o Marrocos em 1086, conquistando uma vitória decisiva em a Batalha de Sagrajas, seguida um século depois em 1147, após o segundo período de Taifa, pelos Almohads, também de Marraquexe.",respostas_gpt5.5_mini,os almorávidas,vieram de,o Marrocos,4
"O período de Taifa terminou com a conquista de os almorávidas que vieram de o Marrocos em 1086, conquistando uma vitória decisiva em a Batalha de Sagrajas, seguida um século depois em 1147, após o segundo período de Taifa, pelos Almohads, também de Marraquexe.",respostasGemini3.1Pro,os almorávidas,vieram de,o Marrocos,4
"O período de Taifa terminou com a conquista de os almorávidas que vieram de o Marrocos em 1086, conquistando uma vitória decisiva em a Batalha de Sagrajas, seguida um século depois em 1147, após o segundo período de Taifa, pelos Almohads, também de Marraquexe.",respostasGemini3.1Pro,os almorávidas,conquistaram,uma vitória decisiva,3
Os berberes eram originalmente de as montanhas de o Atlas e Rif de o norte de a África e eram essencialmente nômades.,Claude_Sonnet5,Os berberes,eram essencialmente,nômades,3
Os berberes eram originalmente de as montanhas de o Atlas e Rif de o norte de a África e eram essencialmente nômades.,PortugueseT5OIE_Abstractive,Os berberes,eram originalmente de,as montanhas de o Rif de o norte de a África,4
Os berberes eram originalmente de as montanhas de o Atlas e Rif de o norte de a África e eram essencialmente nômades.,PortugueseT5OIE_Abstractive,Os berberes,eram essencialmente,nômades,3
Os berberes eram originalmente de as montanhas de o Atlas e Rif de o norte de a África e eram essencialmente nômades.,respostaGrok4.0Fast,Os berberes,eram originalmente de,as montanhas de o Atlas e Rif de o norte de a África,4
Os berberes eram originalmente de as montanhas de o Atlas e Rif de o norte de a África e eram essencialmente nômades.,respostaGrok4.0Fast,Os berberes,eram essencialmente,nômades,3
Os berberes eram originalmente de as montanhas de o Atlas e Rif de o norte de a África e eram essencialmente nômades.,respostas_gpt5.5_mini,Os berberes,eram originalmente de,as montanhas do Atlas e Rif do norte da África,4
Os berberes eram originalmente de as montanhas de o Atlas e Rif de o norte de a África e eram essencialmente nômades.,respostasGemini3.1Pro,Os berberes,eram originalmente de,as montanhas Rif de o norte de a África,4
"Mas as maiores reformas de Sebastião de Melo foram econômicas e financeiras, com a criação de várias empresas e guildas para regular todas as atividades comerciais.",Claude_Sonnet5,Sebastião de Melo,criou,várias empresas,3
"Mas as maiores reformas de Sebastião de Melo foram econômicas e financeiras, com a criação de várias empresas e guildas para regular todas as atividades comerciais.",Claude_Sonnet5,Sebastião de Melo,criou,guildas,3
"Mas as maiores reformas de Sebastião de Melo foram econômicas e financeiras, com a criação de várias empresas e guildas para regular todas as atividades comerciais.",PortugueseT5OIE_Abstractive,Sebastião de Melo,criou,várias empresas,3
"Mas as maiores reformas de Sebastião de Melo foram econômicas e financeiras, com a criação de várias empresas e guildas para regular todas as atividades comerciais.",PortugueseT5OIE_Abstractive,Sebastião de Melo,criou,guildas,3
"Mas as maiores reformas de Sebastião de Melo foram econômicas e financeiras, com a criação de várias empresas e guildas para regular todas as atividades comerciais.",respostas_gpt5.5_mini,Sebastião de Melo,criou,várias empresas,3
"Mas as maiores reformas de Sebastião de Melo foram econômicas e financeiras, com a criação de várias empresas e guildas para regular todas as atividades comerciais.",respostas_gpt5.5_mini,Sebastião de Melo,criou,guildas,3
"Em 2001, Portugal descriminalizou a posse de todas as drogas que ainda são ilegais em outros países desenvolvidos, incluindo, entre outras, maconha, cocaína, heroína e LSD.",PortugueseT5OIE_Abstractive,Portugal,descriminalizou,a posse de todas as drogas que ainda são ilegais em outros países desenvolvidos,3
"Em 2001, Portugal descriminalizou a posse de todas as drogas que ainda são ilegais em outros países desenvolvidos, incluindo, entre outras, maconha, cocaína, heroína e LSD.",respostas_gpt5.5_mini,Portugal,descriminalizou,a posse de todas as drogas que ainda são ilegais em outros países desenvolvidos,3
"Em 2001, Portugal descriminalizou a posse de todas as drogas que ainda são ilegais em outros países desenvolvidos, incluindo, entre outras, maconha, cocaína, heroína e LSD.",respostasGemini3.1Pro,Portugal,descriminalizou,a posse de todas as drogas que ainda são ilegais em outros países desenvolvidos,3
"O banco central de Portugal é o Banco de Portugal, parte integrante de o Sistema Europeu de Bancos Centrais.",Claude_Sonnet5,O banco central de Portugal,é,o Banco de Portugal,5
"O banco central de Portugal é o Banco de Portugal, parte integrante de o Sistema Europeu de Bancos Centrais.",PortugueseT5OIE_Abstractive,O banco central de Portugal,é,o Banco de Portugal,5
"O banco central de Portugal é o Banco de Portugal, parte integrante de o Sistema Europeu de Bancos Centrais.",respostaGrok4.0Fast,O banco central de Portugal,é,o Banco de Portugal,5
"O banco central de Portugal é o Banco de Portugal, parte integrante de o Sistema Europeu de Bancos Centrais.",respostas_gpt5.5_mini,O banco central de Portugal,é,o Banco de Portugal,5
"O banco central de Portugal é o Banco de Portugal, parte integrante de o Sistema Europeu de Bancos Centrais.",respostasGemini3.1Pro,O banco central de Portugal,é,o Banco de Portugal,5
"Os pontos turísticos mais procurados em Portugal são Lisboa, Algarve, Madeira, Porto e a cidade de Coimbra, também entre 4-5 milhões de peregrinos religiosos visitam Fátima a cada ano, onde supostamente ocorreram aparições de a Virgem Maria a três pastores em 1917.",Claude_Sonnet5,Os pontos turísticos mais procurados em Portugal,são,Lisboa,3
"Os pontos turísticos mais procurados em Portugal são Lisboa, Algarve, Madeira, Porto e a cidade de Coimbra, também entre 4-5 milhões de peregrinos religiosos visitam Fátima a cada ano, onde supostamente ocorreram aparições de a Virgem Maria a três pastores em 1917.",Claude_Sonnet5,Os pontos turísticos mais procurados em Portugal,são,Algarve,3
"Os pontos turísticos mais procurados em Portugal são Lisboa, Algarve, Madeira, Porto e a cidade de Coimbra, também entre 4-5 milhões de peregrinos religiosos visitam Fátima a cada ano, onde supostamente ocorreram aparições de a Virgem Maria a três pastores em 1917.",Claude_Sonnet5,Os pontos turísticos mais procurados em Portugal,são,Madeira,3
"Os pontos turísticos mais procurados em Portugal são Lisboa, Algarve, Madeira, Porto e a cidade de Coimbra, também entre 4-5 milhões de peregrinos religiosos visitam Fátima a cada ano, onde supostamente ocorreram aparições de a Virgem Maria a três pastores em 1917.",Claude_Sonnet5,Os pontos turísticos mais procurados em Portugal,são,Porto,3
"Os pontos turísticos mais procurados em Portugal são Lisboa, Algarve, Madeira, Porto e a cidade de Coimbra, também entre 4-5 milhões de peregrinos religiosos visitam Fátima a cada ano, onde supostamente ocorreram aparições de a Virgem Maria a três pastores em 1917.",Claude_Sonnet5,Os pontos turísticos mais procurados em Portugal,são,a cidade de Coimbra,3
"Os pontos turísticos mais procurados em Portugal são Lisboa, Algarve, Madeira, Porto e a cidade de Coimbra, também entre 4-5 milhões de peregrinos religiosos visitam Fátima a cada ano, onde supostamente ocorreram aparições de a Virgem Maria a três pastores em 1917.",PortugueseT5OIE_Abstractive,Os pontos turísticos mais procurados em Portugal,são,Lisboa,3
"Os pontos turísticos mais procurados em Portugal são Lisboa, Algarve, Madeira, Porto e a cidade de Coimbra, também entre 4-5 milhões de peregrinos religiosos visitam Fátima a cada ano, onde supostamente ocorreram aparições de a Virgem Maria a três pastores em 1917.",PortugueseT5OIE_Abstractive,Os pontos turísticos mais procurados em Portugal,são,Algarve,3
"Os pontos turísticos mais procurados em Portugal são Lisboa, Algarve, Madeira, Porto e a cidade de Coimbra, também entre 4-5 milhões de peregrinos religiosos visitam Fátima a cada ano, onde supostamente ocorreram aparições de a Virgem Maria a três pastores em 1917.",PortugueseT5OIE_Abstractive,Os pontos turísticos mais procurados em Portugal,são,Madeira,3
"Os pontos turísticos mais procurados em Portugal são Lisboa, Algarve, Madeira, Porto e a cidade de Coimbra, também entre 4-5 milhões de peregrinos religiosos visitam Fátima a cada ano, onde supostamente ocorreram aparições de a Virgem Maria a três pastores em 1917.",PortugueseT5OIE_Abstractive,Os pontos turísticos mais procurados em Portugal,são,Porto,3
"Os pontos turísticos mais procurados em Portugal são Lisboa, Algarve, Madeira, Porto e a cidade de Coimbra, também entre 4-5 milhões de peregrinos religiosos visitam Fátima a cada ano, onde supostamente ocorreram aparições de a Virgem Maria a três pastores em 1917.",PortugueseT5OIE_Abstractive,Os pontos turísticos mais procurados em Portugal,são,a cidade de Coimbra,3
"Os pontos turísticos mais procurados em Portugal são Lisboa, Algarve, Madeira, Porto e a cidade de Coimbra, também entre 4-5 milhões de peregrinos religiosos visitam Fátima a cada ano, onde supostamente ocorreram aparições de a Virgem Maria a três pastores em 1917.",respostasGemini3.1Pro,Os pontos turísticos mais procurados em Portugal,são,Lisboa,3
"Os pontos turísticos mais procurados em Portugal são Lisboa, Algarve, Madeira, Porto e a cidade de Coimbra, também entre 4-5 milhões de peregrinos religiosos visitam Fátima a cada ano, onde supostamente ocorreram aparições de a Virgem Maria a três pastores em 1917.",respostasGemini3.1Pro,Os pontos turísticos mais procurados em Portugal,são,Algarve,3
"Os pontos turísticos mais procurados em Portugal são Lisboa, Algarve, Madeira, Porto e a cidade de Coimbra, também entre 4-5 milhões de peregrinos religiosos visitam Fátima a cada ano, onde supostamente ocorreram aparições de a Virgem Maria a três pastores em 1917.",respostasGemini3.1Pro,Os pontos turísticos mais procurados em Portugal,são,Madeira,3
"Os pontos turísticos mais procurados em Portugal são Lisboa, Algarve, Madeira, Porto e a cidade de Coimbra, também entre 4-5 milhões de peregrinos religiosos visitam Fátima a cada ano, onde supostamente ocorreram aparições de a Virgem Maria a três pastores em 1917.",respostasGemini3.1Pro,Os pontos turísticos mais procurados em Portugal,são,Porto,3
"Os pontos turísticos mais procurados em Portugal são Lisboa, Algarve, Madeira, Porto e a cidade de Coimbra, também entre 4-5 milhões de peregrinos religiosos visitam Fátima a cada ano, onde supostamente ocorreram aparições de a Virgem Maria a três pastores em 1917.",respostasGemini3.1Pro,Os pontos turísticos mais procurados em Portugal,são,a cidade de Coimbra,3
"Em 2007, Portugal tinha 10.617.575 habitantes, de os quais cerca de 332.137 eram imigrantes legais.",Claude_Sonnet5,cerca de 332.137 dos habitantes de Portugal,eram,imigrantes legais,3
"Em 2007, Portugal tinha 10.617.575 habitantes, de os quais cerca de 332.137 eram imigrantes legais.",PortugueseT5OIE_Abstractive,cerca de 332.137 habitantes,eram,imigrantes legais,3
"Em 2007, Portugal tinha 10.617.575 habitantes, de os quais cerca de 332.137 eram imigrantes legais.",respostasGemini3.1Pro,cerca de 332.137 de os 10.617.575 habitantes de Portugal,eram,imigrantes legais,3
As universidades portuguesas existem desde 1290,Claude_Sonnet5,As universidades portuguesas,existem desde,1290,5
As universidades portuguesas existem desde 1290,PortugueseT5OIE_Abstractive,As universidades portuguesas,existem desde,1290,5
As universidades portuguesas existem desde 1290,respostaGrok4.0Fast,As universidades portuguesas,existem desde,1290,5
As universidades portuguesas existem desde 1290,respostas_gpt5.5_mini,As universidades portuguesas,existem desde,1290,5
As universidades portuguesas existem desde 1290,respostasGemini3.1Pro,As universidades portuguesas,existem desde,1290,5
Portugal liderou a exploração européia de o mundo e uma era de a descoberta.,Claude_Sonnet5,Portugal,liderou,uma era da descoberta,4
Portugal liderou a exploração européia de o mundo e uma era de a descoberta.,PortugueseT5OIE_Abstractive,Portugal,liderou,uma era de a descoberta,4
Portugal liderou a exploração européia de o mundo e uma era de a descoberta.,respostas_gpt5.5_mini,Portugal,liderou,uma era da descoberta,4
Portugal liderou a exploração européia de o mundo e uma era de a descoberta.,respostasGemini3.1Pro,Portugal,liderou,uma era de a descoberta,4
"Finalmente, uma pequena fração de mutações é benéfica, melhorando a aptidão de o organismo e é extremamente importante para a evolução, uma vez que sua seleção direcional leva a a evolução adaptativa.",Claude_Sonnet5,uma pequena fração de mutações,melhora,a aptidão do organismo,3
"Finalmente, uma pequena fração de mutações é benéfica, melhorando a aptidão de o organismo e é extremamente importante para a evolução, uma vez que sua seleção direcional leva a a evolução adaptativa.",Claude_Sonnet5,a seleção direcional da pequena fração de mutações benéficas,leva a,a evolução adaptativa,3
"Finalmente, uma pequena fração de mutações é benéfica, melhorando a aptidão de o organismo e é extremamente importante para a evolução, uma vez que sua seleção direcional leva a a evolução adaptativa.",PortugueseT5OIE_Abstractive,uma pequena fração de mutações,melhora,a aptidão de o organismo,3
"Finalmente, uma pequena fração de mutações é benéfica, melhorando a aptidão de o organismo e é extremamente importante para a evolução, uma vez que sua seleção direcional leva a a evolução adaptativa.",PortugueseT5OIE_Abstractive,a seleção direcional de uma pequena fração de mutações,leva a,a evolução adaptativa,3
"Finalmente, uma pequena fração de mutações é benéfica, melhorando a aptidão de o organismo e é extremamente importante para a evolução, uma vez que sua seleção direcional leva a a evolução adaptativa.",respostasGemini3.1Pro,uma pequena fração de mutações benéfica,melhora,a aptidão de o organismo,3
"Finalmente, uma pequena fração de mutações é benéfica, melhorando a aptidão de o organismo e é extremamente importante para a evolução, uma vez que sua seleção direcional leva a a evolução adaptativa.",respostasGemini3.1Pro,a seleção direcional de uma pequena fração de mutações benéfica,leva a,a evolução adaptativa,3
"O português é uma língua românica que se originou em o que hoje é a Galiza e o norte de Portugal, originária de o galego-português, que era a língua comum de o povo galego e português até a independência de Portugal.",Claude_Sonnet5,O português,se originou em,o que hoje é a Galiza e o norte de Portugal,4
"O português é uma língua românica que se originou em o que hoje é a Galiza e o norte de Portugal, originária de o galego-português, que era a língua comum de o povo galego e português até a independência de Portugal.",Claude_Sonnet5,O português,é originário de,o galego-português,3
"O português é uma língua românica que se originou em o que hoje é a Galiza e o norte de Portugal, originária de o galego-português, que era a língua comum de o povo galego e português até a independência de Portugal.",PortugueseT5OIE_Abstractive,O português,se originou em,o que hoje é a Galiza e o norte de Portugal,4
"O português é uma língua românica que se originou em o que hoje é a Galiza e o norte de Portugal, originária de o galego-português, que era a língua comum de o povo galego e português até a independência de Portugal.",PortugueseT5OIE_Abstractive,o galego-português,era,a língua comum de o povo galego e português até a independência de Portugal,3
"O português é uma língua românica que se originou em o que hoje é a Galiza e o norte de Portugal, originária de o galego-português, que era a língua comum de o povo galego e português até a independência de Portugal.",respostas_gpt5.5_mini,O português,se originou em,o que hoje é a Galiza,4
"O português é uma língua românica que se originou em o que hoje é a Galiza e o norte de Portugal, originária de o galego-português, que era a língua comum de o povo galego e português até a independência de Portugal.",respostas_gpt5.5_mini,O português,é originário de,o galego-português,3
"O português é uma língua românica que se originou em o que hoje é a Galiza e o norte de Portugal, originária de o galego-português, que era a língua comum de o povo galego e português até a independência de Portugal.",respostas_gpt5.5_mini,o galego-português,era,a língua comum do povo galego e português,3
"O português é uma língua românica que se originou em o que hoje é a Galiza e o norte de Portugal, originária de o galego-português, que era a língua comum de o povo galego e português até a independência de Portugal.",respostasGemini3.1Pro,O português,se originou em,o que hoje é a Galiza,4
"O português é uma língua românica que se originou em o que hoje é a Galiza e o norte de Portugal, originária de o galego-português, que era a língua comum de o povo galego e português até a independência de Portugal.",respostasGemini3.1Pro,O português,é originária de,o galego-português,3
"O português é uma língua românica que se originou em o que hoje é a Galiza e o norte de Portugal, originária de o galego-português, que era a língua comum de o povo galego e português até a independência de Portugal.",respostasGemini3.1Pro,o galego-português,era,a língua comum de o povo galego e português até a independência de Portugal,3
"O Ministério de a Saúde é responsável por desenvolver políticas de saúde, bem como gerenciar o SNS.",Claude_Sonnet5,O Ministério da Saúde,é responsável por gerenciar,o SNS,4
"O Ministério de a Saúde é responsável por desenvolver políticas de saúde, bem como gerenciar o SNS.",PortugueseT5OIE_Abstractive,O Ministério de a Saúde,é responsável por,gerenciar o SNS,4
"O Ministério de a Saúde é responsável por desenvolver políticas de saúde, bem como gerenciar o SNS.",respostas_gpt5.5_mini,O Ministério da Saúde,é responsável por gerenciar,o SNS,4
"O Ministério de a Saúde é responsável por desenvolver políticas de saúde, bem como gerenciar o SNS.",respostasGemini3.1Pro,O Ministério de a Saúde,é responsável por,gerenciar o SNS,4
"Kanye Omari West nasceu em 8 de junho de 1977 em Atlanta, Geórgia.",Claude_Sonnet5,Kanye Omari West,nasceu em,8 de junho de 1977,5
"Kanye Omari West nasceu em 8 de junho de 1977 em Atlanta, Geórgia.",Claude_Sonnet5,Kanye Omari West,nasceu em,"Atlanta, Geórgia",4
"Kanye Omari West nasceu em 8 de junho de 1977 em Atlanta, Geórgia.",PortugueseT5OIE_Abstractive,Kanye Omari West,nasceu em,8 de junho de 1977,5
"Kanye Omari West nasceu em 8 de junho de 1977 em Atlanta, Geórgia.",PortugueseT5OIE_Abstractive,Kanye Omari West,nasceu em,"Atlanta, Geórgia",4
"Kanye Omari West nasceu em 8 de junho de 1977 em Atlanta, Geórgia.",respostaGrok4.0Fast,Kanye Omari West,nasceu em,"8 de junho de 1977 em Atlanta, Geórgia",5
"Kanye Omari West nasceu em 8 de junho de 1977 em Atlanta, Geórgia.",respostas_gpt5.5_mini,Kanye Omari West,nasceu em,8 de junho de 1977,5
"Kanye Omari West nasceu em 8 de junho de 1977 em Atlanta, Geórgia.",respostas_gpt5.5_mini,Kanye Omari West,nasceu em,"Atlanta, Geórgia",4
"Kanye Omari West nasceu em 8 de junho de 1977 em Atlanta, Geórgia.",respostasGemini3.1Pro,Kanye Omari West,nasceu em,8 de junho de 1977,5
"Kanye Omari West nasceu em 8 de junho de 1977 em Atlanta, Geórgia.",respostasGemini3.1Pro,Kanye Omari West,nasceu em,"Atlanta, Geórgia",4
"O budismo mahayana, a o contrário, aspira a o estado de Buda através de o caminho de o bodhisattva, um estado em que alguém permanece neste ciclo para ajudar outros seres a alcançar o despertar.",Claude_Sonnet5,O budismo mahayana,aspira a,o estado de Buda,4
"O budismo mahayana, a o contrário, aspira a o estado de Buda através de o caminho de o bodhisattva, um estado em que alguém permanece neste ciclo para ajudar outros seres a alcançar o despertar.",PortugueseT5OIE_Abstractive,O budismo mahayana,aspira a,o estado de Buda,4
"O budismo mahayana, a o contrário, aspira a o estado de Buda através de o caminho de o bodhisattva, um estado em que alguém permanece neste ciclo para ajudar outros seres a alcançar o despertar.",respostaGrok4.0Fast,O budismo mahayana,aspira a,o estado de Buda,4
"O budismo mahayana, a o contrário, aspira a o estado de Buda através de o caminho de o bodhisattva, um estado em que alguém permanece neste ciclo para ajudar outros seres a alcançar o despertar.",respostasGemini3.1Pro,O budismo mahayana,aspira a,o estado de Buda,4
"O budismo mahayana, a o contrário, aspira a o estado de Buda através de o caminho de o bodhisattva, um estado em que alguém permanece neste ciclo para ajudar outros seres a alcançar o despertar.",respostasGemini3.1Pro,o caminho de o bodhisattva,é,um estado em que alguém permanece neste ciclo para ajudar outros seres a alcançar o despertar,3
"Nem todos os genes essenciais são genes de manutenção, uma vez que alguns genes essenciais são regulados por o desenvolvimento ou expressos em determinados momentos durante o ciclo de vida de o organismo.",Claude_Sonnet5,alguns genes essenciais,são expressos em,determinados momentos durante o ciclo de vida do organismo,3
"Nem todos os genes essenciais são genes de manutenção, uma vez que alguns genes essenciais são regulados por o desenvolvimento ou expressos em determinados momentos durante o ciclo de vida de o organismo.",PortugueseT5OIE_Abstractive,alguns genes essenciais,são expressos em,determinados momentos durante o ciclo de vida do organismo,3
"Nem todos os genes essenciais são genes de manutenção, uma vez que alguns genes essenciais são regulados por o desenvolvimento ou expressos em determinados momentos durante o ciclo de vida de o organismo.",respostasGemini3.1Pro,alguns genes essenciais,são expressos em,determinados momentos durante o ciclo de vida de o organismo,3
"Dentro de o budismo, samsara é definido como o ciclo repetitivo contínuo de nascimento e morte que surge de a apreensão e fixação de seres comuns em um eu e experiências.",Claude_Sonnet5,o ciclo repetitivo contínuo de nascimento e morte,surge de,a apreensão e fixação de seres comuns em um eu e experiências,4
"Dentro de o budismo, samsara é definido como o ciclo repetitivo contínuo de nascimento e morte que surge de a apreensão e fixação de seres comuns em um eu e experiências.",PortugueseT5OIE_Abstractive,o ciclo repetitivo contínuo de nascimento e morte,surge de,a apreensão e fixação de seres comuns em um eu,4
"Dentro de o budismo, samsara é definido como o ciclo repetitivo contínuo de nascimento e morte que surge de a apreensão e fixação de seres comuns em um eu e experiências.",respostas_gpt5.5_mini,o ciclo repetitivo contínuo de nascimento e morte,surge de,a apreensão e fixação de seres comuns em um eu e experiências,4
"Dentro de o budismo, samsara é definido como o ciclo repetitivo contínuo de nascimento e morte que surge de a apreensão e fixação de seres comuns em um eu e experiências.",respostasGemini3.1Pro,o ciclo repetitivo contínuo de nascimento e morte,surge de,a apreensão de seres comuns em um eu e experiências,4
"O budismo mahayana encoraja todos a se tornarem bodhisattvas e a fazer o voto de bodhisattva, onde o praticante promete trabalhar para a completa iluminação de todos os seres praticando os seis pāramitās.",Claude_Sonnet5,o praticante,promete trabalhar para,a completa iluminação de todos os seres,4
"O budismo mahayana encoraja todos a se tornarem bodhisattvas e a fazer o voto de bodhisattva, onde o praticante promete trabalhar para a completa iluminação de todos os seres praticando os seis pāramitās.",PortugueseT5OIE_Abstractive,o praticante,promete trabalhar para,a completa iluminação de todos os seres,4
"O budismo mahayana encoraja todos a se tornarem bodhisattvas e a fazer o voto de bodhisattva, onde o praticante promete trabalhar para a completa iluminação de todos os seres praticando os seis pāramitās.",respostas_gpt5.5_mini,o praticante,promete trabalhar para,a completa iluminação de todos os seres,4
"O budismo mahayana encoraja todos a se tornarem bodhisattvas e a fazer o voto de bodhisattva, onde o praticante promete trabalhar para a completa iluminação de todos os seres praticando os seis pāramitās.",respostasGemini3.1Pro,o praticante,promete trabalhar para,a completa iluminação de todos os seres,4
A segunda verdade é que a origem de dukkha pode ser conhecida.,Claude_Sonnet5,A segunda verdade,é,que a origem de dukkha pode ser conhecida,5
A segunda verdade é que a origem de dukkha pode ser conhecida.,PortugueseT5OIE_Abstractive,A segunda verdade,é,que a origem de dukkha pode ser conhecida,5
A segunda verdade é que a origem de dukkha pode ser conhecida.,respostaGrok4.0Fast,A segunda verdade,é,que a origem de dukkha pode ser conhecida,5
A segunda verdade é que a origem de dukkha pode ser conhecida.,respostas_gpt5.5_mini,A segunda verdade,é,que a origem de dukkha pode ser conhecida,5
A segunda verdade é que a origem de dukkha pode ser conhecida.,respostasGemini3.1Pro,A segunda verdade,é,que a origem de dukkha pode ser conhecida,5
"O ensinamento zen-budista geralmente é cheio de paradoxos, a fim de afrouxar o domínio de o ego e facilitar a penetração em o reino de o Eu Verdadeiro ou Eu Sem Forma, que é equiparado a o próprio Buda.",Claude_Sonnet5,o reino do Eu Verdadeiro ou Eu Sem Forma,é equiparado a,o próprio Buda,3
"O ensinamento zen-budista geralmente é cheio de paradoxos, a fim de afrouxar o domínio de o ego e facilitar a penetração em o reino de o Eu Verdadeiro ou Eu Sem Forma, que é equiparado a o próprio Buda.",PortugueseT5OIE_Abstractive,o Eu Verdadeiro ou Eu Sem Forma,é equiparado a,o próprio Buda,3
"O ensinamento zen-budista geralmente é cheio de paradoxos, a fim de afrouxar o domínio de o ego e facilitar a penetração em o reino de o Eu Verdadeiro ou Eu Sem Forma, que é equiparado a o próprio Buda.",respostas_gpt5.5_mini,O Eu Verdadeiro ou Eu Sem Forma,é equiparado a,o próprio Buda,3
O programa foi renomeado como American Idol The Search for a Superstar e estreou em o verão de 2002.,Claude_Sonnet5,O programa,estreou em,o verão de 2002,4
O programa foi renomeado como American Idol The Search for a Superstar e estreou em o verão de 2002.,PortugueseT5OIE_Abstractive,O programa,estreou em,o verão de 2002,4
O programa foi renomeado como American Idol The Search for a Superstar e estreou em o verão de 2002.,respostas_gpt5.5_mini,O programa,estreou em,o verão de 2002,4
O programa foi renomeado como American Idol The Search for a Superstar e estreou em o verão de 2002.,respostasGemini3.1Pro,O programa,estreou em,o verão de 2002,4
"Desde então, Underwood vendeu 65 milhões de discos em todo o mundo e se tornou o concorrente de maior sucesso em os EUA, vendendo mais de 14 milhões de cópias de álbuns em os EUA e mais Underwood ganhou sete prêmios Grammy, o maior número de Grammys de um ex-aluno de o American Idol.",Claude_Sonnet5,Underwood,se tornou,o concorrente de maior sucesso nos EUA,4
"Desde então, Underwood vendeu 65 milhões de discos em todo o mundo e se tornou o concorrente de maior sucesso em os EUA, vendendo mais de 14 milhões de cópias de álbuns em os EUA e mais Underwood ganhou sete prêmios Grammy, o maior número de Grammys de um ex-aluno de o American Idol.",Claude_Sonnet5,Underwood,vendeu,mais de 14 milhões de cópias de álbuns nos EUA,4
"Desde então, Underwood vendeu 65 milhões de discos em todo o mundo e se tornou o concorrente de maior sucesso em os EUA, vendendo mais de 14 milhões de cópias de álbuns em os EUA e mais Underwood ganhou sete prêmios Grammy, o maior número de Grammys de um ex-aluno de o American Idol.",PortugueseT5OIE_Abstractive,Underwood,se tornou,o concorrente de maior sucesso em os EUA,4
"Desde então, Underwood vendeu 65 milhões de discos em todo o mundo e se tornou o concorrente de maior sucesso em os EUA, vendendo mais de 14 milhões de cópias de álbuns em os EUA e mais Underwood ganhou sete prêmios Grammy, o maior número de Grammys de um ex-aluno de o American Idol.",PortugueseT5OIE_Abstractive,Underwood,vendeu,mais de 14 milhões de cópias de álbuns,4
"Desde então, Underwood vendeu 65 milhões de discos em todo o mundo e se tornou o concorrente de maior sucesso em os EUA, vendendo mais de 14 milhões de cópias de álbuns em os EUA e mais Underwood ganhou sete prêmios Grammy, o maior número de Grammys de um ex-aluno de o American Idol.",respostas_gpt5.5_mini,Underwood,se tornou,o concorrente de maior sucesso em os EUA,4
"Desde então, Underwood vendeu 65 milhões de discos em todo o mundo e se tornou o concorrente de maior sucesso em os EUA, vendendo mais de 14 milhões de cópias de álbuns em os EUA e mais Underwood ganhou sete prêmios Grammy, o maior número de Grammys de um ex-aluno de o American Idol.",respostas_gpt5.5_mini,Underwood,vendeu,mais de 14 milhões de cópias de álbuns em os EUA,4
"Desde então, Underwood vendeu 65 milhões de discos em todo o mundo e se tornou o concorrente de maior sucesso em os EUA, vendendo mais de 14 milhões de cópias de álbuns em os EUA e mais Underwood ganhou sete prêmios Grammy, o maior número de Grammys de um ex-aluno de o American Idol.",respostasGemini3.1Pro,Underwood,se tornou,o concorrente de maior sucesso em os EUA,4
"Desde então, Underwood vendeu 65 milhões de discos em todo o mundo e se tornou o concorrente de maior sucesso em os EUA, vendendo mais de 14 milhões de cópias de álbuns em os EUA e mais Underwood ganhou sete prêmios Grammy, o maior número de Grammys de um ex-aluno de o American Idol.",respostasGemini3.1Pro,Underwood,vendeu,mais de 14 milhões de cópias de álbuns,4
A sexta temporada foi a primeira temporada em que os resultados médios mostram uma classificação mais alta de o que as etapas de a competição (diferente de as temporadas anteriores) e se tornou a segunda melhor classificação de a série após a temporada anterior.,Claude_Sonnet5,A sexta temporada,se tornou,a segunda melhor classificação da série,4
A sexta temporada foi a primeira temporada em que os resultados médios mostram uma classificação mais alta de o que as etapas de a competição (diferente de as temporadas anteriores) e se tornou a segunda melhor classificação de a série após a temporada anterior.,PortugueseT5OIE_Abstractive,A sexta temporada,se tornou,a segunda melhor classificação de a série após a temporada anterior,4
A sexta temporada foi a primeira temporada em que os resultados médios mostram uma classificação mais alta de o que as etapas de a competição (diferente de as temporadas anteriores) e se tornou a segunda melhor classificação de a série após a temporada anterior.,respostas_gpt5.5_mini,A sexta temporada,se tornou,a segunda melhor classificação de a série após a temporada anterior,4
A sexta temporada foi a primeira temporada em que os resultados médios mostram uma classificação mais alta de o que as etapas de a competição (diferente de as temporadas anteriores) e se tornou a segunda melhor classificação de a série após a temporada anterior.,respostasGemini3.1Pro,A sexta temporada,se tornou,a segunda melhor classificação de a série após a temporada anterior,4
"A apresentadora de talk show ganhadora de o Emmy, Ellen Degeneres substituiu Paula Abdul nessa temporada, mas saiu depois de apenas uma temporada.",Claude_Sonnet5,Ellen Degeneres,é,a apresentadora de talk show ganhadora do Emmy,3
"A apresentadora de talk show ganhadora de o Emmy, Ellen Degeneres substituiu Paula Abdul nessa temporada, mas saiu depois de apenas uma temporada.",Claude_Sonnet5,Ellen Degeneres,saiu depois de,apenas uma temporada,4
"A apresentadora de talk show ganhadora de o Emmy, Ellen Degeneres substituiu Paula Abdul nessa temporada, mas saiu depois de apenas uma temporada.",PortugueseT5OIE_Abstractive,Ellen Degeneres,é,a apresentadora de talk show ganhadora de o Emmy,3
"A apresentadora de talk show ganhadora de o Emmy, Ellen Degeneres substituiu Paula Abdul nessa temporada, mas saiu depois de apenas uma temporada.",PortugueseT5OIE_Abstractive,Ellen Degeneres,saiu depois de,apenas uma temporada,4
"A apresentadora de talk show ganhadora de o Emmy, Ellen Degeneres substituiu Paula Abdul nessa temporada, mas saiu depois de apenas uma temporada.",respostas_gpt5.5_mini,Ellen Degeneres,é,a apresentadora de talk show ganhadora de o Emmy,3
"A apresentadora de talk show ganhadora de o Emmy, Ellen Degeneres substituiu Paula Abdul nessa temporada, mas saiu depois de apenas uma temporada.",respostas_gpt5.5_mini,Ellen Degeneres,saiu depois de,apenas uma temporada,4
"A apresentadora de talk show ganhadora de o Emmy, Ellen Degeneres substituiu Paula Abdul nessa temporada, mas saiu depois de apenas uma temporada.",respostasGemini3.1Pro,Ellen Degeneres,saiu depois de,apenas uma temporada,4
"Em 1758, o taxonomista Linnaeus publicou em o Systema Naturae uma categorização de espécies que incluía as espécies de Canis.",Claude_Sonnet5,uma categorização de espécies,incluía,as espécies de Canis,3
"Em 1758, o taxonomista Linnaeus publicou em o Systema Naturae uma categorização de espécies que incluía as espécies de Canis.",PortugueseT5OIE_Abstractive,uma categorização de espécies,incluía,as espécies de Canis,3
"Em 1758, o taxonomista Linnaeus publicou em o Systema Naturae uma categorização de espécies que incluía as espécies de Canis.",respostas_gpt5.5_mini,uma categorização de espécies,incluía,as espécies de Canis,3
"Cazaquistão: O primeiro portador de tocha em Almaty, onde a tocha olímpica chegou por a primeira vez em 2 de abril, foi o presidente de o Nursultan Nazarbaev de o Cazaquistão.",Claude_Sonnet5,O primeiro portador de tocha em Almaty,foi,o presidente Nursultan Nazarbaev do Cazaquistão,4
"Cazaquistão: O primeiro portador de tocha em Almaty, onde a tocha olímpica chegou por a primeira vez em 2 de abril, foi o presidente de o Nursultan Nazarbaev de o Cazaquistão.",respostaGrok4.0Fast,o primeiro portador de tocha em Almaty,foi,o presidente Nursultan Nazarbaev de o Cazaquistão,4
"Cazaquistão: O primeiro portador de tocha em Almaty, onde a tocha olímpica chegou por a primeira vez em 2 de abril, foi o presidente de o Nursultan Nazarbaev de o Cazaquistão.",respostas_gpt5.5_mini,O primeiro portador de tocha em Almaty,foi,o presidente de o Cazaquistão Nursultan Nazarbaev,4
"Cazaquistão: O primeiro portador de tocha em Almaty, onde a tocha olímpica chegou por a primeira vez em 2 de abril, foi o presidente de o Nursultan Nazarbaev de o Cazaquistão.",respostasGemini3.1Pro,O primeiro portador de tocha em Almaty,foi,o presidente de o Nursultan Nazarbaev de o Cazaquistão,4
"Rússia Em 5 de abril, a tocha olímpica chegou a São Petersburgo, em a Rússia.",PortugueseT5OIE_Abstractive,a tocha olímpica,chegou em,5 de abril,3
"Rússia Em 5 de abril, a tocha olímpica chegou a São Petersburgo, em a Rússia.",respostas_gpt5.5_mini,a tocha olímpica,chegou em,5 de abril,3
"Rússia Em 5 de abril, a tocha olímpica chegou a São Petersburgo, em a Rússia.",respostasGemini3.1Pro,a tocha olímpica,chegou em,5 de abril,3
"Em meio a a pressão de ambas as direções, o primeiro-ministro Gordon Brown recebeu a tocha de o lado de fora de a 10 Downing Street sem segurá-la ou tocá-la.",PortugueseT5OIE_Abstractive,o primeiro-ministro Gordon Brown,recebeu,a tocha,3
"Em meio a a pressão de ambas as direções, o primeiro-ministro Gordon Brown recebeu a tocha de o lado de fora de a 10 Downing Street sem segurá-la ou tocá-la.",respostaGrok4.0Fast,o primeiro-ministro Gordon Brown,recebeu,a tocha,3
"Em meio a a pressão de ambas as direções, o primeiro-ministro Gordon Brown recebeu a tocha de o lado de fora de a 10 Downing Street sem segurá-la ou tocá-la.",respostas_gpt5.5_mini,o primeiro-ministro Gordon Brown,recebeu,a tocha,3
"Alfred North Whitehead nasceu em Ramsgate, Kent, Inglaterra, em 1861.",Claude_Sonnet5,Alfred North Whitehead,nasceu em,"Ramsgate, Kent, Inglaterra",4
"Alfred North Whitehead nasceu em Ramsgate, Kent, Inglaterra, em 1861.",PortugueseT5OIE_Abstractive,Alfred North Whitehead,nasceu em,"Ramsgate, Kent, Inglaterra",4
"Alfred North Whitehead nasceu em Ramsgate, Kent, Inglaterra, em 1861.",respostas_gpt5.5_mini,Alfred North Whitehead,nasceu em,"Ramsgate, Kent, Inglaterra",4
"Alfred North Whitehead nasceu em Ramsgate, Kent, Inglaterra, em 1861.",respostasGemini3.1Pro,Alfred North Whitehead,nasceu em,"Ramsgate, Kent, Inglaterra",4
"Em 1918, as responsabilidades acadêmicas de Whitehead começaram a se expandir seriamente, quando ele aceitou uma série de altos cargos administrativos dentro de o sistema de a Universidade de Londres, de os quais o Imperial College London era membro em a época.",Claude_Sonnet5,Whitehead,aceitou,uma série de altos cargos administrativos dentro do sistema da Universidade de Londres,5
"Em 1918, as responsabilidades acadêmicas de Whitehead começaram a se expandir seriamente, quando ele aceitou uma série de altos cargos administrativos dentro de o sistema de a Universidade de Londres, de os quais o Imperial College London era membro em a época.",PortugueseT5OIE_Abstractive,Whitehead,aceitou,uma série de altos cargos administrativos dentro de o sistema de a Universidade de Londres,5
"Em 1918, as responsabilidades acadêmicas de Whitehead começaram a se expandir seriamente, quando ele aceitou uma série de altos cargos administrativos dentro de o sistema de a Universidade de Londres, de os quais o Imperial College London era membro em a época.",respostaGrok4.0Fast,Whitehead,aceitou,uma série de altos cargos administrativos dentro de o sistema de a Universidade de Londres,5
"Em 1918, as responsabilidades acadêmicas de Whitehead começaram a se expandir seriamente, quando ele aceitou uma série de altos cargos administrativos dentro de o sistema de a Universidade de Londres, de os quais o Imperial College London era membro em a época.",respostas_gpt5.5_mini,Whitehead,aceitou,uma série de altos cargos administrativos dentro de o sistema de a Universidade de Londres,5
"Em 1918, as responsabilidades acadêmicas de Whitehead começaram a se expandir seriamente, quando ele aceitou uma série de altos cargos administrativos dentro de o sistema de a Universidade de Londres, de os quais o Imperial College London era membro em a época.",respostas_gpt5.5_mini,o Imperial College London,era membro de,o sistema de a Universidade de Londres,3
"Em 1918, as responsabilidades acadêmicas de Whitehead começaram a se expandir seriamente, quando ele aceitou uma série de altos cargos administrativos dentro de o sistema de a Universidade de Londres, de os quais o Imperial College London era membro em a época.",respostasGemini3.1Pro,Whitehead,aceitou,uma série de altos cargos administrativos dentro de o sistema de a Universidade de Londres,5
"A recessão em os EUA, iniciada em dezembro de 2007, terminou em junho de 2009, de acordo com o Bureau Nacional de Pesquisa Econômica de os EUA (NBER) e a crise financeira parece ter terminado em a mesma época.",Claude_Sonnet5,A recessão nos EUA,foi iniciada em,dezembro de 2007,3
"A recessão em os EUA, iniciada em dezembro de 2007, terminou em junho de 2009, de acordo com o Bureau Nacional de Pesquisa Econômica de os EUA (NBER) e a crise financeira parece ter terminado em a mesma época.",PortugueseT5OIE_Abstractive,A recessão em os EUA,foi iniciada em,dezembro de 2007,3
"A recessão em os EUA, iniciada em dezembro de 2007, terminou em junho de 2009, de acordo com o Bureau Nacional de Pesquisa Econômica de os EUA (NBER) e a crise financeira parece ter terminado em a mesma época.",respostasGemini3.1Pro,A recessão em os EUA,foi iniciada em,dezembro de 2007,3
"Em um discurso de junho de 2008, o presidente e CEO de o Banco de a Reserva Federal de Nova York, Timothy Geithner - que em 2009 se tornou secretário de o Tesouro de os Estados Unidos - atribuiu uma culpa significativa a o congelamento de os mercados de crédito em uma corrida às entidades de o sistema bancário paralelo, também chamado de sistema bancário paralelo.",Claude_Sonnet5,Timothy Geithner,se tornou,secretário do Tesouro dos Estados Unidos,3
"Em um discurso de junho de 2008, o presidente e CEO de o Banco de a Reserva Federal de Nova York, Timothy Geithner - que em 2009 se tornou secretário de o Tesouro de os Estados Unidos - atribuiu uma culpa significativa a o congelamento de os mercados de crédito em uma corrida às entidades de o sistema bancário paralelo, também chamado de sistema bancário paralelo.",PortugueseT5OIE_Abstractive,Timothy Geithner,se tornou,secretário de o Tesouro de os Estados Unidos,3
"Em um discurso de junho de 2008, o presidente e CEO de o Banco de a Reserva Federal de Nova York, Timothy Geithner - que em 2009 se tornou secretário de o Tesouro de os Estados Unidos - atribuiu uma culpa significativa a o congelamento de os mercados de crédito em uma corrida às entidades de o sistema bancário paralelo, também chamado de sistema bancário paralelo.",respostasGemini3.1Pro,Timothy Geithner,se tornou,secretário de o Tesouro de os Estados Unidos,3
"os títulos lastreados em hipotecas comerciais, os lastreados em ativos e os CDOs atingiram o pico em 2006 em quase US $ 2 trilhões... Em 2009, a emissão privada foi de menos de US $ 150 bilhões, e quase toda a emissão em lastro foi suportada por o Programa TALF de o Federal Reserve para ajudar os financiadores de cartões de crédito, automóveis e pequenas empresas.",Claude_Sonnet5,"os títulos lastreados em hipotecas comerciais, os lastreados em ativos e os CDOs",atingiram o pico em,2006,3
"os títulos lastreados em hipotecas comerciais, os lastreados em ativos e os CDOs atingiram o pico em 2006 em quase US $ 2 trilhões... Em 2009, a emissão privada foi de menos de US $ 150 bilhões, e quase toda a emissão em lastro foi suportada por o Programa TALF de o Federal Reserve para ajudar os financiadores de cartões de crédito, automóveis e pequenas empresas.",PortugueseT5OIE_Abstractive,os títulos lastreados em hipotecas comerciais,atingiram o pico em,2006,3
"os títulos lastreados em hipotecas comerciais, os lastreados em ativos e os CDOs atingiram o pico em 2006 em quase US $ 2 trilhões... Em 2009, a emissão privada foi de menos de US $ 150 bilhões, e quase toda a emissão em lastro foi suportada por o Programa TALF de o Federal Reserve para ajudar os financiadores de cartões de crédito, automóveis e pequenas empresas.",respostas_gpt5.5_mini,os títulos lastreados em hipotecas comerciais,atingiram o pico em,2006,3
Sassou também venceu a seguinte eleição presidencial em julho de 2009.,PortugueseT5OIE_Abstractive,Sassou,venceu em,julho de 2009,3
Sassou também venceu a seguinte eleição presidencial em julho de 2009.,respostas_gpt5.5_mini,Sassou,venceu em,julho de 2009,3
Sassou também venceu a seguinte eleição presidencial em julho de 2009.,respostasGemini3.1Pro,Sassou,venceu em,julho de 2009,3
"O Exército Canadense é chefiado por o Comandante de o Exército Canadense e administrado por quatro divisões - a 2ª Divisão Canadense, a 3ª Divisão Canadense, a 4ª Divisão Canadense e a 5ª Divisão Canadense - o Sistema de Doutrina e Treinamento de o Exército Canadense e a Sede de o Exército Canadense.",Claude_Sonnet5,O Exército Canadense,é administrado por,o Sistema de Doutrina e Treinamento do Exército Canadense,3
"O Exército Canadense é chefiado por o Comandante de o Exército Canadense e administrado por quatro divisões - a 2ª Divisão Canadense, a 3ª Divisão Canadense, a 4ª Divisão Canadense e a 5ª Divisão Canadense - o Sistema de Doutrina e Treinamento de o Exército Canadense e a Sede de o Exército Canadense.",Claude_Sonnet5,O Exército Canadense,é administrado por,a Sede do Exército Canadense,3
"O Exército Canadense é chefiado por o Comandante de o Exército Canadense e administrado por quatro divisões - a 2ª Divisão Canadense, a 3ª Divisão Canadense, a 4ª Divisão Canadense e a 5ª Divisão Canadense - o Sistema de Doutrina e Treinamento de o Exército Canadense e a Sede de o Exército Canadense.",PortugueseT5OIE_Abstractive,O Exército Canadense,é administrado por,quatro divisões,3
"O Exército Canadense é chefiado por o Comandante de o Exército Canadense e administrado por quatro divisões - a 2ª Divisão Canadense, a 3ª Divisão Canadense, a 4ª Divisão Canadense e a 5ª Divisão Canadense - o Sistema de Doutrina e Treinamento de o Exército Canadense e a Sede de o Exército Canadense.",respostas_gpt5.5_mini,O Exército Canadense,é administrado por,quatro divisões,3
"O Exército Canadense é chefiado por o Comandante de o Exército Canadense e administrado por quatro divisões - a 2ª Divisão Canadense, a 3ª Divisão Canadense, a 4ª Divisão Canadense e a 5ª Divisão Canadense - o Sistema de Doutrina e Treinamento de o Exército Canadense e a Sede de o Exército Canadense.",respostas_gpt5.5_mini,O Exército Canadense,é administrado por,o Sistema de Doutrina e Treinamento do Exército Canadense,3
"O Exército Canadense é chefiado por o Comandante de o Exército Canadense e administrado por quatro divisões - a 2ª Divisão Canadense, a 3ª Divisão Canadense, a 4ª Divisão Canadense e a 5ª Divisão Canadense - o Sistema de Doutrina e Treinamento de o Exército Canadense e a Sede de o Exército Canadense.",respostas_gpt5.5_mini,O Exército Canadense,é administrado por,a Sede do Exército Canadense,3
"O Exército Canadense é chefiado por o Comandante de o Exército Canadense e administrado por quatro divisões - a 2ª Divisão Canadense, a 3ª Divisão Canadense, a 4ª Divisão Canadense e a 5ª Divisão Canadense - o Sistema de Doutrina e Treinamento de o Exército Canadense e a Sede de o Exército Canadense.",respostasGemini3.1Pro,O Exército Canadense,é administrado por,quatro divisões,3
"O Exército Canadense é chefiado por o Comandante de o Exército Canadense e administrado por quatro divisões - a 2ª Divisão Canadense, a 3ª Divisão Canadense, a 4ª Divisão Canadense e a 5ª Divisão Canadense - o Sistema de Doutrina e Treinamento de o Exército Canadense e a Sede de o Exército Canadense.",respostasGemini3.1Pro,O Exército Canadense,é administrado por,o Sistema de Doutrina e Treinamento de o Exército Canadense,3
"O Exército Canadense é chefiado por o Comandante de o Exército Canadense e administrado por quatro divisões - a 2ª Divisão Canadense, a 3ª Divisão Canadense, a 4ª Divisão Canadense e a 5ª Divisão Canadense - o Sistema de Doutrina e Treinamento de o Exército Canadense e a Sede de o Exército Canadense.",respostasGemini3.1Pro,O Exército Canadense,é administrado por,a Sede de o Exército Canadense,3
"Todas as ordens de implantação e disposição de tropas, incluindo declarações de guerra, se enquadram em a prerrogativa real e são emitidas como Ordens em o Conselho, que devem ser assinadas por o monarca ou por o governador geral.",Claude_Sonnet5,Todas as ordens de implantação e disposição de tropas,são emitidas como,Ordens em o Conselho,4
"Todas as ordens de implantação e disposição de tropas, incluindo declarações de guerra, se enquadram em a prerrogativa real e são emitidas como Ordens em o Conselho, que devem ser assinadas por o monarca ou por o governador geral.",Claude_Sonnet5,as Ordens em o Conselho,devem ser assinadas por,o monarca,3
"Todas as ordens de implantação e disposição de tropas, incluindo declarações de guerra, se enquadram em a prerrogativa real e são emitidas como Ordens em o Conselho, que devem ser assinadas por o monarca ou por o governador geral.",Claude_Sonnet5,as Ordens em o Conselho,devem ser assinadas por,o governador geral,3
"Todas as ordens de implantação e disposição de tropas, incluindo declarações de guerra, se enquadram em a prerrogativa real e são emitidas como Ordens em o Conselho, que devem ser assinadas por o monarca ou por o governador geral.",PortugueseT5OIE_Abstractive,"Todas as ordens de implantação e disposição de tropas, incluindo declarações de guerra",são emitidas como,Ordens em o Conselho,3
"Todas as ordens de implantação e disposição de tropas, incluindo declarações de guerra, se enquadram em a prerrogativa real e são emitidas como Ordens em o Conselho, que devem ser assinadas por o monarca ou por o governador geral.",respostas_gpt5.5_mini,"Todas as ordens de implantação e disposição de tropas, incluindo declarações de guerra",são emitidas como,Ordens em o Conselho,3
"Todas as ordens de implantação e disposição de tropas, incluindo declarações de guerra, se enquadram em a prerrogativa real e são emitidas como Ordens em o Conselho, que devem ser assinadas por o monarca ou por o governador geral.",respostas_gpt5.5_mini,Ordens em o Conselho,devem ser assinadas por,o monarca,3
"Todas as ordens de implantação e disposição de tropas, incluindo declarações de guerra, se enquadram em a prerrogativa real e são emitidas como Ordens em o Conselho, que devem ser assinadas por o monarca ou por o governador geral.",respostas_gpt5.5_mini,Ordens em o Conselho,devem ser assinadas por,o governador geral,3
"Todas as ordens de implantação e disposição de tropas, incluindo declarações de guerra, se enquadram em a prerrogativa real e são emitidas como Ordens em o Conselho, que devem ser assinadas por o monarca ou por o governador geral.",respostasGemini3.1Pro,Ordens em o Conselho,devem ser assinadas por,o monarca,3
"Todas as ordens de implantação e disposição de tropas, incluindo declarações de guerra, se enquadram em a prerrogativa real e são emitidas como Ordens em o Conselho, que devem ser assinadas por o monarca ou por o governador geral.",respostasGemini3.1Pro,Ordens em o Conselho,devem ser assinadas por,o governador geral,3
"Um exemplo de a segunda visão em nível estadual é encontrado em a visão de o Supremo Tribunal de a Flórida, que apenas o Supremo Tribunal de a Flórida pode licenciar e regular advogados que comparecem perante os tribunais de a Flórida, e somente o Supremo Tribunal de a Flórida pode definir regras para procedimentos em os tribunais de a Flórida.",PortugueseT5OIE_Abstractive,apenas o Supremo Tribunal de a Flórida,pode licenciar e regular,advogados que comparecem perante os tribunais de a Flórida,3
"Um exemplo de a segunda visão em nível estadual é encontrado em a visão de o Supremo Tribunal de a Flórida, que apenas o Supremo Tribunal de a Flórida pode licenciar e regular advogados que comparecem perante os tribunais de a Flórida, e somente o Supremo Tribunal de a Flórida pode definir regras para procedimentos em os tribunais de a Flórida.",respostaGrok4.0Fast,o Supremo Tribunal de a Flórida,pode licenciar e regular,advogados que comparecem perante os tribunais de a Flórida,3
"Um exemplo de a segunda visão em nível estadual é encontrado em a visão de o Supremo Tribunal de a Flórida, que apenas o Supremo Tribunal de a Flórida pode licenciar e regular advogados que comparecem perante os tribunais de a Flórida, e somente o Supremo Tribunal de a Flórida pode definir regras para procedimentos em os tribunais de a Flórida.",respostas_gpt5.5_mini,o Supremo Tribunal da Flórida,pode licenciar e regular,advogados que comparecem perante os tribunais da Flórida,3
"Devido a um excedente em a produção, a economia começou a se expandir, resultando em urbanização, criando áreas urbanas que cresceram e evoluíram muito rapidamente em alguns casos, como o de Çatal Höyük em a Anatólia e o Mohenjo Daro de a civilização de o vale de o Indo em o Paquistão atual.",Claude_Sonnet5,a economia,começou a se expandir devido a,um excedente na produção,3
"Devido a um excedente em a produção, a economia começou a se expandir, resultando em urbanização, criando áreas urbanas que cresceram e evoluíram muito rapidamente em alguns casos, como o de Çatal Höyük em a Anatólia e o Mohenjo Daro de a civilização de o vale de o Indo em o Paquistão atual.",Claude_Sonnet5,a expansão da economia,resultou em,urbanização,3
"Devido a um excedente em a produção, a economia começou a se expandir, resultando em urbanização, criando áreas urbanas que cresceram e evoluíram muito rapidamente em alguns casos, como o de Çatal Höyük em a Anatólia e o Mohenjo Daro de a civilização de o vale de o Indo em o Paquistão atual.",PortugueseT5OIE_Abstractive,a economia,começou a se expandir devido a,um excedente em a produção,3
"Devido a um excedente em a produção, a economia começou a se expandir, resultando em urbanização, criando áreas urbanas que cresceram e evoluíram muito rapidamente em alguns casos, como o de Çatal Höyük em a Anatólia e o Mohenjo Daro de a civilização de o vale de o Indo em o Paquistão atual.",respostas_gpt5.5_mini,a expansão da economia,resultou em,urbanização,3
"Devido a um excedente em a produção, a economia começou a se expandir, resultando em urbanização, criando áreas urbanas que cresceram e evoluíram muito rapidamente em alguns casos, como o de Çatal Höyük em a Anatólia e o Mohenjo Daro de a civilização de o vale de o Indo em o Paquistão atual.",respostasGemini3.1Pro,a economia,começou a se expandir devido a,um excedente em a produção,3
"Devido a um excedente em a produção, a economia começou a se expandir, resultando em urbanização, criando áreas urbanas que cresceram e evoluíram muito rapidamente em alguns casos, como o de Çatal Höyük em a Anatólia e o Mohenjo Daro de a civilização de o vale de o Indo em o Paquistão atual.",respostasGemini3.1Pro,a expansão de a economia,resultou em,urbanização,3
"O professor de direito de a Universidade Columbia, Michael Dorf, observou que o possível processo de Schwarzenegger poderia finalmente lhe conceder o direito de concorrer a o cargo, observando A lei é muito clara, mas não é 100 % claro que os tribunais aplicariam essa lei em vez de deixá-la em liberdade.",Claude_Sonnet5,Michael Dorf,é,o professor de direito da Universidade Columbia,3
"O professor de direito de a Universidade Columbia, Michael Dorf, observou que o possível processo de Schwarzenegger poderia finalmente lhe conceder o direito de concorrer a o cargo, observando A lei é muito clara, mas não é 100 % claro que os tribunais aplicariam essa lei em vez de deixá-la em liberdade.",PortugueseT5OIE_Abstractive,Michael Dorf,é,o professor de direito de a Universidade Columbia,3
"O professor de direito de a Universidade Columbia, Michael Dorf, observou que o possível processo de Schwarzenegger poderia finalmente lhe conceder o direito de concorrer a o cargo, observando A lei é muito clara, mas não é 100 % claro que os tribunais aplicariam essa lei em vez de deixá-la em liberdade.",respostas_gpt5.5_mini,Michael Dorf,é,o professor de direito da Universidade Columbia,3
"Schwarzenegger conheceu Maria Shriver em o torneio de tênis Robert F. Kennedy, em agosto de 1977, e teve um relacionamento com as duas mulheres até agosto de 1978, quando Moray (que conhecia seu relacionamento com Shriver) emitiu um ultimato.",Claude_Sonnet5,Moray,conhecia,o relacionamento de Schwarzenegger com Shriver,3
"Schwarzenegger conheceu Maria Shriver em o torneio de tênis Robert F. Kennedy, em agosto de 1977, e teve um relacionamento com as duas mulheres até agosto de 1978, quando Moray (que conhecia seu relacionamento com Shriver) emitiu um ultimato.",PortugueseT5OIE_Abstractive,Moray,conhecia,o relacionamento de Schwarzenegger e Maria Shriver com Schwarzenegger,3
"Schwarzenegger conheceu Maria Shriver em o torneio de tênis Robert F. Kennedy, em agosto de 1977, e teve um relacionamento com as duas mulheres até agosto de 1978, quando Moray (que conhecia seu relacionamento com Shriver) emitiu um ultimato.",respostasGemini3.1Pro,Moray,conhecia,o relacionamento de Schwarzenegger com Shriver,3
"Em 1620, os Padres Peregrinos partiram de Plymouth para o Novo Mundo e estabeleceram a Colônia de Plymouth - o segundo assentamento inglês em o que é hoje os Estados Unidos de a América.",Claude_Sonnet5,os Padres Peregrinos,partiram de,Plymouth,5
"Em 1620, os Padres Peregrinos partiram de Plymouth para o Novo Mundo e estabeleceram a Colônia de Plymouth - o segundo assentamento inglês em o que é hoje os Estados Unidos de a América.",Claude_Sonnet5,os Padres Peregrinos,partiram para,o Novo Mundo,4
"Em 1620, os Padres Peregrinos partiram de Plymouth para o Novo Mundo e estabeleceram a Colônia de Plymouth - o segundo assentamento inglês em o que é hoje os Estados Unidos de a América.",Claude_Sonnet5,os Padres Peregrinos,estabeleceram,a Colônia de Plymouth,5
"Em 1620, os Padres Peregrinos partiram de Plymouth para o Novo Mundo e estabeleceram a Colônia de Plymouth - o segundo assentamento inglês em o que é hoje os Estados Unidos de a América.",PortugueseT5OIE_Abstractive,os Padres Peregrinos,partiram de,Plymouth,5
"Em 1620, os Padres Peregrinos partiram de Plymouth para o Novo Mundo e estabeleceram a Colônia de Plymouth - o segundo assentamento inglês em o que é hoje os Estados Unidos de a América.",PortugueseT5OIE_Abstractive,os Padres Peregrinos,partiram para,o Novo Mundo,4
"Em 1620, os Padres Peregrinos partiram de Plymouth para o Novo Mundo e estabeleceram a Colônia de Plymouth - o segundo assentamento inglês em o que é hoje os Estados Unidos de a América.",PortugueseT5OIE_Abstractive,os Padres Peregrinos,estabeleceram,a Colônia de Plymouth,5
"Em 1620, os Padres Peregrinos partiram de Plymouth para o Novo Mundo e estabeleceram a Colônia de Plymouth - o segundo assentamento inglês em o que é hoje os Estados Unidos de a América.",PortugueseT5OIE_Abstractive,a Colônia de Plymouth,é,o segundo assentamento inglês em o que é hoje os Estados Unidos de a América,3
"Em 1620, os Padres Peregrinos partiram de Plymouth para o Novo Mundo e estabeleceram a Colônia de Plymouth - o segundo assentamento inglês em o que é hoje os Estados Unidos de a América.",respostaGrok4.0Fast,os Padres Peregrinos,partiram de,Plymouth,5
"Em 1620, os Padres Peregrinos partiram de Plymouth para o Novo Mundo e estabeleceram a Colônia de Plymouth - o segundo assentamento inglês em o que é hoje os Estados Unidos de a América.",respostaGrok4.0Fast,os Padres Peregrinos,estabeleceram,a Colônia de Plymouth,5
"Em 1620, os Padres Peregrinos partiram de Plymouth para o Novo Mundo e estabeleceram a Colônia de Plymouth - o segundo assentamento inglês em o que é hoje os Estados Unidos de a América.",respostas_gpt5.5_mini,os Padres Peregrinos,partiram de,Plymouth,5
"Em 1620, os Padres Peregrinos partiram de Plymouth para o Novo Mundo e estabeleceram a Colônia de Plymouth - o segundo assentamento inglês em o que é hoje os Estados Unidos de a América.",respostas_gpt5.5_mini,os Padres Peregrinos,partiram para,o Novo Mundo,4
"Em 1620, os Padres Peregrinos partiram de Plymouth para o Novo Mundo e estabeleceram a Colônia de Plymouth - o segundo assentamento inglês em o que é hoje os Estados Unidos de a América.",respostas_gpt5.5_mini,os Padres Peregrinos,estabeleceram,a Colônia de Plymouth,5
"Em 1620, os Padres Peregrinos partiram de Plymouth para o Novo Mundo e estabeleceram a Colônia de Plymouth - o segundo assentamento inglês em o que é hoje os Estados Unidos de a América.",respostas_gpt5.5_mini,a Colônia de Plymouth,é,o segundo assentamento inglês em o que é hoje os Estados Unidos de a América,3
"Em 1620, os Padres Peregrinos partiram de Plymouth para o Novo Mundo e estabeleceram a Colônia de Plymouth - o segundo assentamento inglês em o que é hoje os Estados Unidos de a América.",respostasGemini3.1Pro,os Padres Peregrinos,partiram de,Plymouth,5
"Em 1620, os Padres Peregrinos partiram de Plymouth para o Novo Mundo e estabeleceram a Colônia de Plymouth - o segundo assentamento inglês em o que é hoje os Estados Unidos de a América.",respostasGemini3.1Pro,os Padres Peregrinos,partiram para,o Novo Mundo,4
"Em 1620, os Padres Peregrinos partiram de Plymouth para o Novo Mundo e estabeleceram a Colônia de Plymouth - o segundo assentamento inglês em o que é hoje os Estados Unidos de a América.",respostasGemini3.1Pro,os Padres Peregrinos,estabeleceram,a Colônia de Plymouth,5
"Em 1620, os Padres Peregrinos partiram de Plymouth para o Novo Mundo e estabeleceram a Colônia de Plymouth - o segundo assentamento inglês em o que é hoje os Estados Unidos de a América.",respostasGemini3.1Pro,a Colônia de Plymouth,é,o segundo assentamento inglês em o que é hoje os Estados Unidos de a América,3
"No entanto, a FlyPlymouth planeja reabrir o aeroporto de a cidade até 2018, que fornecerá serviços diários para vários destinos, incluindo Londres.",PortugueseT5OIE_Abstractive,a FlyPlymouth,planeja reabrir,o aeroporto de a cidade,4
"No entanto, a FlyPlymouth planeja reabrir o aeroporto de a cidade até 2018, que fornecerá serviços diários para vários destinos, incluindo Londres.",respostaGrok4.0Fast,a FlyPlymouth,planeja reabrir,o aeroporto de a cidade até 2018,3
"No entanto, a FlyPlymouth planeja reabrir o aeroporto de a cidade até 2018, que fornecerá serviços diários para vários destinos, incluindo Londres.",respostas_gpt5.5_mini,a FlyPlymouth,planeja reabrir,o aeroporto da cidade,3
"No entanto, a FlyPlymouth planeja reabrir o aeroporto de a cidade até 2018, que fornecerá serviços diários para vários destinos, incluindo Londres.",respostasGemini3.1Pro,a FlyPlymouth,planeja reabrir,o aeroporto de a cidade,4
"Como os americanos tinham uma força aérea muito maior que a União Soviética e os Estados Unidos mantinham bases aéreas avançadas perto de o território soviético, em 1947 Stalin ordenou o desenvolvimento de mísseis balísticos intercontinentais (ICBMs) para combater a ameaça americana percebida.",Claude_Sonnet5,os americanos,tinham,uma força aérea muito maior que a União Soviética,3
"Como os americanos tinham uma força aérea muito maior que a União Soviética e os Estados Unidos mantinham bases aéreas avançadas perto de o território soviético, em 1947 Stalin ordenou o desenvolvimento de mísseis balísticos intercontinentais (ICBMs) para combater a ameaça americana percebida.",Claude_Sonnet5,Stalin,ordenou,o desenvolvimento de mísseis balísticos intercontinentais (ICBMs),5
"Como os americanos tinham uma força aérea muito maior que a União Soviética e os Estados Unidos mantinham bases aéreas avançadas perto de o território soviético, em 1947 Stalin ordenou o desenvolvimento de mísseis balísticos intercontinentais (ICBMs) para combater a ameaça americana percebida.",PortugueseT5OIE_Abstractive,Stalin,ordenou,o desenvolvimento de mísseis balísticos intercontinentais (ICBMs),5
"Como os americanos tinham uma força aérea muito maior que a União Soviética e os Estados Unidos mantinham bases aéreas avançadas perto de o território soviético, em 1947 Stalin ordenou o desenvolvimento de mísseis balísticos intercontinentais (ICBMs) para combater a ameaça americana percebida.",respostaGrok4.0Fast,Stalin,ordenou,o desenvolvimento de mísseis balísticos intercontinentais em 1947,5
"Como os americanos tinham uma força aérea muito maior que a União Soviética e os Estados Unidos mantinham bases aéreas avançadas perto de o território soviético, em 1947 Stalin ordenou o desenvolvimento de mísseis balísticos intercontinentais (ICBMs) para combater a ameaça americana percebida.",respostas_gpt5.5_mini,os americanos,tinham,uma força aérea muito maior que a União Soviética,3
"Como os americanos tinham uma força aérea muito maior que a União Soviética e os Estados Unidos mantinham bases aéreas avançadas perto de o território soviético, em 1947 Stalin ordenou o desenvolvimento de mísseis balísticos intercontinentais (ICBMs) para combater a ameaça americana percebida.",respostas_gpt5.5_mini,Stalin,ordenou,o desenvolvimento de mísseis balísticos intercontinentais (ICBMs),5
"Como os americanos tinham uma força aérea muito maior que a União Soviética e os Estados Unidos mantinham bases aéreas avançadas perto de o território soviético, em 1947 Stalin ordenou o desenvolvimento de mísseis balísticos intercontinentais (ICBMs) para combater a ameaça americana percebida.",respostasGemini3.1Pro,os americanos,tinham,uma força aérea muito maior que a União Soviética,3
"Como os americanos tinham uma força aérea muito maior que a União Soviética e os Estados Unidos mantinham bases aéreas avançadas perto de o território soviético, em 1947 Stalin ordenou o desenvolvimento de mísseis balísticos intercontinentais (ICBMs) para combater a ameaça americana percebida.",respostasGemini3.1Pro,Stalin,ordenou,o desenvolvimento de mísseis balísticos intercontinentais (ICBMs),5
"O executivo de a RCA Victor Records, Ted Wallerstein, convenceu o chefe de a CBS William S. Paley a comprar a ARC e Paley fez de Wallerstein o chefe de a recém-adquirida gravadora.",PortugueseT5OIE_Abstractive,Ted Wallerstein,convenceu,o chefe de a CBS William S. Paley a comprar a ARC,3
"O executivo de a RCA Victor Records, Ted Wallerstein, convenceu o chefe de a CBS William S. Paley a comprar a ARC e Paley fez de Wallerstein o chefe de a recém-adquirida gravadora.",respostaGrok4.0Fast,Ted Wallerstein,convenceu,o chefe de a CBS William S. Paley a comprar a ARC,3
"O executivo de a RCA Victor Records, Ted Wallerstein, convenceu o chefe de a CBS William S. Paley a comprar a ARC e Paley fez de Wallerstein o chefe de a recém-adquirida gravadora.",respostasGemini3.1Pro,Ted Wallerstein,convenceu,o chefe de a CBS William S. Paley a comprar a ARC,3
"A ABC vendeu sua divisão de discos para a MCA Records em 1979 e, em 1986, a empresa controladora de a NBC, RCA, foi vendida para a General Electric, que depois vendeu todas as outras unidades de a RCA, incluindo a divisão de discos (que foi comprada por a Ariola Records, mais tarde conhecida como BMG).",Claude_Sonnet5,a General Electric,vendeu,todas as outras unidades da RCA,3
"A ABC vendeu sua divisão de discos para a MCA Records em 1979 e, em 1986, a empresa controladora de a NBC, RCA, foi vendida para a General Electric, que depois vendeu todas as outras unidades de a RCA, incluindo a divisão de discos (que foi comprada por a Ariola Records, mais tarde conhecida como BMG).",Claude_Sonnet5,a divisão de discos da RCA,foi comprada por,a Ariola Records,3
"A ABC vendeu sua divisão de discos para a MCA Records em 1979 e, em 1986, a empresa controladora de a NBC, RCA, foi vendida para a General Electric, que depois vendeu todas as outras unidades de a RCA, incluindo a divisão de discos (que foi comprada por a Ariola Records, mais tarde conhecida como BMG).",Claude_Sonnet5,a Ariola Records,foi mais tarde conhecida como,BMG,3
"A ABC vendeu sua divisão de discos para a MCA Records em 1979 e, em 1986, a empresa controladora de a NBC, RCA, foi vendida para a General Electric, que depois vendeu todas as outras unidades de a RCA, incluindo a divisão de discos (que foi comprada por a Ariola Records, mais tarde conhecida como BMG).",PortugueseT5OIE_Abstractive,A ABC,vendeu para,a MCA Records,3
"A ABC vendeu sua divisão de discos para a MCA Records em 1979 e, em 1986, a empresa controladora de a NBC, RCA, foi vendida para a General Electric, que depois vendeu todas as outras unidades de a RCA, incluindo a divisão de discos (que foi comprada por a Ariola Records, mais tarde conhecida como BMG).",respostas_gpt5.5_mini,A ABC,vendeu para,a MCA Records,3
"A ABC vendeu sua divisão de discos para a MCA Records em 1979 e, em 1986, a empresa controladora de a NBC, RCA, foi vendida para a General Electric, que depois vendeu todas as outras unidades de a RCA, incluindo a divisão de discos (que foi comprada por a Ariola Records, mais tarde conhecida como BMG).",respostas_gpt5.5_mini,a General Electric,vendeu,todas as outras unidades de a RCA,3
"A ABC vendeu sua divisão de discos para a MCA Records em 1979 e, em 1986, a empresa controladora de a NBC, RCA, foi vendida para a General Electric, que depois vendeu todas as outras unidades de a RCA, incluindo a divisão de discos (que foi comprada por a Ariola Records, mais tarde conhecida como BMG).",respostas_gpt5.5_mini,a divisão de discos,foi comprada por,a Ariola Records,3
"A ABC vendeu sua divisão de discos para a MCA Records em 1979 e, em 1986, a empresa controladora de a NBC, RCA, foi vendida para a General Electric, que depois vendeu todas as outras unidades de a RCA, incluindo a divisão de discos (que foi comprada por a Ariola Records, mais tarde conhecida como BMG).",respostas_gpt5.5_mini,a Ariola Records,mais tarde conhecida como,BMG,3
"A ABC vendeu sua divisão de discos para a MCA Records em 1979 e, em 1986, a empresa controladora de a NBC, RCA, foi vendida para a General Electric, que depois vendeu todas as outras unidades de a RCA, incluindo a divisão de discos (que foi comprada por a Ariola Records, mais tarde conhecida como BMG).",respostasGemini3.1Pro,A ABC,vendeu para,a MCA Records,3
"A ABC vendeu sua divisão de discos para a MCA Records em 1979 e, em 1986, a empresa controladora de a NBC, RCA, foi vendida para a General Electric, que depois vendeu todas as outras unidades de a RCA, incluindo a divisão de discos (que foi comprada por a Ariola Records, mais tarde conhecida como BMG).",respostasGemini3.1Pro,a General Electric,vendeu,todas as outras unidades de a RCA,3
"A ABC vendeu sua divisão de discos para a MCA Records em 1979 e, em 1986, a empresa controladora de a NBC, RCA, foi vendida para a General Electric, que depois vendeu todas as outras unidades de a RCA, incluindo a divisão de discos (que foi comprada por a Ariola Records, mais tarde conhecida como BMG).",respostasGemini3.1Pro,a divisão de discos,foi comprada por,a Ariola Records,3
"A ABC vendeu sua divisão de discos para a MCA Records em 1979 e, em 1986, a empresa controladora de a NBC, RCA, foi vendida para a General Electric, que depois vendeu todas as outras unidades de a RCA, incluindo a divisão de discos (que foi comprada por a Ariola Records, mais tarde conhecida como BMG).",respostasGemini3.1Pro,a Ariola Records,é mais tarde conhecida como,BMG,3
"A Universidade Nazarena de o Sul, fundada por a Igreja de o Nazareno, é uma universidade localizada em o subúrbio de Betânia, cercada pelos limites de a cidade de Oklahoma City.",Claude_Sonnet5,A Universidade Nazarena do Sul,foi fundada por,a Igreja do Nazareno,3
"A Universidade Nazarena de o Sul, fundada por a Igreja de o Nazareno, é uma universidade localizada em o subúrbio de Betânia, cercada pelos limites de a cidade de Oklahoma City.",respostas_gpt5.5_mini,A Universidade Nazarena de o Sul,foi fundada por,a Igreja de o Nazareno,3
"A Universidade Nazarena de o Sul, fundada por a Igreja de o Nazareno, é uma universidade localizada em o subúrbio de Betânia, cercada pelos limites de a cidade de Oklahoma City.",respostasGemini3.1Pro,A Universidade Nazarena de o Sul,foi fundada por,a Igreja de o Nazareno,3
"A Universidade Nazarena de o Sul, fundada por a Igreja de o Nazareno, é uma universidade localizada em o subúrbio de Betânia, cercada pelos limites de a cidade de Oklahoma City.",respostasGemini3.1Pro,A Universidade Nazarena de o Sul,é cercada pelos,limites de a cidade de Oklahoma City,3
"Oklahoma City é o lar de o maior distrito escolar de o estado, as Escolas Públicas de Oklahoma City.",Claude_Sonnet5,Oklahoma City,é o lar de,o maior distrito escolar do estado,3
"Oklahoma City é o lar de o maior distrito escolar de o estado, as Escolas Públicas de Oklahoma City.",Claude_Sonnet5,o maior distrito escolar do estado,é,as Escolas Públicas de Oklahoma City,4
"Oklahoma City é o lar de o maior distrito escolar de o estado, as Escolas Públicas de Oklahoma City.",PortugueseT5OIE_Abstractive,o maior distrito escolar de o estado,é,as Escolas Públicas de Oklahoma City,4
"Oklahoma City é o lar de o maior distrito escolar de o estado, as Escolas Públicas de Oklahoma City.",respostaGrok4.0Fast,Oklahoma City,é o lar de,o maior distrito escolar de o estado,3
"Oklahoma City é o lar de o maior distrito escolar de o estado, as Escolas Públicas de Oklahoma City.",respostas_gpt5.5_mini,Oklahoma City,é o lar de,o maior distrito escolar do estado,3
"Oklahoma City é o lar de o maior distrito escolar de o estado, as Escolas Públicas de Oklahoma City.",respostas_gpt5.5_mini,o maior distrito escolar do estado,é,as Escolas Públicas de Oklahoma City,4
"Oklahoma City é o lar de o maior distrito escolar de o estado, as Escolas Públicas de Oklahoma City.",respostasGemini3.1Pro,o maior distrito escolar de o estado,é,as Escolas Públicas de Oklahoma City,4
"Oklahoma City é servida por dois aeroportos principais, o Will Rogers World Airport e o muito menor Wiley Post Airport (aliás, os dois homenageados morreram em o mesmo acidente de avião em o Alasca) Will Rogers World Airport é o aeroporto comercial mais movimentado de o estado, com mais de 3,6 milhões passageiros anualmente.",Claude_Sonnet5,Oklahoma City,é servida por,o Will Rogers World Airport,3
"Oklahoma City é servida por dois aeroportos principais, o Will Rogers World Airport e o muito menor Wiley Post Airport (aliás, os dois homenageados morreram em o mesmo acidente de avião em o Alasca) Will Rogers World Airport é o aeroporto comercial mais movimentado de o estado, com mais de 3,6 milhões passageiros anualmente.",Claude_Sonnet5,Oklahoma City,é servida por,o muito menor Wiley Post Airport,3
"Oklahoma City é servida por dois aeroportos principais, o Will Rogers World Airport e o muito menor Wiley Post Airport (aliás, os dois homenageados morreram em o mesmo acidente de avião em o Alasca) Will Rogers World Airport é o aeroporto comercial mais movimentado de o estado, com mais de 3,6 milhões passageiros anualmente.",Claude_Sonnet5,Will Rogers World Airport,é,o aeroporto comercial mais movimentado do estado,4
"Oklahoma City é servida por dois aeroportos principais, o Will Rogers World Airport e o muito menor Wiley Post Airport (aliás, os dois homenageados morreram em o mesmo acidente de avião em o Alasca) Will Rogers World Airport é o aeroporto comercial mais movimentado de o estado, com mais de 3,6 milhões passageiros anualmente.",PortugueseT5OIE_Abstractive,o Will Rogers World Airport,é,o aeroporto comercial mais movimentado de o estado,4
"Oklahoma City é servida por dois aeroportos principais, o Will Rogers World Airport e o muito menor Wiley Post Airport (aliás, os dois homenageados morreram em o mesmo acidente de avião em o Alasca) Will Rogers World Airport é o aeroporto comercial mais movimentado de o estado, com mais de 3,6 milhões passageiros anualmente.",respostas_gpt5.5_mini,Oklahoma City,é servida por,o Will Rogers World Airport,3
"Oklahoma City é servida por dois aeroportos principais, o Will Rogers World Airport e o muito menor Wiley Post Airport (aliás, os dois homenageados morreram em o mesmo acidente de avião em o Alasca) Will Rogers World Airport é o aeroporto comercial mais movimentado de o estado, com mais de 3,6 milhões passageiros anualmente.",respostas_gpt5.5_mini,Oklahoma City,é servida por,o muito menor Wiley Post Airport,3
"Oklahoma City é servida por dois aeroportos principais, o Will Rogers World Airport e o muito menor Wiley Post Airport (aliás, os dois homenageados morreram em o mesmo acidente de avião em o Alasca) Will Rogers World Airport é o aeroporto comercial mais movimentado de o estado, com mais de 3,6 milhões passageiros anualmente.",respostas_gpt5.5_mini,Will Rogers World Airport,é,o aeroporto comercial mais movimentado de o estado,4
"Oklahoma City é servida por dois aeroportos principais, o Will Rogers World Airport e o muito menor Wiley Post Airport (aliás, os dois homenageados morreram em o mesmo acidente de avião em o Alasca) Will Rogers World Airport é o aeroporto comercial mais movimentado de o estado, com mais de 3,6 milhões passageiros anualmente.",respostasGemini3.1Pro,Oklahoma City,é servida por,o Will Rogers World Airport,3
"Oklahoma City é servida por dois aeroportos principais, o Will Rogers World Airport e o muito menor Wiley Post Airport (aliás, os dois homenageados morreram em o mesmo acidente de avião em o Alasca) Will Rogers World Airport é o aeroporto comercial mais movimentado de o estado, com mais de 3,6 milhões passageiros anualmente.",respostasGemini3.1Pro,Oklahoma City,é servida por,o muito menor Wiley Post Airport,3
"Oklahoma City é servida por dois aeroportos principais, o Will Rogers World Airport e o muito menor Wiley Post Airport (aliás, os dois homenageados morreram em o mesmo acidente de avião em o Alasca) Will Rogers World Airport é o aeroporto comercial mais movimentado de o estado, com mais de 3,6 milhões passageiros anualmente.",respostasGemini3.1Pro,Will Rogers World Airport,é,o aeroporto comercial mais movimentado de o estado,4
"Oklahoma City é o lar de várias equipes de esportes profissionais, incluindo o Oklahoma City Trovão de a National Basketball Association.",Claude_Sonnet5,Oklahoma City,é o lar de,várias equipes de esportes profissionais,3
"Oklahoma City é o lar de várias equipes de esportes profissionais, incluindo o Oklahoma City Trovão de a National Basketball Association.",respostaGrok4.0Fast,Oklahoma City,é o lar de,várias equipes de esportes profissionais,3
"Oklahoma City é o lar de várias equipes de esportes profissionais, incluindo o Oklahoma City Trovão de a National Basketball Association.",respostas_gpt5.5_mini,Oklahoma City,é o lar de,várias equipes de esportes profissionais,3
"O UNFPA trabalha em parceria com os governos, juntamente com outras agências de as Nações Unidas, comunidades, ONGs, fundações e setor privado, para aumentar a conscientização e mobilizar o apoio e os recursos necessários para cumprir sua missão de promover os direitos e a saúde de as mulheres e jovens.",Claude_Sonnet5,O UNFPA,trabalha em parceria com,os governos,5
"O UNFPA trabalha em parceria com os governos, juntamente com outras agências de as Nações Unidas, comunidades, ONGs, fundações e setor privado, para aumentar a conscientização e mobilizar o apoio e os recursos necessários para cumprir sua missão de promover os direitos e a saúde de as mulheres e jovens.",Claude_Sonnet5,O UNFPA,trabalha em parceria com,outras agências das Nações Unidas,3
"O UNFPA trabalha em parceria com os governos, juntamente com outras agências de as Nações Unidas, comunidades, ONGs, fundações e setor privado, para aumentar a conscientização e mobilizar o apoio e os recursos necessários para cumprir sua missão de promover os direitos e a saúde de as mulheres e jovens.",Claude_Sonnet5,O UNFPA,trabalha em parceria com,comunidades,3
"O UNFPA trabalha em parceria com os governos, juntamente com outras agências de as Nações Unidas, comunidades, ONGs, fundações e setor privado, para aumentar a conscientização e mobilizar o apoio e os recursos necessários para cumprir sua missão de promover os direitos e a saúde de as mulheres e jovens.",Claude_Sonnet5,O UNFPA,trabalha em parceria com,ONGs,3
"O UNFPA trabalha em parceria com os governos, juntamente com outras agências de as Nações Unidas, comunidades, ONGs, fundações e setor privado, para aumentar a conscientização e mobilizar o apoio e os recursos necessários para cumprir sua missão de promover os direitos e a saúde de as mulheres e jovens.",Claude_Sonnet5,O UNFPA,trabalha em parceria com,fundações,3
"O UNFPA trabalha em parceria com os governos, juntamente com outras agências de as Nações Unidas, comunidades, ONGs, fundações e setor privado, para aumentar a conscientização e mobilizar o apoio e os recursos necessários para cumprir sua missão de promover os direitos e a saúde de as mulheres e jovens.",Claude_Sonnet5,O UNFPA,trabalha em parceria com,setor privado,3
"O UNFPA trabalha em parceria com os governos, juntamente com outras agências de as Nações Unidas, comunidades, ONGs, fundações e setor privado, para aumentar a conscientização e mobilizar o apoio e os recursos necessários para cumprir sua missão de promover os direitos e a saúde de as mulheres e jovens.",PortugueseT5OIE_Abstractive,O UNFPA,trabalha em parceria com,os governos,5
"O UNFPA trabalha em parceria com os governos, juntamente com outras agências de as Nações Unidas, comunidades, ONGs, fundações e setor privado, para aumentar a conscientização e mobilizar o apoio e os recursos necessários para cumprir sua missão de promover os direitos e a saúde de as mulheres e jovens.",PortugueseT5OIE_Abstractive,O UNFPA,trabalha em parceria com,outras agências de as Nações Unidas,3
"O UNFPA trabalha em parceria com os governos, juntamente com outras agências de as Nações Unidas, comunidades, ONGs, fundações e setor privado, para aumentar a conscientização e mobilizar o apoio e os recursos necessários para cumprir sua missão de promover os direitos e a saúde de as mulheres e jovens.",PortugueseT5OIE_Abstractive,O UNFPA,trabalha em parceria com,comunidades,3
"O UNFPA trabalha em parceria com os governos, juntamente com outras agências de as Nações Unidas, comunidades, ONGs, fundações e setor privado, para aumentar a conscientização e mobilizar o apoio e os recursos necessários para cumprir sua missão de promover os direitos e a saúde de as mulheres e jovens.",PortugueseT5OIE_Abstractive,O UNFPA,trabalha em parceria com,ONGs,3
"O UNFPA trabalha em parceria com os governos, juntamente com outras agências de as Nações Unidas, comunidades, ONGs, fundações e setor privado, para aumentar a conscientização e mobilizar o apoio e os recursos necessários para cumprir sua missão de promover os direitos e a saúde de as mulheres e jovens.",PortugueseT5OIE_Abstractive,O UNFPA,trabalha em parceria com,fundações,3
"O UNFPA trabalha em parceria com os governos, juntamente com outras agências de as Nações Unidas, comunidades, ONGs, fundações e setor privado, para aumentar a conscientização e mobilizar o apoio e os recursos necessários para cumprir sua missão de promover os direitos e a saúde de as mulheres e jovens.",PortugueseT5OIE_Abstractive,O UNFPA,trabalha em parceria com,setor privado,3
"O UNFPA trabalha em parceria com os governos, juntamente com outras agências de as Nações Unidas, comunidades, ONGs, fundações e setor privado, para aumentar a conscientização e mobilizar o apoio e os recursos necessários para cumprir sua missão de promover os direitos e a saúde de as mulheres e jovens.",respostaGrok4.0Fast,O UNFPA,trabalha em parceria com,os governos,5
"O UNFPA trabalha em parceria com os governos, juntamente com outras agências de as Nações Unidas, comunidades, ONGs, fundações e setor privado, para aumentar a conscientização e mobilizar o apoio e os recursos necessários para cumprir sua missão de promover os direitos e a saúde de as mulheres e jovens.",respostas_gpt5.5_mini,O UNFPA,trabalha em parceria com,os governos,5
"O UNFPA trabalha em parceria com os governos, juntamente com outras agências de as Nações Unidas, comunidades, ONGs, fundações e setor privado, para aumentar a conscientização e mobilizar o apoio e os recursos necessários para cumprir sua missão de promover os direitos e a saúde de as mulheres e jovens.",respostas_gpt5.5_mini,O UNFPA,trabalha em parceria com,outras agências de as Nações Unidas,3
"O UNFPA trabalha em parceria com os governos, juntamente com outras agências de as Nações Unidas, comunidades, ONGs, fundações e setor privado, para aumentar a conscientização e mobilizar o apoio e os recursos necessários para cumprir sua missão de promover os direitos e a saúde de as mulheres e jovens.",respostas_gpt5.5_mini,O UNFPA,trabalha em parceria com,comunidades,3
"O UNFPA trabalha em parceria com os governos, juntamente com outras agências de as Nações Unidas, comunidades, ONGs, fundações e setor privado, para aumentar a conscientização e mobilizar o apoio e os recursos necessários para cumprir sua missão de promover os direitos e a saúde de as mulheres e jovens.",respostas_gpt5.5_mini,O UNFPA,trabalha em parceria com,ONGs,3
"O UNFPA trabalha em parceria com os governos, juntamente com outras agências de as Nações Unidas, comunidades, ONGs, fundações e setor privado, para aumentar a conscientização e mobilizar o apoio e os recursos necessários para cumprir sua missão de promover os direitos e a saúde de as mulheres e jovens.",respostas_gpt5.5_mini,O UNFPA,trabalha em parceria com,fundações,3
"O UNFPA trabalha em parceria com os governos, juntamente com outras agências de as Nações Unidas, comunidades, ONGs, fundações e setor privado, para aumentar a conscientização e mobilizar o apoio e os recursos necessários para cumprir sua missão de promover os direitos e a saúde de as mulheres e jovens.",respostas_gpt5.5_mini,O UNFPA,trabalha em parceria com,o setor privado,3
"O UNFPA trabalha em parceria com os governos, juntamente com outras agências de as Nações Unidas, comunidades, ONGs, fundações e setor privado, para aumentar a conscientização e mobilizar o apoio e os recursos necessários para cumprir sua missão de promover os direitos e a saúde de as mulheres e jovens.",respostasGemini3.1Pro,O UNFPA,trabalha em parceria com,os governos,5
"Em 30 de dezembro de 1922, o Primeiro Congresso de os Sovietes de a URSS aprovou o Tratado sobre a Criação de a URSS, por o qual a Rússia se uniu a a República Socialista Soviética de a Ucrânia, República Socialista Soviética de a Bielorrússia e República Socialista Federal Soviética de a Transcaucásia.",Claude_Sonnet5,a Rússia,se uniu a,a República Socialista Soviética da Ucrânia,4
"Em 30 de dezembro de 1922, o Primeiro Congresso de os Sovietes de a URSS aprovou o Tratado sobre a Criação de a URSS, por o qual a Rússia se uniu a a República Socialista Soviética de a Ucrânia, República Socialista Soviética de a Bielorrússia e República Socialista Federal Soviética de a Transcaucásia.",PortugueseT5OIE_Abstractive,a Rússia,se uniu a,a República Socialista Soviética de a Ucrânia,4
"Em 30 de dezembro de 1922, o Primeiro Congresso de os Sovietes de a URSS aprovou o Tratado sobre a Criação de a URSS, por o qual a Rússia se uniu a a República Socialista Soviética de a Ucrânia, República Socialista Soviética de a Bielorrússia e República Socialista Federal Soviética de a Transcaucásia.",respostas_gpt5.5_mini,a Rússia,se uniu a,a República Socialista Soviética de a Ucrânia,4
"Em 30 de dezembro de 1922, o Primeiro Congresso de os Sovietes de a URSS aprovou o Tratado sobre a Criação de a URSS, por o qual a Rússia se uniu a a República Socialista Soviética de a Ucrânia, República Socialista Soviética de a Bielorrússia e República Socialista Federal Soviética de a Transcaucásia.",respostasGemini3.1Pro,a Rússia,se uniu a,a República Socialista Soviética de a Ucrânia,4
"A Universal possuía os direitos de o personagem Oswald, o Coelho de a Sorte, embora Walt Disney e Ub Iwerks tivessem criado Oswald, e seus filmes tivessem desfrutado de uma exibição teatral de sucesso.",Claude_Sonnet5,A Universal,possuía,"os direitos do personagem Oswald, o Coelho da Sorte",3
"A Universal possuía os direitos de o personagem Oswald, o Coelho de a Sorte, embora Walt Disney e Ub Iwerks tivessem criado Oswald, e seus filmes tivessem desfrutado de uma exibição teatral de sucesso.",PortugueseT5OIE_Abstractive,A Universal,possuía,os direitos de o personagem Oswald,3
"A Universal possuía os direitos de o personagem Oswald, o Coelho de a Sorte, embora Walt Disney e Ub Iwerks tivessem criado Oswald, e seus filmes tivessem desfrutado de uma exibição teatral de sucesso.",respostaGrok4.0Fast,A Universal,possuía,"os direitos de o personagem Oswald, o Coelho de a Sorte",4
"A Universal possuía os direitos de o personagem Oswald, o Coelho de a Sorte, embora Walt Disney e Ub Iwerks tivessem criado Oswald, e seus filmes tivessem desfrutado de uma exibição teatral de sucesso.",respostasGemini3.1Pro,A Universal,possuía,"os direitos de o personagem Oswald, o Coelho de a Sorte",4
"A cantora adolescente Deanna Durbin estrelou o primeiro filme americano de Pasternak, Three Smart Girls (1936).",Claude_Sonnet5,o primeiro filme americano de Pasternak,é,Three Smart Girls (1936),3
"A cantora adolescente Deanna Durbin estrelou o primeiro filme americano de Pasternak, Three Smart Girls (1936).",respostas_gpt5.5_mini,o primeiro filme americano de Pasternak,é,Three Smart Girls (1936),3
"A cantora adolescente Deanna Durbin estrelou o primeiro filme americano de Pasternak, Three Smart Girls (1936).",respostasGemini3.1Pro,o primeiro filme americano de Pasternak,é,Three Smart Girls (1936),3
"Na esperança de construir um império de entretenimento em torno de a Universal, a Seagram comprou a PolyGram em 1999 e outras propriedades de entretenimento, mas os lucros flutuantes característicos de Hollywood não substituíram o fluxo de renda confiável obtido com as ações anteriormente detidas em a DuPont.",Claude_Sonnet5,a Seagram,comprou,a PolyGram,4
"Na esperança de construir um império de entretenimento em torno de a Universal, a Seagram comprou a PolyGram em 1999 e outras propriedades de entretenimento, mas os lucros flutuantes característicos de Hollywood não substituíram o fluxo de renda confiável obtido com as ações anteriormente detidas em a DuPont.",Claude_Sonnet5,a Seagram,comprou,outras propriedades de entretenimento,4
"Na esperança de construir um império de entretenimento em torno de a Universal, a Seagram comprou a PolyGram em 1999 e outras propriedades de entretenimento, mas os lucros flutuantes característicos de Hollywood não substituíram o fluxo de renda confiável obtido com as ações anteriormente detidas em a DuPont.",PortugueseT5OIE_Abstractive,a Seagram,comprou,a PolyGram,4
"Na esperança de construir um império de entretenimento em torno de a Universal, a Seagram comprou a PolyGram em 1999 e outras propriedades de entretenimento, mas os lucros flutuantes característicos de Hollywood não substituíram o fluxo de renda confiável obtido com as ações anteriormente detidas em a DuPont.",PortugueseT5OIE_Abstractive,a Seagram,comprou,outras propriedades de entretenimento,4
"Na esperança de construir um império de entretenimento em torno de a Universal, a Seagram comprou a PolyGram em 1999 e outras propriedades de entretenimento, mas os lucros flutuantes característicos de Hollywood não substituíram o fluxo de renda confiável obtido com as ações anteriormente detidas em a DuPont.",respostas_gpt5.5_mini,a Seagram,comprou,a PolyGram,4
"Na esperança de construir um império de entretenimento em torno de a Universal, a Seagram comprou a PolyGram em 1999 e outras propriedades de entretenimento, mas os lucros flutuantes característicos de Hollywood não substituíram o fluxo de renda confiável obtido com as ações anteriormente detidas em a DuPont.",respostas_gpt5.5_mini,a Seagram,comprou,outras propriedades de entretenimento,4
"Na esperança de construir um império de entretenimento em torno de a Universal, a Seagram comprou a PolyGram em 1999 e outras propriedades de entretenimento, mas os lucros flutuantes característicos de Hollywood não substituíram o fluxo de renda confiável obtido com as ações anteriormente detidas em a DuPont.",respostasGemini3.1Pro,a Seagram,comprou,a PolyGram,4
"Na esperança de construir um império de entretenimento em torno de a Universal, a Seagram comprou a PolyGram em 1999 e outras propriedades de entretenimento, mas os lucros flutuantes característicos de Hollywood não substituíram o fluxo de renda confiável obtido com as ações anteriormente detidas em a DuPont.",respostasGemini3.1Pro,a Seagram,comprou,outras propriedades de entretenimento,4
"Posteriormente, a Universal Pictures adquiriu os direitos de distribuição em os Estados Unidos de vários filmes de o StudioCanal, como Mulholland Drive (que recebeu uma indicação a o Oscar) e Brotherhood of the Wolf (que se tornou o segundo filme em francês de maior bilheteria em os Estados Unidos desde 1980).",Claude_Sonnet5,Mulholland Drive,recebeu,uma indicação ao Oscar,4
"Posteriormente, a Universal Pictures adquiriu os direitos de distribuição em os Estados Unidos de vários filmes de o StudioCanal, como Mulholland Drive (que recebeu uma indicação a o Oscar) e Brotherhood of the Wolf (que se tornou o segundo filme em francês de maior bilheteria em os Estados Unidos desde 1980).",Claude_Sonnet5,Brotherhood of the Wolf,se tornou,o segundo filme em francês de maior bilheteria nos Estados Unidos desde 1980,3
"Posteriormente, a Universal Pictures adquiriu os direitos de distribuição em os Estados Unidos de vários filmes de o StudioCanal, como Mulholland Drive (que recebeu uma indicação a o Oscar) e Brotherhood of the Wolf (que se tornou o segundo filme em francês de maior bilheteria em os Estados Unidos desde 1980).",PortugueseT5OIE_Abstractive,Mulholland Drive,recebeu,uma indicação ao Oscar,4
"Posteriormente, a Universal Pictures adquiriu os direitos de distribuição em os Estados Unidos de vários filmes de o StudioCanal, como Mulholland Drive (que recebeu uma indicação a o Oscar) e Brotherhood of the Wolf (que se tornou o segundo filme em francês de maior bilheteria em os Estados Unidos desde 1980).",PortugueseT5OIE_Abstractive,Brotherhood of the Wolf,se tornou,o segundo filme em francês de maior bilheteria em os Estados Unidos desde 1980,3
"Posteriormente, a Universal Pictures adquiriu os direitos de distribuição em os Estados Unidos de vários filmes de o StudioCanal, como Mulholland Drive (que recebeu uma indicação a o Oscar) e Brotherhood of the Wolf (que se tornou o segundo filme em francês de maior bilheteria em os Estados Unidos desde 1980).",respostas_gpt5.5_mini,Mulholland Drive,recebeu,uma indicação a o Oscar,4
"Posteriormente, a Universal Pictures adquiriu os direitos de distribuição em os Estados Unidos de vários filmes de o StudioCanal, como Mulholland Drive (que recebeu uma indicação a o Oscar) e Brotherhood of the Wolf (que se tornou o segundo filme em francês de maior bilheteria em os Estados Unidos desde 1980).",respostasGemini3.1Pro,Mulholland Drive,recebeu,uma indicação a o Oscar,4
"Posteriormente, a Universal Pictures adquiriu os direitos de distribuição em os Estados Unidos de vários filmes de o StudioCanal, como Mulholland Drive (que recebeu uma indicação a o Oscar) e Brotherhood of the Wolf (que se tornou o segundo filme em francês de maior bilheteria em os Estados Unidos desde 1980).",respostasGemini3.1Pro,Brotherhood of the Wolf,se tornou,o segundo filme em francês de maior bilheteria em os Estados Unidos desde 1980,3
"Alexander Bell nasceu em Edimburgo, Escócia, em 3 de março de 1847.",Claude_Sonnet5,Alexander Bell,nasceu em,"Edimburgo, Escócia",4
"Alexander Bell nasceu em Edimburgo, Escócia, em 3 de março de 1847.",Claude_Sonnet5,Alexander Bell,nasceu em,3 de março de 1847,5
"Alexander Bell nasceu em Edimburgo, Escócia, em 3 de março de 1847.",PortugueseT5OIE_Abstractive,Alexander Bell,nasceu em,"Edimburgo, Escócia",4
"Alexander Bell nasceu em Edimburgo, Escócia, em 3 de março de 1847.",PortugueseT5OIE_Abstractive,Alexander Bell,nasceu em,3 de março de 1847,5
"Alexander Bell nasceu em Edimburgo, Escócia, em 3 de março de 1847.",respostaGrok4.0Fast,Alexander Bell,nasceu em,"Edimburgo, Escócia, em 3 de março de 1847",5
"Alexander Bell nasceu em Edimburgo, Escócia, em 3 de março de 1847.",respostas_gpt5.5_mini,Alexander Bell,nasceu em,"Edimburgo, Escócia",4
"Alexander Bell nasceu em Edimburgo, Escócia, em 3 de março de 1847.",respostas_gpt5.5_mini,Alexander Bell,nasceu em,3 de março de 1847,5
"Alexander Bell nasceu em Edimburgo, Escócia, em 3 de março de 1847.",respostasGemini3.1Pro,Alexander Bell,nasceu em,"Edimburgo, Escócia",4
"Alexander Bell nasceu em Edimburgo, Escócia, em 3 de março de 1847.",respostasGemini3.1Pro,Alexander Bell,nasceu em,3 de março de 1847,5
"No entanto, em maio de 1870, Melville morreu de complicações devido a a tuberculose, causando uma crise familiar.",Claude_Sonnet5,a morte de Melville,causou,uma crise familiar,3
"No entanto, em maio de 1870, Melville morreu de complicações devido a a tuberculose, causando uma crise familiar.",respostas_gpt5.5_mini,a morte de Melville,causou,uma crise familiar,3
"No entanto, em maio de 1870, Melville morreu de complicações devido a a tuberculose, causando uma crise familiar.",respostasGemini3.1Pro,A morte de Melville,causou,uma crise familiar,3
"Em 26 de fevereiro de 2015, a FCC decidiu a favor de a neutralidade de a rede, adotando o Título II (operadora comum) de a Lei de Comunicações de 1934 e a Seção 706 de a Lei de Telecomunicações de 1996 em a Internet.",Claude_Sonnet5,a FCC,adotou,o Título II da Lei de Comunicações de 1934,4
"Em 26 de fevereiro de 2015, a FCC decidiu a favor de a neutralidade de a rede, adotando o Título II (operadora comum) de a Lei de Comunicações de 1934 e a Seção 706 de a Lei de Telecomunicações de 1996 em a Internet.",Claude_Sonnet5,a FCC,adotou,a Seção 706 da Lei de Telecomunicações de 1996,4
"Em 26 de fevereiro de 2015, a FCC decidiu a favor de a neutralidade de a rede, adotando o Título II (operadora comum) de a Lei de Comunicações de 1934 e a Seção 706 de a Lei de Telecomunicações de 1996 em a Internet.",PortugueseT5OIE_Abstractive,a FCC,adotou,o Título II (operadora comum) de a Lei de Comunicações de 1934,4
"Em 26 de fevereiro de 2015, a FCC decidiu a favor de a neutralidade de a rede, adotando o Título II (operadora comum) de a Lei de Comunicações de 1934 e a Seção 706 de a Lei de Telecomunicações de 1996 em a Internet.",PortugueseT5OIE_Abstractive,a FCC,adotou,a Seção 706 de a Lei de Telecomunicações de 1996 em a Internet,4
"Em 26 de fevereiro de 2015, a FCC decidiu a favor de a neutralidade de a rede, adotando o Título II (operadora comum) de a Lei de Comunicações de 1934 e a Seção 706 de a Lei de Telecomunicações de 1996 em a Internet.",respostas_gpt5.5_mini,a FCC,adotou,o Título II (operadora comum) da Lei de Comunicações de 1934,4
"Em 26 de fevereiro de 2015, a FCC decidiu a favor de a neutralidade de a rede, adotando o Título II (operadora comum) de a Lei de Comunicações de 1934 e a Seção 706 de a Lei de Telecomunicações de 1996 em a Internet.",respostas_gpt5.5_mini,a FCC,adotou,a Seção 706 da Lei de Telecomunicações de 1996,4
"Em 26 de fevereiro de 2015, a FCC decidiu a favor de a neutralidade de a rede, adotando o Título II (operadora comum) de a Lei de Comunicações de 1934 e a Seção 706 de a Lei de Telecomunicações de 1996 em a Internet.",respostasGemini3.1Pro,a FCC,adotou,o Título II de a Lei de Comunicações de 1934,4
"Em 26 de fevereiro de 2015, a FCC decidiu a favor de a neutralidade de a rede, adotando o Título II (operadora comum) de a Lei de Comunicações de 1934 e a Seção 706 de a Lei de Telecomunicações de 1996 em a Internet.",respostasGemini3.1Pro,a FCC,adotou,a Seção 706 de a Lei de Telecomunicações de 1996 em a Internet,4
"Ao sair de a Universidade de Oxford, em 1676, Edmond Halley visitou Santa Helena e montou um observatório astronômico com um telescópio aéreo de 7,3 metros de comprimento com a intenção de estudar estrelas de o Hemisfério Sul.",Claude_Sonnet5,Edmond Halley,saiu de,a Universidade de Oxford,3
"Ao sair de a Universidade de Oxford, em 1676, Edmond Halley visitou Santa Helena e montou um observatório astronômico com um telescópio aéreo de 7,3 metros de comprimento com a intenção de estudar estrelas de o Hemisfério Sul.",Claude_Sonnet5,Edmond Halley,tinha a intenção de estudar,estrelas do Hemisfério Sul,3
"Ao sair de a Universidade de Oxford, em 1676, Edmond Halley visitou Santa Helena e montou um observatório astronômico com um telescópio aéreo de 7,3 metros de comprimento com a intenção de estudar estrelas de o Hemisfério Sul.",PortugueseT5OIE_Abstractive,Edmond Halley,montou,um observatório astronômico,3
"Ao sair de a Universidade de Oxford, em 1676, Edmond Halley visitou Santa Helena e montou um observatório astronômico com um telescópio aéreo de 7,3 metros de comprimento com a intenção de estudar estrelas de o Hemisfério Sul.",PortugueseT5OIE_Abstractive,Edmond Halley,montou com,"um telescópio aéreo de 7,3 metros de comprimento",3
"Ao sair de a Universidade de Oxford, em 1676, Edmond Halley visitou Santa Helena e montou um observatório astronômico com um telescópio aéreo de 7,3 metros de comprimento com a intenção de estudar estrelas de o Hemisfério Sul.",PortugueseT5OIE_Abstractive,Edmond Halley,tinha a intenção de estudar,estrelas de o Hemisfério Sul,3
"Ao sair de a Universidade de Oxford, em 1676, Edmond Halley visitou Santa Helena e montou um observatório astronômico com um telescópio aéreo de 7,3 metros de comprimento com a intenção de estudar estrelas de o Hemisfério Sul.",respostas_gpt5.5_mini,Edmond Halley,saiu de,a Universidade de Oxford,3
"Ao sair de a Universidade de Oxford, em 1676, Edmond Halley visitou Santa Helena e montou um observatório astronômico com um telescópio aéreo de 7,3 metros de comprimento com a intenção de estudar estrelas de o Hemisfério Sul.",respostas_gpt5.5_mini,Edmond Halley,montou,um observatório astronômico,3
"Ao sair de a Universidade de Oxford, em 1676, Edmond Halley visitou Santa Helena e montou um observatório astronômico com um telescópio aéreo de 7,3 metros de comprimento com a intenção de estudar estrelas de o Hemisfério Sul.",respostas_gpt5.5_mini,Edmond Halley,montou com,"um telescópio aéreo de 7,3 metros de comprimento",3
"Ao sair de a Universidade de Oxford, em 1676, Edmond Halley visitou Santa Helena e montou um observatório astronômico com um telescópio aéreo de 7,3 metros de comprimento com a intenção de estudar estrelas de o Hemisfério Sul.",respostasGemini3.1Pro,Edmond Halley,saiu de,a Universidade de Oxford,3
"Ao sair de a Universidade de Oxford, em 1676, Edmond Halley visitou Santa Helena e montou um observatório astronômico com um telescópio aéreo de 7,3 metros de comprimento com a intenção de estudar estrelas de o Hemisfério Sul.",respostasGemini3.1Pro,Edmond Halley,montou,um observatório astronômico,3
"Ao sair de a Universidade de Oxford, em 1676, Edmond Halley visitou Santa Helena e montou um observatório astronômico com um telescópio aéreo de 7,3 metros de comprimento com a intenção de estudar estrelas de o Hemisfério Sul.",respostasGemini3.1Pro,Edmond Halley,montou com,"um telescópio aéreo de 7,3 metros de comprimento",3
"Ao sair de a Universidade de Oxford, em 1676, Edmond Halley visitou Santa Helena e montou um observatório astronômico com um telescópio aéreo de 7,3 metros de comprimento com a intenção de estudar estrelas de o Hemisfério Sul.",respostasGemini3.1Pro,Edmond Halley,tinha a intenção de estudar,estrelas de o Hemisfério Sul,3
"Em 1840, Santa Helena tornou-se uma estação de abastecimento de o Esquadrão Britânico de a África Ocidental, impedindo a escravidão em o Brasil (principalmente), e muitos milhares de escravos foram libertados em a ilha.",Claude_Sonnet5,muitos milhares de escravos,foram libertados em,a ilha,3
"Em 1840, Santa Helena tornou-se uma estação de abastecimento de o Esquadrão Britânico de a África Ocidental, impedindo a escravidão em o Brasil (principalmente), e muitos milhares de escravos foram libertados em a ilha.",respostas_gpt5.5_mini,muitos milhares de escravos,foram libertados em,a ilha,3
"Em 1840, Santa Helena tornou-se uma estação de abastecimento de o Esquadrão Britânico de a África Ocidental, impedindo a escravidão em o Brasil (principalmente), e muitos milhares de escravos foram libertados em a ilha.",respostasGemini3.1Pro,muitos milhares de escravos,foram libertados em,a ilha,3
"A maioria de os residentes pertence a a Comunhão Anglicana e é membro de a Diocese de Santa Helena, que tem seu próprio bispo e inclui a Ilha de a Ascensão.",Claude_Sonnet5,A maioria dos residentes,é membro de,a Diocese de Santa Helena,4
"A maioria de os residentes pertence a a Comunhão Anglicana e é membro de a Diocese de Santa Helena, que tem seu próprio bispo e inclui a Ilha de a Ascensão.",Claude_Sonnet5,a Diocese de Santa Helena,tem,seu próprio bispo,3
"A maioria de os residentes pertence a a Comunhão Anglicana e é membro de a Diocese de Santa Helena, que tem seu próprio bispo e inclui a Ilha de a Ascensão.",Claude_Sonnet5,a Diocese de Santa Helena,inclui,a Ilha da Ascensão,4
"A maioria de os residentes pertence a a Comunhão Anglicana e é membro de a Diocese de Santa Helena, que tem seu próprio bispo e inclui a Ilha de a Ascensão.",PortugueseT5OIE_Abstractive,A maioria de os residentes,é membro de,a Diocese de Santa Helena,4
"A maioria de os residentes pertence a a Comunhão Anglicana e é membro de a Diocese de Santa Helena, que tem seu próprio bispo e inclui a Ilha de a Ascensão.",PortugueseT5OIE_Abstractive,a Diocese de Santa Helena,inclui,a Ilha de a Ascensão,4
"A maioria de os residentes pertence a a Comunhão Anglicana e é membro de a Diocese de Santa Helena, que tem seu próprio bispo e inclui a Ilha de a Ascensão.",respostas_gpt5.5_mini,A maioria de os residentes,é membro de,a Diocese de Santa Helena,4
"A maioria de os residentes pertence a a Comunhão Anglicana e é membro de a Diocese de Santa Helena, que tem seu próprio bispo e inclui a Ilha de a Ascensão.",respostas_gpt5.5_mini,a Diocese de Santa Helena,tem,seu próprio bispo,3
"A maioria de os residentes pertence a a Comunhão Anglicana e é membro de a Diocese de Santa Helena, que tem seu próprio bispo e inclui a Ilha de a Ascensão.",respostas_gpt5.5_mini,a Diocese de Santa Helena,inclui,a Ilha de a Ascensão,4
"A maioria de os residentes pertence a a Comunhão Anglicana e é membro de a Diocese de Santa Helena, que tem seu próprio bispo e inclui a Ilha de a Ascensão.",respostasGemini3.1Pro,A maioria de os residentes,é membro de,a Diocese de Santa Helena,4
"A maioria de os residentes pertence a a Comunhão Anglicana e é membro de a Diocese de Santa Helena, que tem seu próprio bispo e inclui a Ilha de a Ascensão.",respostasGemini3.1Pro,a Diocese de Santa Helena,tem,seu próprio bispo,3
"A maioria de os residentes pertence a a Comunhão Anglicana e é membro de a Diocese de Santa Helena, que tem seu próprio bispo e inclui a Ilha de a Ascensão.",respostasGemini3.1Pro,a Diocese de Santa Helena,inclui,a Ilha de a Ascensão,4
"A SURE fornece o serviço de telecomunicações em o território por meio de uma rede telefônica digital baseada em cobre, incluindo serviço de banda larga ADSL.",Claude_Sonnet5,A SURE,fornece o serviço de telecomunicações por meio de,uma rede telefônica digital baseada em cobre,4
"A SURE fornece o serviço de telecomunicações em o território por meio de uma rede telefônica digital baseada em cobre, incluindo serviço de banda larga ADSL.",Claude_Sonnet5,a rede telefônica digital baseada em cobre,inclui,serviço de banda larga ADSL,3
"A SURE fornece o serviço de telecomunicações em o território por meio de uma rede telefônica digital baseada em cobre, incluindo serviço de banda larga ADSL.",PortugueseT5OIE_Abstractive,A SURE,fornece por meio de,uma rede telefônica digital baseada em cobre,4
"A SURE fornece o serviço de telecomunicações em o território por meio de uma rede telefônica digital baseada em cobre, incluindo serviço de banda larga ADSL.",PortugueseT5OIE_Abstractive,uma rede telefônica digital baseada em cobre,inclui,serviço de banda larga ADSL,3
"A SURE fornece o serviço de telecomunicações em o território por meio de uma rede telefônica digital baseada em cobre, incluindo serviço de banda larga ADSL.",respostas_gpt5.5_mini,A SURE,fornece por meio de,uma rede telefônica digital baseada em cobre,4
"A SURE fornece o serviço de telecomunicações em o território por meio de uma rede telefônica digital baseada em cobre, incluindo serviço de banda larga ADSL.",respostasGemini3.1Pro,A SURE,fornece por meio de,uma rede telefônica digital baseada em cobre,4
"A SURE fornece o serviço de telecomunicações em o território por meio de uma rede telefônica digital baseada em cobre, incluindo serviço de banda larga ADSL.",respostasGemini3.1Pro,uma rede telefônica digital baseada em cobre,inclui,serviço de banda larga ADSL,3
As despesas públicas aumentaram de 10 milhões de libras em 2001-02 para 12 milhões de libras em 2005-06 para 28 milhões de libras em 2012-13.,Claude_Sonnet5,As despesas públicas,aumentaram para,12 milhões de libras em 2005-06,5
As despesas públicas aumentaram de 10 milhões de libras em 2001-02 para 12 milhões de libras em 2005-06 para 28 milhões de libras em 2012-13.,PortugueseT5OIE_Abstractive,As despesas públicas,aumentaram para,12 milhões de libras em 2005-06,5
As despesas públicas aumentaram de 10 milhões de libras em 2001-02 para 12 milhões de libras em 2005-06 para 28 milhões de libras em 2012-13.,respostaGrok4.0Fast,As despesas públicas,aumentaram para,28 milhões de libras em 2012-13,5
As despesas públicas aumentaram de 10 milhões de libras em 2001-02 para 12 milhões de libras em 2005-06 para 28 milhões de libras em 2012-13.,respostas_gpt5.5_mini,As despesas públicas,aumentaram para,12 milhões de libras em 2005-06,5
As despesas públicas aumentaram de 10 milhões de libras em 2001-02 para 12 milhões de libras em 2005-06 para 28 milhões de libras em 2012-13.,respostasGemini3.1Pro,As despesas públicas,aumentaram para,12 milhões de libras em 2005-06,5
A Rádio comunitária Saint FM assumiu os canais de rádio desocupados por a Saint FM e foi lançada em 10 de março de 2013.,Claude_Sonnet5,A Rádio comunitária Saint FM,foi lançada em,10 de março de 2013,5
A Rádio comunitária Saint FM assumiu os canais de rádio desocupados por a Saint FM e foi lançada em 10 de março de 2013.,PortugueseT5OIE_Abstractive,A Rádio comunitária Saint FM,foi lançada em,10 de março de 2013,5
A Rádio comunitária Saint FM assumiu os canais de rádio desocupados por a Saint FM e foi lançada em 10 de março de 2013.,respostaGrok4.0Fast,A Rádio comunitária Saint FM,foi lançada em,10 de março de 2013,5
A Rádio comunitária Saint FM assumiu os canais de rádio desocupados por a Saint FM e foi lançada em 10 de março de 2013.,respostas_gpt5.5_mini,A Rádio comunitária Saint FM,foi lançada em,10 de março de 2013,5
A Rádio comunitária Saint FM assumiu os canais de rádio desocupados por a Saint FM e foi lançada em 10 de março de 2013.,respostasGemini3.1Pro,A Rádio comunitária Saint FM,foi lançada em,10 de março de 2013,5
"O Punjabi perdeu os consoantes de voz ofegante, o que resultou em um sistema de tons e, portanto, faz uma distinção entre sem voz, aspirado e sonoro / p pʰ b /.",Claude_Sonnet5,a perda dos consoantes de voz ofegante,resultou em,um sistema de tons,3
"O Punjabi perdeu os consoantes de voz ofegante, o que resultou em um sistema de tons e, portanto, faz uma distinção entre sem voz, aspirado e sonoro / p pʰ b /.",Claude_Sonnet5,O Punjabi,faz uma distinção entre,"sem voz, aspirado e sonoro / p pʰ b /",3
"O Punjabi perdeu os consoantes de voz ofegante, o que resultou em um sistema de tons e, portanto, faz uma distinção entre sem voz, aspirado e sonoro / p pʰ b /.",PortugueseT5OIE_Abstractive,O Punjabi,faz uma distinção entre,sonoro / p pʰ b,3
"O Punjabi perdeu os consoantes de voz ofegante, o que resultou em um sistema de tons e, portanto, faz uma distinção entre sem voz, aspirado e sonoro / p pʰ b /.",respostas_gpt5.5_mini,a perda de os consoantes de voz ofegante,resultou em,um sistema de tons,3
"O Punjabi perdeu os consoantes de voz ofegante, o que resultou em um sistema de tons e, portanto, faz uma distinção entre sem voz, aspirado e sonoro / p pʰ b /.",respostas_gpt5.5_mini,O Punjabi,faz uma distinção entre,"sem voz, aspirado e sonoro / p pʰ b /",3
"O Punjabi perdeu os consoantes de voz ofegante, o que resultou em um sistema de tons e, portanto, faz uma distinção entre sem voz, aspirado e sonoro / p pʰ b /.",respostasGemini3.1Pro,a perda de os consoantes de voz ofegante de o Punjabi,resultou em,um sistema de tons,3
"O hidrogênio, como H atômico, é o elemento químico mais abundante em o universo, constituindo 75 % de a matéria normal em massa e mais de 90 % em número de átomos (a maior parte de a massa de o universo, porém, não está em a forma de matéria de o tipo elemento químico, mas postula-se que ocorra como formas de massa ainda não detectadas, como matéria escura e energia escura).",PortugueseT5OIE_Abstractive,O hidrogênio,constitui,75% de a matéria normal em massa,4
"O hidrogênio, como H atômico, é o elemento químico mais abundante em o universo, constituindo 75 % de a matéria normal em massa e mais de 90 % em número de átomos (a maior parte de a massa de o universo, porém, não está em a forma de matéria de o tipo elemento químico, mas postula-se que ocorra como formas de massa ainda não detectadas, como matéria escura e energia escura).",PortugueseT5OIE_Abstractive,O hidrogênio,constitui,mais de 90% em número de átomos,3
"O hidrogênio, como H atômico, é o elemento químico mais abundante em o universo, constituindo 75 % de a matéria normal em massa e mais de 90 % em número de átomos (a maior parte de a massa de o universo, porém, não está em a forma de matéria de o tipo elemento químico, mas postula-se que ocorra como formas de massa ainda não detectadas, como matéria escura e energia escura).",respostas_gpt5.5_mini,O hidrogênio,constitui,75 % de a matéria normal em massa,3
"O hidrogênio, como H atômico, é o elemento químico mais abundante em o universo, constituindo 75 % de a matéria normal em massa e mais de 90 % em número de átomos (a maior parte de a massa de o universo, porém, não está em a forma de matéria de o tipo elemento químico, mas postula-se que ocorra como formas de massa ainda não detectadas, como matéria escura e energia escura).",respostas_gpt5.5_mini,O hidrogênio,constitui,mais de 90 % em número de átomos,3
"O hidrogênio, como H atômico, é o elemento químico mais abundante em o universo, constituindo 75 % de a matéria normal em massa e mais de 90 % em número de átomos (a maior parte de a massa de o universo, porém, não está em a forma de matéria de o tipo elemento químico, mas postula-se que ocorra como formas de massa ainda não detectadas, como matéria escura e energia escura).",respostasGemini3.1Pro,O hidrogênio,constitui,75 % de a matéria normal em massa,3
"O hidrogênio, como H atômico, é o elemento químico mais abundante em o universo, constituindo 75 % de a matéria normal em massa e mais de 90 % em número de átomos (a maior parte de a massa de o universo, porém, não está em a forma de matéria de o tipo elemento químico, mas postula-se que ocorra como formas de massa ainda não detectadas, como matéria escura e energia escura).",respostasGemini3.1Pro,O hidrogênio,constitui,mais de 90 % em número de átomos,3
"Uma corrente de baixa tensão é percorrida por a água e o oxigênio gasoso se forma em o ânodo, enquanto o hidrogênio gasoso se forma em o cátodo.",Claude_Sonnet5,o hidrogênio gasoso,se forma em,o cátodo,4
"Uma corrente de baixa tensão é percorrida por a água e o oxigênio gasoso se forma em o ânodo, enquanto o hidrogênio gasoso se forma em o cátodo.",PortugueseT5OIE_Abstractive,o hidrogênio gasoso,se forma em,o cátodo,4
"Uma corrente de baixa tensão é percorrida por a água e o oxigênio gasoso se forma em o ânodo, enquanto o hidrogênio gasoso se forma em o cátodo.",respostas_gpt5.5_mini,o hidrogênio gasoso,se forma em,o cátodo,4
"Uma corrente de baixa tensão é percorrida por a água e o oxigênio gasoso se forma em o ânodo, enquanto o hidrogênio gasoso se forma em o cátodo.",respostasGemini3.1Pro,o hidrogênio gasoso,se forma em,o cátodo,4
"Andreessen, líder de a equipe Mosaic em o Centro Nacional de Aplicações de Supercomputação (NCSA), logo fundou sua própria empresa, chamada Netscape, e lançou o Netscape Navigator, influenciado por o Mosaic, em 1994, que rapidamente se tornou o navegador mais popular de o mundo, respondendo por 90 % de todo o uso de a Web em o auge (consulte a participação de navegadores em a Web).",Claude_Sonnet5,Andreessen,lançou,o Netscape Navigator,3
"Andreessen, líder de a equipe Mosaic em o Centro Nacional de Aplicações de Supercomputação (NCSA), logo fundou sua própria empresa, chamada Netscape, e lançou o Netscape Navigator, influenciado por o Mosaic, em 1994, que rapidamente se tornou o navegador mais popular de o mundo, respondendo por 90 % de todo o uso de a Web em o auge (consulte a participação de navegadores em a Web).",Claude_Sonnet5,o Netscape Navigator,foi influenciado por,o Mosaic,4
"Andreessen, líder de a equipe Mosaic em o Centro Nacional de Aplicações de Supercomputação (NCSA), logo fundou sua própria empresa, chamada Netscape, e lançou o Netscape Navigator, influenciado por o Mosaic, em 1994, que rapidamente se tornou o navegador mais popular de o mundo, respondendo por 90 % de todo o uso de a Web em o auge (consulte a participação de navegadores em a Web).",Claude_Sonnet5,o Netscape Navigator,rapidamente se tornou,o navegador mais popular do mundo,4
"Andreessen, líder de a equipe Mosaic em o Centro Nacional de Aplicações de Supercomputação (NCSA), logo fundou sua própria empresa, chamada Netscape, e lançou o Netscape Navigator, influenciado por o Mosaic, em 1994, que rapidamente se tornou o navegador mais popular de o mundo, respondendo por 90 % de todo o uso de a Web em o auge (consulte a participação de navegadores em a Web).",PortugueseT5OIE_Abstractive,sua própria empresa,é chamada,Netscape,3
"Andreessen, líder de a equipe Mosaic em o Centro Nacional de Aplicações de Supercomputação (NCSA), logo fundou sua própria empresa, chamada Netscape, e lançou o Netscape Navigator, influenciado por o Mosaic, em 1994, que rapidamente se tornou o navegador mais popular de o mundo, respondendo por 90 % de todo o uso de a Web em o auge (consulte a participação de navegadores em a Web).",PortugueseT5OIE_Abstractive,o Netscape Navigator,foi influenciado por,o Mosaic,4
"Andreessen, líder de a equipe Mosaic em o Centro Nacional de Aplicações de Supercomputação (NCSA), logo fundou sua própria empresa, chamada Netscape, e lançou o Netscape Navigator, influenciado por o Mosaic, em 1994, que rapidamente se tornou o navegador mais popular de o mundo, respondendo por 90 % de todo o uso de a Web em o auge (consulte a participação de navegadores em a Web).",PortugueseT5OIE_Abstractive,o Netscape Navigator,se tornou,o navegador mais popular de o mundo,4
"Andreessen, líder de a equipe Mosaic em o Centro Nacional de Aplicações de Supercomputação (NCSA), logo fundou sua própria empresa, chamada Netscape, e lançou o Netscape Navigator, influenciado por o Mosaic, em 1994, que rapidamente se tornou o navegador mais popular de o mundo, respondendo por 90 % de todo o uso de a Web em o auge (consulte a participação de navegadores em a Web).",respostas_gpt5.5_mini,sua própria empresa,é chamada,Netscape,3
"Andreessen, líder de a equipe Mosaic em o Centro Nacional de Aplicações de Supercomputação (NCSA), logo fundou sua própria empresa, chamada Netscape, e lançou o Netscape Navigator, influenciado por o Mosaic, em 1994, que rapidamente se tornou o navegador mais popular de o mundo, respondendo por 90 % de todo o uso de a Web em o auge (consulte a participação de navegadores em a Web).",respostas_gpt5.5_mini,Andreessen,lançou,o Netscape Navigator,3
"Andreessen, líder de a equipe Mosaic em o Centro Nacional de Aplicações de Supercomputação (NCSA), logo fundou sua própria empresa, chamada Netscape, e lançou o Netscape Navigator, influenciado por o Mosaic, em 1994, que rapidamente se tornou o navegador mais popular de o mundo, respondendo por 90 % de todo o uso de a Web em o auge (consulte a participação de navegadores em a Web).",respostas_gpt5.5_mini,o Netscape Navigator,foi influenciado por,o Mosaic,4
"Andreessen, líder de a equipe Mosaic em o Centro Nacional de Aplicações de Supercomputação (NCSA), logo fundou sua própria empresa, chamada Netscape, e lançou o Netscape Navigator, influenciado por o Mosaic, em 1994, que rapidamente se tornou o navegador mais popular de o mundo, respondendo por 90 % de todo o uso de a Web em o auge (consulte a participação de navegadores em a Web).",respostas_gpt5.5_mini,o Netscape Navigator,se tornou,o navegador mais popular de o mundo,4
"Andreessen, líder de a equipe Mosaic em o Centro Nacional de Aplicações de Supercomputação (NCSA), logo fundou sua própria empresa, chamada Netscape, e lançou o Netscape Navigator, influenciado por o Mosaic, em 1994, que rapidamente se tornou o navegador mais popular de o mundo, respondendo por 90 % de todo o uso de a Web em o auge (consulte a participação de navegadores em a Web).",respostasGemini3.1Pro,sua própria empresa,é chamada,Netscape,3
"Andreessen, líder de a equipe Mosaic em o Centro Nacional de Aplicações de Supercomputação (NCSA), logo fundou sua própria empresa, chamada Netscape, e lançou o Netscape Navigator, influenciado por o Mosaic, em 1994, que rapidamente se tornou o navegador mais popular de o mundo, respondendo por 90 % de todo o uso de a Web em o auge (consulte a participação de navegadores em a Web).",respostasGemini3.1Pro,Andreessen,lançou,o Netscape Navigator,3
"Andreessen, líder de a equipe Mosaic em o Centro Nacional de Aplicações de Supercomputação (NCSA), logo fundou sua própria empresa, chamada Netscape, e lançou o Netscape Navigator, influenciado por o Mosaic, em 1994, que rapidamente se tornou o navegador mais popular de o mundo, respondendo por 90 % de todo o uso de a Web em o auge (consulte a participação de navegadores em a Web).",respostasGemini3.1Pro,o Netscape Navigator,é influenciado por,o Mosaic,4
"Andreessen, líder de a equipe Mosaic em o Centro Nacional de Aplicações de Supercomputação (NCSA), logo fundou sua própria empresa, chamada Netscape, e lançou o Netscape Navigator, influenciado por o Mosaic, em 1994, que rapidamente se tornou o navegador mais popular de o mundo, respondendo por 90 % de todo o uso de a Web em o auge (consulte a participação de navegadores em a Web).",respostasGemini3.1Pro,o Netscape Navigator,se tornou,o navegador mais popular de o mundo,4
Boston (pronuncia-se i / ˈbɒstən /) é a capital e maior cidade de a Commonwealth of Massachusetts em os Estados Unidos.,Claude_Sonnet5,Boston,é,a maior cidade da Commonwealth of Massachusetts,4
Boston (pronuncia-se i / ˈbɒstən /) é a capital e maior cidade de a Commonwealth of Massachusetts em os Estados Unidos.,PortugueseT5OIE_Abstractive,Boston,é,a maior cidade de a Commonwealth of Massachusetts em os Estados Unidos,4
Boston (pronuncia-se i / ˈbɒstən /) é a capital e maior cidade de a Commonwealth of Massachusetts em os Estados Unidos.,respostas_gpt5.5_mini,Boston,é,a maior cidade de a Commonwealth of Massachusetts,4
Boston (pronuncia-se i / ˈbɒstən /) é a capital e maior cidade de a Commonwealth of Massachusetts em os Estados Unidos.,respostasGemini3.1Pro,Boston,é,a maior cidade de a Commonwealth of Massachusetts,4
"Sua rica história atrai muitos turistas, com o Faneuil Hall atraindo mais de 20 milhões de visitantes por ano.",PortugueseT5OIE_Abstractive,o Faneuil Hall,atrai,mais de 20 milhões de visitantes por ano,3
"Sua rica história atrai muitos turistas, com o Faneuil Hall atraindo mais de 20 milhões de visitantes por ano.",respostas_gpt5.5_mini,o Faneuil Hall,atrai,mais de 20 milhões de visitantes por ano,3
"Sua rica história atrai muitos turistas, com o Faneuil Hall atraindo mais de 20 milhões de visitantes por ano.",respostasGemini3.1Pro,o Faneuil Hall,atrai,mais de 20 milhões de visitantes por ano,3
"Na época em que Boston foi declarada como cidade, a população era de 46.226 habitantes, enquanto a área de a cidade era de apenas 12 km2.",PortugueseT5OIE_Abstractive,a área de Boston,era de,apenas 12 km2,3
"Na época em que Boston foi declarada como cidade, a população era de 46.226 habitantes, enquanto a área de a cidade era de apenas 12 km2.",respostas_gpt5.5_mini,a área de a cidade,era de,12 km2,3
"Na época em que Boston foi declarada como cidade, a população era de 46.226 habitantes, enquanto a área de a cidade era de apenas 12 km2.",respostasGemini3.1Pro,a área de a cidade,era de,apenas 12 km2,3
"O rio Charles separa Boston de Watertown e a maioria de Cambridge, e a massa de Boston de seu próprio bairro de Charlestown.",Claude_Sonnet5,O rio Charles,separa Boston de,a maioria de Cambridge,3
"O rio Charles separa Boston de Watertown e a maioria de Cambridge, e a massa de Boston de seu próprio bairro de Charlestown.",PortugueseT5OIE_Abstractive,O rio Charles,separa de,a maioria de Cambridge,3
"O rio Charles separa Boston de Watertown e a maioria de Cambridge, e a massa de Boston de seu próprio bairro de Charlestown.",respostas_gpt5.5_mini,O rio Charles,separa Boston de,a maioria de Cambridge,3
"O Boston Red Sox, membro fundador de a Liga Americana de Major League Baseball em 1901, joga seus jogos em casa em o Fenway Park, perto de Kenmore Square, em a seção Fenway de a cidade.",Claude_Sonnet5,O Boston Red Sox,joga seus jogos em casa em,o Fenway Park,4
"O Boston Red Sox, membro fundador de a Liga Americana de Major League Baseball em 1901, joga seus jogos em casa em o Fenway Park, perto de Kenmore Square, em a seção Fenway de a cidade.",PortugueseT5OIE_Abstractive,O Boston Red Sox,é,membro fundador de a Liga Americana de Major League Baseball,3
"O Boston Red Sox, membro fundador de a Liga Americana de Major League Baseball em 1901, joga seus jogos em casa em o Fenway Park, perto de Kenmore Square, em a seção Fenway de a cidade.",PortugueseT5OIE_Abstractive,O Boston Red Sox,joga seus jogos em casa em,o Fenway Park,4
"O Boston Red Sox, membro fundador de a Liga Americana de Major League Baseball em 1901, joga seus jogos em casa em o Fenway Park, perto de Kenmore Square, em a seção Fenway de a cidade.",respostaGrok4.0Fast,O Boston Red Sox,joga seus jogos em casa em,o Fenway Park,4
"O Boston Red Sox, membro fundador de a Liga Americana de Major League Baseball em 1901, joga seus jogos em casa em o Fenway Park, perto de Kenmore Square, em a seção Fenway de a cidade.",respostas_gpt5.5_mini,O Boston Red Sox,é,membro fundador de a Liga Americana de Major League Baseball em 1901,3
"O Boston Red Sox, membro fundador de a Liga Americana de Major League Baseball em 1901, joga seus jogos em casa em o Fenway Park, perto de Kenmore Square, em a seção Fenway de a cidade.",respostas_gpt5.5_mini,O Boston Red Sox,joga seus jogos em casa em,o Fenway Park,4
"O Boston Red Sox, membro fundador de a Liga Americana de Major League Baseball em 1901, joga seus jogos em casa em o Fenway Park, perto de Kenmore Square, em a seção Fenway de a cidade.",respostasGemini3.1Pro,O Boston Red Sox,é,membro fundador de a Liga Americana de Major League Baseball,3
"O Aeroporto Logan, localizado em East Boston e operado por a Massachusetts Port Authority (Massport), é o principal aeroporto de Boston.",Claude_Sonnet5,O Aeroporto Logan,está localizado em,East Boston,4
"O Aeroporto Logan, localizado em East Boston e operado por a Massachusetts Port Authority (Massport), é o principal aeroporto de Boston.",Claude_Sonnet5,O Aeroporto Logan,é operado por,a Massachusetts Port Authority (Massport),4
"O Aeroporto Logan, localizado em East Boston e operado por a Massachusetts Port Authority (Massport), é o principal aeroporto de Boston.",PortugueseT5OIE_Abstractive,O Aeroporto Logan,está localizado em,East Boston,4
"O Aeroporto Logan, localizado em East Boston e operado por a Massachusetts Port Authority (Massport), é o principal aeroporto de Boston.",PortugueseT5OIE_Abstractive,O Aeroporto Logan,é operado por,a Massachusetts Port Authority (Massport),4
"O Aeroporto Logan, localizado em East Boston e operado por a Massachusetts Port Authority (Massport), é o principal aeroporto de Boston.",respostas_gpt5.5_mini,O Aeroporto Logan,está localizado em,East Boston,4
"O Aeroporto Logan, localizado em East Boston e operado por a Massachusetts Port Authority (Massport), é o principal aeroporto de Boston.",respostas_gpt5.5_mini,O Aeroporto Logan,é operado por,a Massachusetts Port Authority (Massport),4
"O Aeroporto Logan, localizado em East Boston e operado por a Massachusetts Port Authority (Massport), é o principal aeroporto de Boston.",respostasGemini3.1Pro,O Aeroporto Logan,é localizado em,East Boston,4
"O Aeroporto Logan, localizado em East Boston e operado por a Massachusetts Port Authority (Massport), é o principal aeroporto de Boston.",respostasGemini3.1Pro,O Aeroporto Logan,é operado por,a Massachusetts Port Authority (Massport),4
"O Ateneu de Boston (uma de as bibliotecas independentes mais antigas de os Estados Unidos), o Museu Infantil de Boston, o Bull & Finch Pub (cujo prédio é conhecido por o programa de televisão Cheers), o Museum of Science e o New England Aquarium estão dentro de a cidade.",Claude_Sonnet5,O Ateneu de Boston,é,uma das bibliotecas independentes mais antigas dos Estados Unidos,4
"O Ateneu de Boston (uma de as bibliotecas independentes mais antigas de os Estados Unidos), o Museu Infantil de Boston, o Bull & Finch Pub (cujo prédio é conhecido por o programa de televisão Cheers), o Museum of Science e o New England Aquarium estão dentro de a cidade.",Claude_Sonnet5,O Ateneu de Boston,está dentro de,a cidade,3
"O Ateneu de Boston (uma de as bibliotecas independentes mais antigas de os Estados Unidos), o Museu Infantil de Boston, o Bull & Finch Pub (cujo prédio é conhecido por o programa de televisão Cheers), o Museum of Science e o New England Aquarium estão dentro de a cidade.",Claude_Sonnet5,o Museum of Science,está dentro de,a cidade,3
"O Ateneu de Boston (uma de as bibliotecas independentes mais antigas de os Estados Unidos), o Museu Infantil de Boston, o Bull & Finch Pub (cujo prédio é conhecido por o programa de televisão Cheers), o Museum of Science e o New England Aquarium estão dentro de a cidade.",Claude_Sonnet5,o New England Aquarium,está dentro de,a cidade,3
"O Ateneu de Boston (uma de as bibliotecas independentes mais antigas de os Estados Unidos), o Museu Infantil de Boston, o Bull & Finch Pub (cujo prédio é conhecido por o programa de televisão Cheers), o Museum of Science e o New England Aquarium estão dentro de a cidade.",respostaGrok4.0Fast,O Ateneu de Boston,é,uma de as bibliotecas independentes mais antigas de os Estados Unidos,4
"O Ateneu de Boston (uma de as bibliotecas independentes mais antigas de os Estados Unidos), o Museu Infantil de Boston, o Bull & Finch Pub (cujo prédio é conhecido por o programa de televisão Cheers), o Museum of Science e o New England Aquarium estão dentro de a cidade.",respostas_gpt5.5_mini,O Ateneu de Boston,é,uma de as bibliotecas independentes mais antigas de os Estados Unidos,4
"O Ateneu de Boston (uma de as bibliotecas independentes mais antigas de os Estados Unidos), o Museu Infantil de Boston, o Bull & Finch Pub (cujo prédio é conhecido por o programa de televisão Cheers), o Museum of Science e o New England Aquarium estão dentro de a cidade.",respostas_gpt5.5_mini,O Ateneu de Boston,está dentro de,a cidade,3
"O Ateneu de Boston (uma de as bibliotecas independentes mais antigas de os Estados Unidos), o Museu Infantil de Boston, o Bull & Finch Pub (cujo prédio é conhecido por o programa de televisão Cheers), o Museum of Science e o New England Aquarium estão dentro de a cidade.",respostas_gpt5.5_mini,o Museum of Science,está dentro de,a cidade,3
"O Ateneu de Boston (uma de as bibliotecas independentes mais antigas de os Estados Unidos), o Museu Infantil de Boston, o Bull & Finch Pub (cujo prédio é conhecido por o programa de televisão Cheers), o Museum of Science e o New England Aquarium estão dentro de a cidade.",respostas_gpt5.5_mini,o New England Aquarium,está dentro de,a cidade,3
"O Ateneu de Boston (uma de as bibliotecas independentes mais antigas de os Estados Unidos), o Museu Infantil de Boston, o Bull & Finch Pub (cujo prédio é conhecido por o programa de televisão Cheers), o Museum of Science e o New England Aquarium estão dentro de a cidade.",respostasGemini3.1Pro,O Ateneu de Boston,está dentro de,a cidade,3
"O Ateneu de Boston (uma de as bibliotecas independentes mais antigas de os Estados Unidos), o Museu Infantil de Boston, o Bull & Finch Pub (cujo prédio é conhecido por o programa de televisão Cheers), o Museum of Science e o New England Aquarium estão dentro de a cidade.",respostasGemini3.1Pro,o Museum of Science,está dentro de,a cidade,3
"O Ateneu de Boston (uma de as bibliotecas independentes mais antigas de os Estados Unidos), o Museu Infantil de Boston, o Bull & Finch Pub (cujo prédio é conhecido por o programa de televisão Cheers), o Museum of Science e o New England Aquarium estão dentro de a cidade.",respostasGemini3.1Pro,o New England Aquarium,está dentro de,a cidade,3
"O Ateneu de Boston (uma de as bibliotecas independentes mais antigas de os Estados Unidos), o Museu Infantil de Boston, o Bull & Finch Pub (cujo prédio é conhecido por o programa de televisão Cheers), o Museum of Science e o New England Aquarium estão dentro de a cidade.",respostasGemini3.1Pro,O Ateneu de Boston,é,uma de as bibliotecas independentes mais antigas de os Estados Unidos,4
"Um de os eventos esportivos mais conhecidos de a cidade é uma maratona de Boston, a corrida de 42,2 km que é a maratona anual mais antiga de o mundo, realizada em o dia de os patriotas em abril.",Claude_Sonnet5,a maratona de Boston,é,"a corrida de 42,2 km",4
"Um de os eventos esportivos mais conhecidos de a cidade é uma maratona de Boston, a corrida de 42,2 km que é a maratona anual mais antiga de o mundo, realizada em o dia de os patriotas em abril.",Claude_Sonnet5,a maratona de Boston,é,a maratona anual mais antiga do mundo,4
"Um de os eventos esportivos mais conhecidos de a cidade é uma maratona de Boston, a corrida de 42,2 km que é a maratona anual mais antiga de o mundo, realizada em o dia de os patriotas em abril.",Claude_Sonnet5,a maratona de Boston,é realizada em,o dia dos patriotas em abril,3
"Um de os eventos esportivos mais conhecidos de a cidade é uma maratona de Boston, a corrida de 42,2 km que é a maratona anual mais antiga de o mundo, realizada em o dia de os patriotas em abril.",PortugueseT5OIE_Abstractive,uma maratona de Boston,é,"a corrida de 42,2 km",4
"Um de os eventos esportivos mais conhecidos de a cidade é uma maratona de Boston, a corrida de 42,2 km que é a maratona anual mais antiga de o mundo, realizada em o dia de os patriotas em abril.",PortugueseT5OIE_Abstractive,uma maratona de Boston,é,a maratona anual mais antiga de o mundo,4
"Um de os eventos esportivos mais conhecidos de a cidade é uma maratona de Boston, a corrida de 42,2 km que é a maratona anual mais antiga de o mundo, realizada em o dia de os patriotas em abril.",PortugueseT5OIE_Abstractive,uma maratona de Boston,é realizada em,o dia de os patriotas em abril,3
"Um de os eventos esportivos mais conhecidos de a cidade é uma maratona de Boston, a corrida de 42,2 km que é a maratona anual mais antiga de o mundo, realizada em o dia de os patriotas em abril.",respostaGrok4.0Fast,uma maratona de Boston,é,a maratona anual mais antiga de o mundo,4
"Um de os eventos esportivos mais conhecidos de a cidade é uma maratona de Boston, a corrida de 42,2 km que é a maratona anual mais antiga de o mundo, realizada em o dia de os patriotas em abril.",respostas_gpt5.5_mini,uma maratona de Boston,é,"a corrida de 42,2 km",4
"Um de os eventos esportivos mais conhecidos de a cidade é uma maratona de Boston, a corrida de 42,2 km que é a maratona anual mais antiga de o mundo, realizada em o dia de os patriotas em abril.",respostas_gpt5.5_mini,uma maratona de Boston,é,a maratona anual mais antiga de o mundo,4
"Um de os eventos esportivos mais conhecidos de a cidade é uma maratona de Boston, a corrida de 42,2 km que é a maratona anual mais antiga de o mundo, realizada em o dia de os patriotas em abril.",respostas_gpt5.5_mini,uma maratona de Boston,é realizada em,o dia de os patriotas em abril,3
"Um de os eventos esportivos mais conhecidos de a cidade é uma maratona de Boston, a corrida de 42,2 km que é a maratona anual mais antiga de o mundo, realizada em o dia de os patriotas em abril.",respostasGemini3.1Pro,uma maratona de Boston,é,"a corrida de 42,2 km",4
"O Compass-M1 transmite em 3 bandas E2, E5B e E6.",respostaGrok4.0Fast,O Compass-M1,transmite em,"3 bandas E2, E5B e E6",3
"O Compass-M1 transmite em 3 bandas E2, E5B e E6.",respostas_gpt5.5_mini,O Compass-M1,transmite em,"3 bandas E2, E5B e E6",3
"O Compass-M1 transmite em 3 bandas E2, E5B e E6.",respostasGemini3.1Pro,O Compass-M1,transmite em,"3 bandas E2, E5B e E6",3
"Logo após a Revolução Francesa (1789), a Primeira República Francesa proibiu o uso oficial e adotou políticas discriminatórias contra as línguas não padronizadas de a França (patois), como catalão, alsaciano, bretão, occitânico, flamengo e basco.",Claude_Sonnet5,a Primeira República Francesa,adotou,políticas discriminatórias contra as línguas não padronizadas da França,3
"Logo após a Revolução Francesa (1789), a Primeira República Francesa proibiu o uso oficial e adotou políticas discriminatórias contra as línguas não padronizadas de a França (patois), como catalão, alsaciano, bretão, occitânico, flamengo e basco.",Claude_Sonnet5,as línguas não padronizadas da França,incluem,catalão,3
"Logo após a Revolução Francesa (1789), a Primeira República Francesa proibiu o uso oficial e adotou políticas discriminatórias contra as línguas não padronizadas de a França (patois), como catalão, alsaciano, bretão, occitânico, flamengo e basco.",Claude_Sonnet5,as línguas não padronizadas da França,incluem,alsaciano,3
"Logo após a Revolução Francesa (1789), a Primeira República Francesa proibiu o uso oficial e adotou políticas discriminatórias contra as línguas não padronizadas de a França (patois), como catalão, alsaciano, bretão, occitânico, flamengo e basco.",Claude_Sonnet5,as línguas não padronizadas da França,incluem,bretão,3
"Logo após a Revolução Francesa (1789), a Primeira República Francesa proibiu o uso oficial e adotou políticas discriminatórias contra as línguas não padronizadas de a França (patois), como catalão, alsaciano, bretão, occitânico, flamengo e basco.",Claude_Sonnet5,as línguas não padronizadas da França,incluem,occitânico,3
"Logo após a Revolução Francesa (1789), a Primeira República Francesa proibiu o uso oficial e adotou políticas discriminatórias contra as línguas não padronizadas de a França (patois), como catalão, alsaciano, bretão, occitânico, flamengo e basco.",Claude_Sonnet5,as línguas não padronizadas da França,incluem,flamengo,3
"Logo após a Revolução Francesa (1789), a Primeira República Francesa proibiu o uso oficial e adotou políticas discriminatórias contra as línguas não padronizadas de a França (patois), como catalão, alsaciano, bretão, occitânico, flamengo e basco.",Claude_Sonnet5,as línguas não padronizadas da França,incluem,basco,3
"Logo após a Revolução Francesa (1789), a Primeira República Francesa proibiu o uso oficial e adotou políticas discriminatórias contra as línguas não padronizadas de a França (patois), como catalão, alsaciano, bretão, occitânico, flamengo e basco.",respostas_gpt5.5_mini,a Primeira República Francesa,adotou,políticas discriminatórias contra as línguas não padronizadas de a França (patois),3
"Logo após a Revolução Francesa (1789), a Primeira República Francesa proibiu o uso oficial e adotou políticas discriminatórias contra as línguas não padronizadas de a França (patois), como catalão, alsaciano, bretão, occitânico, flamengo e basco.",respostas_gpt5.5_mini,as línguas não padronizadas de a França (patois),incluem,catalão,3
"Logo após a Revolução Francesa (1789), a Primeira República Francesa proibiu o uso oficial e adotou políticas discriminatórias contra as línguas não padronizadas de a França (patois), como catalão, alsaciano, bretão, occitânico, flamengo e basco.",respostas_gpt5.5_mini,as línguas não padronizadas de a França (patois),incluem,alsaciano,3
"Logo após a Revolução Francesa (1789), a Primeira República Francesa proibiu o uso oficial e adotou políticas discriminatórias contra as línguas não padronizadas de a França (patois), como catalão, alsaciano, bretão, occitânico, flamengo e basco.",respostas_gpt5.5_mini,as línguas não padronizadas de a França (patois),incluem,bretão,3
"Logo após a Revolução Francesa (1789), a Primeira República Francesa proibiu o uso oficial e adotou políticas discriminatórias contra as línguas não padronizadas de a França (patois), como catalão, alsaciano, bretão, occitânico, flamengo e basco.",respostas_gpt5.5_mini,as línguas não padronizadas de a França (patois),incluem,occitânico,3
"Logo após a Revolução Francesa (1789), a Primeira República Francesa proibiu o uso oficial e adotou políticas discriminatórias contra as línguas não padronizadas de a França (patois), como catalão, alsaciano, bretão, occitânico, flamengo e basco.",respostas_gpt5.5_mini,as línguas não padronizadas de a França (patois),incluem,flamengo,3
"Logo após a Revolução Francesa (1789), a Primeira República Francesa proibiu o uso oficial e adotou políticas discriminatórias contra as línguas não padronizadas de a França (patois), como catalão, alsaciano, bretão, occitânico, flamengo e basco.",respostas_gpt5.5_mini,as línguas não padronizadas de a França (patois),incluem,basco,3
"Logo após a Revolução Francesa (1789), a Primeira República Francesa proibiu o uso oficial e adotou políticas discriminatórias contra as línguas não padronizadas de a França (patois), como catalão, alsaciano, bretão, occitânico, flamengo e basco.",respostasGemini3.1Pro,a Primeira República Francesa,adotou,políticas discriminatórias contra as línguas não padronizadas de a França (patois),3
"Logo após a Revolução Francesa (1789), a Primeira República Francesa proibiu o uso oficial e adotou políticas discriminatórias contra as línguas não padronizadas de a França (patois), como catalão, alsaciano, bretão, occitânico, flamengo e basco.",respostasGemini3.1Pro,as línguas não padronizadas de a França,incluem,catalão,3
"Logo após a Revolução Francesa (1789), a Primeira República Francesa proibiu o uso oficial e adotou políticas discriminatórias contra as línguas não padronizadas de a França (patois), como catalão, alsaciano, bretão, occitânico, flamengo e basco.",respostasGemini3.1Pro,as línguas não padronizadas de a França,incluem,alsaciano,3
"Logo após a Revolução Francesa (1789), a Primeira República Francesa proibiu o uso oficial e adotou políticas discriminatórias contra as línguas não padronizadas de a França (patois), como catalão, alsaciano, bretão, occitânico, flamengo e basco.",respostasGemini3.1Pro,as línguas não padronizadas de a França,incluem,bretão,3
"Logo após a Revolução Francesa (1789), a Primeira República Francesa proibiu o uso oficial e adotou políticas discriminatórias contra as línguas não padronizadas de a França (patois), como catalão, alsaciano, bretão, occitânico, flamengo e basco.",respostasGemini3.1Pro,as línguas não padronizadas de a França,incluem,occitânico,3
"Logo após a Revolução Francesa (1789), a Primeira República Francesa proibiu o uso oficial e adotou políticas discriminatórias contra as línguas não padronizadas de a França (patois), como catalão, alsaciano, bretão, occitânico, flamengo e basco.",respostasGemini3.1Pro,as línguas não padronizadas de a França,incluem,flamengo,3
"Logo após a Revolução Francesa (1789), a Primeira República Francesa proibiu o uso oficial e adotou políticas discriminatórias contra as línguas não padronizadas de a França (patois), como catalão, alsaciano, bretão, occitânico, flamengo e basco.",respostasGemini3.1Pro,as línguas não padronizadas de a França,incluem,basco,3
"Uma definição operacional ampla às vezes é usada para abranger a complexidade desses fenômenos diversos, onde um gene é definido como uma união de sequências genômicas que codificam um conjunto coerente de produtos funcionais potencialmente sobrepostos.",Claude_Sonnet5,Uma definição operacional ampla,às vezes é usada para abranger,a complexidade desses fenômenos diversos,4
"Uma definição operacional ampla às vezes é usada para abranger a complexidade desses fenômenos diversos, onde um gene é definido como uma união de sequências genômicas que codificam um conjunto coerente de produtos funcionais potencialmente sobrepostos.",PortugueseT5OIE_Abstractive,Uma definição operacional ampla,é usada para abranger,a complexidade de fenômenos diversos,4
"Uma definição operacional ampla às vezes é usada para abranger a complexidade desses fenômenos diversos, onde um gene é definido como uma união de sequências genômicas que codificam um conjunto coerente de produtos funcionais potencialmente sobrepostos.",respostas_gpt5.5_mini,Uma definição operacional ampla,às vezes é usada para abranger,a complexidade desses fenômenos diversos,4
"Uma definição operacional ampla às vezes é usada para abranger a complexidade desses fenômenos diversos, onde um gene é definido como uma união de sequências genômicas que codificam um conjunto coerente de produtos funcionais potencialmente sobrepostos.",respostasGemini3.1Pro,Uma definição operacional ampla,às vezes é usada para abranger,a complexidade desses fenômenos diversos,4
"A partir de o século XVI, a literatura catalã sofreu um declínio, a língua ficou sob a influência de o espanhol e as aulas de urbano e literário tornaram-se bilíngues.",Claude_Sonnet5,a literatura catalã,sofreu um declínio a partir de,o século XVI,3
"A partir de o século XVI, a literatura catalã sofreu um declínio, a língua ficou sob a influência de o espanhol e as aulas de urbano e literário tornaram-se bilíngues.",Claude_Sonnet5,as aulas de urbano e literário,tornaram-se,bilíngues,4
"A partir de o século XVI, a literatura catalã sofreu um declínio, a língua ficou sob a influência de o espanhol e as aulas de urbano e literário tornaram-se bilíngues.",PortugueseT5OIE_Abstractive,a literatura catalã,sofreu um declínio a partir de,o século XVI,3
"A partir de o século XVI, a literatura catalã sofreu um declínio, a língua ficou sob a influência de o espanhol e as aulas de urbano e literário tornaram-se bilíngues.",PortugueseT5OIE_Abstractive,as aulas de urbano e literário,tornaram-se,bilíngues,4
"A partir de o século XVI, a literatura catalã sofreu um declínio, a língua ficou sob a influência de o espanhol e as aulas de urbano e literário tornaram-se bilíngues.",respostas_gpt5.5_mini,as aulas de urbano e literário,tornaram-se,bilíngues,4
"A partir de o século XVI, a literatura catalã sofreu um declínio, a língua ficou sob a influência de o espanhol e as aulas de urbano e literário tornaram-se bilíngues.",respostasGemini3.1Pro,a literatura catalã,sofreu a partir de,o século XVI,3
"A partir de o século XVI, a literatura catalã sofreu um declínio, a língua ficou sob a influência de o espanhol e as aulas de urbano e literário tornaram-se bilíngues.",respostasGemini3.1Pro,as aulas de urbano e literário,tornaram-se,bilíngues,4
"Nos eucariotos, a transcrição ocorre em o núcleo, onde o DNA de a célula é armazenado.",Claude_Sonnet5,o DNA da célula,é armazenado em,o núcleo,4
"Nos eucariotos, a transcrição ocorre em o núcleo, onde o DNA de a célula é armazenado.",PortugueseT5OIE_Abstractive,o DNA de a célula,é armazenado em,o núcleo,4
"Nos eucariotos, a transcrição ocorre em o núcleo, onde o DNA de a célula é armazenado.",respostas_gpt5.5_mini,o DNA de a célula,é armazenado em,o núcleo,4
"Nos eucariotos, a transcrição ocorre em o núcleo, onde o DNA de a célula é armazenado.",respostasGemini3.1Pro,o DNA de a célula,é armazenado em,o núcleo,4
"O início de a década de 1990 marcou o abrandamento de o R&B urbano, a o mesmo tempo em que o rock alternativo surgiu e o pop tradicional teve um ressurgimento significativo.",Claude_Sonnet5,o pop tradicional,teve,um ressurgimento significativo,3
"O início de a década de 1990 marcou o abrandamento de o R&B urbano, a o mesmo tempo em que o rock alternativo surgiu e o pop tradicional teve um ressurgimento significativo.",respostas_gpt5.5_mini,o pop tradicional,teve,um ressurgimento significativo,3
"O início de a década de 1990 marcou o abrandamento de o R&B urbano, a o mesmo tempo em que o rock alternativo surgiu e o pop tradicional teve um ressurgimento significativo.",respostasGemini3.1Pro,o pop tradicional,teve,um ressurgimento significativo,3
"Denominado o equivalente acústico a o Prozac, contemporâneo adulto suave, uma versão mais voltada para adultos de o AC, nasceu em o final de a década de 1970 e cresceu em o início de os anos 80.",Claude_Sonnet5,contemporâneo adulto suave,é denominado,o equivalente acústico ao Prozac,3
"Denominado o equivalente acústico a o Prozac, contemporâneo adulto suave, uma versão mais voltada para adultos de o AC, nasceu em o final de a década de 1970 e cresceu em o início de os anos 80.",Claude_Sonnet5,contemporâneo adulto suave,é,uma versão mais voltada para adultos do AC,3
"Denominado o equivalente acústico a o Prozac, contemporâneo adulto suave, uma versão mais voltada para adultos de o AC, nasceu em o final de a década de 1970 e cresceu em o início de os anos 80.",Claude_Sonnet5,contemporâneo adulto suave,nasceu em,o final da década de 1970,3
"Denominado o equivalente acústico a o Prozac, contemporâneo adulto suave, uma versão mais voltada para adultos de o AC, nasceu em o final de a década de 1970 e cresceu em o início de os anos 80.",Claude_Sonnet5,contemporâneo adulto suave,cresceu em,o início dos anos 80,3
"Denominado o equivalente acústico a o Prozac, contemporâneo adulto suave, uma versão mais voltada para adultos de o AC, nasceu em o final de a década de 1970 e cresceu em o início de os anos 80.",respostas_gpt5.5_mini,contemporâneo adulto suave,é denominado,o equivalente acústico a o Prozac,3
"Denominado o equivalente acústico a o Prozac, contemporâneo adulto suave, uma versão mais voltada para adultos de o AC, nasceu em o final de a década de 1970 e cresceu em o início de os anos 80.",respostas_gpt5.5_mini,contemporâneo adulto suave,é,uma versão mais voltada para adultos de o AC,3
"Denominado o equivalente acústico a o Prozac, contemporâneo adulto suave, uma versão mais voltada para adultos de o AC, nasceu em o final de a década de 1970 e cresceu em o início de os anos 80.",respostas_gpt5.5_mini,contemporâneo adulto suave,nasceu em,o final de a década de 1970,3
"Denominado o equivalente acústico a o Prozac, contemporâneo adulto suave, uma versão mais voltada para adultos de o AC, nasceu em o final de a década de 1970 e cresceu em o início de os anos 80.",respostas_gpt5.5_mini,contemporâneo adulto suave,cresceu em,o início de os anos 80,3
"Denominado o equivalente acústico a o Prozac, contemporâneo adulto suave, uma versão mais voltada para adultos de o AC, nasceu em o final de a década de 1970 e cresceu em o início de os anos 80.",respostasGemini3.1Pro,contemporâneo adulto suave,é,uma versão mais voltada para adultos de o AC,3
"Denominado o equivalente acústico a o Prozac, contemporâneo adulto suave, uma versão mais voltada para adultos de o AC, nasceu em o final de a década de 1970 e cresceu em o início de os anos 80.",respostasGemini3.1Pro,contemporâneo adulto suave,é denominado,o equivalente acústico a o Prozac,3
"Denominado o equivalente acústico a o Prozac, contemporâneo adulto suave, uma versão mais voltada para adultos de o AC, nasceu em o final de a década de 1970 e cresceu em o início de os anos 80.",respostasGemini3.1Pro,contemporâneo adulto suave,nasceu em,o final de a década de 1970,3
"Denominado o equivalente acústico a o Prozac, contemporâneo adulto suave, uma versão mais voltada para adultos de o AC, nasceu em o final de a década de 1970 e cresceu em o início de os anos 80.",respostasGemini3.1Pro,contemporâneo adulto suave,cresceu em,o início de os anos 80,3
"Henrique III reconstruiu a abadia em homenagem a um santo real, Eduardo, o Confessor, cujas relíquias foram colocadas em um santuário em o santuário.",Claude_Sonnet5,Henrique III,reconstruiu,a abadia,5
"Henrique III reconstruiu a abadia em homenagem a um santo real, Eduardo, o Confessor, cujas relíquias foram colocadas em um santuário em o santuário.",PortugueseT5OIE_Abstractive,Henrique III,reconstruiu,a abadia,5
"Henrique III reconstruiu a abadia em homenagem a um santo real, Eduardo, o Confessor, cujas relíquias foram colocadas em um santuário em o santuário.",respostaGrok4.0Fast,Henrique III,reconstruiu,a abadia,5
"Henrique III reconstruiu a abadia em homenagem a um santo real, Eduardo, o Confessor, cujas relíquias foram colocadas em um santuário em o santuário.",respostas_gpt5.5_mini,Henrique III,reconstruiu,a abadia,5
"Henrique III reconstruiu a abadia em homenagem a um santo real, Eduardo, o Confessor, cujas relíquias foram colocadas em um santuário em o santuário.",respostasGemini3.1Pro,Henrique III,reconstruiu,a abadia,5
"A Abadia de Westminster, formalmente denominada Igreja Colegiada de São Pedro em Westminster, é uma grande igreja de a abadia, principalmente gótica, em a Cidade de Westminster, Londres, localizada a oeste de o Palácio de Westminster.",Claude_Sonnet5,A Abadia de Westminster,é formalmente denominada,Igreja Colegiada de São Pedro em Westminster,4
"A Abadia de Westminster, formalmente denominada Igreja Colegiada de São Pedro em Westminster, é uma grande igreja de a abadia, principalmente gótica, em a Cidade de Westminster, Londres, localizada a oeste de o Palácio de Westminster.",Claude_Sonnet5,A Abadia de Westminster,está localizada a oeste de,o Palácio de Westminster,3
"A Abadia de Westminster, formalmente denominada Igreja Colegiada de São Pedro em Westminster, é uma grande igreja de a abadia, principalmente gótica, em a Cidade de Westminster, Londres, localizada a oeste de o Palácio de Westminster.",PortugueseT5OIE_Abstractive,A Abadia de Westminster,é formalmente denominada,Igreja Colegiada de São Pedro em Westminster,4
"A Abadia de Westminster, formalmente denominada Igreja Colegiada de São Pedro em Westminster, é uma grande igreja de a abadia, principalmente gótica, em a Cidade de Westminster, Londres, localizada a oeste de o Palácio de Westminster.",PortugueseT5OIE_Abstractive,a Cidade de Westminster,é localizada a oeste de,o Palácio de Westminster,4
"A Abadia de Westminster, formalmente denominada Igreja Colegiada de São Pedro em Westminster, é uma grande igreja de a abadia, principalmente gótica, em a Cidade de Westminster, Londres, localizada a oeste de o Palácio de Westminster.",respostas_gpt5.5_mini,A Abadia de Westminster,é formalmente denominada,Igreja Colegiada de São Pedro em Westminster,4
"A Abadia de Westminster, formalmente denominada Igreja Colegiada de São Pedro em Westminster, é uma grande igreja de a abadia, principalmente gótica, em a Cidade de Westminster, Londres, localizada a oeste de o Palácio de Westminster.",respostas_gpt5.5_mini,A Abadia de Westminster,está localizada a oeste de,o Palácio de Westminster,3
"A Abadia de Westminster, formalmente denominada Igreja Colegiada de São Pedro em Westminster, é uma grande igreja de a abadia, principalmente gótica, em a Cidade de Westminster, Londres, localizada a oeste de o Palácio de Westminster.",respostasGemini3.1Pro,A Abadia de Westminster,é formalmente denominada,Igreja Colegiada de São Pedro em Westminster,4
"Na fronteira ocidental, fica a Província de Anhui, onde Nanjing faz fronteira com cinco cidades em o nível de a prefeitura, Chuzhou a noroeste, Wuhu, Chaohu e Maanshan a oeste e Xuancheng a sudoeste.",PortugueseT5OIE_Abstractive,Nanjing,faz fronteira com,Chuzhou a noroeste,3
"Na fronteira ocidental, fica a Província de Anhui, onde Nanjing faz fronteira com cinco cidades em o nível de a prefeitura, Chuzhou a noroeste, Wuhu, Chaohu e Maanshan a oeste e Xuancheng a sudoeste.",PortugueseT5OIE_Abstractive,Nanjing,faz fronteira com,Xuancheng a sudoeste,3
"Na fronteira ocidental, fica a Província de Anhui, onde Nanjing faz fronteira com cinco cidades em o nível de a prefeitura, Chuzhou a noroeste, Wuhu, Chaohu e Maanshan a oeste e Xuancheng a sudoeste.",respostas_gpt5.5_mini,Nanjing,faz fronteira com,Chuzhou a noroeste,3
"Na fronteira ocidental, fica a Província de Anhui, onde Nanjing faz fronteira com cinco cidades em o nível de a prefeitura, Chuzhou a noroeste, Wuhu, Chaohu e Maanshan a oeste e Xuancheng a sudoeste.",respostas_gpt5.5_mini,Nanjing,faz fronteira com,Xuancheng a sudoeste,3
"Na fronteira ocidental, fica a Província de Anhui, onde Nanjing faz fronteira com cinco cidades em o nível de a prefeitura, Chuzhou a noroeste, Wuhu, Chaohu e Maanshan a oeste e Xuancheng a sudoeste.",respostasGemini3.1Pro,Nanjing,faz fronteira com,Chuzhou a noroeste,3
"Na fronteira ocidental, fica a Província de Anhui, onde Nanjing faz fronteira com cinco cidades em o nível de a prefeitura, Chuzhou a noroeste, Wuhu, Chaohu e Maanshan a oeste e Xuancheng a sudoeste.",respostasGemini3.1Pro,Nanjing,faz fronteira com,Xuancheng a sudoeste,3
"Hoje, com uma longa tradição cultural e forte apoio de instituições educacionais locais, Nanjing é comumente vista como uma cidade de a cultura e uma de as cidades mais agradáveis para se viver em a China.",Claude_Sonnet5,Nanjing,é comumente vista como,uma das cidades mais agradáveis para se viver na China,4
"Hoje, com uma longa tradição cultural e forte apoio de instituições educacionais locais, Nanjing é comumente vista como uma cidade de a cultura e uma de as cidades mais agradáveis para se viver em a China.",PortugueseT5OIE_Abstractive,Nanjing,é comumente vista como,uma cidade de as cidades mais agradáveis para se viver em a China,4
"Hoje, com uma longa tradição cultural e forte apoio de instituições educacionais locais, Nanjing é comumente vista como uma cidade de a cultura e uma de as cidades mais agradáveis para se viver em a China.",respostas_gpt5.5_mini,Nanjing,é comumente vista como,uma de as cidades mais agradáveis para se viver em a China,4
"Hoje, com uma longa tradição cultural e forte apoio de instituições educacionais locais, Nanjing é comumente vista como uma cidade de a cultura e uma de as cidades mais agradáveis para se viver em a China.",respostasGemini3.1Pro,Nanjing,é comumente vista como,uma de as cidades mais agradáveis para se viver em a China,4
"A Ópera Kun em a província de Jiangsu é um de os melhores teatros de Kunqu, a mais antiga arte de palco de a China.",Claude_Sonnet5,Kunqu,é,a mais antiga arte de palco da China,3
"A Ópera Kun em a província de Jiangsu é um de os melhores teatros de Kunqu, a mais antiga arte de palco de a China.",respostas_gpt5.5_mini,Kunqu,é,a mais antiga arte de palco de a China,3
"A Ópera Kun em a província de Jiangsu é um de os melhores teatros de Kunqu, a mais antiga arte de palco de a China.",respostasGemini3.1Pro,Kunqu,é,a mais antiga arte de palco de a China,3
"E as pessoas são até chamadas de Nanjing rabanete grande, o que significa que não são sofisticadas, apaixonadas e conservadoras.",PortugueseT5OIE_Abstractive,as pessoas,são até chamadas de,Nanjing rabanete grande,4
"E as pessoas são até chamadas de Nanjing rabanete grande, o que significa que não são sofisticadas, apaixonadas e conservadoras.",respostaGrok4.0Fast,as pessoas,são até chamadas de,Nanjing rabanete grande,4
"E as pessoas são até chamadas de Nanjing rabanete grande, o que significa que não são sofisticadas, apaixonadas e conservadoras.",respostas_gpt5.5_mini,as pessoas,são até chamadas de,Nanjing rabanete grande,4
"E as pessoas são até chamadas de Nanjing rabanete grande, o que significa que não são sofisticadas, apaixonadas e conservadoras.",respostasGemini3.1Pro,as pessoas,são chamadas de,Nanjing rabanete grande,4
"Uma de as fontes mais interessantes é a Kindlifresserbrunnen (alemão de Bernese fonte de comensal de as crianças, mas muitas vezes traduzida como fonte de ogro), que se afirma representar um judeu, o deus grego Chronos ou uma figura Fastnacht que assusta crianças desobedientes.",Claude_Sonnet5,a Kindlifresserbrunnen,é muitas vezes traduzida como,fonte de ogro,3
"Uma de as fontes mais interessantes é a Kindlifresserbrunnen (alemão de Bernese fonte de comensal de as crianças, mas muitas vezes traduzida como fonte de ogro), que se afirma representar um judeu, o deus grego Chronos ou uma figura Fastnacht que assusta crianças desobedientes.",respostaGrok4.0Fast,a Kindlifresserbrunnen,se afirma representar,um judeu,3
"Uma de as fontes mais interessantes é a Kindlifresserbrunnen (alemão de Bernese fonte de comensal de as crianças, mas muitas vezes traduzida como fonte de ogro), que se afirma representar um judeu, o deus grego Chronos ou uma figura Fastnacht que assusta crianças desobedientes.",respostas_gpt5.5_mini,a Kindlifresserbrunnen,é muitas vezes traduzida como,fonte de ogro,3
"Uma de as fontes mais interessantes é a Kindlifresserbrunnen (alemão de Bernese fonte de comensal de as crianças, mas muitas vezes traduzida como fonte de ogro), que se afirma representar um judeu, o deus grego Chronos ou uma figura Fastnacht que assusta crianças desobedientes.",respostas_gpt5.5_mini,a Kindlifresserbrunnen,se afirma representar,um judeu,3
"Uma de as fontes mais interessantes é a Kindlifresserbrunnen (alemão de Bernese fonte de comensal de as crianças, mas muitas vezes traduzida como fonte de ogro), que se afirma representar um judeu, o deus grego Chronos ou uma figura Fastnacht que assusta crianças desobedientes.",respostasGemini3.1Pro,a Kindlifresserbrunnen,é muitas vezes traduzida como,fonte de ogro,3
"Uma de as fontes mais interessantes é a Kindlifresserbrunnen (alemão de Bernese fonte de comensal de as crianças, mas muitas vezes traduzida como fonte de ogro), que se afirma representar um judeu, o deus grego Chronos ou uma figura Fastnacht que assusta crianças desobedientes.",respostasGemini3.1Pro,a Kindlifresserbrunnen,se afirma representar,um judeu,3
"Berna também é a capital de o Cantão de Berna, o segundo mais populoso de os cantões de a Suíça.",Claude_Sonnet5,o Cantão de Berna,é,o segundo mais populoso dos cantões da Suíça,3
"Berna também é a capital de o Cantão de Berna, o segundo mais populoso de os cantões de a Suíça.",respostaGrok4.0Fast,Berna,é,a capital de o Cantão de Berna,3
"Berna também é a capital de o Cantão de Berna, o segundo mais populoso de os cantões de a Suíça.",respostas_gpt5.5_mini,Berna,é,a capital de o Cantão de Berna,3
"Berna também é a capital de o Cantão de Berna, o segundo mais populoso de os cantões de a Suíça.",respostas_gpt5.5_mini,o Cantão de Berna,é,o segundo mais populoso de os cantões de a Suíça,3
"Berna também é a capital de o Cantão de Berna, o segundo mais populoso de os cantões de a Suíça.",respostasGemini3.1Pro,Berna,é,a capital de o Cantão de Berna,3
"Berna também é a capital de o Cantão de Berna, o segundo mais populoso de os cantões de a Suíça.",respostasGemini3.1Pro,o Cantão de Berna,é,o segundo mais populoso de os cantões de a Suíça,3
"O funicular de Marzilibahn é, com 106 m de comprimento, a segunda ferrovia pública mais curta de a Europa depois de o Teleférico de Zagreb.",Claude_Sonnet5,O funicular de Marzilibahn,tem,106 m de comprimento,3
"O funicular de Marzilibahn é, com 106 m de comprimento, a segunda ferrovia pública mais curta de a Europa depois de o Teleférico de Zagreb.",respostas_gpt5.5_mini,O funicular de Marzilibahn,tem,106 m de comprimento,3
"O funicular de Marzilibahn é, com 106 m de comprimento, a segunda ferrovia pública mais curta de a Europa depois de o Teleférico de Zagreb.",respostasGemini3.1Pro,O funicular de Marzilibahn,tem,106 m de comprimento,3
"Em maio de 2008, os Arquivos Nacionais anunciaram um contrato de cinco anos para digitalizar os registros selecionados, incluindo a Coleção Federal de o Censo Federal de os EUA, de 1790 a 1930, as listas de passageiros de 1820 a 1960 e os rascunhos de os cartões de registro de a Primeira e de a Segunda Guerra Mundial.",Claude_Sonnet5,os registros selecionados,incluem,as listas de passageiros de 1820 a 1960,3
"Em maio de 2008, os Arquivos Nacionais anunciaram um contrato de cinco anos para digitalizar os registros selecionados, incluindo a Coleção Federal de o Censo Federal de os EUA, de 1790 a 1930, as listas de passageiros de 1820 a 1960 e os rascunhos de os cartões de registro de a Primeira e de a Segunda Guerra Mundial.",Claude_Sonnet5,os registros selecionados,incluem,os rascunhos dos cartões de registro da Primeira e da Segunda Guerra Mundial,3
"Em maio de 2008, os Arquivos Nacionais anunciaram um contrato de cinco anos para digitalizar os registros selecionados, incluindo a Coleção Federal de o Censo Federal de os EUA, de 1790 a 1930, as listas de passageiros de 1820 a 1960 e os rascunhos de os cartões de registro de a Primeira e de a Segunda Guerra Mundial.",respostas_gpt5.5_mini,os registros selecionados,incluem,as listas de passageiros,3
"Em maio de 2008, os Arquivos Nacionais anunciaram um contrato de cinco anos para digitalizar os registros selecionados, incluindo a Coleção Federal de o Censo Federal de os EUA, de 1790 a 1930, as listas de passageiros de 1820 a 1960 e os rascunhos de os cartões de registro de a Primeira e de a Segunda Guerra Mundial.",respostas_gpt5.5_mini,os registros selecionados,incluem,os rascunhos de os cartões de registro de a Primeira e de a Segunda Guerra Mundial,3
"Em maio de 2008, os Arquivos Nacionais anunciaram um contrato de cinco anos para digitalizar os registros selecionados, incluindo a Coleção Federal de o Censo Federal de os EUA, de 1790 a 1930, as listas de passageiros de 1820 a 1960 e os rascunhos de os cartões de registro de a Primeira e de a Segunda Guerra Mundial.",respostasGemini3.1Pro,os registros selecionados,incluem,"a Coleção Federal de o Censo Federal de os EUA, de 1790 a 1930",3
"Em maio de 2008, os Arquivos Nacionais anunciaram um contrato de cinco anos para digitalizar os registros selecionados, incluindo a Coleção Federal de o Censo Federal de os EUA, de 1790 a 1930, as listas de passageiros de 1820 a 1960 e os rascunhos de os cartões de registro de a Primeira e de a Segunda Guerra Mundial.",respostasGemini3.1Pro,os registros selecionados,incluem,as listas de passageiros de 1820 a 1960,3
"Em maio de 2008, os Arquivos Nacionais anunciaram um contrato de cinco anos para digitalizar os registros selecionados, incluindo a Coleção Federal de o Censo Federal de os EUA, de 1790 a 1930, as listas de passageiros de 1820 a 1960 e os rascunhos de os cartões de registro de a Primeira e de a Segunda Guerra Mundial.",respostasGemini3.1Pro,os registros selecionados,incluem,os rascunhos de os cartões de registro de a Primeira e de a Segunda Guerra Mundial,3
"A Ilha Nightingale não tem água fresca, então os pingüins foram transportados para Tristão de a Cunha para limpeza.",respostaGrok4.0Fast,os pingüins,foram transportados para,Tristão de a Cunha,3
"A Ilha Nightingale não tem água fresca, então os pingüins foram transportados para Tristão de a Cunha para limpeza.",respostas_gpt5.5_mini,os pingüins,foram transportados para,Tristão de a Cunha,3
"A Ilha Nightingale não tem água fresca, então os pingüins foram transportados para Tristão de a Cunha para limpeza.",respostasGemini3.1Pro,os pingüins,foram transportados para,Tristão de a Cunha para limpeza,3
"A Escola de Negócios de a Universidade de o Kansas é uma escola pública de negócios localizada em o campus principal de a Universidade de o Kansas em Lawrence, Kansas.",Claude_Sonnet5,A Escola de Negócios da Universidade do Kansas,está localizada em,o campus principal da Universidade do Kansas,4
"A Escola de Negócios de a Universidade de o Kansas é uma escola pública de negócios localizada em o campus principal de a Universidade de o Kansas em Lawrence, Kansas.",PortugueseT5OIE_Abstractive,A Escola de Negócios de a Universidade de o Kansas,É localizada em,"o campus principal de a Universidade de o Kansas em Lawrence, Kansas",4
"A Escola de Negócios de a Universidade de o Kansas é uma escola pública de negócios localizada em o campus principal de a Universidade de o Kansas em Lawrence, Kansas.",respostas_gpt5.5_mini,A Escola de Negócios da Universidade do Kansas,está localizada em,o campus principal da Universidade do Kansas,4
"A Escola de Negócios de a Universidade de o Kansas é uma escola pública de negócios localizada em o campus principal de a Universidade de o Kansas em Lawrence, Kansas.",respostasGemini3.1Pro,A Escola de Negócios de a Universidade de o Kansas,é localizada em,o campus principal de a Universidade de o Kansas,4
"A Escola de Engenharia KU é uma escola pública de engenharia credenciada por a ABET, localizada em o campus principal.",Claude_Sonnet5,A Escola de Engenharia KU,é credenciada por,a ABET,4
"A Escola de Engenharia KU é uma escola pública de engenharia credenciada por a ABET, localizada em o campus principal.",Claude_Sonnet5,A Escola de Engenharia KU,está localizada em,o campus principal,4
"A Escola de Engenharia KU é uma escola pública de engenharia credenciada por a ABET, localizada em o campus principal.",PortugueseT5OIE_Abstractive,A Escola de Engenharia KU,é credenciada por,a ABET,4
"A Escola de Engenharia KU é uma escola pública de engenharia credenciada por a ABET, localizada em o campus principal.",PortugueseT5OIE_Abstractive,A Escola de Engenharia KU,é localizada em,o campus principal,4
"A Escola de Engenharia KU é uma escola pública de engenharia credenciada por a ABET, localizada em o campus principal.",respostas_gpt5.5_mini,A Escola de Engenharia KU,é credenciada por,a ABET,4
"A Escola de Engenharia KU é uma escola pública de engenharia credenciada por a ABET, localizada em o campus principal.",respostas_gpt5.5_mini,A Escola de Engenharia KU,está localizada em,o campus principal,4
"A Escola de Engenharia KU é uma escola pública de engenharia credenciada por a ABET, localizada em o campus principal.",respostasGemini3.1Pro,A Escola de Engenharia KU,é credenciada por,a ABET,4
"A Escola de Engenharia KU é uma escola pública de engenharia credenciada por a ABET, localizada em o campus principal.",respostasGemini3.1Pro,A Escola de Engenharia KU,é localizada em,o campus principal,4
O departamento de computação acadêmica de a KU participou ativamente de a configuração de a Internet e é o desenvolvedor de o navegador de a Web baseado em texto de o Lynx.,PortugueseT5OIE_Abstractive,O departamento de computação acadêmica de a KU,é,o desenvolvedor de o navegador de a Web baseado em texto de o Lynx,3
O departamento de computação acadêmica de a KU participou ativamente de a configuração de a Internet e é o desenvolvedor de o navegador de a Web baseado em texto de o Lynx.,respostas_gpt5.5_mini,O departamento de computação acadêmica da KU,é,o desenvolvedor do navegador da Web baseado em texto Lynx,3
O departamento de computação acadêmica de a KU participou ativamente de a configuração de a Internet e é o desenvolvedor de o navegador de a Web baseado em texto de o Lynx.,respostasGemini3.1Pro,O departamento de computação acadêmica de a KU,é,o desenvolvedor de o navegador de a Web baseado em texto de o Lynx,3
A KU Endowment foi fundada em 1891 como a primeira fundação de a América para uma universidade pública,Claude_Sonnet5,A KU Endowment,foi fundada como,a primeira fundação da América para uma universidade pública,4
A KU Endowment foi fundada em 1891 como a primeira fundação de a América para uma universidade pública,PortugueseT5OIE_Abstractive,A KU Endowment,foi fundada como,a primeira fundação de a América para uma universidade pública,4
A KU Endowment foi fundada em 1891 como a primeira fundação de a América para uma universidade pública,respostas_gpt5.5_mini,A KU Endowment,foi fundada como,a primeira fundação da América para uma universidade pública,4
A KU Endowment foi fundada em 1891 como a primeira fundação de a América para uma universidade pública,respostasGemini3.1Pro,A KU Endowment,foi fundada como,a primeira fundação de a América para uma universidade pública,4
Algumas formas de corrupção - agora chamadas de corrupção institucional - são diferenciadas de suborno e outros tipos de óbvios ganhos pessoais.,Claude_Sonnet5,Algumas formas de corrupção,agora são chamadas de,corrupção institucional,3
Algumas formas de corrupção - agora chamadas de corrupção institucional - são diferenciadas de suborno e outros tipos de óbvios ganhos pessoais.,Claude_Sonnet5,Algumas formas de corrupção,são diferenciadas de,outros tipos de óbvios ganhos pessoais,4
Algumas formas de corrupção - agora chamadas de corrupção institucional - são diferenciadas de suborno e outros tipos de óbvios ganhos pessoais.,PortugueseT5OIE_Abstractive,Algumas formas de corrupção,são diferenciadas de,outros tipos de óbvios ganhos pessoais,4
Algumas formas de corrupção - agora chamadas de corrupção institucional - são diferenciadas de suborno e outros tipos de óbvios ganhos pessoais.,respostas_gpt5.5_mini,Algumas formas de corrupção,são chamadas de,corrupção institucional,3
Algumas formas de corrupção - agora chamadas de corrupção institucional - são diferenciadas de suborno e outros tipos de óbvios ganhos pessoais.,respostas_gpt5.5_mini,Algumas formas de corrupção,são diferenciadas de,outros tipos de óbvios ganhos pessoais,4
Algumas formas de corrupção - agora chamadas de corrupção institucional - são diferenciadas de suborno e outros tipos de óbvios ganhos pessoais.,respostasGemini3.1Pro,Algumas formas de corrupção,são chamadas de,corrupção institucional,3
Algumas formas de corrupção - agora chamadas de corrupção institucional - são diferenciadas de suborno e outros tipos de óbvios ganhos pessoais.,respostasGemini3.1Pro,Algumas formas de corrupção,são diferenciadas de,outros tipos de óbvios ganhos pessoais,4
"O termo é aplicado com mais freqüência a padrões regionais de fala, mas um dialeto também pode ser definido por outros fatores, como classe social.",PortugueseT5OIE_Abstractive,um dialeto,pode ser definido por,outros fatores,3
"O termo é aplicado com mais freqüência a padrões regionais de fala, mas um dialeto também pode ser definido por outros fatores, como classe social.",respostaGrok4.0Fast,um dialeto,pode ser definido por,outros fatores,3
"O termo é aplicado com mais freqüência a padrões regionais de fala, mas um dialeto também pode ser definido por outros fatores, como classe social.",respostas_gpt5.5_mini,um dialeto,pode ser definido por,outros fatores,3
"O termo dialeto (de Latim dialectus, dialectos, de a palavra grega antiga διάλεκτος diálektos, discurso, de διά diá, através e λέγω legō, eu falo) é usado de duas maneiras distintas para se referir a dois tipos diferentes de fenômenos linguísticos.",Claude_Sonnet5,O termo dialeto,é usado de duas maneiras distintas para se referir a,dois tipos diferentes de fenômenos linguísticos,4
"O termo dialeto (de Latim dialectus, dialectos, de a palavra grega antiga διάλεκτος diálektos, discurso, de διά diá, através e λέγω legō, eu falo) é usado de duas maneiras distintas para se referir a dois tipos diferentes de fenômenos linguísticos.",PortugueseT5OIE_Abstractive,O termo dialeto,é usado para se referir a,dois tipos diferentes de fenômenos linguísticos,4
"O termo dialeto (de Latim dialectus, dialectos, de a palavra grega antiga διάλεκτος diálektos, discurso, de διά diá, através e λέγω legō, eu falo) é usado de duas maneiras distintas para se referir a dois tipos diferentes de fenômenos linguísticos.",respostas_gpt5.5_mini,O termo dialeto,é usado para se referir a,dois tipos diferentes de fenômenos linguísticos,4
"O termo dialeto (de Latim dialectus, dialectos, de a palavra grega antiga διάλεκτος diálektos, discurso, de διά diá, através e λέγω legō, eu falo) é usado de duas maneiras distintas para se referir a dois tipos diferentes de fenômenos linguísticos.",respostasGemini3.1Pro,O termo dialeto,é usado para se referir a,dois tipos diferentes de fenômenos linguísticos,4
"Menander Protector menciona um Daurentius (577-579) que matou um enviado avar de Khagan Bayan I. Os ávaros pediram a os eslavos que aceitassem a soberania de os ávaros, mas ele recusou e é relatado como dizendo Outros não conquistam nossa terra, conquistamos os deles - assim será sempre para nós",Claude_Sonnet5,Menander Protector,menciona,um Daurentius,4
"Menander Protector menciona um Daurentius (577-579) que matou um enviado avar de Khagan Bayan I. Os ávaros pediram a os eslavos que aceitassem a soberania de os ávaros, mas ele recusou e é relatado como dizendo Outros não conquistam nossa terra, conquistamos os deles - assim será sempre para nós",Claude_Sonnet5,Daurentius,matou,um enviado avar de Khagan Bayan I,3
"Menander Protector menciona um Daurentius (577-579) que matou um enviado avar de Khagan Bayan I. Os ávaros pediram a os eslavos que aceitassem a soberania de os ávaros, mas ele recusou e é relatado como dizendo Outros não conquistam nossa terra, conquistamos os deles - assim será sempre para nós",Claude_Sonnet5,os ávaros,pediram a,os eslavos,3
"Menander Protector menciona um Daurentius (577-579) que matou um enviado avar de Khagan Bayan I. Os ávaros pediram a os eslavos que aceitassem a soberania de os ávaros, mas ele recusou e é relatado como dizendo Outros não conquistam nossa terra, conquistamos os deles - assim será sempre para nós",PortugueseT5OIE_Abstractive,Menander Protector,menciona,um Daurentius (577-579),4
"Menander Protector menciona um Daurentius (577-579) que matou um enviado avar de Khagan Bayan I. Os ávaros pediram a os eslavos que aceitassem a soberania de os ávaros, mas ele recusou e é relatado como dizendo Outros não conquistam nossa terra, conquistamos os deles - assim será sempre para nós",respostaGrok4.0Fast,Daurentius,matou,um enviado avar de Khagan Bayan I,3
"Menander Protector menciona um Daurentius (577-579) que matou um enviado avar de Khagan Bayan I. Os ávaros pediram a os eslavos que aceitassem a soberania de os ávaros, mas ele recusou e é relatado como dizendo Outros não conquistam nossa terra, conquistamos os deles - assim será sempre para nós",respostas_gpt5.5_mini,Menander Protector,menciona,um Daurentius,4
"Menander Protector menciona um Daurentius (577-579) que matou um enviado avar de Khagan Bayan I. Os ávaros pediram a os eslavos que aceitassem a soberania de os ávaros, mas ele recusou e é relatado como dizendo Outros não conquistam nossa terra, conquistamos os deles - assim será sempre para nós",respostas_gpt5.5_mini,Daurentius,matou,um enviado avar de Khagan Bayan I,3
"Menander Protector menciona um Daurentius (577-579) que matou um enviado avar de Khagan Bayan I. Os ávaros pediram a os eslavos que aceitassem a soberania de os ávaros, mas ele recusou e é relatado como dizendo Outros não conquistam nossa terra, conquistamos os deles - assim será sempre para nós",respostas_gpt5.5_mini,Os ávaros,pediram a,os eslavos,3
"Menander Protector menciona um Daurentius (577-579) que matou um enviado avar de Khagan Bayan I. Os ávaros pediram a os eslavos que aceitassem a soberania de os ávaros, mas ele recusou e é relatado como dizendo Outros não conquistam nossa terra, conquistamos os deles - assim será sempre para nós",respostasGemini3.1Pro,Menander Protector,menciona,um Daurentius (577-579),4
"Menander Protector menciona um Daurentius (577-579) que matou um enviado avar de Khagan Bayan I. Os ávaros pediram a os eslavos que aceitassem a soberania de os ávaros, mas ele recusou e é relatado como dizendo Outros não conquistam nossa terra, conquistamos os deles - assim será sempre para nós",respostasGemini3.1Pro,Os ávaros,pediram a,os eslavos,3
"O proto-eslavo, a suposta língua ancestral de todas as línguas eslavas, é um descendente de o proto-indo-europeu comum, através de um estágio balto-eslavo, em o qual desenvolveu numerosas isoglosses lexicais e morfofonológicas com as línguas bálticas.",Claude_Sonnet5,O proto-eslavo,é,a suposta língua ancestral de todas as línguas eslavas,4
"O proto-eslavo, a suposta língua ancestral de todas as línguas eslavas, é um descendente de o proto-indo-europeu comum, através de um estágio balto-eslavo, em o qual desenvolveu numerosas isoglosses lexicais e morfofonológicas com as línguas bálticas.",Claude_Sonnet5,O proto-eslavo,é um descendente de,o proto-indo-europeu comum,3
"O proto-eslavo, a suposta língua ancestral de todas as línguas eslavas, é um descendente de o proto-indo-europeu comum, através de um estágio balto-eslavo, em o qual desenvolveu numerosas isoglosses lexicais e morfofonológicas com as línguas bálticas.",PortugueseT5OIE_Abstractive,O proto-eslavo,é,a suposta língua ancestral de todas as línguas eslavas,4
"O proto-eslavo, a suposta língua ancestral de todas as línguas eslavas, é um descendente de o proto-indo-europeu comum, através de um estágio balto-eslavo, em o qual desenvolveu numerosas isoglosses lexicais e morfofonológicas com as línguas bálticas.",PortugueseT5OIE_Abstractive,O proto-eslavo,é um descendente de,o proto-indo-europeu comum,3
"O proto-eslavo, a suposta língua ancestral de todas as línguas eslavas, é um descendente de o proto-indo-europeu comum, através de um estágio balto-eslavo, em o qual desenvolveu numerosas isoglosses lexicais e morfofonológicas com as línguas bálticas.",respostas_gpt5.5_mini,O proto-eslavo,é,a suposta língua ancestral de todas as línguas eslavas,4
"O proto-eslavo, a suposta língua ancestral de todas as línguas eslavas, é um descendente de o proto-indo-europeu comum, através de um estágio balto-eslavo, em o qual desenvolveu numerosas isoglosses lexicais e morfofonológicas com as línguas bálticas.",respostas_gpt5.5_mini,O proto-eslavo,é um descendente de,o proto-indo-europeu comum,3
"O proto-eslavo, a suposta língua ancestral de todas as línguas eslavas, é um descendente de o proto-indo-europeu comum, através de um estágio balto-eslavo, em o qual desenvolveu numerosas isoglosses lexicais e morfofonológicas com as línguas bálticas.",respostasGemini3.1Pro,O proto-eslavo,é,a suposta língua ancestral de todas as línguas eslavas,4
Os gorais de o sul de a Polônia e de o norte de a Eslováquia são parcialmente descendentes de os vlachs de língua românica que migraram para a região de os Séculos 14 a 17 e foram absorvidos por a população local.,Claude_Sonnet5,os vlachs de língua românica,migraram para,a região,3
Os gorais de o sul de a Polônia e de o norte de a Eslováquia são parcialmente descendentes de os vlachs de língua românica que migraram para a região de os Séculos 14 a 17 e foram absorvidos por a população local.,Claude_Sonnet5,os vlachs de língua românica,foram absorvidos por,a população local,4
Os gorais de o sul de a Polônia e de o norte de a Eslováquia são parcialmente descendentes de os vlachs de língua românica que migraram para a região de os Séculos 14 a 17 e foram absorvidos por a população local.,PortugueseT5OIE_Abstractive,Os gorais de o sul de a Polônia e de o norte de a Eslováquia,são descendentes de,os vlachs de língua românica,3
Os gorais de o sul de a Polônia e de o norte de a Eslováquia são parcialmente descendentes de os vlachs de língua românica que migraram para a região de os Séculos 14 a 17 e foram absorvidos por a população local.,PortugueseT5OIE_Abstractive,os vlachs de língua românica,foram absorvidos por,a população local,4
Os gorais de o sul de a Polônia e de o norte de a Eslováquia são parcialmente descendentes de os vlachs de língua românica que migraram para a região de os Séculos 14 a 17 e foram absorvidos por a população local.,respostas_gpt5.5_mini,Os gorais do sul da Polônia e do norte da Eslováquia,são parcialmente descendentes de,os vlachs de língua românica,4
Os gorais de o sul de a Polônia e de o norte de a Eslováquia são parcialmente descendentes de os vlachs de língua românica que migraram para a região de os Séculos 14 a 17 e foram absorvidos por a população local.,respostas_gpt5.5_mini,os vlachs de língua românica,migraram para,a região,3
Os gorais de o sul de a Polônia e de o norte de a Eslováquia são parcialmente descendentes de os vlachs de língua românica que migraram para a região de os Séculos 14 a 17 e foram absorvidos por a população local.,respostas_gpt5.5_mini,os vlachs de língua românica,foram absorvidos por,a população local,4
Os gorais de o sul de a Polônia e de o norte de a Eslováquia são parcialmente descendentes de os vlachs de língua românica que migraram para a região de os Séculos 14 a 17 e foram absorvidos por a população local.,respostasGemini3.1Pro,Os gorais de o sul de a Polônia e de o norte de a Eslováquia,são parcialmente descendentes de,os vlachs de língua românica,3
Os gorais de o sul de a Polônia e de o norte de a Eslováquia são parcialmente descendentes de os vlachs de língua românica que migraram para a região de os Séculos 14 a 17 e foram absorvidos por a população local.,respostasGemini3.1Pro,os vlachs de língua românica,migraram para,a região,3
Os gorais de o sul de a Polônia e de o norte de a Eslováquia são parcialmente descendentes de os vlachs de língua românica que migraram para a região de os Séculos 14 a 17 e foram absorvidos por a população local.,respostasGemini3.1Pro,os vlachs de língua românica,foram absorvidos por,a população local,4
"Josip Broz nasceu em 7 de maio de 1892 em Kumrovec, em a região croata de Hrvatsko Zagorje, em a Áustria-Hungria.",Claude_Sonnet5,Josip Broz,nasceu em,Kumrovec,3
"Josip Broz nasceu em 7 de maio de 1892 em Kumrovec, em a região croata de Hrvatsko Zagorje, em a Áustria-Hungria.",PortugueseT5OIE_Abstractive,Josip Broz,nasceu em,Kumrovec,3
"Josip Broz nasceu em 7 de maio de 1892 em Kumrovec, em a região croata de Hrvatsko Zagorje, em a Áustria-Hungria.",respostas_gpt5.5_mini,Josip Broz,nasceu em,Kumrovec,3
"Em 1937, Stalin assassinou o secretário-geral de a CPY, Milan Gorkić, em Moscou.",Claude_Sonnet5,Milan Gorkić,era,o secretário-geral da CPY,3
"Em 1937, Stalin assassinou o secretário-geral de a CPY, Milan Gorkić, em Moscou.",PortugueseT5OIE_Abstractive,Milan Gorkić,era,o secretário-geral de a CPY,3
"Em 1937, Stalin assassinou o secretário-geral de a CPY, Milan Gorkić, em Moscou.",respostas_gpt5.5_mini,Milan Gorkić,era,o secretário-geral de a CPY,3
"Em 28 de setembro de 1944, a Agência Telegráfica de a União Soviética (TASS) informou que Tito assinou um acordo com a União Soviética que permitia a entrada temporária de tropas soviéticas em o território iugoslavo, o que permitia a o Exército Vermelho auxiliar em as operações em as áreas nordeste de o país.",Claude_Sonnet5,a Agência Telegráfica da União Soviética (TASS),informou em,28 de setembro de 1944,3
"Em 28 de setembro de 1944, a Agência Telegráfica de a União Soviética (TASS) informou que Tito assinou um acordo com a União Soviética que permitia a entrada temporária de tropas soviéticas em o território iugoslavo, o que permitia a o Exército Vermelho auxiliar em as operações em as áreas nordeste de o país.",PortugueseT5OIE_Abstractive,a Agência Telegráfica de a União Soviética (TASS),informou em,28 de setembro de 1944,3
"Em 28 de setembro de 1944, a Agência Telegráfica de a União Soviética (TASS) informou que Tito assinou um acordo com a União Soviética que permitia a entrada temporária de tropas soviéticas em o território iugoslavo, o que permitia a o Exército Vermelho auxiliar em as operações em as áreas nordeste de o país.",respostasGemini3.1Pro,a Agência Telegráfica de a União Soviética (TASS),informou em,28 de setembro de 1944,3
"Em 1949, a crise quase se transformou em um conflito armado, enquanto as forças húngaras e soviéticas se aglomeravam em a fronteira jugoslava de o norte.",Claude_Sonnet5,a crise,quase se transformou em um conflito armado em,1949,3
Tito visitou a Índia de 22 de dezembro de 1954 a 8 de janeiro de 1955.,PortugueseT5OIE_Abstractive,Tito,visitou de,22 de dezembro de 1954 a 8 de janeiro de 1955,3
Tito visitou a Índia de 22 de dezembro de 1954 a 8 de janeiro de 1955.,respostas_gpt5.5_mini,Tito,visitou de,22 de dezembro de 1954 a 8 de janeiro de 1955,3
Tito visitou a Índia de 22 de dezembro de 1954 a 8 de janeiro de 1955.,respostasGemini3.1Pro,Tito,visitou de,22 de dezembro de 1954 a 8 de janeiro de 1955,3
"O maior monumento de Tito de o mundo, com cerca de 10 m de altura, está localizado em a Praça Tito (Eslovênia Titov trg), a praça central de Velenje, em a Eslovênia.",Claude_Sonnet5,a Praça Tito,é,a praça central de Velenje,3
"O maior monumento de Tito de o mundo, com cerca de 10 m de altura, está localizado em a Praça Tito (Eslovênia Titov trg), a praça central de Velenje, em a Eslovênia.",PortugueseT5OIE_Abstractive,a Praça Tito,é,a praça central de Velenje,3
"O maior monumento de Tito de o mundo, com cerca de 10 m de altura, está localizado em a Praça Tito (Eslovênia Titov trg), a praça central de Velenje, em a Eslovênia.",respostasGemini3.1Pro,a Praça Tito,é,"a praça central de Velenje, em a Eslovênia",3
"Em 1936, quando Tito ficou em o Hotel Lux, em Moscou, conheceu a camarada austríaca Lucia Bauer.",Claude_Sonnet5,Tito,conheceu,a camarada austríaca Lucia Bauer,5
"Em 1936, quando Tito ficou em o Hotel Lux, em Moscou, conheceu a camarada austríaca Lucia Bauer.",PortugueseT5OIE_Abstractive,Tito,conheceu,a camarada austríaca Lucia Bauer,5
"Em 1936, quando Tito ficou em o Hotel Lux, em Moscou, conheceu a camarada austríaca Lucia Bauer.",respostaGrok4.0Fast,Tito,conheceu,a camarada austríaca Lucia Bauer,5
"Em 1936, quando Tito ficou em o Hotel Lux, em Moscou, conheceu a camarada austríaca Lucia Bauer.",respostas_gpt5.5_mini,Tito,conheceu,a camarada austríaca Lucia Bauer,5
"Em 1936, quando Tito ficou em o Hotel Lux, em Moscou, conheceu a camarada austríaca Lucia Bauer.",respostasGemini3.1Pro,Tito,conheceu,a camarada austríaca Lucia Bauer,5
"Na Segunda Guerra Mundial, os Estados Unidos, durante a campanha de Gilbert e Marshall, invadiram e ocuparam as ilhas em 1944, destruindo ou isolando as guarnições japonesas.",Claude_Sonnet5,os Estados Unidos,invadiram,as ilhas,4
"Na Segunda Guerra Mundial, os Estados Unidos, durante a campanha de Gilbert e Marshall, invadiram e ocuparam as ilhas em 1944, destruindo ou isolando as guarnições japonesas.",Claude_Sonnet5,os Estados Unidos,ocuparam,as ilhas,3
"Na Segunda Guerra Mundial, os Estados Unidos, durante a campanha de Gilbert e Marshall, invadiram e ocuparam as ilhas em 1944, destruindo ou isolando as guarnições japonesas.",PortugueseT5OIE_Abstractive,os Estados Unidos,invadiram,as ilhas,4
"Na Segunda Guerra Mundial, os Estados Unidos, durante a campanha de Gilbert e Marshall, invadiram e ocuparam as ilhas em 1944, destruindo ou isolando as guarnições japonesas.",respostas_gpt5.5_mini,Os Estados Unidos,invadiram,as ilhas,4
"Na Segunda Guerra Mundial, os Estados Unidos, durante a campanha de Gilbert e Marshall, invadiram e ocuparam as ilhas em 1944, destruindo ou isolando as guarnições japonesas.",respostas_gpt5.5_mini,Os Estados Unidos,ocuparam,as ilhas,3
"Na Segunda Guerra Mundial, os Estados Unidos, durante a campanha de Gilbert e Marshall, invadiram e ocuparam as ilhas em 1944, destruindo ou isolando as guarnições japonesas.",respostasGemini3.1Pro,os Estados Unidos,invadiram,as ilhas,4
"Na Segunda Guerra Mundial, os Estados Unidos, durante a campanha de Gilbert e Marshall, invadiram e ocuparam as ilhas em 1944, destruindo ou isolando as guarnições japonesas.",respostasGemini3.1Pro,os Estados Unidos,ocuparam,as ilhas,3
"Mais de dois terços de a população vive em a capital, Majuro e Ebeye, o centro urbano secundário, localizado em o Atol de Kwajalein.",Claude_Sonnet5,Mais de dois terços da população,vive em,"a capital, Majuro",3
"Mais de dois terços de a população vive em a capital, Majuro e Ebeye, o centro urbano secundário, localizado em o Atol de Kwajalein.",Claude_Sonnet5,Mais de dois terços da população,vive em,Ebeye,3
"Mais de dois terços de a população vive em a capital, Majuro e Ebeye, o centro urbano secundário, localizado em o Atol de Kwajalein.",Claude_Sonnet5,Ebeye,é,o centro urbano secundário,3
"Mais de dois terços de a população vive em a capital, Majuro e Ebeye, o centro urbano secundário, localizado em o Atol de Kwajalein.",Claude_Sonnet5,Ebeye,está localizado em,o Atol de Kwajalein,3
"Mais de dois terços de a população vive em a capital, Majuro e Ebeye, o centro urbano secundário, localizado em o Atol de Kwajalein.",respostaGrok4.0Fast,Mais de dois terços de a população,vive em,"a capital, Majuro e Ebeye",3
"Mais de dois terços de a população vive em a capital, Majuro e Ebeye, o centro urbano secundário, localizado em o Atol de Kwajalein.",respostas_gpt5.5_mini,Mais de dois terços da população,vive em,Ebeye,3
"Mais de dois terços de a população vive em a capital, Majuro e Ebeye, o centro urbano secundário, localizado em o Atol de Kwajalein.",respostas_gpt5.5_mini,Ebeye,é,o centro urbano secundário,3
"Mais de dois terços de a população vive em a capital, Majuro e Ebeye, o centro urbano secundário, localizado em o Atol de Kwajalein.",respostas_gpt5.5_mini,Ebeye,está localizado em,o Atol de Kwajalein,3
"Mais de dois terços de a população vive em a capital, Majuro e Ebeye, o centro urbano secundário, localizado em o Atol de Kwajalein.",respostasGemini3.1Pro,Mais de dois terços de a população,vive em,"a capital, Majuro",3
"Mais de dois terços de a população vive em a capital, Majuro e Ebeye, o centro urbano secundário, localizado em o Atol de Kwajalein.",respostasGemini3.1Pro,Mais de dois terços de a população,vive em,Ebeye,3
"Mais de dois terços de a população vive em a capital, Majuro e Ebeye, o centro urbano secundário, localizado em o Atol de Kwajalein.",respostasGemini3.1Pro,Ebeye,é,o centro urbano secundário,3
"Mais de dois terços de a população vive em a capital, Majuro e Ebeye, o centro urbano secundário, localizado em o Atol de Kwajalein.",respostasGemini3.1Pro,Ebeye,é localizado em,o Atol de Kwajalein,3
"Os direitos de os nobres ortodoxos eram nominalmente iguais a os de Nobreza polaca e lituana, mas havia uma pressão cultural para se converter a o catolicismo, que foi grandemente facilitada em 1596 por a União de Brest.",Claude_Sonnet5,a pressão cultural para se converter ao catolicismo,foi grandemente facilitada por,a União de Brest,3
"Os direitos de os nobres ortodoxos eram nominalmente iguais a os de Nobreza polaca e lituana, mas havia uma pressão cultural para se converter a o catolicismo, que foi grandemente facilitada em 1596 por a União de Brest.",respostas_gpt5.5_mini,a pressão cultural para se converter ao catolicismo,foi grandemente facilitada por,a União de Brest,3
"Os direitos de os nobres ortodoxos eram nominalmente iguais a os de Nobreza polaca e lituana, mas havia uma pressão cultural para se converter a o catolicismo, que foi grandemente facilitada em 1596 por a União de Brest.",respostasGemini3.1Pro,uma pressão cultural para se converter a o catolicismo,foi facilitada por,a União de Brest,3
"No livro 8, Enéias se alia a o rei Evander, que ocupa o futuro local de Roma, e recebe novas armaduras e um escudo representando a história romana.",Claude_Sonnet5,o rei Evander,ocupa,o futuro local de Roma,4
"No livro 8, Enéias se alia a o rei Evander, que ocupa o futuro local de Roma, e recebe novas armaduras e um escudo representando a história romana.",Claude_Sonnet5,Enéias,recebe,novas armaduras,4
"No livro 8, Enéias se alia a o rei Evander, que ocupa o futuro local de Roma, e recebe novas armaduras e um escudo representando a história romana.",Claude_Sonnet5,Enéias,recebe,um escudo representando a história romana,3
"No livro 8, Enéias se alia a o rei Evander, que ocupa o futuro local de Roma, e recebe novas armaduras e um escudo representando a história romana.",PortugueseT5OIE_Abstractive,o rei Evander,ocupa,o futuro local de Roma,4
"No livro 8, Enéias se alia a o rei Evander, que ocupa o futuro local de Roma, e recebe novas armaduras e um escudo representando a história romana.",PortugueseT5OIE_Abstractive,Enéias,recebe,novas armaduras,4
"No livro 8, Enéias se alia a o rei Evander, que ocupa o futuro local de Roma, e recebe novas armaduras e um escudo representando a história romana.",respostas_gpt5.5_mini,o rei Evander,ocupa,o futuro local de Roma,4
"No livro 8, Enéias se alia a o rei Evander, que ocupa o futuro local de Roma, e recebe novas armaduras e um escudo representando a história romana.",respostas_gpt5.5_mini,Enéias,recebe,novas armaduras,4
"No livro 8, Enéias se alia a o rei Evander, que ocupa o futuro local de Roma, e recebe novas armaduras e um escudo representando a história romana.",respostas_gpt5.5_mini,Enéias,recebe,um escudo representando a história romana,3
"No livro 8, Enéias se alia a o rei Evander, que ocupa o futuro local de Roma, e recebe novas armaduras e um escudo representando a história romana.",respostasGemini3.1Pro,o rei Evander,ocupa,o futuro local de Roma,4
"No livro 8, Enéias se alia a o rei Evander, que ocupa o futuro local de Roma, e recebe novas armaduras e um escudo representando a história romana.",respostasGemini3.1Pro,Enéias,recebe,novas armaduras,4
"No livro 8, Enéias se alia a o rei Evander, que ocupa o futuro local de Roma, e recebe novas armaduras e um escudo representando a história romana.",respostasGemini3.1Pro,Enéias,recebe,um escudo representando a história romana,3
"A estrutura de o nappe de fundo é de origem européia continental, sobre a qual são empilhados nappes de sedimentos marinhos, rematados por nappes derivados de a chapa africana",Claude_Sonnet5,nappes de sedimentos marinhos,são empilhados sobre,a estrutura do nappe de fundo,4
"A estrutura de o nappe de fundo é de origem européia continental, sobre a qual são empilhados nappes de sedimentos marinhos, rematados por nappes derivados de a chapa africana",Claude_Sonnet5,nappes de sedimentos marinhos,são rematados por,nappes derivados da chapa africana,4
"A estrutura de o nappe de fundo é de origem européia continental, sobre a qual são empilhados nappes de sedimentos marinhos, rematados por nappes derivados de a chapa africana",PortugueseT5OIE_Abstractive,nappes de sedimentos marinhos,são empilhados sobre,a estrutura de o nappe de fundo,4
"A estrutura de o nappe de fundo é de origem européia continental, sobre a qual são empilhados nappes de sedimentos marinhos, rematados por nappes derivados de a chapa africana",PortugueseT5OIE_Abstractive,nappes de sedimentos marinhos,são rematados por,nappes derivados de a chapa africana,4
"A estrutura de o nappe de fundo é de origem européia continental, sobre a qual são empilhados nappes de sedimentos marinhos, rematados por nappes derivados de a chapa africana",respostas_gpt5.5_mini,nappes de sedimentos marinhos,são empilhados sobre,a estrutura de o nappe de fundo,4
"A estrutura de o nappe de fundo é de origem européia continental, sobre a qual são empilhados nappes de sedimentos marinhos, rematados por nappes derivados de a chapa africana",respostas_gpt5.5_mini,nappes de sedimentos marinhos,são rematados por,nappes derivados de a chapa africana,4
"A estrutura de o nappe de fundo é de origem européia continental, sobre a qual são empilhados nappes de sedimentos marinhos, rematados por nappes derivados de a chapa africana",respostasGemini3.1Pro,nappes de sedimentos marinhos,são empilhados sobre,a estrutura de origem européia continental de o nappe de fundo,4
"A estrutura de o nappe de fundo é de origem européia continental, sobre a qual são empilhados nappes de sedimentos marinhos, rematados por nappes derivados de a chapa africana",respostasGemini3.1Pro,nappes de sedimentos marinhos,são rematados por,nappes derivados de a chapa africana,4
"Agassiz estudou o movimento de as geleiras em a década de 1840 em a Geleira Unteraar, onde descobriu que a geleira se movia 100 m (328 pés) por ano, mais rapidamente em o meio de o que em as bordas.",PortugueseT5OIE_Abstractive,Agassiz,estudou em,a década de 1840,3
"Agassiz estudou o movimento de as geleiras em a década de 1840 em a Geleira Unteraar, onde descobriu que a geleira se movia 100 m (328 pés) por ano, mais rapidamente em o meio de o que em as bordas.",PortugueseT5OIE_Abstractive,Agassiz,estudou em,a Geleira Unteraar,3
"Agassiz estudou o movimento de as geleiras em a década de 1840 em a Geleira Unteraar, onde descobriu que a geleira se movia 100 m (328 pés) por ano, mais rapidamente em o meio de o que em as bordas.",respostas_gpt5.5_mini,Agassiz,estudou em,a década de 1840,3
"Agassiz estudou o movimento de as geleiras em a década de 1840 em a Geleira Unteraar, onde descobriu que a geleira se movia 100 m (328 pés) por ano, mais rapidamente em o meio de o que em as bordas.",respostas_gpt5.5_mini,Agassiz,estudou em,a Geleira Unteraar,3
"Agassiz estudou o movimento de as geleiras em a década de 1840 em a Geleira Unteraar, onde descobriu que a geleira se movia 100 m (328 pés) por ano, mais rapidamente em o meio de o que em as bordas.",respostasGemini3.1Pro,Agassiz,estudou em,a década de 1840,3
"Agassiz estudou o movimento de as geleiras em a década de 1840 em a Geleira Unteraar, onde descobriu que a geleira se movia 100 m (328 pés) por ano, mais rapidamente em o meio de o que em as bordas.",respostasGemini3.1Pro,Agassiz,estudou em,a Geleira Unteraar,3
"Em altitudes entre 1.000 e 3.000 m (3.281 e 9.843 pés), a queda de neve começa em novembro e se acumula até abril ou maio, quando o derretimento começa.",Claude_Sonnet5,o derretimento,começa em,abril ou maio,3
"Em altitudes entre 1.000 e 3.000 m (3.281 e 9.843 pés), a queda de neve começa em novembro e se acumula até abril ou maio, quando o derretimento começa.",respostas_gpt5.5_mini,o derretimento,começa em,abril ou maio,3
"Em altitudes entre 1.000 e 3.000 m (3.281 e 9.843 pés), a queda de neve começa em novembro e se acumula até abril ou maio, quando o derretimento começa.",respostasGemini3.1Pro,o derretimento,começa em,abril ou maio,3
"A zona montanhosa se estende de 800 a 1.700 m (2.625 a 5.577 pés), seguida por a zona sub-alpina de 1.600 a 2.400 m (5.249 a 7.874 pés).",Claude_Sonnet5,A zona montanhosa,é seguida por,a zona sub-alpina de 1.600 a 2.400 m (5.249 a 7.874 pés),3
"A zona montanhosa se estende de 800 a 1.700 m (2.625 a 5.577 pés), seguida por a zona sub-alpina de 1.600 a 2.400 m (5.249 a 7.874 pés).",PortugueseT5OIE_Abstractive,A zona montanhosa,é seguida por,a zona sub-alpina de 1.600 a 2.400 m,3
"A zona montanhosa se estende de 800 a 1.700 m (2.625 a 5.577 pés), seguida por a zona sub-alpina de 1.600 a 2.400 m (5.249 a 7.874 pés).",respostasGemini3.1Pro,A zona montanhosa,é seguida por,a zona sub-alpina de 1.600 a 2.400 m (5.249 a 7.874 pés),3
"As plantas alpinas são agrupadas por habitat e tipo de solo, que pode ser calcário ou não calcário.",Claude_Sonnet5,As plantas alpinas,são agrupadas por,habitat,4
"As plantas alpinas são agrupadas por habitat e tipo de solo, que pode ser calcário ou não calcário.",PortugueseT5OIE_Abstractive,As plantas alpinas,são agrupadas por,habitat,4
"As plantas alpinas são agrupadas por habitat e tipo de solo, que pode ser calcário ou não calcário.",PortugueseT5OIE_Abstractive,tipo de solo,pode ser,calcário,3
"As plantas alpinas são agrupadas por habitat e tipo de solo, que pode ser calcário ou não calcário.",PortugueseT5OIE_Abstractive,tipo de solo,pode ser,não calcário,3
"As plantas alpinas são agrupadas por habitat e tipo de solo, que pode ser calcário ou não calcário.",respostas_gpt5.5_mini,As plantas alpinas,são agrupadas por,habitat,4
"As plantas alpinas são agrupadas por habitat e tipo de solo, que pode ser calcário ou não calcário.",respostas_gpt5.5_mini,o tipo de solo,pode ser,calcário,3
"As plantas alpinas são agrupadas por habitat e tipo de solo, que pode ser calcário ou não calcário.",respostas_gpt5.5_mini,o tipo de solo,pode ser,não calcário,3
"As plantas alpinas são agrupadas por habitat e tipo de solo, que pode ser calcário ou não calcário.",respostasGemini3.1Pro,As plantas alpinas,são agrupadas por,habitat,4
"As plantas alpinas são agrupadas por habitat e tipo de solo, que pode ser calcário ou não calcário.",respostasGemini3.1Pro,o tipo de solo,pode ser,calcário,3
"As plantas alpinas são agrupadas por habitat e tipo de solo, que pode ser calcário ou não calcário.",respostasGemini3.1Pro,o tipo de solo,pode ser,não calcário,3
"Durante essas visitas, Shelley escreveu o poema Mont Blanc, Byron escreveu O Prisioneiro de Chillon e o dramático poema Manfred, e Mary Shelley, que achou a paisagem avassaladora, concebeu a idéia de o romance Frankenstein em sua vila às margens de o rio.",Claude_Sonnet5,Byron,escreveu,O Prisioneiro de Chillon,4
"Durante essas visitas, Shelley escreveu o poema Mont Blanc, Byron escreveu O Prisioneiro de Chillon e o dramático poema Manfred, e Mary Shelley, que achou a paisagem avassaladora, concebeu a idéia de o romance Frankenstein em sua vila às margens de o rio.",Claude_Sonnet5,Byron,escreveu,o dramático poema Manfred,4
"Durante essas visitas, Shelley escreveu o poema Mont Blanc, Byron escreveu O Prisioneiro de Chillon e o dramático poema Manfred, e Mary Shelley, que achou a paisagem avassaladora, concebeu a idéia de o romance Frankenstein em sua vila às margens de o rio.",Claude_Sonnet5,Mary Shelley,achou,a paisagem avassaladora,4
"Durante essas visitas, Shelley escreveu o poema Mont Blanc, Byron escreveu O Prisioneiro de Chillon e o dramático poema Manfred, e Mary Shelley, que achou a paisagem avassaladora, concebeu a idéia de o romance Frankenstein em sua vila às margens de o rio.",PortugueseT5OIE_Abstractive,Byron,escreveu,O Prisioneiro de Chillon,4
"Durante essas visitas, Shelley escreveu o poema Mont Blanc, Byron escreveu O Prisioneiro de Chillon e o dramático poema Manfred, e Mary Shelley, que achou a paisagem avassaladora, concebeu a idéia de o romance Frankenstein em sua vila às margens de o rio.",PortugueseT5OIE_Abstractive,Byron,escreveu,o dramático poema Manfred,4
"Durante essas visitas, Shelley escreveu o poema Mont Blanc, Byron escreveu O Prisioneiro de Chillon e o dramático poema Manfred, e Mary Shelley, que achou a paisagem avassaladora, concebeu a idéia de o romance Frankenstein em sua vila às margens de o rio.",PortugueseT5OIE_Abstractive,Mary Shelley,achou,a paisagem avassaladora,4
"Durante essas visitas, Shelley escreveu o poema Mont Blanc, Byron escreveu O Prisioneiro de Chillon e o dramático poema Manfred, e Mary Shelley, que achou a paisagem avassaladora, concebeu a idéia de o romance Frankenstein em sua vila às margens de o rio.",respostas_gpt5.5_mini,Byron,escreveu,O Prisioneiro de Chillon,4
"Durante essas visitas, Shelley escreveu o poema Mont Blanc, Byron escreveu O Prisioneiro de Chillon e o dramático poema Manfred, e Mary Shelley, que achou a paisagem avassaladora, concebeu a idéia de o romance Frankenstein em sua vila às margens de o rio.",respostas_gpt5.5_mini,Byron,escreveu,o dramático poema Manfred,4
"Durante essas visitas, Shelley escreveu o poema Mont Blanc, Byron escreveu O Prisioneiro de Chillon e o dramático poema Manfred, e Mary Shelley, que achou a paisagem avassaladora, concebeu a idéia de o romance Frankenstein em sua vila às margens de o rio.",respostas_gpt5.5_mini,Mary Shelley,achou,a paisagem avassaladora,4
"Durante essas visitas, Shelley escreveu o poema Mont Blanc, Byron escreveu O Prisioneiro de Chillon e o dramático poema Manfred, e Mary Shelley, que achou a paisagem avassaladora, concebeu a idéia de o romance Frankenstein em sua vila às margens de o rio.",respostasGemini3.1Pro,Byron,escreveu,O Prisioneiro de Chillon,4
"Durante essas visitas, Shelley escreveu o poema Mont Blanc, Byron escreveu O Prisioneiro de Chillon e o dramático poema Manfred, e Mary Shelley, que achou a paisagem avassaladora, concebeu a idéia de o romance Frankenstein em sua vila às margens de o rio.",respostasGemini3.1Pro,Byron,escreveu,o dramático poema Manfred,4
"Durante essas visitas, Shelley escreveu o poema Mont Blanc, Byron escreveu O Prisioneiro de Chillon e o dramático poema Manfred, e Mary Shelley, que achou a paisagem avassaladora, concebeu a idéia de o romance Frankenstein em sua vila às margens de o rio.",respostasGemini3.1Pro,Mary Shelley,achou,a paisagem avassaladora,4
"A cozinha é separada de a área de estar (chamada stube, a área de a casa aquecida por um fogão) e os quartos de o segundo andar se beneficiam de o aumento de o calor.",Claude_Sonnet5,a área de estar,é chamada,stube,4
"A cozinha é separada de a área de estar (chamada stube, a área de a casa aquecida por um fogão) e os quartos de o segundo andar se beneficiam de o aumento de o calor.",Claude_Sonnet5,os quartos do segundo andar,se beneficiam de,o aumento do calor,4
"A cozinha é separada de a área de estar (chamada stube, a área de a casa aquecida por um fogão) e os quartos de o segundo andar se beneficiam de o aumento de o calor.",PortugueseT5OIE_Abstractive,a área de estar,é chamada,stube,4
"A cozinha é separada de a área de estar (chamada stube, a área de a casa aquecida por um fogão) e os quartos de o segundo andar se beneficiam de o aumento de o calor.",PortugueseT5OIE_Abstractive,os quartos de o segundo andar,se beneficiam de,o aumento de o calor,4
"A cozinha é separada de a área de estar (chamada stube, a área de a casa aquecida por um fogão) e os quartos de o segundo andar se beneficiam de o aumento de o calor.",respostas_gpt5.5_mini,a área de estar,é chamada,stube,4
"A cozinha é separada de a área de estar (chamada stube, a área de a casa aquecida por um fogão) e os quartos de o segundo andar se beneficiam de o aumento de o calor.",respostas_gpt5.5_mini,os quartos de o segundo andar,se beneficiam de,o aumento de o calor,4
"A cozinha é separada de a área de estar (chamada stube, a área de a casa aquecida por um fogão) e os quartos de o segundo andar se beneficiam de o aumento de o calor.",respostasGemini3.1Pro,a área de estar,é chamada de,stube,4
"A cozinha é separada de a área de estar (chamada stube, a área de a casa aquecida por um fogão) e os quartos de o segundo andar se beneficiam de o aumento de o calor.",respostasGemini3.1Pro,os quartos de o segundo andar,se beneficiam de,o aumento de o calor,4
Os cristais alpinos foram estudados e coletados por centenas de anos e começaram a ser classificados em o século 18.,Claude_Sonnet5,Os cristais alpinos,foram coletados por,centenas de anos,4
Os cristais alpinos foram estudados e coletados por centenas de anos e começaram a ser classificados em o século 18.,Claude_Sonnet5,Os cristais alpinos,começaram a ser classificados em,o século 18,4
Os cristais alpinos foram estudados e coletados por centenas de anos e começaram a ser classificados em o século 18.,PortugueseT5OIE_Abstractive,Os cristais alpinos,foram coletados por,centenas de anos,4
Os cristais alpinos foram estudados e coletados por centenas de anos e começaram a ser classificados em o século 18.,PortugueseT5OIE_Abstractive,Os cristais alpinos,começaram a ser classificados em,o século 18,4
Os cristais alpinos foram estudados e coletados por centenas de anos e começaram a ser classificados em o século 18.,respostas_gpt5.5_mini,Os cristais alpinos,foram coletados por,centenas de anos,4
Os cristais alpinos foram estudados e coletados por centenas de anos e começaram a ser classificados em o século 18.,respostas_gpt5.5_mini,Os cristais alpinos,começaram a ser classificados em,o século 18,4
Os cristais alpinos foram estudados e coletados por centenas de anos e começaram a ser classificados em o século 18.,respostasGemini3.1Pro,Os cristais alpinos,foram coletados por,centenas de anos,4
Os cristais alpinos foram estudados e coletados por centenas de anos e começaram a ser classificados em o século 18.,respostasGemini3.1Pro,Os cristais alpinos,começaram a ser classificados em,o século 18,4
"A expressão de os genes codificados em o DNA começa por a transcrição de o gene para o RNA, um segundo tipo de ácido nucleico muito semelhante a o DNA, mas cujos monômeros contêm a ribose de o açúcar em vez de a desoxirribose.",Claude_Sonnet5,o RNA,é,um segundo tipo de ácido nucleico muito semelhante ao DNA,4
"A expressão de os genes codificados em o DNA começa por a transcrição de o gene para o RNA, um segundo tipo de ácido nucleico muito semelhante a o DNA, mas cujos monômeros contêm a ribose de o açúcar em vez de a desoxirribose.",Claude_Sonnet5,os monômeros do RNA,contêm,a ribose do açúcar,3
"A expressão de os genes codificados em o DNA começa por a transcrição de o gene para o RNA, um segundo tipo de ácido nucleico muito semelhante a o DNA, mas cujos monômeros contêm a ribose de o açúcar em vez de a desoxirribose.",PortugueseT5OIE_Abstractive,o RNA,é,um segundo tipo de ácido nucleico muito semelhante a o DNA,4
"A expressão de os genes codificados em o DNA começa por a transcrição de o gene para o RNA, um segundo tipo de ácido nucleico muito semelhante a o DNA, mas cujos monômeros contêm a ribose de o açúcar em vez de a desoxirribose.",PortugueseT5OIE_Abstractive,os monômeros do RNA,contêm,a ribose de o açúcar,4
"A expressão de os genes codificados em o DNA começa por a transcrição de o gene para o RNA, um segundo tipo de ácido nucleico muito semelhante a o DNA, mas cujos monômeros contêm a ribose de o açúcar em vez de a desoxirribose.",respostas_gpt5.5_mini,o RNA,é,um segundo tipo de ácido nucleico muito semelhante a o DNA,4
"A expressão de os genes codificados em o DNA começa por a transcrição de o gene para o RNA, um segundo tipo de ácido nucleico muito semelhante a o DNA, mas cujos monômeros contêm a ribose de o açúcar em vez de a desoxirribose.",respostas_gpt5.5_mini,os monômeros de o RNA,contêm,a ribose de o açúcar,4
"A expressão de os genes codificados em o DNA começa por a transcrição de o gene para o RNA, um segundo tipo de ácido nucleico muito semelhante a o DNA, mas cujos monômeros contêm a ribose de o açúcar em vez de a desoxirribose.",respostasGemini3.1Pro,o RNA,é,um segundo tipo de ácido nucleico muito semelhante a o DNA,4
"A expressão de os genes codificados em o DNA começa por a transcrição de o gene para o RNA, um segundo tipo de ácido nucleico muito semelhante a o DNA, mas cujos monômeros contêm a ribose de o açúcar em vez de a desoxirribose.",respostasGemini3.1Pro,os monômeros de o RNA,contêm,a ribose de o açúcar em vez de a desoxirribose,3
Um cromossomo consiste em uma única hélice de DNA muito longa em a qual milhares de genes são codificados.,Claude_Sonnet5,milhares de genes,são codificados em,a única hélice de DNA muito longa,4
Um cromossomo consiste em uma única hélice de DNA muito longa em a qual milhares de genes são codificados.,PortugueseT5OIE_Abstractive,milhares de genes,são codificados em,uma única hélice de DNA muito longa,4
Um cromossomo consiste em uma única hélice de DNA muito longa em a qual milhares de genes são codificados.,respostas_gpt5.5_mini,milhares de genes,são codificados em,uma única hélice de DNA muito longa,4
Um cromossomo consiste em uma única hélice de DNA muito longa em a qual milhares de genes são codificados.,respostasGemini3.1Pro,milhares de genes,são codificados em,uma única hélice de DNA muito longa,4
"João Bernardo Nino Vieira foi eleito em 2005 como Presidente de a Guiné-Bissau como independente, sendo declarado vencedor de o segundo turno por o CNE (Comitê Nacional de Eleições).",Claude_Sonnet5,João Bernardo Nino Vieira,foi eleito como,independente,3
"João Bernardo Nino Vieira foi eleito em 2005 como Presidente de a Guiné-Bissau como independente, sendo declarado vencedor de o segundo turno por o CNE (Comitê Nacional de Eleições).",PortugueseT5OIE_Abstractive,João Bernardo Nino Vieira,foi eleito como,Presidente de a Guiné-Bissau,3
"João Bernardo Nino Vieira foi eleito em 2005 como Presidente de a Guiné-Bissau como independente, sendo declarado vencedor de o segundo turno por o CNE (Comitê Nacional de Eleições).",respostas_gpt5.5_mini,João Bernardo Nino Vieira,foi eleito como,Presidente de a Guiné-Bissau,3
"João Bernardo Nino Vieira foi eleito em 2005 como Presidente de a Guiné-Bissau como independente, sendo declarado vencedor de o segundo turno por o CNE (Comitê Nacional de Eleições).",respostas_gpt5.5_mini,João Bernardo Nino Vieira,foi eleito como,independente,3
"João Bernardo Nino Vieira foi eleito em 2005 como Presidente de a Guiné-Bissau como independente, sendo declarado vencedor de o segundo turno por o CNE (Comitê Nacional de Eleições).",respostasGemini3.1Pro,João Bernardo Nino Vieira,foi eleito como,Presidente de a Guiné-Bissau,3
"João Bernardo Nino Vieira foi eleito em 2005 como Presidente de a Guiné-Bissau como independente, sendo declarado vencedor de o segundo turno por o CNE (Comitê Nacional de Eleições).",respostasGemini3.1Pro,João Bernardo Nino Vieira,foi eleito como,independente,3
