Frase,Gabarito (Gold),Claude_sonnet5,respostaGrok4.0Fast,respostasGemini3.1Pro,respostas_gpt5.5_mini
"A universidade é afiliada a a Congregação de a Santa Cruz (em latim Congregatio a Sancta Cruce, pós-nominais abreviados","⚠ A universidade → é → afiliada a a Congregação de a Santa Cruz
A universidade → é afiliada a → a Congregação de a Santa Cruz","✓✓ A universidade → é afiliada a → a Congregação de a Santa Cruz
✗ a Congregação de a Santa Cruz → é chamada em latim → Congregatio a Sancta Cruce","✓✓ A universidade → é afiliada a → a Congregação de a Santa Cruz
✗ A universidade → é afiliada a → a Congregação da Santa Cruz
✗ Congregação de a Santa Cruz → é em latim → Congregatio a Sancta Cruce","✓✓ A universidade → é afiliada a → a Congregação de a Santa Cruz
✗ a Congregação de a Santa Cruz → é em latim → Congregatio a Sancta Cruce",✓ A universidade → é afiliada a → a Congregação de Santa Cruz
"Michael J. Shea, formado em 1904, escreveu a música, e seu irmão, John F. Shea, que se formou em 1906 e 1908, escreveu a letra original.",Michael J. Shea → escreveu → a música,"✗ Michael J. Shea → formou-se em → 1904
✓✓ Michael J. Shea → escreveu → a música
✗ John F. Shea → é → o irmão de Michael J. Shea
✗ John F. Shea → se formou em → 1906
✗ John F. Shea → se formou em → 1908
✗ John F. Shea → escreveu → a letra original","✗ Michael J. Shea → formado em → 1904
✓✓ Michael J. Shea → escreveu → a música
✗ John F. Shea → é seu irmão → Michael J. Shea
✗ John F. Shea → se formou em → 1906
✗ John F. Shea → se formou em → 1908
✗ John F. Shea → escreveu → a letra original","✓✓ Michael J. Shea → escreveu → a música
✗ Michael J. Shea → foi formado em → 1904
✗ o irmão de Michael J. Shea → é → John F. Shea
✗ John F. Shea → escreveu → a letra original
✗ John F. Shea → se formou em → 1906
✗ John F. Shea → se formou em → 1908","✗ Michael J. Shea → tem como irmão → John F. Shea
✗ Michael J. Shea → formou-se em → 1904
✓✓ Michael J. Shea → escreveu → a música
✗ John F. Shea → formou-se em → 1906 e 1908
✗ John F. Shea → escreveu → a letra original"
"A Universidade de Notre Dame du Lac (ou simplesmente Notre Dame / ˌnoʊtərˈdeɪm / NOH-tər-DAYM) é uma Universidade Católica de Pesquisa localizada a o lado de South Bend, Indiana, em os Estados Unidos.","⚠ A Universidade de Notre Dame → é → uma Universidade Católica de Pesquisa
A Universidade de Notre Dame du Lac → é → uma Universidade Católica de Pesquisa","✗ A Universidade de Notre Dame du Lac → é conhecida simplesmente como → Notre Dame
✓✓ A Universidade de Notre Dame du Lac → é → uma Universidade Católica de Pesquisa
✗ A Universidade de Notre Dame du Lac → é localizada ao lado de → South Bend, Indiana
✗ A Universidade de Notre Dame du Lac → é localizada em → os Estados Unidos","✓✓ A Universidade de Notre Dame du Lac → é → uma Universidade Católica de Pesquisa
✗ A Universidade de Notre Dame du Lac → é também → Notre Dame
✗ A Universidade de Notre Dame du Lac → é localizada ao lado de → South Bend, Indiana
✗ A Universidade de Notre Dame du Lac → é localizada em → os Estados Unidos","✗ A Universidade de Notre Dame du Lac → é → uma Universidade Católica de Pesquisa localizada a o lado de South Bend
✗ A Universidade de Notre Dame du Lac → é conhecida como → Notre Dame
✗ A Universidade de Notre Dame du Lac → está localizada a o lado de → South Bend
✗ A Universidade de Notre Dame du Lac → está localizada em → os Estados Unidos","✓✓ A Universidade de Notre Dame du Lac → é → uma Universidade Católica de Pesquisa
✗ A Universidade de Notre Dame du Lac → também é chamada de → Notre Dame
✗ A Universidade de Notre Dame du Lac → está localizada ao lado de → South Bend, Indiana
✗ A Universidade de Notre Dame du Lac → está localizada em → os Estados Unidos"
"Em fevereiro de 2013, Beyoncé disse que Madonna a inspirou a assumir o controle de sua própria carreira.",⚠ Beyoncé → disse → que Madonna a inspirou,"✗ Beyoncé → disse em → fevereiro de 2013
✗ Beyoncé → disse → que Madonna inspirou Beyoncé a assumir o controle de sua própria carreira","✗ Beyoncé → disse → que Madonna a inspirou a assumir o controle de sua própria carreira
✗ Madonna → inspirou → Beyoncé a assumir o controle de sua própria carreira",✗ Beyoncé → disse → que Madonna a inspirou a assumir o controle de sua própria carreira,✗ Beyoncé → disse que → Madonna a inspirou a assumir o controle de sua própria carreira
"Em 2013, Beyoncé fez a Lista Time 100, Baz Luhrmann escrevendo ninguém tem essa voz, ninguém se move de o jeito que ela se move, ninguém pode manter uma audiência de o jeito que ela faz... Quando Beyoncé faz um álbum, quando Beyoncé canta uma música, quando Beyoncé faz qualquer coisa, é um evento e é amplamente influente.","Beyoncé → fez → a Lista Time 100
⚠ Beyoncé → canta → uma música
⚠ ninguém → pode manter → uma audiência de o jeito que ela faz","✓✓ Beyoncé → fez → a Lista Time 100
✗ Beyoncé → fez a Lista Time 100 em → 2013
✗ Baz Luhrmann → escreveu que → ninguém tem a voz de Beyoncé, ninguém se move do jeito que ela se move, ninguém pode manter uma audiência do jeito que ela faz
✗ Baz Luhrmann → escreveu que → quando Beyoncé faz um álbum, quando Beyoncé canta uma música, quando Beyoncé faz qualquer coisa, é um evento e é amplamente influente","✓✓ Beyoncé → fez → a Lista Time 100
✗ Beyoncé → faz um álbum → é um evento
✗ Beyoncé → canta uma música → é um evento
✗ Beyoncé → faz qualquer coisa → é um evento
✗ Beyoncé → é amplamente → influente",✓✓ Beyoncé → fez → a Lista Time 100,"✓✓ Beyoncé → fez → a Lista Time 100
✗ Baz Luhrmann → escreveu → ninguém tem essa voz, ninguém se move de o jeito que ela se move, ninguém pode manter uma audiência de o jeito que ela faz... Quando Beyoncé faz um álbum, quando Beyoncé canta uma música, quando Beyoncé faz qualquer coisa, é um evento e é amplamente influente"
"Em 2013, foi anunciado que Beyoncé trabalharia com Salma Hayek e Frida Giannini em uma campanha de a Gucci Chime for Change, que visa espalhar o empoderamento feminino.",⚠ Beyoncé → trabalharia com Salma Hayek e Frida Giannini em → uma campanha de a Gucci,✗ uma campanha da Gucci Chime for Change → visa espalhar → o empoderamento feminino,"✗ Beyoncé → trabalharia com → Salma Hayek
✗ Beyoncé → trabalharia com → Frida Giannini
✗ Beyoncé → trabalharia em → uma campanha da Gucci Chime for Change
✗ a campanha de a Gucci Chime for Change → visa espalhar → o empoderamento feminino",✗ a Gucci Chime for Change → visa espalhar → o empoderamento feminino,✗ a campanha de a Gucci Chime for Change → visa espalhar → o empoderamento feminino
"O Bureau de o Censo de os Estados Unidos estima que a população de Montana era 1.032.949 em 1º de julho de 2015, um aumento de 4,40 % desde o Censo de os Estados Unidos de 2010.",O Bureau de o Censo de os Estados Unidos → estima → que a população de Montana era 1.032.949 em 1º de julho de 2015,"✗ O Bureau do Censo dos Estados Unidos → estima que → a população de Montana era 1.032.949 em 1º de julho de 2015, um aumento de 4,40% desde o Censo dos Estados Unidos de 2010","✓✓ O Bureau de o Censo de os Estados Unidos → estima → que a população de Montana era 1.032.949 em 1º de julho de 2015
✗ a população de Montana → era → 1.032.949 em 1º de julho de 2015
✗ a população de Montana → teve um aumento de → 4,40 % desde o Censo de os Estados Unidos de 2010",✓✓ O Bureau de o Censo de os Estados Unidos → estima → que a população de Montana era 1.032.949 em 1º de julho de 2015,"✗ O Bureau de o Censo de os Estados Unidos → estima que → a população de Montana era 1.032.949 em 1º de julho de 2015
✗ a população de Montana → era → 1.032.949
✗ a população de Montana → teve um aumento de → 4,40 % desde o Censo de os Estados Unidos de 2010"
"O Aeroporto Internacional de Bozeman Yellowstone é o aeroporto mais movimentado de o estado de Montana, superando o Aeroporto Internacional Billings Logan em a primavera de 2013",O Aeroporto Internacional de Bozeman Yellowstone → é → o aeroporto mais movimentado de o estado de Montana,"✓ O Aeroporto Internacional de Bozeman Yellowstone → é → o aeroporto mais movimentado do estado de Montana
✗ O Aeroporto Internacional de Bozeman Yellowstone → superou → o Aeroporto Internacional Billings Logan
✗ O Aeroporto Internacional de Bozeman Yellowstone → superou o Aeroporto Internacional Billings Logan em → a primavera de 2013","✓ O Aeroporto Internacional de Bozeman Yellowstone → é → o aeroporto mais movimentado do estado de Montana
✗ O Aeroporto Internacional de Bozeman Yellowstone → superando → o Aeroporto Internacional Billings Logan","✓✓ O Aeroporto Internacional de Bozeman Yellowstone → é → o aeroporto mais movimentado de o estado de Montana
✗ O Aeroporto Internacional de Bozeman Yellowstone → superou → o Aeroporto Internacional Billings Logan","✓✓ O Aeroporto Internacional de Bozeman Yellowstone → é → o aeroporto mais movimentado de o estado de Montana
✗ O Aeroporto Internacional de Bozeman Yellowstone → superou → O Aeroporto Internacional Billings Logan"
"Na primavera de 1834, Chopin participou de o Festival de Música de o Baixo Reno em Aix-la-Chapelle com Hiller, e foi lá que Chopin conheceu Felix Mendelssohn.","Chopin → participou de → o Festival de Música de o Baixo Reno
Chopin → participou de → o Festival de Música de o Baixo Reno em Aix-la-Chapelle","✓ Chopin → participou de → o Festival de Música do Baixo Reno
✗ Chopin → participou do Festival de Música do Baixo Reno em → Aix-la-Chapelle
✗ Chopin → participou do Festival de Música do Baixo Reno com → Hiller
✗ Chopin → participou do Festival de Música do Baixo Reno na primavera de → 1834
✗ Chopin → conheceu → Felix Mendelssohn
✗ Chopin → conheceu Felix Mendelssohn em → Aix-la-Chapelle","✓✓ Chopin → participou de → o Festival de Música de o Baixo Reno em Aix-la-Chapelle
✗ Chopin → participou com → Hiller
✗ Chopin → conheceu → Felix Mendelssohn","✓✓ Chopin → participou de → o Festival de Música de o Baixo Reno
✗ Chopin → conheceu → Felix Mendelssohn","✓✓ Chopin → participou de → o Festival de Música de o Baixo Reno
✓ Chopin → participou de → o Festival de Música de o Baixo Reno com Hiller
✗ Chopin → conheceu → Felix Mendelssohn"
"Mais tarde naquela manhã, o marido de Solange, Clésinger, fez a máscara mortuária de Chopin e um giro de a mão esquerda.",⚠ o marido de Solange → fez → a máscara mortuária de Chopin,"✗ Clésinger → é → o marido de Solange
✗ Clésinger → fez → a máscara mortuária de Chopin
✗ Clésinger → fez → um giro da mão esquerda de Chopin","✗ Clésinger → é o marido de → Solange
✗ Clésinger → fez → a máscara mortuária de Chopin
✗ Clésinger → fez → um giro de a mão esquerda","✗ o marido de Solange → é → Clésinger
✗ Clésinger → fez → a máscara mortuária de Chopin
✗ Clésinger → fez → um giro de a mão esquerda","✗ Clésinger → é marido de → Solange
✗ Clésinger → fez → a máscara mortuária de Chopin
✗ Clésinger → fez → um giro de a mão esquerda"
"Em 1841, Léon Escudier escreveu sobre um recital de Chopin naquele ano Pode-se dizer que Chopin é o criador de uma escola de piano e escola de composição.","Léon Escudier → escreveu sobre → um recital de Chopin
Chopin → é → o criador de uma escola de piano
Chopin → é → o criador de uma escola de piano e escola de composição
⚠ Chopin → é o criador de → uma escola de piano
⚠ Chopin → é o criador de → uma escola de piano e escola de composição","✓✓ Léon Escudier → escreveu sobre → um recital de Chopin
✗ Léon Escudier → escreveu sobre um recital de Chopin em → 1841","✓ Léon Escudier → escreveu sobre → um recital de Chopin naquele ano
✓✓ Chopin → é → o criador de uma escola de piano
✓ Chopin → é → o criador de escola de composição",✓✓ Léon Escudier → escreveu sobre → um recital de Chopin,✓ Léon Escudier → escreveu sobre → um recital de Chopin naquele ano
"Em setembro de 1828, Chopin, ainda estudante, visitou Berlim com um amigo de a família, o zoólogo Feliks Jarocki, desfrutando de óperas dirigidas por Gaspare Spontini e assistindo a concertos de Carl Friedrich Zelter, Felix Mendelssohn e outras celebridades.","⚠ Chopin → visitou → Berlim com um amigo
Chopin → visitou → Berlim","✗ Chopin → era ainda → estudante
✗ Feliks Jarocki → era → um amigo da família de Chopin
✗ Feliks Jarocki → era → o zoólogo
✓✓ Chopin → visitou → Berlim
✗ Chopin → visitou Berlim em → setembro de 1828
✗ Chopin → visitou Berlim com → Feliks Jarocki
✗ Chopin → desfrutou de → óperas
✗ óperas → foram dirigidas por → Gaspare Spontini
✗ Chopin → assistiu a → concertos de Carl Friedrich Zelter
✗ Chopin → assistiu a → concertos de Felix Mendelssohn
✗ Chopin → assistiu a → concertos de outras celebridades","✗ Chopin → ainda era → estudante
✓✓ Chopin → visitou → Berlim
✗ Chopin → visitou com → um amigo da família, o zoólogo Feliks Jarocki
✗ Chopin → desfrutando de → óperas dirigidas por Gaspare Spontini
✗ Chopin → assistindo a → concertos de Carl Friedrich Zelter
✗ Chopin → assistindo a → concertos de Felix Mendelssohn","✓✓ Chopin → visitou → Berlim
✗ Chopin → era → ainda estudante
✗ um amigo de a família → é → o zoólogo Feliks Jarocki
✗ Chopin → desfrutou de → óperas dirigidas por Gaspare Spontini","✓✓ Chopin → visitou → Berlim
✗ Chopin → visitou → Berlim com um amigo de a família, o zoólogo Feliks Jarocki
✗ Chopin → desfrutou de → óperas dirigidas por Gaspare Spontini
✗ Chopin → assistiu a → concertos de Carl Friedrich Zelter, Felix Mendelssohn e outras celebridades"
"A partir de 1236, o príncipe mongol Kublai, que mais tarde governou como Khagan de 1260 a 1294, recebeu um grande appanage em o norte de a China por seu superior, Ögedei Khan.",Kublai → recebeu → um grande appanage em o norte de a China,"✗ Kublai → era → o príncipe mongol
✗ Kublai → governou como Khagan de → 1260 a 1294
✗ Kublai → recebeu → um grande appanage
✗ Kublai → recebeu um grande appanage em → o norte da China
✗ Kublai → recebeu um grande appanage de → Ögedei Khan
✗ Kublai → recebeu um grande appanage a partir de → 1236
✗ Ögedei Khan → era → o superior de Kublai","✗ o príncipe mongol Kublai → recebeu → um grande appanage no norte de a China
✗ Kublai → mais tarde governou como → Khagan de 1260 a 1294
✗ Kublai → recebeu por → seu superior, Ögedei Khan","✗ o príncipe mongol Kublai → recebeu → um grande appanage
✗ o príncipe mongol Kublai → governou como → Khagan
✗ seu superior → é → Ögedei Khan","✗ Kublai → governou como Khagan de → 1260 a 1294
✓✓ Kublai → recebeu → um grande appanage em o norte de a China
✗ Kublai → recebeu → um grande appanage em o norte de a China por Ögedei Khan"
"Dreyfus escreve que depois que o Phagmodrupa perdeu seu poder centralizador sobre o Tibete em 1434, várias tentativas de outras famílias para estabelecer hegemonias falharam em os próximos dois séculos até 1642 com a efetiva hegemonia de o 5º Dalai Lama sobre o Tibete.",o Phagmodrupa → perdeu → seu poder centralizador sobre o Tibete,"✗ Dreyfus → escreve que → depois que o Phagmodrupa perdeu seu poder centralizador sobre o Tibete em 1434, várias tentativas de outras famílias para estabelecer hegemonias falharam nos próximos dois séculos até 1642 com a efetiva hegemonia do 5º Dalai Lama sobre o Tibete","✓ o Phagmodrupa → perdeu → seu poder centralizador sobre o Tibete em 1434
✗ o 5º Dalai Lama → teve → efetiva hegemonia sobre o Tibete","✗ Dreyfus → escreve → que depois que o Phagmodrupa perdeu seu poder centralizador sobre o Tibete em 1434, várias tentativas de outras famílias para estabelecer hegemonias falharam em os próximos dois séculos","✗ Dreyfus → escreve que → o Phagmodrupa perdeu seu poder centralizador sobre o Tibete em 1434
✗ Dreyfus → escreve que → várias tentativas de outras famílias para estabelecer hegemonias falharam em os próximos dois séculos até 1642
✗ Dreyfus → escreve que → houve a efetiva hegemonia de o 5º Dalai Lama sobre o Tibete em 1642"
"Quando o imperador Ming Yongle convidou Je Tsongkhapa (1357-1419), fundador de a escola Gelug, para ir a a corte Ming e prestar homenagem, este último recusou.",o imperador Ming Yongle → convidou → Je Tsongkhapa,"✗ Je Tsongkhapa → era → o fundador da escola Gelug
✗ Je Tsongkhapa → viveu de → 1357 a 1419
✓✓ o imperador Ming Yongle → convidou → Je Tsongkhapa
✗ o imperador Ming Yongle → convidou Je Tsongkhapa para ir a → a corte Ming
✗ o imperador Ming Yongle → convidou Je Tsongkhapa para → prestar homenagem
✗ Je Tsongkhapa → recusou → o convite do imperador Ming Yongle","✗ Je Tsongkhapa → é → fundador de a escola Gelug
✓✓ o imperador Ming Yongle → convidou → Je Tsongkhapa
✗ Je Tsongkhapa → recusou → ir a a corte Ming e prestar homenagem","✗ Je Tsongkhapa → é → fundador de a escola Gelug
✗ Je Tsongkhapa → recusou → ir a a corte Ming","✓✓ o imperador Ming Yongle → convidou → Je Tsongkhapa
✗ Je Tsongkhapa → é fundador de → a escola Gelug
✗ Je Tsongkhapa → recusou → o convite do imperador Ming Yongle"
"Chen Qingying afirma que Tsongkhapa escreveu uma carta para recusar o convite de o Imperador e, nesta resposta, Tsongkhapa escreveu","⚠ Tsongkhapa → escreveu → uma carta
⚠ Tsongkhapa → escreveu → uma carta para recusar o convite de o Imperador",✗ Chen Qingying → afirma que → Tsongkhapa escreveu uma carta para recusar o convite do Imperador,✗ Tsongkhapa → escreveu uma carta → para recusar o convite do Imperador,✗ Chen Qingying → afirma → que Tsongkhapa escreveu uma carta para recusar o convite de o Imperador,✗ Chen Qingying → afirma que → Tsongkhapa escreveu uma carta para recusar o convite de o Imperador
"No entanto, depois que Altan Khan (1507-1582) - líder de os mongóis Tümed que derrubou a hegemonia de a confederação Oirat Mongol sobre as estepes - fez as pazes com a dinastia Ming em 1571, ele persuadiu os Ming a reabrir seus mercados de fronteira em 1573.","⚠ Altan Khan → fez → as pazes com a dinastia Ming
⚠ Altan Khan → fez → as pazes com a dinastia Ming em 1571
Altan Khan → fez as pazes com → a dinastia Ming
Altan Khan → fez as pazes com → a dinastia Ming em 1571","✗ Altan Khan → era → o líder dos mongóis Tümed
✗ Altan Khan → viveu de → 1507 a 1582
✗ Altan Khan → derrubou → a hegemonia da confederação Oirat Mongol sobre as estepes
✓✓ Altan Khan → fez as pazes com → a dinastia Ming
✗ Altan Khan → fez as pazes com a dinastia Ming em → 1571
✗ Altan Khan → persuadiu → os Ming
✗ Altan Khan → persuadiu os Ming a reabrir → os mercados de fronteira dos Ming
✗ Altan Khan → persuadiu os Ming a reabrir os mercados de fronteira dos Ming em → 1573","✗ Altan Khan → é → líder de os mongóis Tümed
✗ Altan Khan → derrubou → a hegemonia de a confederação Oirat Mongol sobre as estepes
✓✓ Altan Khan → fez as pazes com → a dinastia Ming em 1571
✗ Altan Khan → persuadiu → os Ming a reabrir seus mercados de fronteira em 1573","✗ Altan Khan → é → líder de os mongóis Tümed
✗ líder de os mongóis Tümed → derrubou → a hegemonia de a confederação Oirat Mongol sobre as estepes
✓✓ Altan Khan → fez as pazes com → a dinastia Ming
✗ Altan Khan → persuadiu → os Ming a reabrir seus mercados de fronteira","✗ Altan Khan → é líder de → os mongóis Tümed
✗ Altan Khan → derrubou → a hegemonia de a confederação Oirat Mongol sobre as estepes
✓✓ Altan Khan → fez as pazes com → a dinastia Ming
✗ Altan Khan → persuadiu → os Ming a reabrir seus mercados de fronteira"
Klieger escreve que a presença de Altan Khan em o oeste reduziu efetivamente a influência de os Ming e o contato com o Tibete.,"a presença de Altan Khan em o oeste → reduziu → a influência de os Ming
a presença de Altan Khan em o oeste → reduziu → o contato com o Tibete
⚠ a presença de Altan Khan em o oeste → reduziu → a influência de os Ming e o contato com o Tibete","✗ Klieger → escreve que → a presença de Altan Khan no oeste reduziu efetivamente a influência dos Ming
✗ Klieger → escreve que → a presença de Altan Khan no oeste reduziu efetivamente o contato com o Tibete","✓ a presença de Altan Khan → reduziu → efetivamente a influência de os Ming
✓ a presença de Altan Khan → reduziu → o contato com o Tibete",✗ Klieger → escreve → que a presença de Altan Khan em o oeste reduziu efetivamente a influência de os Ming,✗ Klieger → escreve que → a presença de Altan Khan em o oeste reduziu efetivamente a influência de os Ming e o contato com o Tibete
"Depois que Altan Khan fez as pazes com a dinastia Ming em 1571, ele convidou o terceiro hierarca de a Gelug - Sönam Gyatso (1543-1588) - para encontrá-lo em Amdo (Qinghai moderno) em 1578, onde acidentalmente concedeu a ele e seus dois antecessores com o título de Dalai Lama - Professor de o Oceano.","⚠ Altan Khan → fez → as pazes com a dinastia Ming
Altan Khan → fez as pazes com → a dinastia Ming","✓✓ Altan Khan → fez as pazes com → a dinastia Ming
✗ Altan Khan → fez as pazes com a dinastia Ming em → 1571
✗ Sönam Gyatso → era → o terceiro hierarca da Gelug
✗ Sönam Gyatso → viveu de → 1543 a 1588
✗ Altan Khan → convidou → Sönam Gyatso
✗ Altan Khan → convidou Sönam Gyatso para encontrar Altan Khan em → Amdo
✗ Amdo → é → o Qinghai moderno
✗ Altan Khan → convidou Sönam Gyatso para encontrar Altan Khan em Amdo em → 1578
✗ Altan Khan → concedeu a Sönam Gyatso → o título de Dalai Lama
✗ Altan Khan → concedeu aos dois antecessores de Sönam Gyatso → o título de Dalai Lama
✗ o título de Dalai Lama → significa → Professor do Oceano","✗ Altan Khan → convidou → o terceiro hierarca de a Gelug - Sönam Gyatso
✗ Sönam Gyatso → é → 1543-1588
✗ Altan Khan → concedeu a ele → o título de Dalai Lama - Professor de o Oceano","✓✓ Altan Khan → fez as pazes com → a dinastia Ming
✗ Altan Khan → convidou → o terceiro hierarca de a Gelug
✗ o terceiro hierarca de a Gelug → é → Sönam Gyatso","✓ Altan Khan → fez as pazes com → a dinastia Ming em 1571
✗ Altan Khan → convidou → Sönam Gyatso
✗ Sönam Gyatso → é → o terceiro hierarca de a Gelug
✗ Altan Khan → concedeu o título de Dalai Lama a → Sönam Gyatso
✗ Altan Khan → concedeu o título de Dalai Lama aos → dois antecessores de Sönam Gyatso"
"Embora não tenha sido registrada em nenhum registro oficial chinês, a biografia de Sonam Gyatso afirma que Wanli novamente conferiu títulos a Sonam Gyatso em 1588 e o convidou para Pequim por a segunda vez, mas Sonam Gyatso não pôde visitar a China, pois morreu em o mesmo ano em a Mongólia.",Sonam Gyatso → não pôde visitar → a China,"✗ a biografia de Sonam Gyatso → afirma que → Wanli novamente conferiu títulos a Sonam Gyatso em 1588
✗ a biografia de Sonam Gyatso → afirma que → Wanli convidou Sonam Gyatso para Pequim pela segunda vez
✓✓ Sonam Gyatso → não pôde visitar → a China
✗ Sonam Gyatso → morreu em → 1588
✗ Sonam Gyatso → morreu em → a Mongólia","✗ a biografia de Sonam Gyatso → afirma → que Wanli novamente conferiu títulos a Sonam Gyatso em 1588
✗ Wanli → convidou → Sonam Gyatso para Pequim pela segunda vez
✗ Sonam Gyatso → morreu em → o mesmo ano em a Mongólia",✗ a biografia de Sonam Gyatso → afirma → que Wanli novamente conferiu títulos a Sonam Gyatso,"✗ a biografia de Sonam Gyatso → afirma que → Wanli novamente conferiu títulos a Sonam Gyatso em 1588
✗ a biografia de Sonam Gyatso → afirma que → Wanli convidou Sonam Gyatso para Pequim por a segunda vez
✗ Sonam Gyatso → morreu em → 1588 em a Mongólia
✓✓ Sonam Gyatso → não pôde visitar → a China"
"Sem mencionar o papel de os mongóis, o China Daily afirma que foi a sucessiva dinastia Qing que estabeleceu o título de Dalai Lama e seu poder em o Tibete Em 1653, o imperador Qing concedeu um título honorífico a o quinto Dalai Lama e depois o fez.","o imperador Qing → concedeu → um título honorífico a o quinto Dalai Lama
o imperador Qing → concedeu um título honorífico a → o quinto Dalai Lama","✗ o China Daily → afirma que → foi a dinastia Qing que estabeleceu o título de Dalai Lama no Tibete
✗ o China Daily → afirma que → foi a dinastia Qing que estabeleceu seu poder no Tibete
✗ o imperador Qing → concedeu → um título honorífico
✓✓ o imperador Qing → concedeu um título honorífico a → o quinto Dalai Lama
✗ o imperador Qing → concedeu um título honorífico ao quinto Dalai Lama em → 1653","✗ o China Daily → afirma → que foi a sucessiva dinastia Qing que estabeleceu o título de Dalai Lama e seu poder em o Tibete
✓ o imperador Qing → concedeu um título honorífico a → o quinto Dalai Lama em 1653",✗ o China Daily → afirma → que foi a sucessiva dinastia Qing que estabeleceu o título de Dalai Lama e seu poder em o Tibete,"✗ o China Daily → afirma que → a sucessiva dinastia Qing estabeleceu o título de Dalai Lama e seu poder em o Tibete
✓✓ o imperador Qing → concedeu → um título honorífico a o quinto Dalai Lama"
"O imperador Wanli convidou Yonten Gyatso para Pequim em 1616, mas, assim como seu antecessor, ele morreu antes de poder fazer a jornada.","O imperador Wanli → convidou → Yonten Gyatso para Pequim
O imperador Wanli → convidou Yonten Gyatso para → Pequim
⚠ Yonten Gyatso → morreu antes de → poder fazer a jornada","✗ O imperador Wanli → convidou → Yonten Gyatso
✓✓ O imperador Wanli → convidou Yonten Gyatso para → Pequim
✗ O imperador Wanli → convidou Yonten Gyatso para Pequim em → 1616
✗ Yonten Gyatso → morreu antes de poder fazer → a jornada","✓ o imperador Wanli → convidou → Yonten Gyatso para Pequim em 1616
✗ Yonten Gyatso → morreu → antes de poder fazer a jornada","✗ O imperador Wanli → convidou → Yonten Gyatso
✗ Yonten Gyatso → morreu → antes de poder fazer a jornada","✓ o imperador Wanli → convidou → Yonten Gyatso para Pequim em 1616
✗ Yonten Gyatso → morreu antes de poder fazer → a jornada"
"O quarto Dalai Lama se recusou a dar uma audiência a o rei Ü-Tsang, que provocou um conflito quando este começou a atacar mosteiros Gelug.","⚠ Dalai Lama → se recusou a → dar uma audiência
⚠ Dalai Lama → se recusou a → dar uma audiência a o rei Ü-Tsang","✗ O quarto Dalai Lama → se recusou a dar → uma audiência
✗ O quarto Dalai Lama → se recusou a dar uma audiência a → o rei Ü-Tsang
✗ a recusa do quarto Dalai Lama de dar audiência ao rei Ü-Tsang → provocou → um conflito
✗ o rei Ü-Tsang → começou a atacar → mosteiros Gelug","✗ O quarto Dalai Lama → se recusou a dar → uma audiência a o rei Ü-Tsang
✗ o rei Ü-Tsang → provocou um conflito → quando este começou a atacar mosteiros Gelug",✗ O quarto Dalai Lama → se recusou a dar → uma audiência a o rei Ü-Tsang,"✗ O quarto Dalai Lama → se recusou a dar uma audiência a → o rei Ü-Tsang
✗ o rei Ü-Tsang → provocou → um conflito
✗ o rei Ü-Tsang → começou a atacar → mosteiros Gelug"
"Quando um aliado de o governante Ü-Tsang ameaçou novamente a destruição de os Gelugpas, o quinto Dalai Lama Lozang Gyatso pediu ajuda a o príncipe mongol Güshi Khan (1582-1655), líder de a tribo Khoshut (Qoshot) de os mongóis Oirat, que estava então em peregrinação a Lhasa.","⚠ o quinto Dalai Lama → pediu → ajuda a o príncipe mongol Güshi Khan
o quinto Dalai Lama → pediu ajuda a → o príncipe mongol Güshi Khan
⚠ um aliado de o governante Ü-Tsang → ameaçou → a destruição de os Gelugpas","✗ um aliado do governante Ü-Tsang → ameaçou novamente → a destruição dos Gelugpas
✗ Lozang Gyatso → era → o quinto Dalai Lama
✓ o quinto Dalai Lama Lozang Gyatso → pediu ajuda a → o príncipe mongol Güshi Khan
✗ Güshi Khan → viveu de → 1582 a 1655
✗ Güshi Khan → era → o líder da tribo Khoshut dos mongóis Oirat
✗ Güshi Khan → estava em peregrinação a → Lhasa","✓ o quinto Dalai Lama Lozang Gyatso → pediu ajuda a → o príncipe mongol Güshi Khan
✗ Güshi Khan → é → líder de a tribo Khoshut de os mongóis Oirat","✓ o quinto Dalai Lama Lozang Gyatso → pediu ajuda a → o príncipe mongol Güshi Khan
✗ o quinto Dalai Lama → é → Lozang Gyatso","✗ um aliado de o governante Ü-Tsang → ameaçou novamente a destruição de → os Gelugpas
✓ o quinto Dalai Lama Lozang Gyatso → pediu ajuda a → o príncipe mongol Güshi Khan
✗ Güshi Khan → é líder de → a tribo Khoshut (Qoshot) de os mongóis Oirat
✗ Güshi Khan → estava em peregrinação a → Lhasa"
"Güshi Khan aceitou seu papel de protetor e, de 1637 a 1640, ele não apenas derrotou os inimigos de os Gelugpas em as regiões Amdo e Kham, mas também reassentou toda a sua tribo em Amdo.",Güshi Khan → aceitou → seu papel de protetor,"✓ Güshi Khan → aceitou → o papel de protetor
✗ Güshi Khan → derrotou → os inimigos dos Gelugpas
✗ Güshi Khan → derrotou os inimigos dos Gelugpas em → a região Amdo
✗ Güshi Khan → derrotou os inimigos dos Gelugpas em → a região Kham
✗ Güshi Khan → derrotou os inimigos dos Gelugpas entre → 1637 e 1640
✗ Güshi Khan → reassentou → toda a sua tribo
✗ Güshi Khan → reassentou toda a sua tribo em → Amdo","✓✓ Güshi Khan → aceitou → seu papel de protetor
✗ Güshi Khan → derrotou → os inimigos de os Gelugpas em as regiões Amdo e Kham
✗ Güshi Khan → reassentou → toda a sua tribo em Amdo","✓✓ Güshi Khan → aceitou → seu papel de protetor
✗ Güshi Khan → derrotou → os inimigos de os Gelugpas
✗ Güshi Khan → reassentou → toda a tribo de Güshi Khan","✓✓ Güshi Khan → aceitou → seu papel de protetor
✗ Güshi Khan → derrotou → os inimigos de os Gelugpas em as regiões Amdo e Kham
✗ Güshi Khan → reassentou → toda a sua tribo em Amdo"
"Shih-Shan Henry Tsai escreve que o imperador Yongle enviou seu eunuco Yang Sanbao a o Tibete em 1413 para obter uma lealdade de vários príncipes tibetanos, enquanto o imperador Yongle pagou uma pequena fortuna em troca de presentes em troca de tributos, a fim de manter a lealdade de o vassalo vizinho.","o imperador Yongle → enviou → seu eunuco Yang Sanbao a o Tibete
⚠ o imperador Yongle → enviou seu eunuco Yang Sanbao a → o Tibete
o imperador Yongle → pagou → uma pequena fortuna em troca de presentes em troca de tributos","✗ Yang Sanbao → era → o eunuco do imperador Yongle
✗ Shih-Shan Henry Tsai → escreve que → o imperador Yongle enviou Yang Sanbao ao Tibete em 1413 para obter a lealdade de vários príncipes tibetanos
✗ Shih-Shan Henry Tsai → escreve que → o imperador Yongle pagou uma pequena fortuna em troca de presentes em troca de tributos, a fim de manter a lealdade do vassalo vizinho","✓ o imperador Yongle → enviou → seu eunuco Yang Sanbao a o Tibete em 1413
✓ o imperador Yongle → pagou → uma pequena fortuna em troca de presentes",✗ Shih-Shan Henry Tsai → escreve → que o imperador Yongle enviou seu eunuco Yang Sanbao a o Tibete em 1413,"✗ Shih-Shan Henry Tsai → escreve que → o imperador Yongle enviou seu eunuco Yang Sanbao a o Tibete em 1413
✓✓ o imperador Yongle → pagou → uma pequena fortuna em troca de presentes em troca de tributos
✗ o imperador Yongle → pagou → uma pequena fortuna em troca de presentes em troca de tributos a fim de manter a lealdade de o vassalo vizinho"
"A Apple lançou um novo conector dock de 8 pinos, chamado Relâmpago, em 12 de setembro de 2012, com o anúncio de o iPhone 5, de o iPod Touch de quinta geração e de o iPod Nano de a sétima geração, todos com esse recurso.",A Apple → lançou → um novo conector dock de 8 pinos,"✓✓ A Apple → lançou → um novo conector dock de 8 pinos
✗ um novo conector dock de 8 pinos → é chamado → Relâmpago
✗ A Apple → lançou o novo conector dock de 8 pinos em → 12 de setembro de 2012
✗ A Apple → anunciou → o iPhone 5
✗ A Apple → anunciou → o iPod Touch de quinta geração
✗ A Apple → anunciou → o iPod Nano de sétima geração
✗ o iPhone 5 → tinha → o conector Relâmpago
✗ o iPod Touch de quinta geração → tinha → o conector Relâmpago
✗ o iPod Nano de sétima geração → tinha → o conector Relâmpago","✗ A Apple → lançou → um novo conector dock de 8 pinos, chamado Relâmpago, em 12 de setembro de 2012
✗ o iPhone 5 → tem → esse recurso
✗ o iPod Touch de quinta geração → tem → esse recurso
✗ o iPod Nano de a sétima geração → tem → esse recurso","✓✓ A Apple → lançou → um novo conector dock de 8 pinos
✗ um novo conector dock de 8 pinos → é chamado → Relâmpago","✓✓ A Apple → lançou → um novo conector dock de 8 pinos
✗ um novo conector dock de 8 pinos → chamado → Relâmpago
✗ A Apple → lançou → um novo conector dock de 8 pinos em 12 de setembro de 2012
✗ o iPhone 5 → tem → esse recurso
✗ o iPod Touch de quinta geração → tem → esse recurso
✗ o iPod Nano de a sétima geração → tem → esse recurso"
"As versões de seis e sete faixas de a trilha sonora de o jogo foram lançadas em 19 de novembro de 2006, como parte de uma promoção de o Nintendo Power e acompanhadas de réplicas de a Master Sword e de o Hylian Shield.",As versões de seis e sete faixas de a trilha sonora → foram lançadas em → 19 de novembro de 2006,"✓ As versões de seis e sete faixas da trilha sonora do jogo → foram lançadas em → 19 de novembro de 2006
✗ As versões de seis e sete faixas da trilha sonora do jogo → foram lançadas como parte de → uma promoção do Nintendo Power
✗ As versões de seis e sete faixas da trilha sonora do jogo → foram acompanhadas de → réplicas da Master Sword
✗ As versões de seis e sete faixas da trilha sonora do jogo → foram acompanhadas de → réplicas do Hylian Shield","✓ As versões de seis e sete faixas de a trilha sonora de o jogo → foram lançadas em → 19 de novembro de 2006
✗ As versões de seis e sete faixas de a trilha sonora de o jogo → foram lançadas como parte de → uma promoção de o Nintendo Power",✗ As versões de seis e sete faixas de a trilha sonora de o jogo → foram lançadas como → parte de uma promoção de o Nintendo Power,"✓ As versões de seis e sete faixas de a trilha sonora de o jogo → foram lançadas em → 19 de novembro de 2006
✗ As versões de seis e sete faixas de a trilha sonora de o jogo → foram lançadas como parte de → uma promoção de o Nintendo Power
✗ As versões de seis e sete faixas de a trilha sonora de o jogo → foram acompanhadas de → réplicas de a Master Sword
✗ As versões de seis e sete faixas de a trilha sonora de o jogo → foram acompanhadas de → réplicas de o Hylian Shield"
"As versões 3.3 e 3.4 de o Wii Menu impediram a cópia de arquivos salvos explorados em o console até que os métodos de evasão fossem descobertos, e a versão 4.0 de o Wii Menu corrigiu a vulnerabilidade.","As versões 3.3 e 3.4 de o Wii Menu → impediram → a cópia de arquivos salvos explorados
a versão 4.0 de o Wii Menu → corrigiu → a vulnerabilidade","✗ A versão 3.3 do Wii Menu → impediu → a cópia de arquivos salvos explorados no console
✗ A versão 3.4 do Wii Menu → impediu → a cópia de arquivos salvos explorados no console
✓ a versão 4.0 do Wii Menu → corrigiu → a vulnerabilidade","✓ As versões 3.3 e 3.4 de o Wii Menu → impediram → a cópia de arquivos salvos explorados em o console
✓✓ a versão 4.0 de o Wii Menu → corrigiu → a vulnerabilidade","✓ As versões 3.3 e 3.4 de o Wii Menu → impediram → a cópia de arquivos salvos explorados em o console
✓✓ a versão 4.0 de o Wii Menu → corrigiu → a vulnerabilidade","✓ As versões 3.3 e 3.4 de o Wii Menu → impediram → a cópia de arquivos salvos explorados em o console
✓✓ A versão 4.0 de o Wii Menu → corrigiu → a vulnerabilidade"
"Todas as rodovias em Wenchuan, e outras em toda a província, foram danificadas, resultando em atraso em a chegada de as tropas de resgate.",⚠ Todas as rodovias em Wenchuan → foram → danificadas,"✗ Todas as rodovias em Wenchuan → foram danificadas, resultando em → atraso na chegada das tropas de resgate
✗ outras rodovias em toda a província → foram danificadas, resultando em → atraso na chegada das tropas de resgate","✗ Todas as rodovias em Wenchuan → foram danificadas → 
✗ outras em toda a província → foram danificadas → ",✗ Todas as rodovias em Wenchuan → foram danificadas → resultando em atraso em a chegada de as tropas de resgate,"✗ Todas as rodovias em Wenchuan, e outras em toda a província → foram danificadas → 
✗ os danos em Todas as rodovias em Wenchuan, e outras em toda a província → resultaram em atraso em → a chegada de as tropas de resgate"
"O serviço de a China Unicom em Wenchuan e quatro municípios vizinhos foi interrompido, com mais de 700 torres suspensas.",⚠ O serviço de a China Unicom → foi → interrompido,"✗ O serviço da China Unicom em Wenchuan → foi interrompido com → mais de 700 torres suspensas
✗ O serviço da China Unicom em quatro municípios vizinhos → foi interrompido com → mais de 700 torres suspensas",✗ O serviço de a China Unicom em Wenchuan → foi interrompido → ,✗ O serviço de a China Unicom em Wenchuan e quatro municípios vizinhos → foi interrompido → com mais de 700 torres suspensas,"✗ O serviço de a China Unicom → foi interrompido em → Wenchuan e quatro municípios vizinhos
✗ mais de 700 torres → estavam suspensas → "
"Em 2002, o geólogo chinês Chen Xuezhong publicou um estudo de Análise de Risco Sísmico, em o qual concluiu que, a partir de 2003","Chen Xuezhong → publicou → um estudo de Análise de Risco Sísmico
o geólogo chinês Chen Xuezhong → publicou → um estudo de Análise de Risco Sísmico","✗ Chen Xuezhong → é → o geólogo chinês
✓✓ Chen Xuezhong → publicou → um estudo de Análise de Risco Sísmico
✗ Chen Xuezhong → publicou um estudo de Análise de Risco Sísmico em → 2002",✓ o geólogo chinês Chen Xuezhong → publicou → um estudo de Análise de Risco Sísmico em 2002,✓✓ o geólogo chinês Chen Xuezhong → publicou → um estudo de Análise de Risco Sísmico,✓✓ o geólogo chinês Chen Xuezhong → publicou → um estudo de Análise de Risco Sísmico
O governo central estima que mais de 7.000 salas de aula com engenharia inadequada desabaram em o terremoto.,⚠ mais de 7.000 salas de aula com engenharia inadequada → desabaram em → o terremoto,✗ O governo central → estima que → mais de 7.000 salas de aula com engenharia inadequada desabaram no terremoto,✗ O governo central → estima → que mais de 7.000 salas de aula com engenharia inadequada desabaram em o terremoto,✗ O governo central → estima → que mais de 7.000 salas de aula com engenharia inadequada desabaram em o terremoto,✗ O governo central → estima que → mais de 7.000 salas de aula com engenharia inadequada desabaram em o terremoto
"A rota de a tocha por o país foi reduzida e houve um minuto de silêncio quando a próxima etapa começou em a cidade de Ruijin, Jiangxi, em a quarta-feira após o terremoto.",⚠ A rota de a tocha por o país → foi → reduzida,"✗ a próxima etapa → começou em → a cidade de Ruijin, Jiangxi
✗ a próxima etapa → começou em → a quarta-feira após o terremoto",✗ A rota de a tocha por o país → foi reduzida → ,✗ A rota de a tocha por o país → foi reduzida → ,"✗ A rota de a tocha por o país → foi reduzida → 
✗ houve →  → um minuto de silêncio
✗ a próxima etapa → começou em → a cidade de Ruijin, Jiangxi"
"Enquanto isso, um trem de carga que transportava 13 tanques de gasolina descarrilou em Condado de Hui, Gansu, e pegou fogo depois que o trilho foi distorcido.",⚠ um trem de carga → pegou fogo → depois que o trilho foi distorcido,"✗ um trem de carga → transportava → 13 tanques de gasolina
✗ um trem de carga que transportava 13 tanques de gasolina → descarrilou em → Condado de Hui, Gansu
✗ um trem de carga que transportava 13 tanques de gasolina → pegou fogo depois que → o trilho foi distorcido","✗ um trem de carga → descarrilou em → Condado de Hui, Gansu
✗ um trem de carga → pegou fogo → ","✗ um trem de carga → transportava → 13 tanques de gasolina
✗ um trem de carga → descarrilou em → Condado de Hui","✗ um trem de carga → transportava → 13 tanques de gasolina
✗ um trem de carga → descarrilou em → Condado de Hui, Gansu
✗ um trem de carga → pegou fogo → 
✗ o trilho → foi distorcido → "
Os Estados Unidos compartilharam algumas de suas imagens de satélite de as áreas atingidas por o terremoto com as Autoridades chinesas.,Os Estados Unidos → compartilharam → algumas de suas imagens de satélite,"✗ Os Estados Unidos → compartilharam → algumas de suas imagens de satélite das áreas atingidas pelo terremoto
✗ Os Estados Unidos → compartilharam imagens de satélite das áreas atingidas pelo terremoto com → as Autoridades chinesas",✗ Os Estados Unidos → compartilharam → algumas de suas imagens de satélite de as áreas atingidas por o terremoto com as Autoridades chinesas,"✗ Os Estados Unidos → compartilharam com → as Autoridades chinesas
✓ Os Estados Unidos → compartilharam → algumas de imagens de satélite de os Estados Unidos","✗ Os Estados Unidos → compartilharam → algumas de suas imagens de satélite de as áreas atingidas por o terremoto
✗ Os Estados Unidos → compartilharam com → as Autoridades chinesas"
"Nova York - freqüentemente chamada Cidade de Nova York ou Cidade de Nova York para distingui-la de o Estado de Nova York, de o qual faz parte - é a cidade mais populosa de os Estados Unidos e o centro de a área metropolitana de Nova York, o principal portal de imigração legal para os Estados Unidos e uma de as aglomerações urbanas mais populosas de o mundo.",Nova York → é → a cidade mais populosa de os Estados Unidos,"✗ Nova York → é frequentemente chamada → Cidade de Nova York
✗ Nova York → faz parte de → o Estado de Nova York
✓ Nova York → é → a cidade mais populosa dos Estados Unidos
✗ Nova York → é → o centro da área metropolitana de Nova York
✗ Nova York → é → o principal portal de imigração legal para os Estados Unidos
✗ Nova York → é → uma das aglomerações urbanas mais populosas do mundo","✗ Nova York → é frequentemente chamada → Cidade de Nova York
✓✓ Nova York → é → a cidade mais populosa de os Estados Unidos
✗ Nova York → é → o centro de a área metropolitana de Nova York
✗ Nova York → é → o principal portal de imigração legal para os Estados Unidos","✗ Nova York → é freqüentemente chamada → Cidade de Nova York
✓✓ Nova York → é → a cidade mais populosa de os Estados Unidos","✗ Nova York → é frequentemente chamada de → Cidade de Nova York
✗ Nova York → é frequentemente chamada de → Cidade de Nova York para distingui-la de o Estado de Nova York
✗ Nova York → faz parte de → o Estado de Nova York
✓✓ Nova York → é → a cidade mais populosa de os Estados Unidos
✗ Nova York → é → o centro de a área metropolitana de Nova York
✗ Nova York → é → o principal portal de imigração legal para os Estados Unidos
✗ Nova York → é → uma de as aglomerações urbanas mais populosas de o mundo"
"Em 1664, Peter Stuyvesant, diretor-geral de a colônia de a Nova Holanda, entregou Nova Amsterdã a os ingleses sem derramamento de sangue.","Peter Stuyvesant → entregou → Nova Amsterdã a os ingleses sem derramamento de sangue
Peter Stuyvesant → entregou → Nova Amsterdã a os ingleses","✗ Peter Stuyvesant → era → o diretor-geral da colônia da Nova Holanda
✗ Peter Stuyvesant → entregou → Nova Amsterdã
✗ Peter Stuyvesant → entregou Nova Amsterdã a → os ingleses
✗ Peter Stuyvesant → entregou Nova Amsterdã aos ingleses em → 1664
✗ Peter Stuyvesant → entregou Nova Amsterdã aos ingleses sem → derramamento de sangue","✗ Peter Stuyvesant → é → diretor-geral de a colônia de a Nova Holanda
✓ Peter Stuyvesant → entregou → Nova Amsterdã a os ingleses sem derramamento de sangue em 1664","✗ Peter Stuyvesant → é → diretor-geral de a colônia de a Nova Holanda
✗ Peter Stuyvesant → entregou → Nova Amsterdã","✗ Peter Stuyvesant → era diretor-geral de → a colônia de a Nova Holanda
✓✓ Peter Stuyvesant → entregou → Nova Amsterdã a os ingleses"
"A Batalha de Long Island, a maior batalha de a Guerra Revolucionária Americana, foi travada em agosto de 1776, inteiramente em o bairro moderno de o Brooklyn.","⚠ A Batalha de Long Island → foi → travada em agosto de 1776
A Batalha de Long Island → foi travada em → agosto de 1776","✗ A Batalha de Long Island → era → a maior batalha da Guerra Revolucionária Americana
✓✓ A Batalha de Long Island → foi travada em → agosto de 1776
✗ A Batalha de Long Island → foi travada inteiramente em → o bairro moderno do Brooklyn","✗ A Batalha de Long Island → é → a maior batalha de a Guerra Revolucionária Americana
✓✓ A Batalha de Long Island → foi travada em → agosto de 1776
✗ A Batalha de Long Island → foi travada em → o bairro moderno de o Brooklyn","✗ A Batalha de Long Island → é → a maior batalha de a Guerra Revolucionária Americana
✗ A Batalha de Long Island → foi travada em → o bairro moderno de o Brooklyn","✗ A Batalha de Long Island → é → a maior batalha de a Guerra Revolucionária Americana
✓✓ A Batalha de Long Island → foi travada em → agosto de 1776
✗ A Batalha de Long Island → foi travada em → o bairro moderno de o Brooklyn"
"Quando um candidato presidencial republicano às eleições de 2016 ridicularizou o liberalismo de os valores de Nova York em janeiro de 2016, Donald Trump, líder em as pesquisas, defendeu vigorosamente sua cidade.","⚠ Donald Trump → defendeu → vigorosamente sua cidade
⚠ Donald Trump → defendeu → sua cidade
Donald Trump → defendeu vigorosamente → sua cidade
⚠ um candidato presidencial republicano → ridicularizou → o liberalismo de os valores de Nova York","✗ um candidato presidencial republicano às eleições de 2016 → ridicularizou → o liberalismo dos valores de Nova York
✗ um candidato presidencial republicano às eleições de 2016 → ridicularizou o liberalismo dos valores de Nova York em → janeiro de 2016
✗ Donald Trump → era → líder nas pesquisas
✓✓ Donald Trump → defendeu vigorosamente → sua cidade","✗ Donald Trump → é → líder em as pesquisas
✓✓ Donald Trump → defendeu vigorosamente → sua cidade","✗ Donald Trump → é → líder em as pesquisas
✗ Donald Trump → defendeu → a cidade de Donald Trump","✗ um candidato presidencial republicano às eleições de 2016 → ridicularizou → o liberalismo de os valores de Nova York
✗ Donald Trump → era líder em → as pesquisas
✗ Donald Trump → defendeu vigorosamente → Nova York"
"O ponto mais alto de a cidade é Todt Hill, em Staten Island, que, a 124,9 m acima de o nível de o mar, é o ponto mais alto de a costa leste de o sul de o Maine.",O ponto mais alto de a cidade → é → Todt Hill,"✓ O ponto mais alto da cidade → é → Todt Hill
✗ Todt Hill → está em → Staten Island
✗ Todt Hill → está a → 124,9 m acima do nível do mar
✗ Todt Hill → é → o ponto mais alto da costa leste do sul do Maine","✗ O ponto mais alto de a cidade → é → Todt Hill, em Staten Island
✗ Todt Hill → é → o ponto mais alto de a costa leste de o sul de o Maine",✓✓ O ponto mais alto de a cidade → é → Todt Hill,"✓✓ O ponto mais alto de a cidade → é → Todt Hill
✗ Todt Hill → está em → Staten Island
✗ Todt Hill → está a → 124,9 m acima de o nível de o mar
✗ Todt Hill → é → o ponto mais alto de a costa leste de o sul de o Maine"
"O maior parque municipal de a cidade é o Pelham Bay Park, com 2.700 acres (1.093 ha).",O maior parque municipal de a cidade → é → o Pelham Bay Park,"✓ O maior parque municipal da cidade → é → o Pelham Bay Park
✗ o Pelham Bay Park → tem → 2.700 acres (1.093 ha)",✓✓ O maior parque municipal de a cidade → é → o Pelham Bay Park,✓✓ O maior parque municipal de a cidade → é → o Pelham Bay Park,"✓✓ O maior parque municipal de a cidade → é → o Pelham Bay Park
✗ o Pelham Bay Park → tem → 2.700 acres (1.093 ha)"
"A cidade de Nova York possui um alto grau de disparidade de renda, conforme indicado por o seu coeficiente de Gini de 0,5 para a cidade em geral e 0,6 para Manhattan.",⚠ Nova York → possui → um alto grau de disparidade de renda,"✗ A cidade de Nova York → possui → um alto grau de disparidade de renda
✗ A cidade de Nova York → tem coeficiente de Gini de → 0,5 para a cidade em geral
✗ Manhattan → tem coeficiente de Gini de → 0,6",✗ A cidade de Nova York → possui → um alto grau de disparidade de renda,✗ A cidade de Nova York → possui → um alto grau de disparidade de renda,"✗ A cidade de Nova York → possui → um alto grau de disparidade de renda
✗ A cidade de Nova York → tem coeficiente de Gini de → 0,5 para a cidade em geral
✗ A cidade de Nova York → tem coeficiente de Gini de → 0,6 para Manhattan"
"A frota de ônibus públicos de a cidade de Nova York é a maior de a América de o Norte, e o Port Authority Bus Terminal, o principal terminal de ônibus interurbano de a cidade, atende 7.000 ônibus e 200.000 passageiros diariamente, tornando-se a estação de ônibus mais movimentada de o mundo.","A frota de ônibus públicos de a cidade de Nova York → é → a maior de a América de o Norte
o Port Authority Bus Terminal → atende → 7.000 ônibus e 200.000 passageiros diariamente","✓ A frota de ônibus públicos da cidade de Nova York → é → a maior da América do Norte
✗ o Port Authority Bus Terminal → é → o principal terminal de ônibus interurbano da cidade
✗ o Port Authority Bus Terminal → atende → 7.000 ônibus diariamente
✗ o Port Authority Bus Terminal → atende → 200.000 passageiros diariamente
✗ o Port Authority Bus Terminal → é → a estação de ônibus mais movimentada do mundo","✓✓ A frota de ônibus públicos de a cidade de Nova York → é → a maior de a América de o Norte
✗ o Port Authority Bus Terminal → é → o principal terminal de ônibus interurbano de a cidade
✓✓ o Port Authority Bus Terminal → atende → 7.000 ônibus e 200.000 passageiros diariamente
✗ o Port Authority Bus Terminal → é → a estação de ônibus mais movimentada de o mundo","✓✓ A frota de ônibus públicos de a cidade de Nova York → é → a maior de a América de o Norte
✗ o Port Authority Bus Terminal → é → o principal terminal de ônibus interurbano de a cidade
✓ o Port Authority Bus Terminal → atende → 7.000 ônibus e 200.000 passageiros","✓✓ A frota de ônibus públicos de a cidade de Nova York → é → a maior de a América de o Norte
✗ o Port Authority Bus Terminal → é → o principal terminal de ônibus interurbano de a cidade
✗ o Port Authority Bus Terminal → atende → 7.000 ônibus
✗ o Port Authority Bus Terminal → atende → 200.000 passageiros diariamente
✗ o Port Authority Bus Terminal → é → a estação de ônibus mais movimentada de o mundo"
"Eu amo Nova Iorque (estilizado I ❤ NY) é um logotipo e uma música que são a base de uma campanha publicitária e são usados desde 1977 para promover o turismo em a cidade de Nova York e, posteriormente, também para promover o Estado de Nova York.",⚠ Eu amo Nova Iorque → é → um logotipo e uma música que são a base de uma campanha publicitária,"✗ Eu amo Nova Iorque → é estilizado → I ❤ NY
✗ Eu amo Nova Iorque → é → um logotipo
✗ Eu amo Nova Iorque → é → uma música
✗ Eu amo Nova Iorque → é a base de → uma campanha publicitária
✗ Eu amo Nova Iorque → é usado desde → 1977
✗ Eu amo Nova Iorque → é usado para promover → o turismo na cidade de Nova York
✗ Eu amo Nova Iorque → é usado para promover → o Estado de Nova York","✗ Eu amo Nova Iorque → é → um logotipo e uma música
✗ Eu amo Nova Iorque → é a base de → uma campanha publicitária
✗ Eu amo Nova Iorque → é usado desde → 1977 para promover o turismo em a cidade de Nova York",✗ Eu amo Nova Iorque → é → um logotipo e uma música,"✗ Eu amo Nova Iorque → é estilizado como → I ❤ NY
✗ Eu amo Nova Iorque → é → um logotipo
✗ Eu amo Nova Iorque → é → uma música
✗ Eu amo Nova Iorque → são a base de → uma campanha publicitária
✗ Eu amo Nova Iorque → são usados desde 1977 para promover → o turismo em a cidade de Nova York
✗ Eu amo Nova Iorque → são usados desde 1977 também para promover → o Estado de Nova York"
"A cidade de Nova York está localizada em um de os maiores portos naturais de o mundo, e os bairros de Manhattan e Staten Island são (principalmente) coterminosos com ilhas com os mesmos nomes, enquanto Queens e Brooklyn estão localizadas em a extremidade oeste de a maior Ilha Longa, e O Bronx está localizado em a ponta sul de o continente de o estado de Nova York.","⚠ A cidade de Nova York → está → localizada em um de os maiores portos naturais de o mundo
A cidade de Nova York → está localizada em → um de os maiores portos naturais de o mundo","✓ A cidade de Nova York → está localizada em → um dos maiores portos naturais do mundo
✗ o bairro de Manhattan → é coterminoso com → uma ilha com o mesmo nome
✗ o bairro de Staten Island → é coterminoso com → uma ilha com o mesmo nome
✗ Queens → está localizado em → a extremidade oeste da maior Ilha Longa
✗ Brooklyn → está localizado em → a extremidade oeste da maior Ilha Longa
✗ O Bronx → está localizado em → a ponta sul do continente do estado de Nova York",✓✓ A cidade de Nova York → está localizada em → um de os maiores portos naturais de o mundo,✓✓ A cidade de Nova York → está localizada em → um de os maiores portos naturais de o mundo,"✓✓ A cidade de Nova York → está localizada em → um de os maiores portos naturais de o mundo
✗ os bairros de Manhattan e Staten Island → são (principalmente) coterminosos com → ilhas com os mesmos nomes
✗ Queens e Brooklyn → estão localizadas em → a extremidade oeste de a maior Ilha Longa
✗ O Bronx → está localizado em → a ponta sul de o continente de o estado de Nova York"
"Desde 1990, uma peça baseada em o romance é realizada anualmente em a cidade natal de Harper Lee, em Monroeville, Alabama.:","⚠ uma peça → é → realizada anualmente em a cidade natal de Harper Lee
uma peça baseada em o romance → é realizada anualmente em → a cidade natal de Harper Lee","✓ uma peça baseada no romance → é realizada anualmente em → a cidade natal de Harper Lee
✗ a cidade natal de Harper Lee → é → Monroeville, Alabama
✗ uma peça baseada no romance → é realizada desde → 1990","✗ uma peça baseada em o romance → é realizada anualmente → em a cidade natal de Harper Lee, em Monroeville, Alabama desde 1990",✓✓ uma peça baseada em o romance → é realizada anualmente em → a cidade natal de Harper Lee,"✓✓ uma peça baseada em o romance → é realizada anualmente em → a cidade natal de Harper Lee
✗ uma peça baseada em o romance → é realizada anualmente em → Monroeville, Alabama"
"Em 1960, Capote e Lee viajaram juntos para o Kansas para investigar os vários assassinatos que foram a base de o romance de ficção não-ficção de Capote In Cold Blood.","⚠ Capote e Lee → viajaram → juntos para o Kansas
Capote e Lee → viajaram juntos para → o Kansas","✗ Capote → viajou para → o Kansas
✗ Lee → viajou para → o Kansas
✗ Capote → viajou para o Kansas em → 1960
✗ Lee → viajou para o Kansas em → 1960
✗ Capote e Lee → tinham o propósito de investigar → os vários assassinatos
✗ os vários assassinatos → foram a base de → o romance de ficção não-ficção de Capote In Cold Blood","✗ Capote e Lee → viajaram juntos → para o Kansas em 1960
✗ Capote e Lee → investigaram → os vários assassinatos que foram a base de o romance de ficção não-ficção de Capote In Cold Blood",✓✓ Capote e Lee → viajaram juntos para → o Kansas,"✓✓ Capote e Lee → viajaram juntos para → o Kansas
✗ Capote e Lee → investigaram → os vários assassinatos
✗ os vários assassinatos → foram a base de → o romance de ficção não-ficção de Capote In Cold Blood"
"O alabamiano nativo Allen Barra criticou Lee e o romance em o The Wall Street Journal, chamando o Atticus de repositório de epigramas de barril de cracker e o romance representa um mito coberto de açúcar de a história de o Alabama.","⚠ Allen Barra → criticou → Lee e o romance em o The Wall Street Journal
⚠ O alabamiano nativo Allen Barra → criticou → Lee e o romance em o The Wall Street Journal","✗ Allen Barra → é → o alabamiano nativo
✗ Allen Barra → criticou → Lee
✗ Allen Barra → criticou → o romance
✗ Allen Barra → criticou Lee e o romance em → o The Wall Street Journal
✗ Allen Barra → chamou o Atticus de → repositório de epigramas de barril de cracker
✗ Allen Barra → afirmou que → o romance representa um mito coberto de açúcar da história do Alabama","✗ Allen Barra → é → alabamiano nativo
✗ Allen Barra → criticou → Lee e o romance",✗ O alabamiano nativo Allen Barra → criticou → Lee e o romance,"✗ O alabamiano nativo Allen Barra → criticou → Lee e o romance
✗ O alabamiano nativo Allen Barra → criticou em → o The Wall Street Journal
✗ O alabamiano nativo Allen Barra → chamou o Atticus de → repositório de epigramas de barril de cracker
✗ O alabamiano nativo Allen Barra → disse que o romance representa → um mito coberto de açúcar de a história de o Alabama"
"O pai de Lee morreu antes de o lançamento de o filme, e Lee ficou tão impressionado com a performance de Peck que ela lhe deu um relógio de bolso de o pai, que ele tinha com ele em a noite em que recebeu o Oscar de melhor ator.","O pai de Lee → morreu → antes de o lançamento de o filme
O pai de Lee → morreu antes de → o lançamento de o filme
⚠ Lee → ficou → impressionado com a performance de Peck","✓ O pai de Lee → morreu antes de → o lançamento do filme
✗ Lee → ficou impressionada com → a performance de Peck
✗ Lee → deu a Peck → um relógio de bolso do pai de Lee
✗ Peck → tinha consigo → o relógio de bolso do pai de Lee
✗ Peck → tinha o relógio de bolso do pai de Lee em → a noite em que recebeu o Oscar de melhor ator
✗ Peck → recebeu → o Oscar de melhor ator","✓✓ o pai de Lee → morreu → antes de o lançamento de o filme
✗ Lee → deu → um relógio de bolso de o pai a Peck",✓✓ O pai de Lee → morreu → antes de o lançamento de o filme,"✓✓ O pai de Lee → morreu antes de → o lançamento de o filme
✗ Lee → ficou tão impressionado com → a performance de Peck
✗ Lee → deu → um relógio de bolso de o pai
✗ Peck → tinha com ele → um relógio de bolso de o pai
✗ Peck → recebeu → o Oscar de melhor ator"
"Como resultado de o colapso de a União Soviética, o Tajiquistão se tornou uma nação independente em 1991.",o Tajiquistão → se tornou → uma nação independente em 1991,"✓ o Tajiquistão → se tornou → uma nação independente
✗ o Tajiquistão → se tornou uma nação independente em → 1991
✗ o colapso da União Soviética → resultou em → a independência do Tajiquistão",✓✓ o Tajiquistão → se tornou → uma nação independente em 1991,✓ o Tajiquistão → se tornou → uma nação independente,"✗ o colapso de a União Soviética → resultou em → o Tajiquistão se tornar uma nação independente em 1991
✓✓ o Tajiquistão → se tornou → uma nação independente em 1991"
"Em 2010, houve preocupações entre as autoridades tadjiques de que o militarismo islâmico em o leste de o país estava em ascensão após a fuga de 25 militantes de uma prisão tadjique em agosto, uma emboscada que matou 28 soldados tadjiques em o vale de Rasht em setembro, e outra emboscada em o vale em outubro que matou 30 soldados, seguida de combates fora de Gharm que deixaram 3 militantes mortos.",⚠ o militarismo islâmico em o leste de o país → estava em → ascensão após a fuga de 25 militantes,"✗ as autoridades tadjiques → tinham preocupações em → 2010
✗ as autoridades tadjiques → tinham preocupações de que → o militarismo islâmico no leste do país estava em ascensão
✗ 25 militantes → fugiram de → uma prisão tadjique
✗ 25 militantes → fugiram de uma prisão tadjique em → agosto
✗ uma emboscada → matou → 28 soldados tadjiques
✗ uma emboscada → matou 28 soldados tadjiques em → o vale de Rasht
✗ uma emboscada → matou 28 soldados tadjiques em → setembro
✗ outra emboscada no vale → matou → 30 soldados
✗ outra emboscada no vale → matou 30 soldados em → outubro
✗ outra emboscada no vale → foi seguida de → combates fora de Gharm
✗ combates fora de Gharm → deixaram → 3 militantes mortos",(nenhuma extração),✗ uma emboscada → matou → 28 soldados tadjiques,"✗ houve →  → preocupações entre as autoridades tadjiques
✗ 25 militantes → fugiram de → uma prisão tadjique
✗ uma emboscada → matou → 28 soldados tadjiques
✗ uma emboscada → matou → 30 soldados
✗ combates fora de Gharm → deixaram mortos → 3 militantes"
"O Império Samanida, 819 a 999, restaurou o controle persa de a região e ampliou as cidades de Samarcanda e Bukhara (hoje as duas cidades fazem parte de o Uzbequistão), que se tornaram os centros culturais de o Irã e a região era conhecida como Khorasan.","O Império Samanida → restaurou → o controle persa
⚠ a região → era → conhecida como Khorasan
a região → era conhecida como → Khorasan","✗ O Império Samanida → existiu de → 819 a 999
✓ O Império Samanida → restaurou → o controle persa da região
✗ O Império Samanida → ampliou → a cidade de Samarcanda
✗ O Império Samanida → ampliou → a cidade de Bukhara
✗ a cidade de Samarcanda → hoje faz parte de → o Uzbequistão
✗ a cidade de Bukhara → hoje faz parte de → o Uzbequistão
✗ Samarcanda e Bukhara → se tornaram → os centros culturais do Irã
✓✓ a região → era conhecida como → Khorasan","✗ O Império Samanida → é → 819 a 999
✗ O Império Samanida → restaurou → o controle persa de a região
✗ O Império Samanida → ampliou → as cidades de Samarcanda e Bukhara
✗ Samarcanda e Bukhara → fazem parte de → o Uzbequistão
✗ Samarcanda e Bukhara → se tornaram → os centros culturais de o Irã
✓✓ a região → era conhecida como → Khorasan","✗ O Império Samanida → restaurou → o controle persa de a região
✗ O Império Samanida → ampliou → as cidades de Samarcanda e Bukhara","✗ O Império Samanida → restaurou → o controle persa de a região
✗ O Império Samanida → ampliou → as cidades de Samarcanda e Bukhara
✗ Samarcanda e Bukhara → fazem parte de → o Uzbequistão
✗ Samarcanda e Bukhara → se tornaram → os centros culturais de o Irã
✓✓ a região → era conhecida como → Khorasan"
"Durante o final de o século XIX, os jadidistas se estabeleceram como um movimento social islâmico em toda a região.",os jadidistas → se estabeleceram → como um movimento social islâmico,"✓ os jadidistas → se estabeleceram como → um movimento social islâmico
✗ os jadidistas → se estabeleceram em → toda a região
✗ os jadidistas → se estabeleceram durante → o final do século XIX","✓ os jadidistas → se estabeleceram como → um movimento social islâmico
✗ os jadidistas → se estabeleceram em → toda a região",✓ os jadidistas → se estabeleceram como → um movimento social islâmico,"✓ os jadidistas → se estabeleceram como → um movimento social islâmico
✗ os jadidistas → se estabeleceram em → toda a região"
"1916, quando manifestantes atacaram soldados russos em Khujand por uma ameaça de recrutamento forçado durante a Primeira Guerra Mundial.",manifestantes → atacaram → soldados russos,"✓✓ manifestantes → atacaram → soldados russos
✗ manifestantes → atacaram soldados russos em → Khujand
✗ manifestantes → atacaram soldados russos em → 1916
✗ manifestantes → atacaram soldados russos por → uma ameaça de recrutamento forçado
✗ uma ameaça de recrutamento forçado → ocorreu durante → a Primeira Guerra Mundial",✗ manifestantes → atacaram → soldados russos em Khujand,"✓✓ manifestantes → atacaram → soldados russos
✗ manifestantes → atacaram em → Khujand","✓✓ manifestantes → atacaram → soldados russos
✗ manifestantes → atacaram em → Khujand"
Waitz definiu antropologia como a ciência de a natureza de o homem.,"Waitz → definiu → antropologia como a ciência de a natureza de o homem
Waitz → definiu antropologia como → a ciência de a natureza de o homem",✓ Waitz → definiu antropologia como → a ciência da natureza do homem,✓✓ Waitz → definiu → antropologia como a ciência de a natureza de o homem,✓✓ Waitz → definiu → antropologia como a ciência de a natureza de o homem,✓ Waitz → definiu → antropologia como a ciência da natureza do homem
"O DNA consiste em uma cadeia feita de quatro tipos de subunidades nucleotídicas, cada uma composta por um açúcar de cinco carbonos (2-desoxirribose), um grupo fosfato e uma de as quatro bases adenina, citosina, guanina e timina.",O DNA → consiste em → uma cadeia feita de quatro tipos de subunidades nucleotídicas,"✓✓ O DNA → consiste em → uma cadeia feita de quatro tipos de subunidades nucleotídicas
✗ cada subunidade nucleotídica → é composta por → um açúcar de cinco carbonos (2-desoxirribose)
✗ cada subunidade nucleotídica → é composta por → um grupo fosfato
✗ cada subunidade nucleotídica → é composta por → uma das quatro bases adenina, citosina, guanina e timina",✓✓ O DNA → consiste em → uma cadeia feita de quatro tipos de subunidades nucleotídicas,"✓✓ O DNA → consiste em → uma cadeia feita de quatro tipos de subunidades nucleotídicas
✗ cada uma de as quatro tipos de subunidades nucleotídicas → é composta por → um açúcar de cinco carbonos
✗ cada uma de as quatro tipos de subunidades nucleotídicas → é composta por → um grupo fosfato
✗ um açúcar de cinco carbonos → é → 2-desoxirribose","✓✓ O DNA → consiste em → uma cadeia feita de quatro tipos de subunidades nucleotídicas
✗ cada uma → é composta por → um açúcar de cinco carbonos (2-desoxirribose)
✗ cada uma → é composta por → um grupo fosfato
✗ cada uma → é composta por → uma das quatro bases adenina, citosina, guanina e timina"
"Com a ocupação de Napoleão, Portugal começou um declínio lento, mas inexorável, que durou até o século XX.",⚠ Portugal → começou → um declínio lento,"✗ Portugal → começou → um declínio lento, mas inexorável
✗ Portugal → começou o declínio com → a ocupação de Napoleão
✗ o declínio lento, mas inexorável de Portugal → durou até → o século XX",✗ Portugal → começou um declínio lento → ,"✗ Portugal → começou → um declínio lento, mas inexorável
✗ um declínio lento, mas inexorável → durou até → o século XX","✗ Portugal → começou → um declínio lento, mas inexorável
✗ um declínio lento, mas inexorável → durou até → o século XX"
"Portugal mantém uma forma republicana semi-presidencial unitária de governo e é um país desenvolvido com uma economia avançada e um alto padrão de vida, tendo o 18º maior progresso social de o mundo, colocando-o a a frente de outros países de a Europa Ocidental como França, Espanha e Itália.",Portugal → mantém → uma forma republicana semi-presidencial,"✓ Portugal → mantém → uma forma republicana semi-presidencial unitária de governo
✗ Portugal → é → um país desenvolvido
✗ Portugal → tem → uma economia avançada
✗ Portugal → tem → um alto padrão de vida
✗ Portugal → tem → o 18º maior progresso social do mundo
✗ Portugal → está à frente de → França
✗ Portugal → está à frente de → Espanha
✗ Portugal → está à frente de → Itália","✓ Portugal → mantém → uma forma republicana semi-presidencial unitária de governo
✗ Portugal → é → um país desenvolvido
✗ Portugal → tem → o 18º maior progresso social de o mundo","✓ Portugal → mantém → uma forma republicana semi-presidencial unitária de governo
✗ Portugal → é → um país desenvolvido com uma economia avançada e um alto padrão de vida
✗ Portugal → tem → o 18º maior progresso social de o mundo","✓ Portugal → mantém → uma forma republicana semi-presidencial unitária de governo
✗ Portugal → é → um país desenvolvido com uma economia avançada e um alto padrão de vida
✗ Portugal → tem → o 18º maior progresso social do mundo
✗ Portugal → coloca-se à frente de → outros países da Europa Ocidental como França, Espanha e Itália"
"Mais tarde, uma província de o norte de a Lusitânia foi formada, conhecida como Gallaecia, com capital em Bracara Augusta, hoje Braga.",⚠ uma província de o norte de a Lusitânia → foi → formada,"✗ uma província do norte da Lusitânia → era conhecida como → Gallaecia
✗ Gallaecia → tinha capital em → Bracara Augusta
✗ Bracara Augusta → é hoje → Braga","✗ uma província de o norte de a Lusitânia → foi formada → 
✗ uma província de o norte de a Lusitânia → é conhecida como → Gallaecia","✗ uma província de o norte de a Lusitânia → é conhecida como → Gallaecia
✗ Gallaecia → tem capital em → Bracara Augusta
✗ Bracara Augusta → é hoje → Braga","✗ uma província do norte da Lusitânia → foi formada → Gallaecia
✗ Gallaecia → tinha como capital → Bracara Augusta"
"O período de Taifa terminou com a conquista de os almorávidas que vieram de o Marrocos em 1086, conquistando uma vitória decisiva em a Batalha de Sagrajas, seguida um século depois em 1147, após o segundo período de Taifa, pelos Almohads, também de Marraquexe.","O período de Taifa → terminou com → a conquista de os almorávidas
⚠ O período de Taifa → terminou com → a conquista de os almorávidas que vieram de o Marrocos em 1086","✓ O período de Taifa → terminou com → a conquista dos almorávidas
✗ os almorávidas → vieram de → o Marrocos
✗ os almorávidas → vieram do Marrocos em → 1086
✗ os almorávidas → conquistaram → uma vitória decisiva
✗ os almorávidas → conquistaram uma vitória decisiva em → a Batalha de Sagrajas
✗ a conquista dos almorávidas → foi seguida um século depois por → os Almohads
✗ a conquista dos Almohads → ocorreu em → 1147
✗ os Almohads → eram também de → Marraquexe",✓✓ O período de Taifa → terminou com → a conquista de os almorávidas,"✓✓ O período de Taifa → terminou com → a conquista de os almorávidas
✗ os almorávidas → vieram de → o Marrocos
✗ os almorávidas → conquistaram → uma vitória decisiva em a Batalha de Sagrajas","✓ O período de Taifa → terminou com → a conquista dos almorávidas
✗ os almorávidas → vieram de → o Marrocos
✗ os almorávidas → conquistaram → uma vitória decisiva na Batalha de Sagrajas"
Os berberes eram originalmente de as montanhas de o Atlas e Rif de o norte de a África e eram essencialmente nômades.,"⚠ Os berberes → eram → originalmente de as montanhas de o Atlas
Os berberes → eram originalmente de → as montanhas de o Atlas","✓ Os berberes → eram originalmente de → as montanhas do Atlas
✗ Os berberes → eram originalmente de → as montanhas do Rif
✗ as montanhas do Atlas e Rif → são de → o norte da África
✗ Os berberes → eram essencialmente → nômades","✗ Os berberes → eram originalmente de → as montanhas de o Atlas e Rif de o norte de a África
✗ Os berberes → eram essencialmente → nômades","✗ Os berberes → eram originalmente de → as montanhas de o Atlas e Rif de o norte de a África
✗ Os berberes → eram → essencialmente nômades","✗ Os berberes → eram originalmente de → as montanhas do Atlas e Rif do norte da África
✗ Os berberes → eram → essencialmente nômades"
"Mas as maiores reformas de Sebastião de Melo foram econômicas e financeiras, com a criação de várias empresas e guildas para regular todas as atividades comerciais.",as maiores reformas de Sebastião de Melo → foram → econômicas e financeiras,"✓✓ as maiores reformas de Sebastião de Melo → foram → econômicas e financeiras
✗ Sebastião de Melo → criou → várias empresas
✗ Sebastião de Melo → criou → guildas
✗ várias empresas e guildas → tinham o propósito de regular → todas as atividades comerciais",✓✓ as maiores reformas de Sebastião de Melo → foram → econômicas e financeiras,"✗ as maiores reformas de Sebastião de Melo → foram → econômicas
✗ as maiores reformas de Sebastião de Melo → foram → financeiras","✓✓ as maiores reformas de Sebastião de Melo → foram → econômicas e financeiras
✗ Sebastião de Melo → criou → várias empresas
✗ Sebastião de Melo → criou → guildas
✗ Sebastião de Melo → regulou → todas as atividades comerciais"
"Em 2001, Portugal descriminalizou a posse de todas as drogas que ainda são ilegais em outros países desenvolvidos, incluindo, entre outras, maconha, cocaína, heroína e LSD.",Portugal → descriminalizou → a posse de todas as drogas,"✓✓ Portugal → descriminalizou → a posse de todas as drogas
✗ Portugal → descriminalizou a posse de todas as drogas em → 2001
✗ todas as drogas → ainda são ilegais em → outros países desenvolvidos
✗ as drogas → incluem → maconha
✗ as drogas → incluem → cocaína
✗ as drogas → incluem → heroína
✗ as drogas → incluem → LSD",✓✓ Portugal → descriminalizou → a posse de todas as drogas,✗ Portugal → descriminalizou → a posse de todas as drogas que ainda são ilegais em outros países desenvolvidos,"✗ Portugal → descriminalizou → a posse de todas as drogas que ainda são ilegais em outros países desenvolvidos
✗ drogas → incluem → maconha
✗ drogas → incluem → cocaína
✗ drogas → incluem → heroína
✗ drogas → incluem → LSD"
"O banco central de Portugal é o Banco de Portugal, parte integrante de o Sistema Europeu de Bancos Centrais.",O banco central de Portugal → é → parte integrante de o Sistema Europeu de Bancos Centrais,"✗ O banco central de Portugal → é → o Banco de Portugal
✓ o Banco de Portugal → é → parte integrante do Sistema Europeu de Bancos Centrais",✗ O banco central de Portugal → é → o Banco de Portugal,"✗ O banco central de Portugal → é → o Banco de Portugal
✓ o Banco de Portugal → é → parte integrante de o Sistema Europeu de Bancos Centrais","✗ O banco central de Portugal → é → o Banco de Portugal
✗ o Banco de Portugal → é parte integrante de → o Sistema Europeu de Bancos Centrais"
"Os pontos turísticos mais procurados em Portugal são Lisboa, Algarve, Madeira, Porto e a cidade de Coimbra, também entre 4-5 milhões de peregrinos religiosos visitam Fátima a cada ano, onde supostamente ocorreram aparições de a Virgem Maria a três pastores em 1917.","⚠ peregrinos religiosos → visitam → Fátima a cada ano
⚠ peregrinos religiosos → visitam → Fátima
⚠ entre 4-5 milhões de peregrinos religiosos → visitam → Fátima a cada ano","✗ Os pontos turísticos mais procurados em Portugal → são → Lisboa
✗ Os pontos turísticos mais procurados em Portugal → são → Algarve
✗ Os pontos turísticos mais procurados em Portugal → são → Madeira
✗ Os pontos turísticos mais procurados em Portugal → são → Porto
✗ Os pontos turísticos mais procurados em Portugal → são → a cidade de Coimbra
✗ entre 4-5 milhões de peregrinos religiosos → visitam → Fátima
✗ entre 4-5 milhões de peregrinos religiosos → visitam Fátima → a cada ano","✗ Os pontos turísticos mais procurados em Portugal → são → Lisboa, Algarve, Madeira, Porto e a cidade de Coimbra","✗ Os pontos turísticos mais procurados em Portugal → são → Lisboa
✗ Os pontos turísticos mais procurados em Portugal → são → Algarve
✗ Os pontos turísticos mais procurados em Portugal → são → Madeira
✗ Os pontos turísticos mais procurados em Portugal → são → Porto
✗ Os pontos turísticos mais procurados em Portugal → são → a cidade de Coimbra
✗ entre 4-5 milhões de peregrinos religiosos → visitam → Fátima",(nenhuma extração)
"Em 2007, Portugal tinha 10.617.575 habitantes, de os quais cerca de 332.137 eram imigrantes legais.",Portugal → tinha → 10.617.575 habitantes,"✓✓ Portugal → tinha → 10.617.575 habitantes
✗ Portugal → tinha 10.617.575 habitantes em → 2007
✗ cerca de 332.137 dos habitantes de Portugal → eram → imigrantes legais",✗ Portugal → tinha → 10.617.575 habitantes em 2007,"✓✓ Portugal → tinha → 10.617.575 habitantes
✗ cerca de 332.137 habitantes → eram → imigrantes legais",(nenhuma extração)
As universidades portuguesas existem desde 1290,⚠ As universidades portuguesas → existem → desde 1290,✗ As universidades portuguesas → existem desde → 1290,✗ As universidades portuguesas → existem desde → 1290,✗ As universidades portuguesas → existem desde → 1290,✗ As universidades portuguesas → existem desde → 1290
O futebol é o esporte mais popular em Portugal.,O futebol → é → o esporte mais popular em Portugal,✓✓ O futebol → é → o esporte mais popular em Portugal,✓✓ O futebol → é → o esporte mais popular em Portugal,✓✓ O futebol → é → o esporte mais popular em Portugal,✓✓ O futebol → é → o esporte mais popular em Portugal
"Mutações maiores podem ser causadas por erros em a recombinação para causar anormalidades cromossômicas, incluindo duplicação, exclusão, rearranjo ou inversão de grandes seções de um cromossomo.","⚠ Mutações maiores → podem → ser causadas por erros em a recombinação
⚠ Mutações maiores → podem ser causadas por → erros em a recombinação",(nenhuma extração),(nenhuma extração),(nenhuma extração),(nenhuma extração)
Portugal liderou a exploração européia de o mundo e uma era de a descoberta.,"Portugal → liderou → a exploração européia
Portugal → liderou → a exploração européia de o mundo","✓ Portugal → liderou → a exploração européia do mundo
✗ Portugal → liderou → uma era da descoberta",✓✓ Portugal → liderou → a exploração européia de o mundo,"✓✓ Portugal → liderou → a exploração européia de o mundo
✗ Portugal → liderou → uma era de a descoberta","✗ Portugal → liderou → a exploração europeia do mundo
✗ Portugal → liderou → uma era da descoberta"
"Finalmente, uma pequena fração de mutações é benéfica, melhorando a aptidão de o organismo e é extremamente importante para a evolução, uma vez que sua seleção direcional leva a a evolução adaptativa.","uma pequena fração de mutações → é → benéfica
⚠ sua seleção direcional → leva a → a evolução adaptativa","✓✓ uma pequena fração de mutações → é → benéfica
✗ uma pequena fração de mutações → melhora → a aptidão do organismo
✗ uma pequena fração de mutações → é extremamente importante para → a evolução
✗ a seleção direcional da pequena fração de mutações benéficas → leva a → a evolução adaptativa",✓✓ uma pequena fração de mutações → é → benéfica,"✓✓ uma pequena fração de mutações → é → benéfica
✗ uma pequena fração de mutações → é → extremamente importante para a evolução",(nenhuma extração)
"O português é uma língua românica que se originou em o que hoje é a Galiza e o norte de Portugal, originária de o galego-português, que era a língua comum de o povo galego e português até a independência de Portugal.",O português → é → uma língua românica,"✓✓ O português → é → uma língua românica
✗ O português → se originou em → o que hoje é a Galiza e o norte de Portugal
✗ O português → é originário de → o galego-português
✗ o galego-português → era a língua comum do povo galego e português até → a independência de Portugal",✓✓ O português → é → uma língua românica,"✓✓ O português → é → uma língua românica
✗ O português → se originou em → a Galiza e o norte de Portugal
✗ O português → é originária de → o galego-português
✗ o galego-português → era → a língua comum de o povo galego e português","✓✓ O português → é → uma língua românica
✗ O português → se originou em → o que hoje é a Galiza
✗ O português → se originou em → o norte de Portugal
✗ O português → é originário de → o galego-português
✗ o galego-português → era → a língua comum do povo galego e português"
"O Ministério de a Saúde é responsável por desenvolver políticas de saúde, bem como gerenciar o SNS.","⚠ O Ministério de a Saúde → é → responsável por desenvolver políticas de saúde
O Ministério de a Saúde → é responsável por → desenvolver políticas de saúde","✓ O Ministério da Saúde → é responsável por desenvolver → políticas de saúde
✗ O Ministério da Saúde → é responsável por gerenciar → o SNS",✓✓ O Ministério de a Saúde → é responsável por → desenvolver políticas de saúde,"✓✓ O Ministério de a Saúde → é responsável por → desenvolver políticas de saúde
✗ O Ministério de a Saúde → é responsável por → gerenciar o SNS","✓ O Ministério da Saúde → é responsável por desenvolver → políticas de saúde
✗ O Ministério da Saúde → é responsável por gerenciar → o SNS"
"Kanye Omari West nasceu em 8 de junho de 1977 em Atlanta, Geórgia.",Kanye Omari West → nasceu em → Atlanta,"✗ Kanye Omari West → nasceu em → 8 de junho de 1977
✗ Kanye Omari West → nasceu em → Atlanta, Geórgia","✗ Kanye Omari West → nasceu em → 8 de junho de 1977 em Atlanta, Geórgia","✓✓ Kanye Omari West → nasceu em → Atlanta
✗ Kanye Omari West → nasceu em → 8 de junho de 1977","✗ Kanye Omari West → nasceu em → 8 de junho de 1977
✗ Kanye Omari West → nasceu em → Atlanta, Geórgia"
"O budismo mahayana, a o contrário, aspira a o estado de Buda através de o caminho de o bodhisattva, um estado em que alguém permanece neste ciclo para ajudar outros seres a alcançar o despertar.",⚠ O budismo mahayana → aspira → a o estado de Buda,"✗ O budismo mahayana → aspira a → o estado de Buda
✗ O budismo mahayana → aspira ao estado de Buda através de → o caminho do bodhisattva
✗ o caminho do bodhisattva → é → um estado em que alguém permanece no ciclo para ajudar outros seres a alcançar o despertar",✗ O budismo mahayana → aspira a → o estado de Buda,✗ O budismo mahayana → aspira a → o estado de Buda através de o caminho de o bodhisattva,(nenhuma extração)
"Nem todos os genes essenciais são genes de manutenção, uma vez que alguns genes essenciais são regulados por o desenvolvimento ou expressos em determinados momentos durante o ciclo de vida de o organismo.","Nem todos os genes essenciais → são → genes de manutenção
⚠ alguns genes essenciais → são → regulados por o desenvolvimento
alguns genes essenciais → são regulados por → o desenvolvimento","✓✓ Nem todos os genes essenciais → são → genes de manutenção
✓✓ alguns genes essenciais → são regulados por → o desenvolvimento
✗ alguns genes essenciais → são expressos em → determinados momentos durante o ciclo de vida do organismo",(nenhuma extração),"✓✓ alguns genes essenciais → são regulados por → o desenvolvimento
✗ alguns genes essenciais → são expressos em → determinados momentos durante o ciclo de vida de o organismo",(nenhuma extração)
"Dentro de o budismo, samsara é definido como o ciclo repetitivo contínuo de nascimento e morte que surge de a apreensão e fixação de seres comuns em um eu e experiências.",samsara → é definido como → o ciclo repetitivo contínuo de nascimento e morte,"✗ samsara → é definido dentro do budismo como → o ciclo repetitivo contínuo de nascimento e morte
✗ o ciclo repetitivo contínuo de nascimento e morte → surge de → a apreensão e fixação de seres comuns em um eu e experiências",✓✓ samsara → é definido como → o ciclo repetitivo contínuo de nascimento e morte,✓✓ samsara → é definido como → o ciclo repetitivo contínuo de nascimento e morte,"✓✓ samsara → é definido como → o ciclo repetitivo contínuo de nascimento e morte
✗ o ciclo repetitivo contínuo de nascimento e morte → surge de → a apreensão e fixação de seres comuns em um eu e experiências"
"No contexto de as quatro nobres verdades, a origem de dukkha é comumente explicada como desejo (Pali tanha) condicionado por a ignorância (Pali avijja).",⚠ a origem de dukkha → é → comumente explicada como desejo,✗ a origem de dukkha → é comumente explicada no contexto das quatro nobres verdades como → desejo (Pali tanha) condicionado pela ignorância (Pali avijja),✗ a origem de dukkha → é comumente explicada como → desejo condicionado por a ignorância,"✗ a origem de dukkha → é comumente explicada como → desejo
✗ desejo → é → Pali tanha
✗ desejo → é condicionado por → a ignorância",(nenhuma extração)
"O budismo mahayana encoraja todos a se tornarem bodhisattvas e a fazer o voto de bodhisattva, onde o praticante promete trabalhar para a completa iluminação de todos os seres praticando os seis pāramitās.","O budismo mahayana → encoraja → todos a se tornarem bodhisattvas
⚠ O budismo mahayana → encoraja todos a → se tornarem bodhisattvas
⚠ o praticante → promete → trabalhar para a completa iluminação de todos os seres","✗ O budismo mahayana → encoraja todos a se tornarem → bodhisattvas
✗ O budismo mahayana → encoraja todos a fazer → o voto de bodhisattva
✗ o praticante → promete trabalhar para → a completa iluminação de todos os seres
✗ o praticante → trabalha para a completa iluminação de todos os seres praticando → os seis pāramitās",✓✓ O budismo mahayana → encoraja → todos a se tornarem bodhisattvas,✓✓ O budismo mahayana → encoraja → todos a se tornarem bodhisattvas,"✗ O budismo mahayana → encoraja todos a se tornarem → bodhisattvas
✗ O budismo mahayana → encoraja todos a fazer → o voto de bodhisattva
✗ o praticante → promete trabalhar para → a completa iluminação de todos os seres
✗ o praticante → pratica → os seis pāramitās"
O budismo nega uma divindade como O Criador e postula que divindades mundanas como Mahabrahma são mal interpretadas como criador.,O budismo → nega → uma divindade como O Criador,"✓✓ O budismo → nega → uma divindade como O Criador
✗ O budismo → postula que → divindades mundanas como Mahabrahma são mal interpretadas como criador",✓✓ O budismo → nega → uma divindade como O Criador,"✓✓ O budismo → nega → uma divindade como O Criador
✗ O budismo → postula → que divindades mundanas como Mahabrahma são mal interpretadas como criador","✓✓ O budismo → nega → uma divindade como O Criador
✗ O budismo → postula que → divindades mundanas como Mahabrahma são mal interpretadas como criador"
A segunda verdade é que a origem de dukkha pode ser conhecida.,⚠ a origem de dukkha → pode ser → conhecida,✗ A segunda verdade → é → que a origem de dukkha pode ser conhecida,✗ A segunda verdade → é → que a origem de dukkha pode ser conhecida,✗ A segunda verdade → é → que a origem de dukkha pode ser conhecida,✗ A segunda verdade → é → que a origem de dukkha pode ser conhecida
"O ensinamento zen-budista geralmente é cheio de paradoxos, a fim de afrouxar o domínio de o ego e facilitar a penetração em o reino de o Eu Verdadeiro ou Eu Sem Forma, que é equiparado a o próprio Buda.","O ensinamento zen-budista → geralmente é → cheio de paradoxos
O ensinamento zen-budista → geralmente é cheio de → paradoxos","✓✓ O ensinamento zen-budista → geralmente é cheio de → paradoxos
✗ O ensinamento zen-budista → tem o propósito de afrouxar → o domínio do ego
✗ O ensinamento zen-budista → tem o propósito de facilitar → a penetração no reino do Eu Verdadeiro ou Eu Sem Forma
✗ o reino do Eu Verdadeiro ou Eu Sem Forma → é equiparado a → o próprio Buda",✓ O ensinamento zen-budista → é cheio de → paradoxos,✓✓ O ensinamento zen-budista → geralmente é → cheio de paradoxos,"✓✓ O ensinamento zen-budista → geralmente é cheio de → paradoxos
✗ O Eu Verdadeiro ou Eu Sem Forma → é equiparado a → o próprio Buda"
"Além disso, o Budismo de o Leste Asiático reconhece alguns sutras considerados pelos estudiosos de origem chinesa e não indiana.",o Budismo de o Leste Asiático → reconhece → alguns sutras considerados pelos estudiosos de origem chinesa,✓ o Budismo do Leste Asiático → reconhece → alguns sutras considerados pelos estudiosos de origem chinesa e não indiana,✗ o Budismo de o Leste Asiático → reconhece → alguns sutras,✓ o Budismo de o Leste Asiático → reconhece → alguns sutras considerados pelos estudiosos de origem chinesa e não indiana,"✗ O Budismo do Leste Asiático → reconhece → alguns sutras
✗ alguns sutras → são considerados pelos estudiosos como → de origem chinesa e não indiana"
O programa foi renomeado como American Idol The Search for a Superstar e estreou em o verão de 2002.,"⚠ O programa → foi → renomeado como American Idol The Search for a Superstar
O programa → foi renomeado como → American Idol The Search for a Superstar","✓✓ O programa → foi renomeado como → American Idol The Search for a Superstar
✗ O programa → estreou em → o verão de 2002",✓✓ O programa → foi renomeado como → American Idol The Search for a Superstar,"✓✓ O programa → foi renomeado como → American Idol The Search for a Superstar
✗ O programa → estreou em → o verão de 2002","✓✓ O programa → foi renomeado como → American Idol The Search for a Superstar
✗ O programa → estreou em → o verão de 2002"
"No entanto, em a sexta temporada, durante o primeiro episódio de a série Idol Gives Back, nenhum participante foi eliminado, mas em a semana seguinte, dois foram enviados para casa.",⚠ nenhum participante → foi → eliminado,"✗ nenhum participante → foi eliminado em → o primeiro episódio da série Idol Gives Back
✗ dois participantes → foram enviados para casa em → a semana seguinte",(nenhuma extração),"✗ nenhum participante → foi eliminado em → a sexta temporada
✗ dois participantes → foram enviados para → casa","✗ nenhum participante → foi eliminado → durante o primeiro episódio de a série Idol Gives Back
✗ dois participantes → foram enviados para casa → em a semana seguinte"
"Após o sucesso de a primeira temporada, a segunda temporada foi a o ar em janeiro de 2003.","⚠ a segunda temporada → foi a → o ar em janeiro de 2003
a segunda temporada → foi a o ar em → janeiro de 2003","✓ a segunda temporada → foi ao ar em → janeiro de 2003
✗ a segunda temporada → foi ao ar após → o sucesso da primeira temporada",✓ a segunda temporada → foi ao ar em → janeiro de 2003,✓✓ a segunda temporada → foi a o ar em → janeiro de 2003,✓ a segunda temporada → foi ao ar em → janeiro de 2003
"Desde então, Underwood vendeu 65 milhões de discos em todo o mundo e se tornou o concorrente de maior sucesso em os EUA, vendendo mais de 14 milhões de cópias de álbuns em os EUA e mais Underwood ganhou sete prêmios Grammy, o maior número de Grammys de um ex-aluno de o American Idol.","Underwood → vendeu → 65 milhões de discos em todo o mundo
⚠ Underwood → vendeu → 65 milhões de discos
Underwood → ganhou → sete prêmios Grammy","✓✓ Underwood → vendeu → 65 milhões de discos em todo o mundo
✗ Underwood → se tornou → o concorrente de maior sucesso nos EUA
✗ Underwood → vendeu → mais de 14 milhões de cópias de álbuns nos EUA
✓✓ Underwood → ganhou → sete prêmios Grammy
✗ os sete prêmios Grammy de Underwood → são → o maior número de Grammys de um ex-aluno do American Idol",✓✓ Underwood → vendeu → 65 milhões de discos em todo o mundo,"✓✓ Underwood → vendeu → 65 milhões de discos em todo o mundo
✗ Underwood → se tornou → o concorrente de maior sucesso em os EUA
✓✓ Underwood → ganhou → sete prêmios Grammy","✓✓ Underwood → vendeu → 65 milhões de discos em todo o mundo
✗ Underwood → se tornou → o concorrente de maior sucesso em os EUA
✗ Underwood → vendeu → mais de 14 milhões de cópias de álbuns em os EUA
✓✓ Underwood → ganhou → sete prêmios Grammy"
"No final de a temporada de 23 de maio, Jordin Sparks foi declarado vencedor, sendo o segundo colocado Blake Lewis.","⚠ Jordin Sparks → foi → declarado vencedor
Jordin Sparks → foi declarado → vencedor","✓✓ Jordin Sparks → foi declarado → vencedor
✗ Jordin Sparks → foi declarado vencedor em → o final da temporada de 23 de maio
✗ Blake Lewis → foi → o segundo colocado",✓✓ Jordin Sparks → foi declarado → vencedor,"✓✓ Jordin Sparks → foi declarado → vencedor
✗ o segundo colocado → é → Blake Lewis","✓✓ Jordin Sparks → foi declarado → vencedor
✗ Blake Lewis → foi → o segundo colocado"
"De acordo com o vencedor de a quinta temporada, Taylor Hicks, que é de o estado de o Alabama, as pessoas de o sul têm muito orgulho... Então, elas são inflexíveis em apoiar os competidores que se saem bem de seu estado ou região.","Taylor Hicks → é de → o estado de o Alabama
⚠ as pessoas de o sul → têm → muito orgulho","✗ Taylor Hicks → é → o vencedor da quinta temporada
✓ Taylor Hicks → é de → o estado do Alabama
✗ Taylor Hicks → afirma que → as pessoas do sul têm muito orgulho e são inflexíveis em apoiar os competidores que se saem bem de seu estado ou região",(nenhuma extração),"✗ o vencedor de a quinta temporada → é → Taylor Hicks
✓✓ Taylor Hicks → é de → o estado de o Alabama",✓✓ Taylor Hicks → é de → o estado de o Alabama
A sexta temporada foi a primeira temporada em que os resultados médios mostram uma classificação mais alta de o que as etapas de a competição (diferente de as temporadas anteriores) e se tornou a segunda melhor classificação de a série após a temporada anterior.,"A sexta temporada → foi → a primeira temporada em que os resultados médios mostram uma classificação mais alta
⚠ os resultados médios → mostram → uma classificação mais alta de o que as etapas de a competição","✓ A sexta temporada → foi → a primeira temporada em que os resultados médios mostram uma classificação mais alta do que as etapas da competição
✗ A sexta temporada → se tornou → a segunda melhor classificação da série",✓✓ A sexta temporada → foi → a primeira temporada em que os resultados médios mostram uma classificação mais alta,✓ A sexta temporada → foi → a primeira temporada em que os resultados médios mostram uma classificação mais alta de o que as etapas de a competição,"✓ A sexta temporada → foi → a primeira temporada em que os resultados médios mostram uma classificação mais alta de o que as etapas de a competição
✗ A sexta temporada → se tornou → a segunda melhor classificação de a série após a temporada anterior"
"O American Idol foi indicado a o Programa de Competição de Realidade Excepcional de o Emmy por nove anos, mas nunca venceu.","⚠ O American Idol → foi → indicado a o Programa de Competição de Realidade Excepcional de o Emmy
O American Idol → foi indicado a → o Programa de Competição de Realidade Excepcional de o Emmy","✓ O American Idol → foi indicado a → o Programa de Competição de Realidade Excepcional do Emmy
✗ O American Idol → foi indicado ao Programa de Competição de Realidade Excepcional do Emmy por → nove anos
✗ O American Idol → nunca venceu → o Emmy",✓✓ O American Idol → foi indicado a → o Programa de Competição de Realidade Excepcional de o Emmy,✓✓ O American Idol → foi indicado a → o Programa de Competição de Realidade Excepcional de o Emmy,"✓✓ O American Idol → foi indicado a → o Programa de Competição de Realidade Excepcional de o Emmy
✗ O American Idol → nunca venceu → o Programa de Competição de Realidade Excepcional de o Emmy"
"Na turnê de a 12ª temporada, um semi-finalista que venceu uma cantada também foi adicionado a a turnê.",⚠ um semi-finalista que venceu uma cantada → foi adicionado a → a turnê,✗ um semi-finalista que venceu uma cantada → foi adicionado a → a turnê da 12ª temporada,(nenhuma extração),✗ um semi-finalista → venceu → uma cantada,✗ um semi-finalista → foi adicionado a → a turnê
"A apresentadora de talk show ganhadora de o Emmy, Ellen Degeneres substituiu Paula Abdul nessa temporada, mas saiu depois de apenas uma temporada.","⚠ Ellen Degeneres → substituiu → Paula Abdul nessa temporada
Ellen Degeneres → substituiu → Paula Abdul","✗ Ellen Degeneres → é → a apresentadora de talk show ganhadora do Emmy
✓✓ Ellen Degeneres → substituiu → Paula Abdul
✗ Ellen Degeneres → substituiu Paula Abdul em → essa temporada
✗ Ellen Degeneres → saiu depois de → apenas uma temporada",✓✓ Ellen Degeneres → substituiu → Paula Abdul,"✗ A apresentadora de talk show ganhadora de o Emmy → é → Ellen Degeneres
✓✓ Ellen Degeneres → substituiu → Paula Abdul
✗ Ellen Degeneres → saiu depois de → apenas uma temporada","✗ Ellen Degeneres → é → a apresentadora de talk show ganhadora de o Emmy
✓✓ Ellen Degeneres → substituiu → Paula Abdul
✗ Ellen Degeneres → saiu depois de → apenas uma temporada"
"Em 1758, o taxonomista Linnaeus publicou em o Systema Naturae uma categorização de espécies que incluía as espécies de Canis.","⚠ o taxonomista Linnaeus → publicou em → o Systema Naturae uma categorização de espécies
⚠ o taxonomista Linnaeus → publicou em o Systema Naturae → uma categorização de espécies
⚠ o taxonomista Linnaeus → publicou → uma categorização de espécies que incluía as espécies de Canis","✗ Linnaeus → é → o taxonomista
✗ Linnaeus → publicou em → o Systema Naturae
✗ Linnaeus → publicou em → 1758
✗ Linnaeus → publicou → uma categorização de espécies
✗ uma categorização de espécies → incluía → as espécies de Canis",✗ o taxonomista Linnaeus → publicou → uma categorização de espécies em o Systema Naturae,"✗ o taxonomista Linnaeus → publicou em → o Systema Naturae
✗ o taxonomista Linnaeus → publicou → uma categorização de espécies
✗ uma categorização de espécies → incluía → as espécies de Canis","✗ o taxonomista Linnaeus → publicou em → o Systema Naturae
✗ o taxonomista Linnaeus → publicou → uma categorização de espécies
✗ uma categorização de espécies → incluía → as espécies de Canis"
"Nos países asiáticos, como China, Coréia e Japão, os cães são vistos como protetores gentis.","⚠ os cães → são → vistos como protetores gentis
os cães → são vistos como → protetores gentis","✓✓ os cães → são vistos como → protetores gentis
✗ os cães → são vistos como protetores gentis em → China
✗ os cães → são vistos como protetores gentis em → Coréia
✗ os cães → são vistos como protetores gentis em → Japão",✓✓ os cães → são vistos como → protetores gentis,✓✓ os cães → são vistos como → protetores gentis,✓✓ os cães → são vistos como → protetores gentis
"O pai de uma ninhada é chamado de dam, e a mãe é chamada de sire.: {","⚠ O pai de uma ninhada → é → chamado de dam
O pai de uma ninhada → é chamado de → dam
⚠ a mãe → é → chamada de sire
a mãe → é chamada de → sire","✓✓ O pai de uma ninhada → é chamado de → dam
✗ a mãe de uma ninhada → é chamada de → sire","✓✓ O pai de uma ninhada → é chamado de → dam
✓✓ a mãe → é chamada de → sire","✓✓ O pai de uma ninhada → é chamado de → dam
✗ a mãe de uma ninhada → é chamada de → sire","✓✓ O pai de uma ninhada → é chamado de → dam
✓✓ a mãe → é chamada de → sire"
"Cazaquistão: O primeiro portador de tocha em Almaty, onde a tocha olímpica chegou por a primeira vez em 2 de abril, foi o presidente de o Nursultan Nazarbaev de o Cazaquistão.",⚠ a tocha olímpica → chegou por → a primeira vez em 2 de abril,"✗ O primeiro portador de tocha em Almaty → foi → o presidente Nursultan Nazarbaev do Cazaquistão
✗ a tocha olímpica → chegou pela primeira vez em → Almaty
✗ a tocha olímpica → chegou a Almaty pela primeira vez em → 2 de abril",✗ o primeiro portador de tocha em Almaty → foi → o presidente Nursultan Nazarbaev de o Cazaquistão,"✗ O primeiro portador de tocha em Almaty → foi → o presidente de o Nursultan Nazarbaev de o Cazaquistão
✗ a tocha olímpica → chegou a → Almaty","✗ O primeiro portador de tocha em Almaty → foi → o presidente de o Cazaquistão Nursultan Nazarbaev
✗ a tocha olímpica → chegou a → Almaty
✗ a tocha olímpica → chegou em → 2 de abril"
"Rússia Em 5 de abril, a tocha olímpica chegou a São Petersburgo, em a Rússia.",a tocha olímpica → chegou a → São Petersburgo,"✓✓ a tocha olímpica → chegou a → São Petersburgo
✗ a tocha olímpica → chegou a São Petersburgo em → 5 de abril
✗ São Petersburgo → está em → a Rússia",✓✓ a tocha olímpica → chegou a → São Petersburgo,✓✓ a tocha olímpica → chegou a → São Petersburgo,"✓✓ a tocha olímpica → chegou a → São Petersburgo
✗ a tocha olímpica → chegou em → 5 de abril
✗ a tocha olímpica → chegou em → a Rússia"
"Em meio a a pressão de ambas as direções, o primeiro-ministro Gordon Brown recebeu a tocha de o lado de fora de a 10 Downing Street sem segurá-la ou tocá-la.","⚠ Gordon Brown → recebeu → a tocha de o lado de fora de a 10 Downing Street
⚠ o primeiro-ministro Gordon Brown → recebeu → a tocha de o lado de fora de a 10 Downing Street","✗ Gordon Brown → é → o primeiro-ministro
✗ Gordon Brown → recebeu → a tocha
✗ Gordon Brown → recebeu a tocha do lado de fora de → a 10 Downing Street
✗ Gordon Brown → recebeu a tocha sem → segurá-la ou tocá-la",✗ o primeiro-ministro Gordon Brown → recebeu → a tocha,"✗ o primeiro-ministro → é → Gordon Brown
✗ Gordon Brown → recebeu → a tocha","✗ o primeiro-ministro Gordon Brown → recebeu → a tocha
✗ o primeiro-ministro Gordon Brown → recebeu de → o lado de fora de a 10 Downing Street"
"Em 1º de abril de 2008, o Conselho de Supervisores de São Francisco aprovou uma resolução que tratava de as questões de direitos humanos quando a tocha olímpica de Pequim chegasse a São Francisco em 9 de abril.",⚠ uma resolução → tratava de as questões de → direitos humanos,"✗ o Conselho de Supervisores de São Francisco → aprovou → uma resolução que tratava das questões de direitos humanos
✗ o Conselho de Supervisores de São Francisco → aprovou a resolução em → 1º de abril de 2008",✗ o Conselho de Supervisores de São Francisco → aprovou → uma resolução,✗ o Conselho de Supervisores de São Francisco → aprovou → uma resolução que tratava de as questões de direitos humanos,"✗ o Conselho de Supervisores de São Francisco → aprovou → uma resolução
✗ uma resolução → tratava de → as questões de direitos humanos"
"A mídia indiana informou que o ministro de o Comércio de a Índia, Kamal Nath, cancelou uma viagem oficial a Pequim em protesto, apesar de fontes de a Nath e de a China terem negado.:",o ministro de o Comércio de a Índia → cancelou → uma viagem oficial a Pequim,"✗ A mídia indiana → informou que → o ministro do Comércio da Índia, Kamal Nath, cancelou uma viagem oficial a Pequim em protesto
✗ Kamal Nath → é → o ministro do Comércio da Índia
✗ fontes de Nath e da China → negaram → que Kamal Nath cancelou a viagem oficial a Pequim","✓ o ministro de o Comércio de a Índia, Kamal Nath → cancelou → uma viagem oficial a Pequim","✗ A mídia indiana → informou → que o ministro de o Comércio de a Índia, Kamal Nath, cancelou uma viagem oficial a Pequim em protesto
✗ o ministro de o Comércio de a Índia → é → Kamal Nath","✗ A mídia indiana → informou que → o ministro de o Comércio de a Índia, Kamal Nath, cancelou uma viagem oficial a Pequim em protesto
✗ Kamal Nath → é → o ministro de o Comércio de a Índia"
"A Organização de as Nações Unidas e sua agência infantil UNICEF retiraram sua equipe, dizendo que não tinha certeza de que o evento ajudaria sua missão de aumentar a conscientização sobre as condições de as crianças e em meio a preocupações de que o revezamento fosse usado como um golpe de propaganda.",A Organização de as Nações Unidas e sua agência infantil UNICEF → retiraram → sua equipe,"✗ A Organização das Nações Unidas → retirou → sua equipe
✗ a UNICEF → retirou → sua equipe
✗ A Organização das Nações Unidas e a UNICEF → disseram que → não tinham certeza de que o evento ajudaria sua missão de aumentar a conscientização sobre as condições das crianças",✓✓ A Organização de as Nações Unidas e sua agência infantil UNICEF → retiraram → sua equipe,"✗ A Organização de as Nações Unidas → retiraram → a equipe de A Organização de as Nações Unidas
✗ a agência infantil UNICEF de A Organização de as Nações Unidas → retiraram → a equipe de a agência infantil UNICEF","✓ A Organização de as Nações Unidas e UNICEF → retiraram → sua equipe
✗ UNICEF → é → sua agência infantil"
"Em vez de ensinar pequenas partes de um grande número de assuntos, Whitehead advogou o ensino de relativamente poucos conceitos importantes que o aluno poderia vincular organicamente a muitas áreas diferentes de o conhecimento, descobrindo sua aplicação em a vida real.","Whitehead → advogou → o ensino de relativamente poucos conceitos importantes
⚠ Whitehead → advogou o ensino de → relativamente poucos conceitos importantes",✗ Whitehead → advogou → o ensino de relativamente poucos conceitos importantes que o aluno poderia vincular organicamente a muitas áreas diferentes do conhecimento,✓✓ Whitehead → advogou → o ensino de relativamente poucos conceitos importantes,✓✓ Whitehead → advogou → o ensino de relativamente poucos conceitos importantes,✓✓ Whitehead → advogou → o ensino de relativamente poucos conceitos importantes
"Whitehead argumentou que a realidade consiste em processos e não em objetos materiais, e que os processos são melhor definidos por suas relações com outros processos, rejeitando assim a teoria de que a realidade é fundamentalmente construída por pedaços de matéria que existem independentemente um de o outro.","Whitehead → argumentou → que a realidade consiste em processos
⚠ a realidade → consiste em → processos","✗ Whitehead → argumentou que → a realidade consiste em processos e não em objetos materiais
✗ Whitehead → argumentou que → os processos são melhor definidos por suas relações com outros processos
✗ Whitehead → rejeitou → a teoria de que a realidade é fundamentalmente construída por pedaços de matéria que existem independentemente um do outro",✓ Whitehead → argumentou → que a realidade consiste em processos e não em objetos materiais,"✓ Whitehead → argumentou → que a realidade consiste em processos e não em objetos materiais
✗ Whitehead → argumentou → que os processos são melhor definidos por suas relações com outros processos","✗ Whitehead → argumentou que → a realidade consiste em processos e não em objetos materiais
✗ Whitehead → argumentou que → os processos são melhor definidos por suas relações com outros processos
✗ Whitehead → rejeitou → a teoria de que a realidade é fundamentalmente construída por pedaços de matéria que existem independentemente um de o outro"
"Alfred North Whitehead nasceu em Ramsgate, Kent, Inglaterra, em 1861.",Alfred North Whitehead → nasceu em → 1861,"✗ Alfred North Whitehead → nasceu em → Ramsgate, Kent, Inglaterra
✓✓ Alfred North Whitehead → nasceu em → 1861","✗ Alfred North Whitehead → nasceu em → Ramsgate, Kent, Inglaterra, em 1861","✗ Alfred North Whitehead → nasceu em → Ramsgate
✓✓ Alfred North Whitehead → nasceu em → 1861","✗ Alfred North Whitehead → nasceu em → Ramsgate, Kent, Inglaterra
✓✓ Alfred North Whitehead → nasceu em → 1861"
"Em 1918, as responsabilidades acadêmicas de Whitehead começaram a se expandir seriamente, quando ele aceitou uma série de altos cargos administrativos dentro de o sistema de a Universidade de Londres, de os quais o Imperial College London era membro em a época.",⚠ as responsabilidades acadêmicas de Whitehead → começaram a → se expandir seriamente,"✗ as responsabilidades acadêmicas de Whitehead → começaram a se expandir seriamente em → 1918
✗ Whitehead → aceitou → uma série de altos cargos administrativos dentro do sistema da Universidade de Londres
✗ o Imperial College London → era membro de → o sistema da Universidade de Londres","✗ as responsabilidades acadêmicas de Whitehead → começaram a se expandir seriamente → 
✗ Whitehead → aceitou → uma série de altos cargos administrativos dentro de o sistema de a Universidade de Londres",✗ Whitehead → aceitou → uma série de altos cargos administrativos,"✗ as responsabilidades acadêmicas de Whitehead → começaram a se expandir seriamente → 
✗ Whitehead → aceitou → uma série de altos cargos administrativos dentro de o sistema de a Universidade de Londres
✗ o Imperial College London → era membro de → o sistema de a Universidade de Londres"
A biografia de dois volumes de Whitehead de Victor Lowe é a apresentação mais definitiva de a vida de Whitehead.,A biografia de dois volumes de Whitehead de Victor Lowe → é → a apresentação mais definitiva de a vida de Whitehead,✓ A biografia de dois volumes de Whitehead de Victor Lowe → é → a apresentação mais definitiva da vida de Whitehead,✓✓ A biografia de dois volumes de Whitehead de Victor Lowe → é → a apresentação mais definitiva de a vida de Whitehead,"✗ A biografia de dois volumes de Whitehead → é escrita por → Victor Lowe
✗ A biografia de dois volumes de Whitehead → é → a apresentação mais definitiva de a vida de Whitehead
✗ A biografia de dois volumes de Whitehead → é de → Victor Lowe
✓✓ A biografia de dois volumes de Whitehead de Victor Lowe → é → a apresentação mais definitiva de a vida de Whitehead","✓✓ A biografia de dois volumes de Whitehead de Victor Lowe → é → a apresentação mais definitiva de a vida de Whitehead
✗ A biografia de Whitehead de Victor Lowe → tem → dois volumes"
"Embora a corrida tenha sido um fator que contribuiu para o momento de a morte de o IndyMac, a causa subjacente de a falha foi a maneira insegura e insalubre por a qual a economia foi operada.",a causa subjacente de a falha → foi → a maneira insegura e insalubre por a qual a economia foi operada,"✗ a corrida → foi um fator que contribuiu para → o momento da morte do IndyMac
✓ a causa subjacente da falha → foi → a maneira insegura e insalubre pela qual a economia foi operada",✓✓ a causa subjacente de a falha → foi → a maneira insegura e insalubre por a qual a economia foi operada,"✓✓ a causa subjacente de a falha → foi → a maneira insegura e insalubre por a qual a economia foi operada
✗ a corrida → foi → um fator que contribuiu para o momento de a morte de o IndyMac","✗ a corrida → contribuiu para → o momento da morte do IndyMac
✓ a causa subjacente da falha → foi → a maneira insegura e insalubre pela qual a economia foi operada"
"A recessão em os EUA, iniciada em dezembro de 2007, terminou em junho de 2009, de acordo com o Bureau Nacional de Pesquisa Econômica de os EUA (NBER) e a crise financeira parece ter terminado em a mesma época.","⚠ a crise financeira → parece → ter terminado em a mesma época
A recessão em os EUA → terminou em → junho de 2009","✗ A recessão nos EUA → foi iniciada em → dezembro de 2007
✓ A recessão nos EUA → terminou em → junho de 2009
✗ o Bureau Nacional de Pesquisa Econômica dos EUA (NBER) → afirma que → a recessão nos EUA terminou em junho de 2009",✓✓ A recessão em os EUA → terminou em → junho de 2009,"✓✓ A recessão em os EUA → terminou em → junho de 2009
✗ A recessão em os EUA → foi iniciada em → dezembro de 2007
✗ o Bureau Nacional de Pesquisa Econômica de os EUA → é → NBER","✗ A recessão nos EUA → iniciou-se em → dezembro de 2007
✓ A recessão nos EUA → terminou em → junho de 2009"
"Em um discurso de junho de 2008, o presidente e CEO de o Banco de a Reserva Federal de Nova York, Timothy Geithner - que em 2009 se tornou secretário de o Tesouro de os Estados Unidos - atribuiu uma culpa significativa a o congelamento de os mercados de crédito em uma corrida às entidades de o sistema bancário paralelo, também chamado de sistema bancário paralelo.",⚠ Timothy Geithner → atribuiu → uma culpa significativa a o congelamento de os mercados de crédito,"✗ Timothy Geithner → era → o presidente e CEO do Banco da Reserva Federal de Nova York
✗ Timothy Geithner → se tornou → secretário do Tesouro dos Estados Unidos
✗ Timothy Geithner → se tornou secretário do Tesouro dos Estados Unidos em → 2009
✗ Timothy Geithner → atribuiu uma culpa significativa a → o congelamento dos mercados de crédito em uma corrida às entidades do sistema bancário paralelo
✗ Timothy Geithner → fez o discurso em → junho de 2008",✗ Timothy Geithner → atribuiu uma culpa significativa a → o congelamento de os mercados de crédito,"✗ Timothy Geithner → foi → presidente e CEO de o Banco de a Reserva Federal de Nova York
✗ Timothy Geithner → se tornou em 2009 → secretário de o Tesouro de os Estados Unidos
✗ Timothy Geithner → é → o presidente e CEO de o Banco de a Reserva Federal de Nova York","✗ Timothy Geithner → era → o presidente e CEO do Banco da Reserva Federal de Nova York
✗ Timothy Geithner → tornou-se → secretário do Tesouro dos Estados Unidos
✗ Timothy Geithner → atribuiu uma culpa significativa a → o congelamento dos mercados de crédito
✗ o congelamento dos mercados de crédito → ocorreu em → uma corrida às entidades do sistema bancário paralelo
✗ o sistema bancário paralelo → também é chamado de → sistema bancário paralelo"
"os títulos lastreados em hipotecas comerciais, os lastreados em ativos e os CDOs atingiram o pico em 2006 em quase US $ 2 trilhões... Em 2009, a emissão privada foi de menos de US $ 150 bilhões, e quase toda a emissão em lastro foi suportada por o Programa TALF de o Federal Reserve para ajudar os financiadores de cartões de crédito, automóveis e pequenas empresas.","a emissão privada → foi de → menos de US $ 150 bilhões
⚠ quase toda a emissão → foi → suportada por o Programa TALF de o Federal Reserve
quase toda a emissão em lastro → foi suportada por → o Programa TALF de o Federal Reserve","✗ os títulos lastreados em hipotecas comerciais, os lastreados em ativos e os CDOs → atingiram o pico em → 2006
✗ os títulos lastreados em hipotecas comerciais, os lastreados em ativos e os CDOs → atingiram o pico em quase → US$ 2 trilhões
✗ a emissão privada → foi de menos de → US$ 150 bilhões em 2009
✓ quase toda a emissão em lastro → foi suportada por → o Programa TALF do Federal Reserve
✗ o Programa TALF do Federal Reserve → tinha o propósito de ajudar → os financiadores de cartões de crédito, automóveis e pequenas empresas",(nenhuma extração),"✗ os títulos lastreados em hipotecas comerciais → atingiram o pico em → 2006
✗ os títulos lastreados em ativos → atingiram o pico em → 2006
✗ os CDOs → atingiram o pico em → 2006
✓✓ a emissão privada → foi de → menos de US $ 150 bilhões","✗ os títulos lastreados em hipotecas comerciais → atingiram o pico em → 2006
✗ os títulos lastreados em hipotecas comerciais → atingiram o pico em → quase US $ 2 trilhões
✗ os títulos lastreados em ativos → atingiram o pico em → 2006
✗ os títulos lastreados em ativos → atingiram o pico em → quase US $ 2 trilhões
✗ os CDOs → atingiram o pico em → 2006
✗ os CDOs → atingiram o pico em → quase US $ 2 trilhões
✓✓ a emissão privada → foi de → menos de US $ 150 bilhões
✓ quase toda a emissão em lastro → foi suportada por → o Programa TALF do Federal Reserve
✗ o Programa TALF do Federal Reserve → foi criado para ajudar → os financiadores de cartões de crédito, automóveis e pequenas empresas"
Sassou também venceu a seguinte eleição presidencial em julho de 2009.,"Sassou → venceu → a seguinte eleição presidencial
⚠ Sassou → também venceu → a seguinte eleição presidencial em julho de 2009","✗ Sassou → também venceu → a seguinte eleição presidencial
✗ Sassou → venceu a seguinte eleição presidencial em → julho de 2009",✗ Sassou → venceu → a seguinte eleição presidencial em julho de 2009,"✗ Sassou → venceu → a eleição presidencial de julho de 2009
✓✓ Sassou → venceu → a seguinte eleição presidencial","✓✓ Sassou → venceu → a seguinte eleição presidencial
✗ Sassou → venceu em → julho de 2009"
"Na constituição russa, o primeiro ministro é em a verdade intitulado Presidente de o governo, enquanto o primeiro ministro irlandês é chamado Taoiseach (que é traduzido para inglês como primeiro ministro), e em Israel ele é Rosh HaMemshalah, que significa chefe de o governo.","⚠ o primeiro ministro irlandês → é → chamado Taoiseach
o primeiro ministro irlandês → é chamado → Taoiseach
⚠ o primeiro ministro → é em → a verdade intitulado Presidente de o governo","✗ o primeiro ministro russo → é intitulado na constituição russa → Presidente do governo
✓✓ o primeiro ministro irlandês → é chamado → Taoiseach
✗ Taoiseach → é traduzido para inglês como → primeiro ministro
✗ o primeiro ministro israelense → é → Rosh HaMemshalah
✗ Rosh HaMemshalah → significa → chefe do governo",✗ o primeiro ministro → é intitulado → Presidente de o governo,"✗ o primeiro ministro → é intitulado → Presidente de o governo
✓✓ o primeiro ministro irlandês → é chamado → Taoiseach
✗ o primeiro ministro em Israel → é → Rosh HaMemshalah
✗ Rosh HaMemshalah → significa → chefe de o governo","✗ o primeiro ministro → é intitulado → Presidente do governo
✓✓ o primeiro ministro irlandês → é chamado → Taoiseach
✗ Taoiseach → é traduzido para inglês como → primeiro ministro
✗ o primeiro ministro → é chamado → Rosh HaMemshalah
✗ Rosh HaMemshalah → significa → chefe do governo"
"O Exército Canadense é chefiado por o Comandante de o Exército Canadense e administrado por quatro divisões - a 2ª Divisão Canadense, a 3ª Divisão Canadense, a 4ª Divisão Canadense e a 5ª Divisão Canadense - o Sistema de Doutrina e Treinamento de o Exército Canadense e a Sede de o Exército Canadense.","⚠ O Exército Canadense → é → chefiado por o Comandante de o Exército Canadense
O Exército Canadense → é chefiado por → o Comandante de o Exército Canadense","✓ O Exército Canadense → é chefiado por → o Comandante do Exército Canadense
✗ O Exército Canadense → é administrado por → a 2ª Divisão Canadense
✗ O Exército Canadense → é administrado por → a 3ª Divisão Canadense
✗ O Exército Canadense → é administrado por → a 4ª Divisão Canadense
✗ O Exército Canadense → é administrado por → a 5ª Divisão Canadense
✗ O Exército Canadense → é administrado por → o Sistema de Doutrina e Treinamento do Exército Canadense
✗ O Exército Canadense → é administrado por → a Sede do Exército Canadense",✓✓ O Exército Canadense → é chefiado por → o Comandante de o Exército Canadense,"✓✓ O Exército Canadense → é chefiado por → o Comandante de o Exército Canadense
✗ O Exército Canadense → é administrado por → quatro divisões","✓ O Exército Canadense → é chefiado por → o Comandante do Exército Canadense
✗ O Exército Canadense → é administrado por → quatro divisões
✗ O Exército Canadense → é administrado por → o Sistema de Doutrina e Treinamento do Exército Canadense
✗ O Exército Canadense → é administrado por → a Sede do Exército Canadense"
"Todas as ordens de implantação e disposição de tropas, incluindo declarações de guerra, se enquadram em a prerrogativa real e são emitidas como Ordens em o Conselho, que devem ser assinadas por o monarca ou por o governador geral.",Todas as ordens de implantação e disposição de tropas → se enquadram em → a prerrogativa real,"✓✓ Todas as ordens de implantação e disposição de tropas → se enquadram em → a prerrogativa real
✗ Todas as ordens de implantação e disposição de tropas → são emitidas como → Ordens em o Conselho
✗ as Ordens em o Conselho → devem ser assinadas por → o monarca
✗ as Ordens em o Conselho → devem ser assinadas por → o governador geral",(nenhuma extração),"✗ Ordens em o Conselho → devem ser assinadas por → o monarca
✓✓ Todas as ordens de implantação e disposição de tropas → se enquadram em → a prerrogativa real
✗ Todas as ordens de implantação e disposição de tropas → são emitidas como → Ordens em o Conselho
✗ Ordens em o Conselho → devem ser assinadas por → o governador geral","✓ Todas as ordens de implantação e disposição de tropas, incluindo declarações de guerra → se enquadram em → a prerrogativa real
✗ Todas as ordens de implantação e disposição de tropas, incluindo declarações de guerra → são emitidas como → Ordens em o Conselho
✗ Ordens em o Conselho → devem ser assinadas por → o monarca
✗ Ordens em o Conselho → devem ser assinadas por → o governador geral"
"O Reitor de o Colégio de Cardeais, além de uma igreja titular, também recebe o bispado titular de Ostia, a principal sede de o subúrbio.","O Reitor de o Colégio de Cardeais → recebe → o bispado titular de Ostia
O Reitor de o Colégio de Cardeais → também recebe → o bispado titular de Ostia","✗ O Reitor do Colégio de Cardeais → recebe → uma igreja titular
✓ O Reitor do Colégio de Cardeais → também recebe → o bispado titular de Ostia
✗ Ostia → é → a principal sede do subúrbio",✓✓ O Reitor de o Colégio de Cardeais → recebe → o bispado titular de Ostia,"✓✓ O Reitor de o Colégio de Cardeais → recebe → o bispado titular de Ostia
✗ o bispado titular de Ostia → é → a principal sede de o subúrbio","✗ O Reitor do Colégio de Cardeais → também recebe → uma igreja titular
✓ O Reitor do Colégio de Cardeais → também recebe → o bispado titular de Ostia
✗ O bispado titular de Ostia → é → a principal sede do subúrbio"
"Uma vela de cera produz cerca de 13 lúmens, uma lâmpada incandescente de 60 watts produz cerca de 700 lúmens e uma lâmpada fluorescente compacta de 15 watts produz cerca de 800 lúmens, mas a produção real varia conforme o projeto específico.","Uma vela de cera → produz → cerca de 13 lúmens
uma lâmpada incandescente de 60 watts → produz → cerca de 700 lúmens
uma lâmpada fluorescente compacta de 15 watts → produz → cerca de 800 lúmens
a produção real → varia conforme → o projeto específico","✗ Uma vela de cera → produz cerca de → 13 lúmens
✗ uma lâmpada incandescente de 60 watts → produz cerca de → 700 lúmens
✗ uma lâmpada fluorescente compacta de 15 watts → produz cerca de → 800 lúmens
✓✓ a produção real → varia conforme → o projeto específico",✓✓ Uma vela de cera → produz → cerca de 13 lúmens,"✓✓ Uma vela de cera → produz → cerca de 13 lúmens
✓✓ uma lâmpada incandescente de 60 watts → produz → cerca de 700 lúmens
✓✓ uma lâmpada fluorescente compacta de 15 watts → produz → cerca de 800 lúmens","✗ Uma vela de cera → produz cerca de → 13 lúmens
✗ uma lâmpada incandescente de 60 watts → produz cerca de → 700 lúmens
✗ uma lâmpada fluorescente compacta de 15 watts → produz cerca de → 800 lúmens
✓✓ a produção real → varia conforme → o projeto específico"
O Chefe de Justiça preside o Senado durante o julgamento de impeachment de um presidente.,O Chefe de Justiça → preside → o Senado,"✓✓ O Chefe de Justiça → preside → o Senado
✗ O Chefe de Justiça → preside o Senado durante → o julgamento de impeachment de um presidente",✗ O Chefe de Justiça → preside → o Senado durante o julgamento de impeachment de um presidente,✓✓ O Chefe de Justiça → preside → o Senado,"✓✓ O Chefe de Justiça → preside → o Senado
✗ O Chefe de Justiça → preside durante → o julgamento de impeachment de um presidente"
"Um exemplo de a segunda visão em nível estadual é encontrado em a visão de o Supremo Tribunal de a Flórida, que apenas o Supremo Tribunal de a Flórida pode licenciar e regular advogados que comparecem perante os tribunais de a Flórida, e somente o Supremo Tribunal de a Flórida pode definir regras para procedimentos em os tribunais de a Flórida.","⚠ o Supremo Tribunal de a Flórida → pode → licenciar e regular advogados
o Supremo Tribunal de a Flórida → pode licenciar e regular → advogados
⚠ apenas o Supremo Tribunal de a Flórida → pode licenciar e regular → advogados
⚠ o Supremo Tribunal de a Flórida → pode → definir regras para procedimentos em os tribunais de a Flórida
o Supremo Tribunal de a Flórida → pode definir → regras para procedimentos em os tribunais de a Flórida
⚠ o Supremo Tribunal de a Flórida → pode definir regras para → procedimentos em os tribunais de a Flórida
⚠ somente o Supremo Tribunal de a Flórida → pode definir regras para → procedimentos em os tribunais de a Flórida
⚠ Um exemplo de a segunda visão em nível estadual → é → encontrado em a visão de o Supremo Tribunal de a Flórida
Um exemplo de a segunda visão em nível estadual → é encontrado em → a visão de o Supremo Tribunal de a Flórida","✓ Um exemplo da segunda visão em nível estadual → é encontrado em → a visão do Supremo Tribunal da Flórida
✗ o Supremo Tribunal da Flórida → pode licenciar → advogados que comparecem perante os tribunais da Flórida
✗ o Supremo Tribunal da Flórida → pode regular → advogados que comparecem perante os tribunais da Flórida
✓ o Supremo Tribunal da Flórida → pode definir → regras para procedimentos nos tribunais da Flórida",✗ o Supremo Tribunal de a Flórida → pode licenciar e regular → advogados que comparecem perante os tribunais de a Flórida,"✓✓ o Supremo Tribunal de a Flórida → pode licenciar e regular → advogados
✗ o Supremo Tribunal de a Flórida → pode licenciar → advogados
✗ o Supremo Tribunal de a Flórida → pode regular → advogados
✓✓ o Supremo Tribunal de a Flórida → pode definir → regras para procedimentos em os tribunais de a Flórida","✓ Um exemplo de a segunda visão em nível estadual → é encontrado em → a visão do Supremo Tribunal da Flórida
✗ o Supremo Tribunal da Flórida → pode licenciar e regular → advogados que comparecem perante os tribunais da Flórida
✓ o Supremo Tribunal da Flórida → pode definir → regras para procedimentos em os tribunais da Flórida"
"Para satisfazer o ethos contemporâneo, um edifício deve ser construído de uma maneira ambientalmente amigável em termos de produção de seus materiais, seu impacto em o ambiente natural e construído de a área circundante e as demandas que ele faz sobre fontes de energia não sustentáveis para aquecimento, refrigeração, gerenciamento de água e resíduos e iluminação.",um edifício → deve ser construído de → maneira ambientalmente amigável,✗ um edifício → deve ser construído de uma maneira ambientalmente amigável para satisfazer → o ethos contemporâneo,(nenhuma extração),(nenhuma extração),"✓ um edifício → deve ser construído de → uma maneira ambientalmente amigável
✗ um edifício → deve ser construído em termos de → produção de seus materiais
✗ um edifício → deve ser construído em termos de → seu impacto no ambiente natural e construído da área circundante
✗ um edifício → deve ser construído em termos de → as demandas que ele faz sobre fontes de energia não sustentáveis para aquecimento, refrigeração, gerenciamento de água e resíduos e iluminação"
"Uma estrutura grande não pode mais ser o design de uma pessoa, mas deve ser o trabalho de muitos.","⚠ Uma estrutura grande → não pode → mais ser o design de uma pessoa
⚠ Uma estrutura grande → não pode mais ser → o design de uma pessoa",(nenhuma extração),(nenhuma extração),✗ Uma estrutura grande → deve ser → o trabalho de muitos,(nenhuma extração)
"Devido a um excedente em a produção, a economia começou a se expandir, resultando em urbanização, criando áreas urbanas que cresceram e evoluíram muito rapidamente em alguns casos, como o de Çatal Höyük em a Anatólia e o Mohenjo Daro de a civilização de o vale de o Indo em o Paquistão atual.",⚠ a economia → começou a → se expandir,"✗ a economia → começou a se expandir devido a → um excedente na produção
✗ a expansão da economia → resultou em → urbanização
✗ Çatal Höyük → está em → a Anatólia
✗ o Mohenjo Daro → é da → civilização do vale do Indo
✗ o Mohenjo Daro → está em → o Paquistão atual",✗ a economia → começou a se expandir → ,"✗ a economia → começou a se expandir → 
✗ Çatal Höyük → está em → a Anatólia
✗ Mohenjo Daro → é de → a civilização de o vale de o Indo","✗ um excedente em a produção → resultou em → a economia começou a se expandir
✗ a economia → começou a se expandir → 
✗ a expansão da economia → resultou em → urbanização
✗ urbanização → criou → áreas urbanas
✗ áreas urbanas → cresceram e evoluíram → muito rapidamente em alguns casos
✗ áreas urbanas → incluem → Çatal Höyük em a Anatólia
✗ áreas urbanas → incluem → Mohenjo Daro da civilização do vale do Indo no Paquistão atual"
"Como uma divisão dentro de a BBC, a Televisão era conhecida como BBC Vision por alguns anos em o início de o século 21, até que seu nome voltou a a Televisão em 2013.","⚠ a Televisão → era → conhecida como BBC Vision
a Televisão → era conhecida como → BBC Vision","✗ a Televisão → é → uma divisão dentro da BBC
✓✓ a Televisão → era conhecida como → BBC Vision
✗ a Televisão → foi conhecida como BBC Vision no início de → o século 21
✗ o nome da Televisão → voltou a Televisão em → 2013",✓✓ a Televisão → era conhecida como → BBC Vision,"✓✓ a Televisão → era conhecida como → BBC Vision
✗ a Televisão → era uma divisão dentro de → a BBC","✗ a Televisão → é uma divisão dentro de → a BBC
✓✓ a Televisão → era conhecida como → BBC Vision
✗ o nome de a Televisão → voltou a → a Televisão em 2013"
"O professor de direito de a Universidade Columbia, Michael Dorf, observou que o possível processo de Schwarzenegger poderia finalmente lhe conceder o direito de concorrer a o cargo, observando A lei é muito clara, mas não é 100 % claro que os tribunais aplicariam essa lei em vez de deixá-la em liberdade.","⚠ o possível processo de Schwarzenegger → poderia → finalmente lhe conceder o direito de concorrer a o cargo
⚠ o possível processo de Schwarzenegger → poderia finalmente lhe conceder → o direito de concorrer a o cargo","✗ Michael Dorf → é → o professor de direito da Universidade Columbia
✗ Michael Dorf → observou que → o possível processo de Schwarzenegger poderia finalmente lhe conceder o direito de concorrer ao cargo",✗ Michael Dorf → observou → que o possível processo de Schwarzenegger poderia finalmente lhe conceder o direito de concorrer a o cargo,✗ Michael Dorf → é → professor de direito de a Universidade Columbia,"✗ Michael Dorf → é → o professor de direito da Universidade Columbia
✗ Michael Dorf → observou que → o possível processo de Schwarzenegger poderia finalmente lhe conceder o direito de concorrer ao cargo"
"Schwarzenegger conheceu Maria Shriver em o torneio de tênis Robert F. Kennedy, em agosto de 1977, e teve um relacionamento com as duas mulheres até agosto de 1978, quando Moray (que conhecia seu relacionamento com Shriver) emitiu um ultimato.","Schwarzenegger → conheceu Maria Shriver em → o torneio de tênis Robert F. Kennedy
Schwarzenegger → conheceu → Maria Shriver
Schwarzenegger → conheceu → Maria Shriver em o torneio de tênis Robert F. Kennedy
Moray → emitiu → um ultimato","✓✓ Schwarzenegger → conheceu → Maria Shriver
✓✓ Schwarzenegger → conheceu Maria Shriver em → o torneio de tênis Robert F. Kennedy
✗ Schwarzenegger → conheceu Maria Shriver em → agosto de 1977
✗ Schwarzenegger → teve um relacionamento com → as duas mulheres
✗ Schwarzenegger → teve um relacionamento com as duas mulheres até → agosto de 1978
✗ Moray → conhecia → o relacionamento de Schwarzenegger com Shriver
✓✓ Moray → emitiu → um ultimato","✓ Schwarzenegger → conheceu → Maria Shriver em o torneio de tênis Robert F. Kennedy, em agosto de 1977","✓✓ Schwarzenegger → conheceu → Maria Shriver
✗ Schwarzenegger → teve → um relacionamento com as duas mulheres
✓✓ Moray → emitiu → um ultimato","✓✓ Schwarzenegger → conheceu → Maria Shriver
✗ Schwarzenegger → teve um relacionamento com → as duas mulheres
✓✓ Moray → emitiu → um ultimato"
"Em 1620, os Padres Peregrinos partiram de Plymouth para o Novo Mundo e estabeleceram a Colônia de Plymouth - o segundo assentamento inglês em o que é hoje os Estados Unidos de a América.","⚠ os Padres Peregrinos → partiram de → Plymouth para o Novo Mundo
⚠ os Padres Peregrinos → partiram de Plymouth para → o Novo Mundo","✗ os Padres Peregrinos → partiram de → Plymouth
✗ os Padres Peregrinos → partiram para → o Novo Mundo
✗ os Padres Peregrinos → partiram em → 1620
✗ os Padres Peregrinos → estabeleceram → a Colônia de Plymouth
✗ a Colônia de Plymouth → era → o segundo assentamento inglês no que é hoje os Estados Unidos da América","✗ os Padres Peregrinos → partiram de → Plymouth
✗ os Padres Peregrinos → estabeleceram → a Colônia de Plymouth","✗ os Padres Peregrinos → estabeleceram → a Colônia de Plymouth
✗ os Padres Peregrinos → partiram de → Plymouth
✗ a Colônia de Plymouth → é → o segundo assentamento inglês em o que é hoje os Estados Unidos de a América","✗ os Padres Peregrinos → partiram de → Plymouth
✗ os Padres Peregrinos → partiram para → o Novo Mundo
✗ os Padres Peregrinos → estabeleceram → a Colônia de Plymouth
✗ a Colônia de Plymouth → é → o segundo assentamento inglês em o que é hoje os Estados Unidos de a América"
"No entanto, a FlyPlymouth planeja reabrir o aeroporto de a cidade até 2018, que fornecerá serviços diários para vários destinos, incluindo Londres.",⚠ a FlyPlymouth → planeja → reabrir o aeroporto de a cidade até 2018,"✗ o aeroporto reaberto da cidade → fornecerá serviços diários para → vários destinos, incluindo Londres",✗ a FlyPlymouth → planeja reabrir → o aeroporto de a cidade até 2018,✗ a FlyPlymouth → planeja reabrir → o aeroporto de a cidade,"✗ a FlyPlymouth → planeja reabrir → o aeroporto da cidade
✗ o aeroporto da cidade → fornecerá → serviços diários para vários destinos, incluindo Londres"
"Como os americanos tinham uma força aérea muito maior que a União Soviética e os Estados Unidos mantinham bases aéreas avançadas perto de o território soviético, em 1947 Stalin ordenou o desenvolvimento de mísseis balísticos intercontinentais (ICBMs) para combater a ameaça americana percebida.",os Estados Unidos → mantinham → bases aéreas avançadas perto de o território soviético,"✗ os americanos → tinham → uma força aérea muito maior que a União Soviética
✓ os Estados Unidos → mantinham → bases aéreas avançadas perto do território soviético
✗ Stalin → ordenou → o desenvolvimento de mísseis balísticos intercontinentais (ICBMs)
✗ Stalin → ordenou o desenvolvimento de mísseis balísticos intercontinentais em → 1947",✗ Stalin → ordenou → o desenvolvimento de mísseis balísticos intercontinentais em 1947,"✗ Stalin → ordenou o desenvolvimento de → mísseis balísticos intercontinentais
✗ os americanos → tinham → uma força aérea muito maior que a União Soviética
✗ os Estados Unidos → mantinham → bases aéreas avançadas","✗ os americanos → tinham → uma força aérea muito maior que a União Soviética
✓ os Estados Unidos → mantinham → bases aéreas avançadas perto do território soviético
✗ Stalin → ordenou → o desenvolvimento de mísseis balísticos intercontinentais (ICBMs)
✗ o desenvolvimento de mísseis balísticos intercontinentais (ICBMs) → foi para combater → a ameaça americana percebida"
Uma torneira de cervejaria é a saída mais próxima para as cervejas de uma cervejaria.,Uma torneira de cervejaria → é → a saída mais próxima para as cervejas de uma cervejaria,✓✓ Uma torneira de cervejaria → é → a saída mais próxima para as cervejas de uma cervejaria,✓✓ Uma torneira de cervejaria → é → a saída mais próxima para as cervejas de uma cervejaria,✓✓ Uma torneira de cervejaria → é → a saída mais próxima para as cervejas de uma cervejaria,✓✓ Uma torneira de cervejaria → é → a saída mais próxima para as cervejas de uma cervejaria
A CAMRA mantém um Inventário Nacional de notabilidade histórica e de bares arquitetônicos e decorativos.,"A CAMRA → mantém → um Inventário Nacional de notabilidade histórica
A CAMRA → mantém → um Inventário Nacional de notabilidade histórica e de bares arquitetônicos e decorativos",✓✓ A CAMRA → mantém → um Inventário Nacional de notabilidade histórica e de bares arquitetônicos e decorativos,✓✓ A CAMRA → mantém → um Inventário Nacional de notabilidade histórica e de bares arquitetônicos e decorativos,✓✓ A CAMRA → mantém → um Inventário Nacional de notabilidade histórica e de bares arquitetônicos e decorativos,"✓✓ A CAMRA → mantém → um Inventário Nacional de notabilidade histórica
✓ A CAMRA → mantém → um Inventário Nacional de bares arquitetônicos e decorativos"
"O pub mais alto de o Reino Unido é o Tan Hill Inn, Yorkshire, a 528 m acima de o nível de o mar.",O pub mais alto de o Reino Unido → é → o Tan Hill Inn,"✓ O pub mais alto do Reino Unido → é → o Tan Hill Inn
✗ o Tan Hill Inn → está em → Yorkshire
✗ o Tan Hill Inn → está a → 528 m acima do nível do mar","✓ O pub mais alto de o Reino Unido → é → o Tan Hill Inn, Yorkshire",✓✓ O pub mais alto de o Reino Unido → é → o Tan Hill Inn,"✓ O pub mais alto do Reino Unido → é → o Tan Hill Inn, Yorkshire
✗ o Tan Hill Inn, Yorkshire → está a → 528 m acima do nível do mar"
"O executivo de a RCA Victor Records, Ted Wallerstein, convenceu o chefe de a CBS William S. Paley a comprar a ARC e Paley fez de Wallerstein o chefe de a recém-adquirida gravadora.","Paley → fez de → Wallerstein o chefe de a recém-adquirida gravadora
⚠ Paley → fez de Wallerstein → o chefe de a recém-adquirida gravadora","✗ Ted Wallerstein → era → o executivo da RCA Victor Records
✗ William S. Paley → era → o chefe da CBS
✗ Ted Wallerstein → convenceu → William S. Paley
✗ Ted Wallerstein → convenceu William S. Paley a comprar → a ARC
✓ Paley → fez de Wallerstein → o chefe da recém-adquirida gravadora",✗ Ted Wallerstein → convenceu → o chefe de a CBS William S. Paley a comprar a ARC,"✗ Ted Wallerstein → convenceu → William S. Paley
✗ Ted Wallerstein → é → o executivo de a RCA Victor Records
✗ William S. Paley → é → o chefe de a CBS
✗ Ted Wallerstein → convenceu → William S. Paley a comprar a ARC","✗ Ted Wallerstein → era executivo de → a RCA Victor Records
✗ Ted Wallerstein → convenceu → William S. Paley
✗ William S. Paley → era chefe de → a CBS
✗ William S. Paley → comprar → a ARC
✓ Paley → fez de Wallerstein → o chefe da recém-adquirida gravadora"
Os procariontes (bactérias e arquéias) normalmente armazenam seus genomas em um único cromossomo circular grande.,"⚠ Os procariontes → armazenam → seus genomas em um único cromossomo circular grande
Os procariontes → normalmente armazenam → seus genomas em um único cromossomo circular grande","✗ Os procariontes → são → bactérias e arquéias
✗ Os procariontes → normalmente armazenam seus genomas em → um único cromossomo circular grande",✓✓ Os procariontes → normalmente armazenam → seus genomas em um único cromossomo circular grande,"✗ Os procariontes → armazenam seus genomas em → um único cromossomo circular grande
✗ Os procariontes → são → bactérias e arquéias","✗ Os procariontes → incluem → bactérias e arquéias
✗ Os procariontes → normalmente armazenam → seus genomas
✗ seus genomas → em → um único cromossomo circular grande"
"A ABC vendeu sua divisão de discos para a MCA Records em 1979 e, em 1986, a empresa controladora de a NBC, RCA, foi vendida para a General Electric, que depois vendeu todas as outras unidades de a RCA, incluindo a divisão de discos (que foi comprada por a Ariola Records, mais tarde conhecida como BMG).","A ABC → vendeu → sua divisão de discos para a MCA Records
A ABC → vendeu → sua divisão de discos
A ABC → vendeu sua divisão de discos para → a MCA Records","✓✓ A ABC → vendeu → sua divisão de discos
✓✓ A ABC → vendeu sua divisão de discos para → a MCA Records
✗ A ABC → vendeu sua divisão de discos em → 1979
✗ RCA → era → a empresa controladora da NBC
✗ RCA → foi vendida para → a General Electric
✗ RCA → foi vendida para a General Electric em → 1986
✗ a General Electric → vendeu → todas as outras unidades da RCA
✗ a divisão de discos da RCA → foi comprada por → a Ariola Records
✗ a Ariola Records → foi mais tarde conhecida como → BMG",✓ A ABC → vendeu → sua divisão de discos para a MCA Records em 1979,"✓ A ABC → vendeu → a divisão de discos de a ABC
✓ A ABC → vendeu → a divisão de discos de a ABC para a MCA Records
✗ RCA → é → a empresa controladora de a NBC
✗ RCA → foi vendida para → a General Electric","✓✓ A ABC → vendeu → sua divisão de discos
✗ A ABC → vendeu para → a MCA Records
✗ a empresa controladora de a NBC, RCA → foi vendida para → a General Electric
✗ a General Electric → vendeu → todas as outras unidades de a RCA
✗ a divisão de discos → foi comprada por → a Ariola Records
✗ a Ariola Records → mais tarde conhecida como → BMG"
"A Universidade Nazarena de o Sul, fundada por a Igreja de o Nazareno, é uma universidade localizada em o subúrbio de Betânia, cercada pelos limites de a cidade de Oklahoma City.",A Universidade Nazarena de o Sul → é → uma universidade localizada em o subúrbio de Betânia,"✗ A Universidade Nazarena do Sul → foi fundada por → a Igreja do Nazareno
✓ A Universidade Nazarena do Sul → é → uma universidade localizada no subúrbio de Betânia
✗ o subúrbio de Betânia → é cercado pelos limites de → a cidade de Oklahoma City",✓✓ A Universidade Nazarena de o Sul → é → uma universidade localizada em o subúrbio de Betânia,"✗ A Universidade Nazarena de o Sul → é fundada por → a Igreja de o Nazareno
✓✓ A Universidade Nazarena de o Sul → é → uma universidade localizada em o subúrbio de Betânia","✗ A Universidade Nazarena de o Sul → foi fundada por → a Igreja de o Nazareno
✗ A Universidade Nazarena de o Sul → é → uma universidade
✗ A Universidade Nazarena de o Sul → está localizada em → o subúrbio de Betânia
✗ A Universidade Nazarena de o Sul → é cercada pelos limites de → a cidade de Oklahoma City"
"Oklahoma City é o lar de o maior distrito escolar de o estado, as Escolas Públicas de Oklahoma City.",⚠ Oklahoma City → é → o lar de o maior distrito escolar de o estado,"✗ Oklahoma City → é o lar de → o maior distrito escolar do estado
✗ o maior distrito escolar do estado → é → as Escolas Públicas de Oklahoma City",✗ Oklahoma City → é o lar de → o maior distrito escolar de o estado,"✗ Oklahoma City → é o lar de → o maior distrito escolar de o estado
✗ o maior distrito escolar de o estado → é → as Escolas Públicas de Oklahoma City","✗ Oklahoma City → é o lar de → o maior distrito escolar do estado
✗ o maior distrito escolar do estado → é → as Escolas Públicas de Oklahoma City"
A Rádio WKY de Oklahoma City foi a primeira estação de rádio a transmitir a oeste de o rio Mississippi e a terceira estação de rádio em os Estados Unidos.,"A Rádio WKY de Oklahoma City → foi → a primeira estação de rádio a transmitir a oeste de o rio Mississippi
A Rádio WKY de Oklahoma City → foi → a terceira estação de rádio em os Estados Unidos","✓ A Rádio WKY de Oklahoma City → foi → a primeira estação de rádio a transmitir a oeste do rio Mississippi
✓ A Rádio WKY de Oklahoma City → foi → a terceira estação de rádio nos Estados Unidos",✓✓ A Rádio WKY de Oklahoma City → foi → a primeira estação de rádio a transmitir a oeste de o rio Mississippi,"✓✓ A Rádio WKY de Oklahoma City → foi → a primeira estação de rádio a transmitir a oeste de o rio Mississippi
✓✓ A Rádio WKY de Oklahoma City → foi → a terceira estação de rádio em os Estados Unidos","✓ A Rádio WKY de Oklahoma City → foi → a primeira estação de rádio a transmitir a oeste do rio Mississippi
✓✓ A Rádio WKY de Oklahoma City → foi → a terceira estação de rádio em os Estados Unidos"
"Oklahoma City é servida por dois aeroportos principais, o Will Rogers World Airport e o muito menor Wiley Post Airport (aliás, os dois homenageados morreram em o mesmo acidente de avião em o Alasca) Will Rogers World Airport é o aeroporto comercial mais movimentado de o estado, com mais de 3,6 milhões passageiros anualmente.","⚠ Oklahoma City → é → servida por dois aeroportos principais
Oklahoma City → é servida por → dois aeroportos principais","✗ Oklahoma City → é servida por → o Will Rogers World Airport
✗ Oklahoma City → é servida por → o muito menor Wiley Post Airport
✗ os dois homenageados → morreram em → o mesmo acidente de avião no Alasca
✗ Will Rogers World Airport → é → o aeroporto comercial mais movimentado do estado
✗ Will Rogers World Airport → atende mais de → 3,6 milhões de passageiros anualmente",✓✓ Oklahoma City → é servida por → dois aeroportos principais,✗ Will Rogers World Airport → é → o aeroporto comercial mais movimentado de o estado,"✓✓ Oklahoma City → é servida por → dois aeroportos principais
✗ Oklahoma City → é servida por → o Will Rogers World Airport
✗ Oklahoma City → é servida por → o muito menor Wiley Post Airport
✗ Will Rogers e Wiley Post → morreram em → o mesmo acidente de avião em o Alasca
✗ Will Rogers World Airport → é → o aeroporto comercial mais movimentado de o estado
✗ Will Rogers World Airport → atende → mais de 3,6 milhões de passageiros anualmente"
"Oklahoma City é o lar de várias equipes de esportes profissionais, incluindo o Oklahoma City Trovão de a National Basketball Association.",⚠ Oklahoma City → é → o lar de várias equipes de esportes profissionais,"✗ Oklahoma City → é o lar de → várias equipes de esportes profissionais
✗ várias equipes de esportes profissionais de Oklahoma City → incluem → o Oklahoma City Trovão da National Basketball Association",✗ Oklahoma City → é o lar de → várias equipes de esportes profissionais,✗ Oklahoma City → é o lar de → várias equipes de esportes profissionais,"✗ Oklahoma City → é o lar de → várias equipes de esportes profissionais
✗ Oklahoma City → é o lar de → o Oklahoma City Trovão da National Basketball Association"
Draper de o Lago Stanley é o maior e mais remoto lago de a cidade.,Draper de o Lago Stanley → é → o maior e mais remoto lago de a cidade,✓ Draper do Lago Stanley → é → o maior e mais remoto lago da cidade,✓✓ Draper de o Lago Stanley → é → o maior e mais remoto lago de a cidade,"✓✓ Draper de o Lago Stanley → é → o maior e mais remoto lago de a cidade
✗ Draper de o Lago Stanley → é → o maior lago de a cidade
✗ Draper de o Lago Stanley → é → o mais remoto lago de a cidade",✓ Draper do Lago Stanley → é → o maior e mais remoto lago da cidade
"A Faculdade Comunitária de Oklahoma City, em o sul de Oklahoma City, é a segunda maior faculdade comunitária de o estado.:",A Faculdade Comunitária de Oklahoma City → é → a segunda maior faculdade comunitária de o estado,"✗ A Faculdade Comunitária de Oklahoma City → está em → o sul de Oklahoma City
✓ A Faculdade Comunitária de Oklahoma City → é → a segunda maior faculdade comunitária do estado",✓✓ A Faculdade Comunitária de Oklahoma City → é → a segunda maior faculdade comunitária de o estado,✓✓ A Faculdade Comunitária de Oklahoma City → é → a segunda maior faculdade comunitária de o estado,"✗ A Faculdade Comunitária de Oklahoma City → está em → o sul de Oklahoma City
✓ A Faculdade Comunitária de Oklahoma City → é → a segunda maior faculdade comunitária do estado"
"O UNFPA trabalha em parceria com os governos, juntamente com outras agências de as Nações Unidas, comunidades, ONGs, fundações e setor privado, para aumentar a conscientização e mobilizar o apoio e os recursos necessários para cumprir sua missão de promover os direitos e a saúde de as mulheres e jovens.",⚠ O UNFPA → trabalha em → parceria com os governos,"✗ O UNFPA → trabalha em parceria com → os governos
✗ O UNFPA → trabalha em parceria com → outras agências das Nações Unidas
✗ O UNFPA → trabalha em parceria com → comunidades
✗ O UNFPA → trabalha em parceria com → ONGs
✗ O UNFPA → trabalha em parceria com → fundações
✗ O UNFPA → trabalha em parceria com → setor privado
✗ O UNFPA → tem a missão de promover → os direitos das mulheres e jovens
✗ O UNFPA → tem a missão de promover → a saúde das mulheres e jovens",✗ O UNFPA → trabalha em parceria com → os governos,✗ O UNFPA → trabalha em parceria com → os governos,"✗ O UNFPA → trabalha em parceria com → os governos
✗ O UNFPA → trabalha em parceria com → outras agências de as Nações Unidas
✗ O UNFPA → trabalha em parceria com → comunidades
✗ O UNFPA → trabalha em parceria com → ONGs
✗ O UNFPA → trabalha em parceria com → fundações
✗ O UNFPA → trabalha em parceria com → o setor privado
✗ O UNFPA → trabalha para aumentar → a conscientização
✗ O UNFPA → trabalha para mobilizar → o apoio e os recursos necessários
✗ O UNFPA → tem como missão → promover os direitos e a saúde de as mulheres e jovens"
"Em 30 de dezembro de 1922, o Primeiro Congresso de os Sovietes de a URSS aprovou o Tratado sobre a Criação de a URSS, por o qual a Rússia se uniu a a República Socialista Soviética de a Ucrânia, República Socialista Soviética de a Bielorrússia e República Socialista Federal Soviética de a Transcaucásia.",o Primeiro Congresso de os Sovietes de a URSS → aprovou → o Tratado sobre a Criação de a URSS,"✓ o Primeiro Congresso dos Sovietes da URSS → aprovou → o Tratado sobre a Criação da URSS
✗ o Primeiro Congresso dos Sovietes da URSS → aprovou o Tratado sobre a Criação da URSS em → 30 de dezembro de 1922
✗ a Rússia → se uniu a → a República Socialista Soviética da Ucrânia
✗ a Rússia → se uniu a → a República Socialista Soviética da Bielorrússia
✗ a Rússia → se uniu a → a República Socialista Federal Soviética da Transcaucásia",✓ o Primeiro Congresso de os Sovietes de a URSS → aprovou → o Tratado sobre a Criação de a URSS em 30 de dezembro de 1922,"✓✓ o Primeiro Congresso de os Sovietes de a URSS → aprovou → o Tratado sobre a Criação de a URSS
✗ a Rússia → se uniu a → a República Socialista Soviética de a Ucrânia","✓✓ o Primeiro Congresso de os Sovietes de a URSS → aprovou → o Tratado sobre a Criação de a URSS
✗ a Rússia → se uniu a → a República Socialista Soviética de a Ucrânia
✗ a Rússia → se uniu a → a República Socialista Soviética de a Bielorrússia
✗ a Rússia → se uniu a → a República Socialista Federal Soviética de a Transcaucásia"
"A Universal possuía os direitos de o personagem Oswald, o Coelho de a Sorte, embora Walt Disney e Ub Iwerks tivessem criado Oswald, e seus filmes tivessem desfrutado de uma exibição teatral de sucesso.",⚠ Walt Disney e Ub Iwerks → tivessem criado → Oswald,"✗ A Universal → possuía → os direitos do personagem Oswald, o Coelho da Sorte
✗ Walt Disney → criou → Oswald
✗ Ub Iwerks → criou → Oswald
✗ os filmes de Oswald → desfrutaram de → uma exibição teatral de sucesso","✗ A Universal → possuía → os direitos de o personagem Oswald, o Coelho de a Sorte","✗ A Universal → possuía → os direitos de o personagem Oswald
✗ Oswald → é → o Coelho de a Sorte
✗ Walt Disney → criou → Oswald","✗ A Universal → possuía os direitos de → o personagem Oswald, o Coelho da Sorte
✗ Walt Disney e Ub Iwerks → criaram → Oswald
✗ os filmes de Walt Disney e Ub Iwerks → desfrutaram de → uma exibição teatral de sucesso"
"A cantora adolescente Deanna Durbin estrelou o primeiro filme americano de Pasternak, Three Smart Girls (1936).","Deanna Durbin → estrelou → o primeiro filme americano de Pasternak
A cantora adolescente Deanna Durbin → estrelou → o primeiro filme americano de Pasternak","✗ Deanna Durbin → era → a cantora adolescente
✓✓ Deanna Durbin → estrelou → o primeiro filme americano de Pasternak
✗ o primeiro filme americano de Pasternak → é → Three Smart Girls (1936)",✓✓ A cantora adolescente Deanna Durbin → estrelou → o primeiro filme americano de Pasternak,"✓✓ Deanna Durbin → estrelou → o primeiro filme americano de Pasternak
✗ Deanna Durbin → é → uma cantora adolescente","✓✓ A cantora adolescente Deanna Durbin → estrelou → o primeiro filme americano de Pasternak
✗ o primeiro filme americano de Pasternak → é → Three Smart Girls (1936)"
"Na esperança de construir um império de entretenimento em torno de a Universal, a Seagram comprou a PolyGram em 1999 e outras propriedades de entretenimento, mas os lucros flutuantes característicos de Hollywood não substituíram o fluxo de renda confiável obtido com as ações anteriormente detidas em a DuPont.","a Seagram → comprou → a PolyGram em 1999
⚠ a Seagram → comprou → a PolyGram em 1999 e outras propriedades de entretenimento
os lucros flutuantes característicos de Hollywood → não substituíram → o fluxo de renda confiável obtido com as ações anteriormente detidas em a DuPont","✗ a Seagram → comprou → a PolyGram
✗ a Seagram → comprou a PolyGram em → 1999
✗ a Seagram → comprou → outras propriedades de entretenimento
✓ os lucros flutuantes característicos de Hollywood → não substituíram → o fluxo de renda confiável obtido com as ações anteriormente detidas na DuPont",✓✓ a Seagram → comprou → a PolyGram em 1999,✗ a Seagram → comprou → a PolyGram,"✗ a Seagram → comprou → a PolyGram
✗ a Seagram → comprou → outras propriedades de entretenimento
✓✓ os lucros flutuantes característicos de Hollywood → não substituíram → o fluxo de renda confiável obtido com as ações anteriormente detidas em a DuPont"
"Posteriormente, a Universal Pictures adquiriu os direitos de distribuição em os Estados Unidos de vários filmes de o StudioCanal, como Mulholland Drive (que recebeu uma indicação a o Oscar) e Brotherhood of the Wolf (que se tornou o segundo filme em francês de maior bilheteria em os Estados Unidos desde 1980).","a Universal Pictures → adquiriu → os direitos de distribuição em os Estados Unidos
a Universal Pictures → adquiriu → os direitos de distribuição em os Estados Unidos de vários filmes de o StudioCanal","✓ a Universal Pictures → adquiriu → os direitos de distribuição nos Estados Unidos de vários filmes do StudioCanal
✗ Mulholland Drive → recebeu → uma indicação ao Oscar
✗ Brotherhood of the Wolf → se tornou → o segundo filme em francês de maior bilheteria nos Estados Unidos desde 1980",✓✓ a Universal Pictures → adquiriu → os direitos de distribuição em os Estados Unidos de vários filmes de o StudioCanal,"✗ a Universal Pictures → adquiriu → os direitos de distribuição de vários filmes de o StudioCanal
✓✓ a Universal Pictures → adquiriu → os direitos de distribuição em os Estados Unidos de vários filmes de o StudioCanal
✗ Mulholland Drive → recebeu → uma indicação a o Oscar","✓✓ a Universal Pictures → adquiriu → os direitos de distribuição em os Estados Unidos de vários filmes de o StudioCanal
✗ a Universal Pictures → adquiriu os direitos de distribuição em os Estados Unidos de → Mulholland Drive
✗ Mulholland Drive → recebeu → uma indicação a o Oscar
✗ a Universal Pictures → adquiriu os direitos de distribuição em os Estados Unidos de → Brotherhood of the Wolf
✗ Brotherhood of the Wolf → tornou-se → o segundo filme em francês de maior bilheteria em os Estados Unidos desde 1980"
"Alexander Bell nasceu em Edimburgo, Escócia, em 3 de março de 1847.",Alexander Bell → nasceu em → Edimburgo,"✗ Alexander Bell → nasceu em → Edimburgo, Escócia
✗ Alexander Bell → nasceu em → 3 de março de 1847","✗ Alexander Bell → nasceu em → Edimburgo, Escócia, em 3 de março de 1847","✓✓ Alexander Bell → nasceu em → Edimburgo
✗ Alexander Bell → nasceu em → 1847
✗ Alexander Bell → nasceu em → 3 de março de 1847","✗ Alexander Bell → nasceu em → Edimburgo, Escócia
✗ Alexander Bell → nasceu em → 3 de março de 1847"
"Em 1865, quando a família Bell se mudou para Londres, Bell retornou a Weston House como assistente de mestre e, em suas horas vagas, continuou as experiências sonoras com o mínimo de equipamento de laboratório.","Bell → retornou a → Weston House
Bell → retornou a → Weston House como assistente de mestre
a família Bell → se mudou para → Londres","✓✓ a família Bell → se mudou para → Londres
✗ a família Bell → se mudou para Londres em → 1865
✓✓ Bell → retornou a → Weston House
✗ Bell → retornou a Weston House como → assistente de mestre
✗ Bell → continuou → as experiências sonoras com o mínimo de equipamento de laboratório",✓✓ Bell → retornou a → Weston House como assistente de mestre,"✓✓ Bell → retornou a → Weston House
✓✓ a família Bell → se mudou para → Londres","✗ a família Bell → mudou-se para → Londres
✓✓ Bell → retornou a → Weston House
✓✓ Bell → retornou a → Weston House como assistente de mestre
✗ Bell → continuou → as experiências sonoras
✗ Bell → continuou com → o mínimo de equipamento de laboratório"
"No entanto, em maio de 1870, Melville morreu de complicações devido a a tuberculose, causando uma crise familiar.",Melville → morreu de → complicações devido a a tuberculose,"✓ Melville → morreu de → complicações devido à tuberculose
✗ Melville → morreu em → maio de 1870
✗ a morte de Melville → causou → uma crise familiar",✗ Melville → morreu de → complicações devido a a tuberculose em maio de 1870,✓✓ Melville → morreu de → complicações devido a a tuberculose,"✓✓ Melville → morreu de → complicações devido a a tuberculose
✗ a morte de Melville → causou → uma crise familiar"
"Depois que a família se estabeleceu, Bell e seu pai fizeram planos para estabelecer uma prática de ensino e, em 1871, ele acompanhou seu pai a Montreal, onde foi oferecido a Melville uma posição para ensinar seu Sistema de Fala Visível.",Bell e seu pai → fizeram → planos para estabelecer uma prática de ensino,"✓✓ Bell e seu pai → fizeram → planos para estabelecer uma prática de ensino
✗ Bell → acompanhou seu pai a → Montreal
✗ Bell → acompanhou seu pai a Montreal em → 1871
✗ Melville → recebeu oferta de → uma posição para ensinar seu Sistema de Fala Visível",✗ Bell → acompanhou seu pai a → Montreal em 1871,✗ Bell → acompanhou → seu pai,"✗ Bell e seu pai → fizeram planos para → estabelecer uma prática de ensino
✗ Bell → acompanhou → seu pai
✗ Bell → acompanhou seu pai a → Montreal
✗ a Melville → foi oferecida → uma posição para ensinar seu Sistema de Fala Visível"
"Em 10 de novembro de 2014, o presidente Barack Obama recomendou que a FCC reclassificasse o serviço de Internet de banda larga como um serviço de telecomunicações, a fim de preservar a neutralidade de a rede.",o presidente Barack Obama → recomendou → que a FCC reclassificasse o serviço de Internet de banda larga,"✗ o presidente Barack Obama → recomendou que → a FCC reclassificasse o serviço de Internet de banda larga como um serviço de telecomunicações
✗ o presidente Barack Obama → fez a recomendação em → 10 de novembro de 2014",✓✓ o presidente Barack Obama → recomendou → que a FCC reclassificasse o serviço de Internet de banda larga,✓ o presidente Barack Obama → recomendou → que a FCC reclassificasse o serviço de Internet de banda larga como um serviço de telecomunicações,"✗ o presidente Barack Obama → recomendou que → a FCC reclassificasse o serviço de Internet de banda larga como um serviço de telecomunicações
✗ o presidente Barack Obama → recomendou a → a preservação da neutralidade da rede"
"Em 26 de fevereiro de 2015, a FCC decidiu a favor de a neutralidade de a rede, adotando o Título II (operadora comum) de a Lei de Comunicações de 1934 e a Seção 706 de a Lei de Telecomunicações de 1996 em a Internet.","⚠ a FCC → decidiu a → favor de a neutralidade de a rede
a FCC → decidiu a favor de → a neutralidade de a rede","✓ a FCC → decidiu a favor de → a neutralidade da rede
✗ a FCC → decidiu a favor da neutralidade da rede em → 26 de fevereiro de 2015
✗ a FCC → adotou → o Título II da Lei de Comunicações de 1934
✗ a FCC → adotou → a Seção 706 da Lei de Telecomunicações de 1996",✗ a FCC → decidiu a favor de → a neutralidade de a rede em 26 de fevereiro de 2015,✓✓ a FCC → decidiu a favor de → a neutralidade de a rede,"✓ a FCC → decidiu a favor de → a neutralidade da rede
✗ a FCC → adotou → o Título II (operadora comum) da Lei de Comunicações de 1934
✗ a FCC → adotou → a Seção 706 da Lei de Telecomunicações de 1996"
"Ao sair de a Universidade de Oxford, em 1676, Edmond Halley visitou Santa Helena e montou um observatório astronômico com um telescópio aéreo de 7,3 metros de comprimento com a intenção de estudar estrelas de o Hemisfério Sul.",Edmond Halley → visitou → Santa Helena,"✗ Edmond Halley → saiu de → a Universidade de Oxford
✗ Edmond Halley → saiu da Universidade de Oxford em → 1676
✓✓ Edmond Halley → visitou → Santa Helena
✗ Edmond Halley → montou → um observatório astronômico com um telescópio aéreo de 7,3 metros de comprimento
✗ Edmond Halley → tinha a intenção de estudar → estrelas do Hemisfério Sul",✓✓ Edmond Halley → visitou → Santa Helena,"✓✓ Edmond Halley → visitou → Santa Helena
✗ Edmond Halley → montou → um observatório astronômico","✗ Edmond Halley → saiu de → a Universidade de Oxford
✓✓ Edmond Halley → visitou → Santa Helena
✗ Edmond Halley → montou → um observatório astronômico
✗ Edmond Halley → montou com → um telescópio aéreo de 7,3 metros de comprimento
✗ Edmond Halley → quis estudar → estrelas do Hemisfério Sul"
"Em 11 de abril de 1898, o americano Joshua Slocum, em seu famoso e épico solo, a viagem mundial chegou a Jamestown.",Joshua Slocum → chegou a → Jamestown,"✗ Joshua Slocum → é → o americano
✓✓ Joshua Slocum → chegou a → Jamestown
✗ Joshua Slocum → chegou a Jamestown em → 11 de abril de 1898
✗ Joshua Slocum → chegou a Jamestown durante → sua famosa e épica viagem mundial solo",✗ Joshua Slocum → chegou a → Jamestown em 11 de abril de 1898,✓✓ Joshua Slocum → chegou a → Jamestown,"✓✓ Joshua Slocum → chegou a → Jamestown
✗ Joshua Slocum → fez → sua famosa e épica viagem mundial solo"
"Em 1840, Santa Helena tornou-se uma estação de abastecimento de o Esquadrão Britânico de a África Ocidental, impedindo a escravidão em o Brasil (principalmente), e muitos milhares de escravos foram libertados em a ilha.",Santa Helena → tornou-se → uma estação de abastecimento de o Esquadrão Britânico de a África Ocidental,"✓ Santa Helena → tornou-se → uma estação de abastecimento do Esquadrão Britânico da África Ocidental
✗ Santa Helena → tornou-se uma estação de abastecimento do Esquadrão Britânico da África Ocidental em → 1840
✗ muitos milhares de escravos → foram libertados em → a ilha",✓ Santa Helena → tornou-se → uma estação de abastecimento de o Esquadrão Britânico de a África Ocidental em 1840,"✓✓ Santa Helena → tornou-se → uma estação de abastecimento de o Esquadrão Britânico de a África Ocidental
✗ muitos milhares de escravos → foram libertados em → a ilha","✓ Santa Helena → tornou-se → uma estação de abastecimento do Esquadrão Britânico da África Ocidental
✗ Santa Helena → impediu → a escravidão em o Brasil
✗ muitos milhares de escravos → foram libertados em → a ilha"
"A maioria de os residentes pertence a a Comunhão Anglicana e é membro de a Diocese de Santa Helena, que tem seu próprio bispo e inclui a Ilha de a Ascensão.",A maioria de os residentes → pertence a → a Comunhão Anglicana,"✓ A maioria dos residentes → pertence a → a Comunhão Anglicana
✗ A maioria dos residentes → é membro de → a Diocese de Santa Helena
✗ a Diocese de Santa Helena → tem → seu próprio bispo
✗ a Diocese de Santa Helena → inclui → a Ilha da Ascensão",✓✓ A maioria de os residentes → pertence a → a Comunhão Anglicana,"✓✓ A maioria de os residentes → pertence a → a Comunhão Anglicana
✗ A maioria de os residentes → é membro de → a Diocese de Santa Helena","✓✓ A maioria de os residentes → pertence a → a Comunhão Anglicana
✗ A maioria de os residentes → é membro de → a Diocese de Santa Helena
✗ a Diocese de Santa Helena → tem → seu próprio bispo
✗ a Diocese de Santa Helena → inclui → a Ilha de a Ascensão"
"A SURE fornece o serviço de telecomunicações em o território por meio de uma rede telefônica digital baseada em cobre, incluindo serviço de banda larga ADSL.","A SURE → fornece → o serviço de telecomunicações
A SURE → fornece → o serviço de telecomunicações em o território
⚠ A SURE → fornece → o serviço de telecomunicações em o território por meio de uma rede telefônica digital baseada em cobre","✓ A SURE → fornece → o serviço de telecomunicações no território
✗ A SURE → fornece o serviço de telecomunicações por meio de → uma rede telefônica digital baseada em cobre
✗ a rede telefônica digital baseada em cobre → inclui → serviço de banda larga ADSL",✓✓ A SURE → fornece → o serviço de telecomunicações em o território,✓✓ A SURE → fornece → o serviço de telecomunicações em o território,"✓✓ A SURE → fornece → o serviço de telecomunicações em o território
✗ A SURE → fornece por meio de → uma rede telefônica digital baseada em cobre
✗ A SURE → inclui → serviço de banda larga ADSL"
As despesas públicas aumentaram de 10 milhões de libras em 2001-02 para 12 milhões de libras em 2005-06 para 28 milhões de libras em 2012-13.,As despesas públicas → aumentaram de → 10 milhões de libras em 2001-02 para 12 milhões de libras em 2005-06,"✗ As despesas públicas → eram → 10 milhões de libras em 2001-02
✗ As despesas públicas → aumentaram para → 12 milhões de libras em 2005-06
✗ As despesas públicas → aumentaram para → 28 milhões de libras em 2012-13","✓ As despesas públicas → aumentaram de → 10 milhões de libras em 2001-02
✗ As despesas públicas → aumentaram para → 28 milhões de libras em 2012-13",(nenhuma extração),"✓ As despesas públicas → aumentaram de → 10 milhões de libras em 2001-02
✗ As despesas públicas → aumentaram para → 12 milhões de libras em 2005-06
✗ As despesas públicas → aumentaram para → 28 milhões de libras em 2012-13"
A Rádio comunitária Saint FM assumiu os canais de rádio desocupados por a Saint FM e foi lançada em 10 de março de 2013.,Rádio comunitária Saint FM → assumiu → os canais de rádio desocupados por a Saint FM,"✓ A Rádio comunitária Saint FM → assumiu → os canais de rádio desocupados pela Saint FM
✗ A Rádio comunitária Saint FM → foi lançada em → 10 de março de 2013","✓ A Rádio comunitária Saint FM → assumiu → os canais de rádio desocupados por a Saint FM
✗ A Rádio comunitária Saint FM → foi lançada em → 10 de março de 2013",(nenhuma extração),"✓ A Rádio comunitária Saint FM → assumiu → os canais de rádio desocupados por a Saint FM
✗ A Rádio comunitária Saint FM → foi lançada em → 10 de março de 2013"
"Em Wahgi, as consoantes são aspiradas apenas em a posição final.","⚠ as consoantes → são → aspiradas apenas em a posição final
as consoantes → são aspiradas apenas em → a posição final",✗ as consoantes em Wahgi → são aspiradas apenas em → a posição final,✓ as consoantes → são aspiradas em → a posição final em Wahgi,(nenhuma extração),✗ As consoantes em Wahgi → são aspiradas apenas em → a posição final
"O termo aspiração às vezes se refere a a mudança sonora de a desescalização, em a qual uma consoante é lenitizada (enfraquecida) para se tornar uma parada glótica ou fricativa [ ʔ h ɦ ].",O termo aspiração → se refere a → mudança sonora de a desescalização,"✓ O termo aspiração → às vezes se refere a → a mudança sonora da desescalização
✗ uma consoante → é lenitizada (enfraquecida) na mudança sonora da desescalização para se tornar → uma parada glótica ou fricativa",✓ O termo aspiração → se refere a → a mudança sonora de a desescalização,(nenhuma extração),"✓ O termo aspiração → às vezes se refere a → a mudança sonora de a desescalização
✗ uma consoante → é lenitizada para se tornar → uma parada glótica ou fricativa [ ʔ h ɦ ]"
"O Punjabi perdeu os consoantes de voz ofegante, o que resultou em um sistema de tons e, portanto, faz uma distinção entre sem voz, aspirado e sonoro / p pʰ b /.",O Punjabi → perdeu → os consoantes de voz ofegante,"✓✓ O Punjabi → perdeu → os consoantes de voz ofegante
✗ a perda dos consoantes de voz ofegante → resultou em → um sistema de tons
✗ O Punjabi → faz uma distinção entre → sem voz, aspirado e sonoro / p pʰ b /",✓✓ O Punjabi → perdeu → os consoantes de voz ofegante,(nenhuma extração),"✓✓ O Punjabi → perdeu → os consoantes de voz ofegante
✗ a perda de os consoantes de voz ofegante → resultou em → um sistema de tons
✗ O Punjabi → faz uma distinção entre → sem voz, aspirado e sonoro / p pʰ b /"
O estudo de suas propriedades é conhecido como química orgânica e seu estudo em o contexto de organismos vivos é conhecido como bioquímica.,"⚠ O estudo de suas propriedades → é → conhecido como química orgânica
O estudo de suas propriedades → é conhecido como → química orgânica
seu estudo em o contexto de organismos vivos → é conhecido como → bioquímica","✓ O estudo das propriedades → é conhecido como → química orgânica
✓ o estudo das propriedades no contexto de organismos vivos → é conhecido como → bioquímica",✓✓ O estudo de suas propriedades → é conhecido como → química orgânica,(nenhuma extração),"✓✓ O estudo de suas propriedades → é conhecido como → química orgânica
✓✓ seu estudo em o contexto de organismos vivos → é conhecido como → bioquímica"
"Na química inorgânica, os hidretos também podem servir como ligantes de ponte que ligam dois centros metálicos em um complexo de coordenação.","⚠ os hidretos → também podem → servir como ligantes de ponte
os hidretos → também podem servir como → ligantes de ponte",(nenhuma extração),✓ os hidretos → podem servir como → ligantes de ponte,(nenhuma extração),"✓ os hidretos → podem servir como → ligantes de ponte
✗ os hidretos → ligam → dois centros metálicos
✗ dois centros metálicos → estão em → um complexo de coordenação"
Maxwell observou que a capacidade térmica específica de o H2 se afasta inexplicavelmente de a de um gás diatômico abaixo de a temperatura ambiente e começa a se assemelhar cada vez mais a a de um gás monatômico a temperaturas criogênicas.,"⚠ a capacidade térmica específica de o H2 → se afasta inexplicavelmente de → a de um gás diatômico abaixo de a temperatura ambiente
⚠ a capacidade térmica específica de o H2 → começa a → se assemelhar cada vez mais a a de um gás monatômico a temperaturas criogênicas","✗ Maxwell → observou que → a capacidade térmica específica do H2 se afasta inexplicavelmente da de um gás diatômico abaixo da temperatura ambiente
✗ Maxwell → observou que → a capacidade térmica específica do H2 começa a se assemelhar cada vez mais à de um gás monatômico a temperaturas criogênicas",✗ Maxwell → observou → que a capacidade térmica específica de o H2 se afasta de a de um gás diatômico,(nenhuma extração),"✗ Maxwell → observou que → a capacidade térmica específica de o H2 se afasta inexplicavelmente de a de um gás diatômico abaixo de a temperatura ambiente
✗ Maxwell → observou que → a capacidade térmica específica de o H2 começa a se assemelhar cada vez mais a a de um gás monatômico a temperaturas criogênicas"
"O hidrogênio, como H atômico, é o elemento químico mais abundante em o universo, constituindo 75 % de a matéria normal em massa e mais de 90 % em número de átomos (a maior parte de a massa de o universo, porém, não está em a forma de matéria de o tipo elemento químico, mas postula-se que ocorra como formas de massa ainda não detectadas, como matéria escura e energia escura).",O hidrogênio → é → o elemento químico mais abundante em o universo,"✓ O hidrogênio → é → o elemento químico mais abundante no universo
✗ O hidrogênio → constitui → 75% da matéria normal em massa
✗ O hidrogênio → constitui mais de → 90% em número de átomos
✗ a maior parte da massa do universo → não está na forma de → matéria do tipo elemento químico
✗ a maior parte da massa do universo → postula-se que ocorra como → formas de massa ainda não detectadas, como matéria escura e energia escura",✓✓ O hidrogênio → é → o elemento químico mais abundante em o universo,(nenhuma extração),"✗ O hidrogênio → como → H atômico
✓✓ O hidrogênio → é → o elemento químico mais abundante em o universo
✗ O hidrogênio → constitui → 75 % de a matéria normal em massa
✗ O hidrogênio → constitui → mais de 90 % em número de átomos"
"Uma corrente de baixa tensão é percorrida por a água e o oxigênio gasoso se forma em o ânodo, enquanto o hidrogênio gasoso se forma em o cátodo.","Uma corrente de baixa tensão → é percorrida por → a água
o oxigênio gasoso → se forma → em o ânodo","✓✓ Uma corrente de baixa tensão → é percorrida por → a água
✓ o oxigênio gasoso → se forma em → o ânodo
✗ o hidrogênio gasoso → se forma em → o cátodo",✓ o oxigênio gasoso → se forma em → o ânodo,(nenhuma extração),"✗ a água → é percorrida por → uma corrente de baixa tensão
✓ o oxigênio gasoso → se forma em → o ânodo
✗ o hidrogênio gasoso → se forma em → o cátodo"
"A divisão de a água, em a qual a água é decomposta em seus componentes prótons, elétrons e oxigênio, ocorre em as reações de luz em todos os organismos fotossintéticos.","A divisão de a água → ocorre em → as reações de luz em todos os organismos fotossintéticos
⚠ A divisão de a água → ocorre em as reações de → luz em todos os organismos fotossintéticos","✗ a água → é decomposta na divisão da água em seus componentes → prótons, elétrons e oxigênio
✓ A divisão da água → ocorre em → as reações de luz em todos os organismos fotossintéticos",✗ A divisão de a água → ocorre em → as reações de luz,(nenhuma extração),"✗ A divisão de a água → é → a água é decomposta em seus componentes prótons, elétrons e oxigênio
✓✓ A divisão de a água → ocorre em → as reações de luz em todos os organismos fotossintéticos"
"Andreessen, líder de a equipe Mosaic em o Centro Nacional de Aplicações de Supercomputação (NCSA), logo fundou sua própria empresa, chamada Netscape, e lançou o Netscape Navigator, influenciado por o Mosaic, em 1994, que rapidamente se tornou o navegador mais popular de o mundo, respondendo por 90 % de todo o uso de a Web em o auge (consulte a participação de navegadores em a Web).",Andreessen → fundou → sua própria empresa,"✗ Andreessen → era → o líder da equipe Mosaic no Centro Nacional de Aplicações de Supercomputação (NCSA)
✓✓ Andreessen → fundou → sua própria empresa
✗ sua própria empresa → era chamada → Netscape
✗ Andreessen → lançou → o Netscape Navigator
✗ o Netscape Navigator → foi influenciado por → o Mosaic
✗ Andreessen → lançou o Netscape Navigator em → 1994
✗ o Netscape Navigator → rapidamente se tornou → o navegador mais popular do mundo
✗ o Netscape Navigator → respondeu por → 90% de todo o uso da Web no auge","✗ Andreessen → fundou → sua própria empresa, chamada Netscape",(nenhuma extração),"✗ Andreessen → era líder de → a equipe Mosaic
✗ a equipe Mosaic → estava em → o Centro Nacional de Aplicações de Supercomputação (NCSA)
✓✓ Andreessen → fundou → sua própria empresa
✗ sua própria empresa → é chamada → Netscape
✗ Andreessen → lançou → o Netscape Navigator
✗ o Netscape Navigator → foi influenciado por → o Mosaic
✗ o Netscape Navigator → se tornou → o navegador mais popular de o mundo
✗ o Netscape Navigator → respondia por → 90 % de todo o uso de a Web em o auge"
"Navegadores de a web modernos oferecem suporte a uma combinação de HTML e XHTML baseados em padrões e de fato, que devem ser renderizados de a mesma maneira por todos os navegadores.","⚠ Navegadores de a web modernos → oferecem → suporte a uma combinação de HTML e XHTML
Navegadores de a web modernos → oferecem suporte a → uma combinação de HTML e XHTML","✓ Navegadores da web modernos → oferecem suporte a → uma combinação de HTML e XHTML baseados em padrões e de fato
✗ a combinação de HTML e XHTML → deve ser renderizada da mesma maneira por → todos os navegadores",✓✓ Navegadores de a web modernos → oferecem suporte a → uma combinação de HTML e XHTML,(nenhuma extração),"✓ Navegadores de a web modernos → oferecem suporte a → uma combinação de HTML e XHTML baseados em padrões e de fato
✗ uma combinação de HTML e XHTML baseados em padrões e de fato → devem ser renderizados de → a mesma maneira por todos os navegadores"
"O principal objetivo de um navegador de a web é trazer recursos de informação para o usuário (recuperação ou busca), permitindo que eles visualizem as informações (exibição, renderização) e acessem outras informações (navegação, seguindo links).",O principal objetivo de um navegador de a web → é → trazer recursos de informação para o usuário,"✓ O principal objetivo de um navegador da web → é → trazer recursos de informação para o usuário
✗ um navegador da web → permite que o usuário visualize → as informações
✗ um navegador da web → permite que o usuário acesse → outras informações",✓✓ O principal objetivo de um navegador de a web → é → trazer recursos de informação para o usuário,(nenhuma extração),"✗ O principal objetivo de um navegador de a web → é trazer → recursos de informação para o usuário
✗ O principal objetivo de um navegador de a web → permite que → eles visualizem as informações
✗ O principal objetivo de um navegador de a web → permite que → eles acessem outras informações"
Boston (pronuncia-se i / ˈbɒstən /) é a capital e maior cidade de a Commonwealth of Massachusetts em os Estados Unidos.,Boston → é → a capital e maior cidade de a Commonwealth of Massachusetts,"✓ Boston → é → a capital da Commonwealth of Massachusetts
✗ Boston → é → a maior cidade da Commonwealth of Massachusetts
✗ a Commonwealth of Massachusetts → está em → os Estados Unidos",✓✓ Boston → é → a capital e maior cidade de a Commonwealth of Massachusetts,(nenhuma extração),"✓ Boston → é → a capital de a Commonwealth of Massachusetts
✗ Boston → é → a maior cidade de a Commonwealth of Massachusetts
✗ Boston → está em → os Estados Unidos"
"Sua rica história atrai muitos turistas, com o Faneuil Hall atraindo mais de 20 milhões de visitantes por ano.",Sua rica história → atrai → muitos turistas,"✗ a rica história de Boston → atrai → muitos turistas
✗ o Faneuil Hall → atrai mais de → 20 milhões de visitantes por ano",✓✓ Sua rica história → atrai → muitos turistas,(nenhuma extração),"✗ Boston → tem → uma rica história
✗ uma rica história de Boston → atrai → muitos turistas
✗ o Faneuil Hall → atrai → mais de 20 milhões de visitantes por ano"
"Na época em que Boston foi declarada como cidade, a população era de 46.226 habitantes, enquanto a área de a cidade era de apenas 12 km2.","⚠ Boston → foi → declarada como cidade
Boston → foi declarada como → cidade
⚠ a área de a cidade → era → de apenas 12 km2","✗ a população de Boston → era, quando Boston foi declarada cidade, → 46.226 habitantes
✗ a área da cidade de Boston → era, quando Boston foi declarada cidade, → apenas 12 km2",✗ a população → era de → 46.226 habitantes,(nenhuma extração),"✓✓ Boston → foi declarada como → cidade
✗ a população de Boston → era de → 46.226 habitantes
✗ a área de a cidade → era de → 12 km2"
"O rio Charles separa Boston de Watertown e a maioria de Cambridge, e a massa de Boston de seu próprio bairro de Charlestown.",O rio Charles → separa → Boston de Watertown,"✓✓ O rio Charles → separa → Boston de Watertown
✗ O rio Charles → separa Boston de → a maioria de Cambridge
✗ O rio Charles → separa a massa de Boston de → seu próprio bairro de Charlestown",✓✓ O rio Charles → separa → Boston de Watertown,(nenhuma extração),"✗ O rio Charles → separa Boston de → Watertown
✗ O rio Charles → separa Boston de → a maioria de Cambridge"
"O mês mais frio é janeiro, com uma média de 29,0 ° F (-1,7 ° C).",O mês mais frio → é → janeiro,"✓✓ O mês mais frio → é → janeiro
✗ janeiro → tem uma média de → 29,0°F (-1,7°C)",✓✓ O mês mais frio → é → janeiro,(nenhuma extração),"✓✓ O mês mais frio → é → janeiro
✗ janeiro → tem média de → 29,0 ° F (-1,7 ° C)"
"O Boston Red Sox, membro fundador de a Liga Americana de Major League Baseball em 1901, joga seus jogos em casa em o Fenway Park, perto de Kenmore Square, em a seção Fenway de a cidade.",⚠ Boston Red Sox → joga → seus jogos em casa em o Fenway Park,"✗ O Boston Red Sox → era → membro fundador da Liga Americana de Major League Baseball em 1901
✗ O Boston Red Sox → joga seus jogos em casa em → o Fenway Park
✗ o Fenway Park → fica perto de → Kenmore Square
✗ o Fenway Park → fica em → a seção Fenway da cidade",✗ O Boston Red Sox → joga seus jogos em casa em → o Fenway Park,(nenhuma extração),"✗ O Boston Red Sox → é → membro fundador de a Liga Americana de Major League Baseball em 1901
✗ O Boston Red Sox → joga seus jogos em casa em → o Fenway Park
✗ o Fenway Park → fica perto de → Kenmore Square
✗ o Fenway Park → fica em → a seção Fenway de a cidade"
"A cidade é servida por estações que representam todas as principais redes americanas, incluindo a WBZ-TV e sua estação irmã WSBK-TV (a antiga CBS O&O, a segunda afiliada de a MyNetwork TV), a WCVB-TV (ABC), a WHDH (NBC), WFXT (Fox) e WLVI (The CW).","⚠ A cidade → é → servida por estações que representam todas as principais redes americanas
A cidade → é servida por → estações que representam todas as principais redes americanas","✓✓ A cidade → é servida por → estações que representam todas as principais redes americanas
✗ estações que servem a cidade → incluem → a WBZ-TV
✗ estações que servem a cidade → incluem → a WSBK-TV
✗ estações que servem a cidade → incluem → a WCVB-TV (ABC)
✗ estações que servem a cidade → incluem → a WHDH (NBC)
✗ estações que servem a cidade → incluem → WFXT (Fox)
✗ estações que servem a cidade → incluem → WLVI (The CW)",✓✓ A cidade → é servida por → estações que representam todas as principais redes americanas,(nenhuma extração),"✓✓ A cidade → é servida por → estações que representam todas as principais redes americanas
✗ WBZ-TV → tem como estação irmã → WSBK-TV
✗ WSBK-TV → é → a antiga CBS O&O
✗ WSBK-TV → é → a segunda afiliada de a MyNetwork TV
✗ WCVB-TV → é → ABC
✗ WHDH → é → NBC
✗ WFXT → é → Fox
✗ WLVI → é → The CW"
"O Aeroporto Logan, localizado em East Boston e operado por a Massachusetts Port Authority (Massport), é o principal aeroporto de Boston.",O Aeroporto Logan → é → o principal aeroporto de Boston,"✗ O Aeroporto Logan → está localizado em → East Boston
✗ O Aeroporto Logan → é operado por → a Massachusetts Port Authority (Massport)
✓✓ O Aeroporto Logan → é → o principal aeroporto de Boston",✓✓ O Aeroporto Logan → é → o principal aeroporto de Boston,(nenhuma extração),"✗ O Aeroporto Logan → está localizado em → East Boston
✗ O Aeroporto Logan → é operado por → a Massachusetts Port Authority (Massport)
✓✓ O Aeroporto Logan → é → o principal aeroporto de Boston"
"O mês mais quente é Julho, com temperatura média de 73,4 ° F (23,0 ° C).",O mês mais quente → é → Julho,"✓✓ O mês mais quente → é → Julho
✗ Julho → tem temperatura média de → 73,4°F (23,0°C)",✓✓ O mês mais quente → é → Julho,(nenhuma extração),"✓✓ O mês mais quente → é → Julho
✗ Julho → tem temperatura média de → 73,4 ° F (23,0 ° C)"
"O Ateneu de Boston (uma de as bibliotecas independentes mais antigas de os Estados Unidos), o Museu Infantil de Boston, o Bull & Finch Pub (cujo prédio é conhecido por o programa de televisão Cheers), o Museum of Science e o New England Aquarium estão dentro de a cidade.",⚠ o Museum of Science e o New England Aquarium → estão → dentro de a cidade,"✗ O Ateneu de Boston → é → uma das bibliotecas independentes mais antigas dos Estados Unidos
✗ o prédio do Bull & Finch Pub → é conhecido por → o programa de televisão Cheers
✗ O Ateneu de Boston → está dentro de → a cidade
✗ o Museu Infantil de Boston → está dentro de → a cidade
✗ o Bull & Finch Pub → está dentro de → a cidade
✗ o Museum of Science → está dentro de → a cidade
✗ o New England Aquarium → está dentro de → a cidade",✗ O Ateneu de Boston → é → uma de as bibliotecas independentes mais antigas de os Estados Unidos,(nenhuma extração),"✗ O Ateneu de Boston → é → uma de as bibliotecas independentes mais antigas de os Estados Unidos
✗ O Ateneu de Boston → está dentro de → a cidade
✗ o Museu Infantil de Boston → está dentro de → a cidade
✗ o Bull & Finch Pub → tem prédio conhecido por → o programa de televisão Cheers
✗ o Museum of Science → está dentro de → a cidade
✗ o New England Aquarium → está dentro de → a cidade"
"Um de os eventos esportivos mais conhecidos de a cidade é uma maratona de Boston, a corrida de 42,2 km que é a maratona anual mais antiga de o mundo, realizada em o dia de os patriotas em abril.","Um de os eventos esportivos mais conhecidos de a cidade → é → uma maratona de Boston
⚠ a corrida de 42,2 km → é → a maratona anual mais antiga de o mundo","✓ Um dos eventos esportivos mais conhecidos da cidade → é → a maratona de Boston
✗ a maratona de Boston → é → a corrida de 42,2 km
✗ a maratona de Boston → é → a maratona anual mais antiga do mundo
✗ a maratona de Boston → é realizada em → o dia dos patriotas em abril",✗ uma maratona de Boston → é → a maratona anual mais antiga de o mundo,(nenhuma extração),"✓✓ Um de os eventos esportivos mais conhecidos de a cidade → é → uma maratona de Boston
✗ uma maratona de Boston → é → a corrida de 42,2 km
✗ uma maratona de Boston → é → a maratona anual mais antiga de o mundo
✗ uma maratona de Boston → é realizada em → o dia de os patriotas em abril"
"A órbita de o Compass-M1 é quase circular, tem uma altitude de 21.150 km e uma inclinação de 55,5 graus.",A órbita de o Compass-M1 → é → quase circular,"✓ A órbita do Compass-M1 → é → quase circular
✗ A órbita do Compass-M1 → tem → uma altitude de 21.150 km
✗ A órbita do Compass-M1 → tem → uma inclinação de 55,5 graus",✓✓ A órbita de o Compass-M1 → é → quase circular,(nenhuma extração),"✓✓ A órbita de o Compass-M1 → é → quase circular
✗ A órbita de o Compass-M1 → tem uma altitude de → 21.150 km
✗ A órbita de o Compass-M1 → tem uma inclinação de → 55,5 graus"
"O Compass-M1 transmite em 3 bandas E2, E5B e E6.",⚠ O Compass-M1 → transmite em → 3 bandas,"✗ O Compass-M1 → transmite em → a banda E2
✗ O Compass-M1 → transmite em → a banda E5B
✗ O Compass-M1 → transmite em → a banda E6","✗ O Compass-M1 → transmite em → 3 bandas E2, E5B e E6",(nenhuma extração),"✗ O Compass-M1 → transmite em → 3 bandas E2, E5B e E6"
O Serviço Postal de a Somália (Correio de a Somália) é o serviço postal nacional de o Governo Federal de a Somália.,O Serviço Postal de a Somália → é → o serviço postal nacional de o Governo Federal de a Somália,"✗ O Serviço Postal da Somália → também é chamado → Correio da Somália
✓ O Serviço Postal da Somália → é → o serviço postal nacional do Governo Federal da Somália",✓✓ O Serviço Postal de a Somália → é → o serviço postal nacional de o Governo Federal de a Somália,(nenhuma extração),"✗ O Serviço Postal de a Somália → também é chamado de → Correio de a Somália
✓✓ O Serviço Postal de a Somália → é → o serviço postal nacional de o Governo Federal de a Somália"
"É a única e nacional língua oficial de Andorra e co-oficial de as comunidades autônomas espanholas de a Catalunha, Ilhas Baleares e Valência (onde a língua é conhecida como valenciana e existem padrões regionais).","⚠ a língua → é → conhecida como valenciana
⚠ a língua → é conhecida como → valenciana","✗ a língua → é a única e nacional língua oficial de → Andorra
✗ a língua → é co-oficial de → a comunidade autônoma espanhola da Catalunha
✗ a língua → é co-oficial de → a comunidade autônoma espanhola das Ilhas Baleares
✗ a língua → é co-oficial de → a comunidade autônoma espanhola de Valência
✗ a língua em Valência → é conhecida como → valenciana",(nenhuma extração),(nenhuma extração),(nenhuma extração)
"Logo após a Revolução Francesa (1789), a Primeira República Francesa proibiu o uso oficial e adotou políticas discriminatórias contra as línguas não padronizadas de a França (patois), como catalão, alsaciano, bretão, occitânico, flamengo e basco.",a Primeira República Francesa → proibiu → o uso oficial,"✗ a Primeira República Francesa → proibiu → o uso oficial das línguas não padronizadas da França
✗ a Primeira República Francesa → adotou → políticas discriminatórias contra as línguas não padronizadas da França
✗ a Primeira República Francesa → adotou políticas discriminatórias logo após → a Revolução Francesa (1789)
✗ as línguas não padronizadas da França → incluem → catalão
✗ as línguas não padronizadas da França → incluem → alsaciano
✗ as línguas não padronizadas da França → incluem → bretão
✗ as línguas não padronizadas da França → incluem → occitânico
✗ as línguas não padronizadas da França → incluem → flamengo
✗ as línguas não padronizadas da França → incluem → basco",✓✓ a Primeira República Francesa → proibiu → o uso oficial,(nenhuma extração),"✓✓ a Primeira República Francesa → proibiu → o uso oficial
✗ a Primeira República Francesa → adotou → políticas discriminatórias contra as línguas não padronizadas de a França (patois)
✗ as línguas não padronizadas de a França (patois) → incluem → catalão
✗ as línguas não padronizadas de a França (patois) → incluem → alsaciano
✗ as línguas não padronizadas de a França (patois) → incluem → bretão
✗ as línguas não padronizadas de a França (patois) → incluem → occitânico
✗ as línguas não padronizadas de a França (patois) → incluem → flamengo
✗ as línguas não padronizadas de a França (patois) → incluem → basco"
"O ensino de o catalão é obrigatório em todas as escolas, mas é possível usar o espanhol para estudar em o sistema de ensino público de a Catalunha em duas situações, se o professor designado para uma turma optar por usar o espanhol ou durante o processo de aprendizagem de um ou mais alunos.","O ensino de o catalão → é → obrigatório em todas as escolas
O ensino de o catalão → é obrigatório em → todas as escolas",✓ O ensino do catalão → é → obrigatório em todas as escolas,✓✓ O ensino de o catalão → é obrigatório em → todas as escolas,(nenhuma extração),"✓✓ O ensino de o catalão → é obrigatório em → todas as escolas
✗ é possível usar o espanhol → para estudar em → o sistema de ensino público da Catalunha"
"Uma definição operacional ampla às vezes é usada para abranger a complexidade desses fenômenos diversos, onde um gene é definido como uma união de sequências genômicas que codificam um conjunto coerente de produtos funcionais potencialmente sobrepostos.",⚠ Uma definição operacional ampla → é → usada para abranger a complexidade desses fenômenos diversos,"✗ Uma definição operacional ampla → às vezes é usada para abranger → a complexidade desses fenômenos diversos
✗ um gene → é definido, na definição operacional ampla, como → uma união de sequências genômicas que codificam um conjunto coerente de produtos funcionais potencialmente sobrepostos",✗ um gene → é definido como → uma união de sequências genômicas,(nenhuma extração),"✗ Uma definição operacional ampla → às vezes é usada para abranger → a complexidade desses fenômenos diversos
✗ um gene → é definido como → uma união de sequências genômicas
✗ uma união de sequências genômicas → codificam → um conjunto coerente de produtos funcionais potencialmente sobrepostos"
"A inteligibilidade mútua entre dialetos é muito alta, com estimativas variando de 90 % a 95 %.",A inteligibilidade mútua entre dialetos → é → muito alta,"✓✓ A inteligibilidade mútua entre dialetos → é → muito alta
✗ as estimativas da inteligibilidade mútua entre dialetos → variam de → 90% a 95%",✗ A inteligibilidade mútua entre dialetos → é muito alta → ,(nenhuma extração),"✓✓ A inteligibilidade mútua entre dialetos → é → muito alta
✗ estimativas → variam de → 90 % a 95 %"
"Em Alghero, o IEC adaptou seu padrão a o dialeto Alguerese.",o IEC → adaptou → seu padrão a o dialeto Alguerese,"✗ o IEC → adaptou seu padrão a → o dialeto Alguerese
✗ o IEC → adaptou seu padrão ao dialeto Alguerese em → Alghero",✓✓ o IEC → adaptou → seu padrão a o dialeto Alguerese,(nenhuma extração),✗ o IEC → adaptou seu padrão a → o dialeto Alguerese
"A partir de o século XVI, a literatura catalã sofreu um declínio, a língua ficou sob a influência de o espanhol e as aulas de urbano e literário tornaram-se bilíngues.","a literatura catalã → sofreu → um declínio
a língua → ficou sob → a influência de o espanhol","✓✓ a literatura catalã → sofreu → um declínio
✗ a literatura catalã → sofreu um declínio a partir de → o século XVI
✓ a língua → ficou sob → a influência do espanhol
✗ as aulas de urbano e literário → tornaram-se → bilíngues",✗ a literatura catalã → sofreu um declínio → ,(nenhuma extração),"✓✓ a literatura catalã → sofreu → um declínio
✗ a língua → ficou sob a influência de → o espanhol
✗ as aulas de urbano e literário → tornaram-se → bilíngues"
Catalão Central é considerada a pronúncia padrão de o idioma.,"⚠ Catalão Central → é → considerada a pronúncia padrão de o idioma
Catalão Central → é considerada → a pronúncia padrão de o idioma",✓ Catalão Central → é considerada → a pronúncia padrão do idioma,✓✓ Catalão Central → é considerada → a pronúncia padrão de o idioma,(nenhuma extração),✓✓ Catalão Central → é considerada → a pronúncia padrão de o idioma
"Equipe principal de alguns de os jogadores mais conceituados de a AFL, incluindo George LaFrance e Gary e Alvin Rettig, além de ser uma segunda chance de carreira para o quarterback Art Schlichter, o Drive jogava regularmente antes de lotar o estádio Joe Louis Arena, e foi a o ArenaBowl todos os anos de sua existência (1988-1993).","⚠ o Drive → jogava → regularmente antes de lotar o estádio Joe Louis Arena
o Drive → jogava regularmente antes de → lotar o estádio Joe Louis Arena","✗ o Drive → era a equipe principal de → alguns dos jogadores mais conceituados da AFL
✗ os jogadores mais conceituados da AFL no Drive → incluíam → George LaFrance
✗ os jogadores mais conceituados da AFL no Drive → incluíam → Gary Rettig
✗ os jogadores mais conceituados da AFL no Drive → incluíam → Alvin Rettig
✗ o Drive → era uma segunda chance de carreira para → o quarterback Art Schlichter
✓ o Drive → jogava regularmente antes de lotar → o estádio Joe Louis Arena
✗ o Drive → foi a → o ArenaBowl todos os anos de sua existência (1988-1993)",(nenhuma extração),(nenhuma extração),"✗ o Drive → era a equipe principal de → alguns de os jogadores mais conceituados de a AFL, incluindo George LaFrance e Gary e Alvin Rettig
✗ o Drive → era → uma segunda chance de carreira para o quarterback Art Schlichter
✗ o Drive → jogava regularmente → 
✗ o Drive → lotava → o estádio Joe Louis Arena
✗ o Drive → foi ao → ArenaBowl todos os anos de sua existência (1988-1993)"
"Nos eucariotos, a transcrição ocorre em o núcleo, onde o DNA de a célula é armazenado.","a transcrição → ocorre em → o núcleo
⚠ o DNA de a célula → é → armazenado","✗ a transcrição → ocorre em, nos eucariotos, → o núcleo
✗ o DNA da célula → é armazenado em → o núcleo",✓✓ a transcrição → ocorre em → o núcleo,(nenhuma extração),"✓✓ a transcrição → ocorre em → o núcleo
✗ o DNA de a célula → é armazenado em → o núcleo"
"O início de a década de 1990 marcou o abrandamento de o R&B urbano, a o mesmo tempo em que o rock alternativo surgiu e o pop tradicional teve um ressurgimento significativo.",O início de a década de 1990 → marcou → o abrandamento de o R&B urbano,"✓ O início da década de 1990 → marcou → o abrandamento do R&B urbano
✗ o rock alternativo → surgiu em → o início da década de 1990
✗ o pop tradicional → teve → um ressurgimento significativo",(nenhuma extração),(nenhuma extração),"✓✓ O início de a década de 1990 → marcou → o abrandamento de o R&B urbano
✗ o rock alternativo → surgiu → 
✗ o pop tradicional → teve → um ressurgimento significativo"
"Desde meados de os anos 2000, a incorporação de bandas como Wilco e Feist levou o rock indiano a a conversa contemporânea adulta.","⚠ a incorporação de bandas como Wilco e Feist → levou → o rock indiano a a conversa contemporânea adulta
a incorporação de bandas como Wilco e Feist → levou o rock indiano a → a conversa contemporânea adulta","✗ a incorporação de bandas como Wilco e Feist → levou → o rock indiano
✓✓ a incorporação de bandas como Wilco e Feist → levou o rock indiano a → a conversa contemporânea adulta
✗ a incorporação de bandas como Wilco e Feist → ocorreu desde → meados dos anos 2000",✗ o rock indiano → levou a → a conversa contemporânea adulta,(nenhuma extração),"✗ a incorporação de bandas como Wilco e Feist → levou → o rock indiano
✗ a incorporação de bandas como Wilco e Feist → levou a → a conversa contemporânea adulta"
"Denominado o equivalente acústico a o Prozac, contemporâneo adulto suave, uma versão mais voltada para adultos de o AC, nasceu em o final de a década de 1970 e cresceu em o início de os anos 80.",⚠ o equivalente acústico a o Prozac → nasceu em → o final de a década de 1970,"✗ contemporâneo adulto suave → é denominado → o equivalente acústico ao Prozac
✗ contemporâneo adulto suave → é → uma versão mais voltada para adultos do AC
✗ contemporâneo adulto suave → nasceu em → o final da década de 1970
✗ contemporâneo adulto suave → cresceu em → o início dos anos 80",(nenhuma extração),(nenhuma extração),"✗ contemporâneo adulto suave → é denominado → o equivalente acústico a o Prozac
✗ contemporâneo adulto suave → é → uma versão mais voltada para adultos de o AC
✗ contemporâneo adulto suave → nasceu em → o final de a década de 1970
✗ contemporâneo adulto suave → cresceu em → o início de os anos 80"
"Desde 1560, em o entanto, o edifício não é mais uma abadia nem uma catedral, tendo o status de Igreja de a Inglaterra Peculiar Real - uma igreja responsável diretamente por o soberano.",o edifício → não é → mais uma abadia,"✗ o edifício → não é mais, desde 1560, → uma abadia
✗ o edifício → não é mais, desde 1560, → uma catedral
✗ o edifício → tem → o status de Igreja da Inglaterra Peculiar Real
✗ uma Igreja da Inglaterra Peculiar Real → é → uma igreja responsável diretamente pelo soberano",✗ o edifício → não é mais → uma abadia nem uma catedral,(nenhuma extração),"✓ o edifício → não é mais → uma abadia
✗ o edifício → não é mais → uma catedral
✗ o edifício → tem o status de → Igreja de a Inglaterra Peculiar Real
✗ Igreja de a Inglaterra Peculiar Real → é responsável diretamente por → o soberano"
"Henrique III reconstruiu a abadia em homenagem a um santo real, Eduardo, o Confessor, cujas relíquias foram colocadas em um santuário em o santuário.","⚠ Henrique III → reconstruiu → a abadia em homenagem a um santo real
⚠ relíquias → foram → colocadas em um santuário
⚠ relíquias → foram colocadas em → um santuário","✗ Henrique III → reconstruiu → a abadia
✗ Henrique III → reconstruiu a abadia em homenagem a → um santo real, Eduardo, o Confessor
✗ as relíquias de Eduardo, o Confessor → foram colocadas em → um santuário no santuário",✗ Henrique III → reconstruiu → a abadia,(nenhuma extração),"✗ Henrique III → reconstruiu → a abadia
✗ Henrique III → reconstruiu em homenagem a → um santo real
✗ Eduardo, o Confessor → é → um santo real
✗ as relíquias de Eduardo, o Confessor → foram colocadas em → um santuário"
"A Abadia de Westminster, formalmente denominada Igreja Colegiada de São Pedro em Westminster, é uma grande igreja de a abadia, principalmente gótica, em a Cidade de Westminster, Londres, localizada a oeste de o Palácio de Westminster.",A Abadia de Westminster → é → uma grande igreja de a abadia,"✗ A Abadia de Westminster → é formalmente denominada → Igreja Colegiada de São Pedro em Westminster
✗ A Abadia de Westminster → é → uma grande igreja da abadia, principalmente gótica
✗ A Abadia de Westminster → está em → a Cidade de Westminster, Londres
✗ A Abadia de Westminster → está localizada a oeste de → o Palácio de Westminster",✓✓ A Abadia de Westminster → é → uma grande igreja de a abadia,(nenhuma extração),"✗ A Abadia de Westminster → é formalmente denominada → Igreja Colegiada de São Pedro em Westminster
✗ A Abadia de Westminster → é → uma grande igreja da abadia, principalmente gótica
✗ A Abadia de Westminster → está em → a Cidade de Westminster, Londres
✗ A Abadia de Westminster → está localizada a oeste de → o Palácio de Westminster"
"Uma parte de o instrumento, o órgão celestial, não está atualmente conectada ou reproduzível.",⚠ Uma parte de o instrumento → não está → atualmente conectada ou reproduzível,"✗ o órgão celestial → é → uma parte do instrumento
✗ o órgão celestial → não está atualmente → conectado ou reproduzível",✗ o órgão celestial → não está atualmente → conectada ou reproduzível,(nenhuma extração),"✗ o órgão celestial → é → uma parte de o instrumento
✗ o órgão celestial → não está atualmente conectada → 
✗ o órgão celestial → não está atualmente reproduzível → "
"Atualmente, o nome completo de o governo de Nanjing é Governo Popular de a Cidade de Nanjing e a cidade está sujeita a o regime de partido único de o CPC, com o Secretário de o Comitê de o CPC Nanjing como governador de fato de a cidade e de o prefeito como chefe executivo de o governo que trabalha sob o secretário.","o nome completo de o governo de Nanjing → é → Governo Popular de a Cidade de Nanjing
⚠ a Cidade → está → sujeita a o regime de partido único de o CPC
a Cidade → está sujeita a → o regime de partido único de o CPC","✗ o nome completo do governo de Nanjing → é atualmente → Governo Popular da Cidade de Nanjing
✗ a cidade de Nanjing → está sujeita a → o regime de partido único do CPC
✗ o Secretário do Comitê do CPC Nanjing → atua como → governador de fato da cidade
✗ o prefeito de Nanjing → atua como → chefe executivo do governo
✗ o prefeito de Nanjing → trabalha sob → o secretário",(nenhuma extração),(nenhuma extração),"✓✓ o nome completo de o governo de Nanjing → é → Governo Popular de a Cidade de Nanjing
✓✓ a cidade → está sujeita a → o regime de partido único de o CPC
✗ o Secretário de o Comitê de o CPC Nanjing → é governador de fato de → a cidade
✗ o prefeito → é chefe executivo de → o governo
✗ o governo → trabalha sob → o secretário"
"Na fronteira ocidental, fica a Província de Anhui, onde Nanjing faz fronteira com cinco cidades em o nível de a prefeitura, Chuzhou a noroeste, Wuhu, Chaohu e Maanshan a oeste e Xuancheng a sudoeste.","⚠ Nanjing → faz → fronteira com cinco cidades em o nível de a prefeitura
Nanjing → faz fronteira com → cinco cidades em o nível de a prefeitura","✗ a Província de Anhui → fica em → a fronteira ocidental
✓ Nanjing → faz fronteira com → cinco cidades em nível de prefeitura
✗ Nanjing → faz fronteira a noroeste com → Chuzhou
✗ Nanjing → faz fronteira a oeste com → Wuhu
✗ Nanjing → faz fronteira a oeste com → Chaohu
✗ Nanjing → faz fronteira a oeste com → Maanshan
✗ Nanjing → faz fronteira a sudoeste com → Xuancheng",✓✓ Nanjing → faz fronteira com → cinco cidades em o nível de a prefeitura,(nenhuma extração),"✓✓ Nanjing → faz fronteira com → cinco cidades em o nível de a prefeitura
✗ Nanjing → faz fronteira com → Chuzhou a noroeste
✗ Nanjing → faz fronteira com → Wuhu, Chaohu e Maanshan a oeste
✗ Nanjing → faz fronteira com → Xuancheng a sudoeste"
"Hoje, com uma longa tradição cultural e forte apoio de instituições educacionais locais, Nanjing é comumente vista como uma cidade de a cultura e uma de as cidades mais agradáveis para se viver em a China.","⚠ Nanjing → é → comumente vista como uma cidade de a cultura
Nanjing → é comumente vista como → uma cidade de a cultura","✗ Nanjing → tem → uma longa tradição cultural
✗ Nanjing → tem → forte apoio de instituições educacionais locais
✓ Nanjing → é comumente vista como → uma cidade da cultura
✗ Nanjing → é comumente vista como → uma das cidades mais agradáveis para se viver na China",✓✓ Nanjing → é comumente vista como → uma cidade de a cultura,(nenhuma extração),"✓✓ Nanjing → é comumente vista como → uma cidade de a cultura
✗ Nanjing → é comumente vista como → uma de as cidades mais agradáveis para se viver em a China"
"A Ópera Kun em a província de Jiangsu é um de os melhores teatros de Kunqu, a mais antiga arte de palco de a China.",A Ópera Kun em a província de Jiangsu → é → um de os melhores teatros de Kunqu,"✓ A Ópera Kun na província de Jiangsu → é → um dos melhores teatros de Kunqu
✗ Kunqu → é → a mais antiga arte de palco da China",✓✓ A Ópera Kun em a província de Jiangsu → é → um de os melhores teatros de Kunqu,(nenhuma extração),"✓✓ A Ópera Kun em a província de Jiangsu → é → um de os melhores teatros de Kunqu
✗ Kunqu → é → a mais antiga arte de palco de a China"
"E as pessoas são até chamadas de Nanjing rabanete grande, o que significa que não são sofisticadas, apaixonadas e conservadoras.","⚠ as pessoas → são até → chamadas de Nanjing rabanete grande
⚠ as pessoas → são → chamadas de Nanjing rabanete grande","✗ as pessoas de Nanjing → são chamadas de → rabanete grande
✗ rabanete grande → significa que as pessoas → não são sofisticadas
✗ rabanete grande → significa que as pessoas são → apaixonadas
✗ rabanete grande → significa que as pessoas são → conservadoras",✗ as pessoas → são até chamadas de → Nanjing rabanete grande,(nenhuma extração),"✗ as pessoas → são até chamadas de → Nanjing rabanete grande
✗ Nanjing rabanete grande → significa que → não são sofisticadas, apaixonadas e conservadoras"
"E as pessoas são até chamadas de rabanete grande de Nanjing, o que significa que são não-sofisticadas, emotivas e conservadoras.",as pessoas → são até chamadas de → rabanete grande de Nanjing,"✗ as pessoas de Nanjing → são chamadas de → rabanete grande
✗ rabanete grande → significa que as pessoas são → não-sofisticadas
✗ rabanete grande → significa que as pessoas são → emotivas
✗ rabanete grande → significa que as pessoas são → conservadoras",✓✓ as pessoas → são até chamadas de → rabanete grande de Nanjing,(nenhuma extração),"✓✓ as pessoas → são até chamadas de → rabanete grande de Nanjing
✗ rabanete grande de Nanjing → significa que → são não-sofisticadas, emotivas e conservadoras"
"Uma de as fontes mais interessantes é a Kindlifresserbrunnen (alemão de Bernese fonte de comensal de as crianças, mas muitas vezes traduzida como fonte de ogro), que se afirma representar um judeu, o deus grego Chronos ou uma figura Fastnacht que assusta crianças desobedientes.",Uma de as fontes mais interessantes → é → a Kindlifresserbrunnen,"✓ Uma das fontes mais interessantes → é → a Kindlifresserbrunnen
✗ a Kindlifresserbrunnen → é muitas vezes traduzida como → fonte de ogro
✗ a Kindlifresserbrunnen → afirma-se que representa → um judeu
✗ a Kindlifresserbrunnen → afirma-se que representa → o deus grego Chronos
✗ a Kindlifresserbrunnen → afirma-se que representa → uma figura Fastnacht que assusta crianças desobedientes",✗ a Kindlifresserbrunnen → se afirma representar → um judeu,(nenhuma extração),"✓✓ Uma de as fontes mais interessantes → é → a Kindlifresserbrunnen
✗ a Kindlifresserbrunnen → é muitas vezes traduzida como → fonte de ogro
✗ a Kindlifresserbrunnen → se afirma representar → um judeu
✗ a Kindlifresserbrunnen → se afirma representar → o deus grego Chronos
✗ a Kindlifresserbrunnen → se afirma representar → uma figura Fastnacht que assusta crianças desobedientes"
"Berna também é a capital de o Cantão de Berna, o segundo mais populoso de os cantões de a Suíça.",Berna → também é → a capital de o Cantão de Berna,"✓ Berna → também é → a capital do Cantão de Berna
✗ o Cantão de Berna → é → o segundo mais populoso dos cantões da Suíça",✗ Berna → é → a capital de o Cantão de Berna,(nenhuma extração),"✗ Berna → é → a capital de o Cantão de Berna
✗ o Cantão de Berna → é → o segundo mais populoso de os cantões de a Suíça"
"O funicular de Marzilibahn é, com 106 m de comprimento, a segunda ferrovia pública mais curta de a Europa depois de o Teleférico de Zagreb.",O funicular de Marzilibahn → é → a segunda ferrovia pública mais curta de a Europa,"✗ O funicular de Marzilibahn → tem → 106 m de comprimento
✓ O funicular de Marzilibahn → é → a segunda ferrovia pública mais curta da Europa depois do Teleférico de Zagreb",✓✓ O funicular de Marzilibahn → é → a segunda ferrovia pública mais curta de a Europa,"✓✓ O funicular de Marzilibahn → é → a segunda ferrovia pública mais curta de a Europa
✗ O funicular de Marzilibahn → tem de comprimento → 106 m","✓✓ O funicular de Marzilibahn → é → a segunda ferrovia pública mais curta de a Europa
✗ O funicular de Marzilibahn → tem → 106 m de comprimento
✗ O funicular de Marzilibahn → é depois de → o Teleférico de Zagreb"
"Em maio de 2008, os Arquivos Nacionais anunciaram um contrato de cinco anos para digitalizar os registros selecionados, incluindo a Coleção Federal de o Censo Federal de os EUA, de 1790 a 1930, as listas de passageiros de 1820 a 1960 e os rascunhos de os cartões de registro de a Primeira e de a Segunda Guerra Mundial.",os Arquivos Nacionais → anunciaram → um contrato de cinco anos para digitalizar os registros selecionados,"✓✓ os Arquivos Nacionais → anunciaram → um contrato de cinco anos para digitalizar os registros selecionados
✗ os Arquivos Nacionais → anunciaram o contrato em → maio de 2008
✗ os registros selecionados → incluem → a Coleção Federal do Censo Federal dos EUA, de 1790 a 1930
✗ os registros selecionados → incluem → as listas de passageiros de 1820 a 1960
✗ os registros selecionados → incluem → os rascunhos dos cartões de registro da Primeira e da Segunda Guerra Mundial",✓✓ os Arquivos Nacionais → anunciaram → um contrato de cinco anos para digitalizar os registros selecionados,"✓✓ os Arquivos Nacionais → anunciaram → um contrato de cinco anos para digitalizar os registros selecionados
✗ os registros selecionados → incluem → a Coleção Federal de o Censo Federal de os EUA, de 1790 a 1930
✗ os registros selecionados → incluem → as listas de passageiros de 1820 a 1960
✗ os registros selecionados → incluem → os rascunhos de os cartões de registro de a Primeira e de a Segunda Guerra Mundial","✗ os Arquivos Nacionais → anunciaram → um contrato de cinco anos
✗ um contrato de cinco anos → para digitalizar → os registros selecionados
✗ os registros selecionados → incluem → a Coleção Federal de o Censo Federal de os EUA
✗ a Coleção Federal de o Censo Federal de os EUA → abrange → 1790 a 1930
✗ os registros selecionados → incluem → as listas de passageiros
✗ as listas de passageiros → abrangem → 1820 a 1960
✗ os registros selecionados → incluem → os rascunhos de os cartões de registro de a Primeira e de a Segunda Guerra Mundial"
"Em 16 de março de 2011, o cargueiro MS Oliva encalhou em a Ilha Nightingale, derramando toneladas de óleo combustível pesado em o oceano, deixando uma mancha de óleo ameaçando a população de a ilha de pinguins rockhopper.",o cargueiro MS Oliva → encalhou em → a Ilha Nightingale,"✓✓ o cargueiro MS Oliva → encalhou em → a Ilha Nightingale
✗ o cargueiro MS Oliva → encalhou na Ilha Nightingale em → 16 de março de 2011
✗ o cargueiro MS Oliva → derramou → toneladas de óleo combustível pesado no oceano
✗ a mancha de óleo → ameaçou → a população de pinguins rockhopper da ilha",✓✓ o cargueiro MS Oliva → encalhou em → a Ilha Nightingale,"✓✓ o cargueiro MS Oliva → encalhou em → a Ilha Nightingale
✗ o cargueiro MS Oliva → derramou em → o oceano
✗ o cargueiro MS Oliva → derramou → toneladas de óleo combustível pesado
✗ uma mancha de óleo → ameaça → a população de a ilha de pinguins rockhopper","✓✓ o cargueiro MS Oliva → encalhou em → a Ilha Nightingale
✗ o cargueiro MS Oliva → derramando → toneladas de óleo combustível pesado em o oceano
✗ o cargueiro MS Oliva → deixando → uma mancha de óleo
✗ uma mancha de óleo → ameaçando → a população de a ilha de pinguins rockhopper"
"A Ilha Nightingale não tem água fresca, então os pingüins foram transportados para Tristão de a Cunha para limpeza.",A Ilha Nightingale → não tem → água fresca,"✓✓ A Ilha Nightingale → não tem → água fresca
✗ os pingüins → foram transportados para → Tristão da Cunha
✗ os pingüins → foram transportados para Tristão da Cunha para → limpeza",✗ os pingüins → foram transportados para → Tristão de a Cunha,"✓✓ A Ilha Nightingale → não tem → água fresca
✗ os pingüins → foram transportados para → Tristão de a Cunha","✓✓ A Ilha Nightingale → não tem → água fresca
✗ os pingüins → foram transportados para → Tristão de a Cunha
✗ os pingüins → foram transportados para → limpeza"
"O primeiro colono permanente foi Jonathan Lambert, de Salem, Massachusetts, Estados Unidos, que chegou às ilhas em Dezembro de 1810 com dois outros homens.",O primeiro colono permanente → foi → Jonathan Lambert,"✓✓ O primeiro colono permanente → foi → Jonathan Lambert
✗ Jonathan Lambert → era de → Salem, Massachusetts, Estados Unidos
✗ Jonathan Lambert → chegou a → as ilhas
✗ Jonathan Lambert → chegou às ilhas em → Dezembro de 1810
✗ Jonathan Lambert → chegou às ilhas com → dois outros homens",✓✓ O primeiro colono permanente → foi → Jonathan Lambert,"✓✓ O primeiro colono permanente → foi → Jonathan Lambert
✗ Jonathan Lambert → é de → Salem
✗ Jonathan Lambert → chegou a → as ilhas
✗ Jonathan Lambert → chegou com → dois outros homens","✓✓ O primeiro colono permanente → foi → Jonathan Lambert
✗ Jonathan Lambert → é de → Salem, Massachusetts, Estados Unidos
✗ Jonathan Lambert → chegou às ilhas em → Dezembro de 1810
✗ Jonathan Lambert → chegou com → dois outros homens"
"Durante a Segunda Guerra Mundial, o Kansas foi uma de as 131 faculdades e universidades nacionais que participaram de o Programa de Treinamento V-12 Navy College, que ofereceu a os alunos o caminho para uma comissão de a Marinha.",o Kansas → foi → uma de as 131 faculdades e universidades nacionais que participaram de o Programa de Treinamento V-12 Navy College,"✓ o Kansas → foi → uma das 131 faculdades e universidades nacionais que participaram do Programa de Treinamento V-12 Navy College
✗ o Kansas → participou de, durante a Segunda Guerra Mundial, → o Programa de Treinamento V-12 Navy College
✗ o Programa de Treinamento V-12 Navy College → ofereceu aos alunos → o caminho para uma comissão da Marinha",(nenhuma extração),"✓✓ o Kansas → foi → uma de as 131 faculdades e universidades nacionais que participaram de o Programa de Treinamento V-12 Navy College
✗ o Kansas → foi → uma faculdade ou universidade nacional
✗ o Kansas → participou de → o Programa de Treinamento V-12 Navy College
✗ o Programa de Treinamento V-12 Navy College → ofereceu a → os alunos
✗ o Programa de Treinamento V-12 Navy College → ofereceu → o caminho para uma comissão de a Marinha","✗ o Kansas → foi → uma das 131 faculdades e universidades nacionais
✗ o Kansas → participou de → o Programa de Treinamento V-12 Navy College
✗ o Programa de Treinamento V-12 Navy College → ofereceu a → os alunos
✗ o Programa de Treinamento V-12 Navy College → ofereceu → o caminho para uma comissão da Marinha"
"A Escola de Negócios de a Universidade de o Kansas é uma escola pública de negócios localizada em o campus principal de a Universidade de o Kansas em Lawrence, Kansas.",A Escola de Negócios de a Universidade de o Kansas → é → uma escola pública de negócios,"✓ A Escola de Negócios da Universidade do Kansas → é → uma escola pública de negócios
✗ A Escola de Negócios da Universidade do Kansas → está localizada em → o campus principal da Universidade do Kansas
✗ o campus principal da Universidade do Kansas → está em → Lawrence, Kansas",✓✓ A Escola de Negócios de a Universidade de o Kansas → é → uma escola pública de negócios,"✓✓ A Escola de Negócios de a Universidade de o Kansas → é → uma escola pública de negócios
✗ A Escola de Negócios de a Universidade de o Kansas → está localizada em → o campus principal de a Universidade de o Kansas","✓ A Escola de Negócios da Universidade do Kansas → é → uma escola pública de negócios
✗ A Escola de Negócios da Universidade do Kansas → está localizada em → o campus principal da Universidade do Kansas
✗ A Escola de Negócios da Universidade do Kansas → está localizada em → Lawrence, Kansas"
"A Escola de Engenharia KU é uma escola pública de engenharia credenciada por a ABET, localizada em o campus principal.",A Escola de Engenharia KU → é → uma escola pública de engenharia credenciada por a ABET,"✓ A Escola de Engenharia KU → é → uma escola pública de engenharia
✗ A Escola de Engenharia KU → é credenciada por → a ABET
✗ A Escola de Engenharia KU → está localizada em → o campus principal",✓ A Escola de Engenharia KU → é → uma escola pública de engenharia,"✓ A Escola de Engenharia KU → é → uma escola pública de engenharia
✗ A Escola de Engenharia KU → é credenciada por → a ABET
✗ A Escola de Engenharia KU → está localizada em → o campus principal","✓ A Escola de Engenharia KU → é → uma escola pública de engenharia
✗ A Escola de Engenharia KU → é credenciada por → a ABET
✗ A Escola de Engenharia KU → está localizada em → o campus principal"
O departamento de computação acadêmica de a KU participou ativamente de a configuração de a Internet e é o desenvolvedor de o navegador de a Web baseado em texto de o Lynx.,"⚠ O departamento de computação acadêmica de a KU → participou → ativamente de a configuração de a Internet
O departamento de computação acadêmica de a KU → participou ativamente de → a configuração de a Internet","✓ O departamento de computação acadêmica da KU → participou ativamente de → a configuração da Internet
✗ O departamento de computação acadêmica da KU → é o desenvolvedor de → o navegador de Web baseado em texto Lynx",✓✓ O departamento de computação acadêmica de a KU → participou ativamente de → a configuração de a Internet,"✓ O departamento de computação acadêmica de a KU → participou de → a configuração de a Internet
✗ O departamento de computação acadêmica de a KU → é → o desenvolvedor de o navegador de a Web baseado em texto de o Lynx","✓ O departamento de computação acadêmica da KU → participou ativamente de → a configuração da Internet
✗ O departamento de computação acadêmica da KU → é → o desenvolvedor do navegador da Web baseado em texto Lynx"
A KU Endowment foi fundada em 1891 como a primeira fundação de a América para uma universidade pública,"⚠ A KU Endowment → foi → fundada em 1891
A KU Endowment → foi fundada em → 1891","✓✓ A KU Endowment → foi fundada em → 1891
✗ A KU Endowment → foi fundada como → a primeira fundação da América para uma universidade pública",✓✓ A KU Endowment → foi fundada em → 1891,"✗ A KU Endowment → foi fundada como → a primeira fundação de a América para uma universidade pública
✓✓ A KU Endowment → foi fundada em → 1891","✓✓ A KU Endowment → foi fundada em → 1891
✗ A KU Endowment → foi fundada como → a primeira fundação da América para uma universidade pública"
Algumas formas de corrupção - agora chamadas de corrupção institucional - são diferenciadas de suborno e outros tipos de óbvios ganhos pessoais.,"⚠ Algumas formas de corrupção → são → diferenciadas de suborno
Algumas formas de corrupção → são diferenciadas de → suborno","✗ Algumas formas de corrupção → agora são chamadas de → corrupção institucional
✓✓ Algumas formas de corrupção → são diferenciadas de → suborno
✗ Algumas formas de corrupção → são diferenciadas de → outros tipos de óbvios ganhos pessoais",✓✓ Algumas formas de corrupção → são diferenciadas de → suborno,"✗ Algumas formas de corrupção → são chamadas de → corrupção institucional
✓✓ Algumas formas de corrupção → são diferenciadas de → suborno
✗ Algumas formas de corrupção → são diferenciadas de → outros tipos de óbvios ganhos pessoais","✗ Algumas formas de corrupção → são chamadas de → corrupção institucional
✓✓ Algumas formas de corrupção → são diferenciadas de → suborno
✗ Algumas formas de corrupção → são diferenciadas de → outros tipos de óbvios ganhos pessoais"
"No caso de a África, um de os fatores para esse comportamento foi a instabilidade política e o fato de que novos governos frequentemente confiscaram corrupticamente o governo anterior.",um de os fatores para esse comportamento → foi → a instabilidade política,"✓ um dos fatores para esse comportamento na África → foi → a instabilidade política
✗ um dos fatores para esse comportamento na África → foi → o fato de que novos governos frequentemente confiscaram corruptamente o governo anterior",(nenhuma extração),"✓✓ um de os fatores para esse comportamento → foi → a instabilidade política
✗ um de os fatores para esse comportamento → foi → o fato de que novos governos frequentemente confiscaram corrupticamente o governo anterior
✗ novos governos → confiscaram → o governo anterior","✓✓ um de os fatores para esse comportamento → foi → a instabilidade política
✗ um de os fatores para esse comportamento → foi → o fato de que novos governos frequentemente confiscaram corrupticamente o governo anterior"
"O termo é aplicado com mais freqüência a padrões regionais de fala, mas um dialeto também pode ser definido por outros fatores, como classe social.",⚠ um dialeto → também pode → ser definido por outros fatores,✗ O termo → é aplicado com mais frequência a → padrões regionais de fala,✗ um dialeto → pode ser definido por → outros fatores,"✗ O termo → é aplicado a → padrões regionais de fala
✗ um dialeto → pode ser definido por → outros fatores
✗ outros fatores → incluem → classe social","✗ O termo → é aplicado com mais frequência a → padrões regionais de fala
✗ um dialeto → pode ser definido por → outros fatores
✗ outros fatores → incluem → classe social"
"O termo dialeto (de Latim dialectus, dialectos, de a palavra grega antiga διάλεκτος diálektos, discurso, de διά diá, através e λέγω legō, eu falo) é usado de duas maneiras distintas para se referir a dois tipos diferentes de fenômenos linguísticos.","⚠ O termo dialeto → é → usado de duas maneiras distintas
O termo dialeto → é usado de → duas maneiras distintas","✗ O termo dialeto → vem do latim → dialectus, dialectos
✗ O termo dialeto → é usado de duas maneiras distintas para se referir a → dois tipos diferentes de fenômenos linguísticos",✓✓ O termo dialeto → é usado de → duas maneiras distintas,"✓✓ O termo dialeto → é usado de → duas maneiras distintas
✗ O termo dialeto → é usado para se referir a → dois tipos diferentes de fenômenos linguísticos","✗ O termo dialeto → é de → Latim dialectus, dialectos
✗ Latim dialectus, dialectos → é de → a palavra grega antiga διάλεκτος diálektos
✗ a palavra grega antiga διάλεκτος diálektos → é de → διά diá
✗ a palavra grega antiga διάλεκτος diálektos → é de → λέγω legō
✓✓ O termo dialeto → é usado de → duas maneiras distintas
✗ O termo dialeto → é usado para se referir a → dois tipos diferentes de fenômenos linguísticos"
"O termo música clássica não apareceu até o início de o século 19, em uma tentativa de canonizar distintamente o período de Johann Sebastian Bach a Beethoven como uma idade de ouro.",O termo música clássica → não apareceu até → o início de o século 19,"✓ O termo música clássica → não apareceu até → o início do século 19
✗ o termo música clássica → surgiu numa tentativa de canonizar distintamente → o período de Johann Sebastian Bach a Beethoven como uma idade de ouro",✓✓ O termo música clássica → não apareceu até → o início de o século 19,(nenhuma extração),"✓✓ O termo música clássica → não apareceu até → o início de o século 19
✗ uma tentativa → era para canonizar distintamente → o período de Johann Sebastian Bach a Beethoven
✗ o período de Johann Sebastian Bach a Beethoven → é → uma idade de ouro"
"Menander Protector menciona um Daurentius (577-579) que matou um enviado avar de Khagan Bayan I. Os ávaros pediram a os eslavos que aceitassem a soberania de os ávaros, mas ele recusou e é relatado como dizendo Outros não conquistam nossa terra, conquistamos os deles - assim será sempre para nós","Os ávaros → pediram a → os eslavos que aceitassem a soberania de os ávaros
⚠ Outros → não conquistam → nossa terra","✗ Menander Protector → menciona → um Daurentius
✗ Daurentius → matou → um enviado avar de Khagan Bayan I
✗ os ávaros → pediram a → os eslavos
✗ os ávaros → pediram aos eslavos que aceitassem → a soberania dos ávaros
✗ Daurentius → recusou → a soberania dos ávaros",✗ Daurentius → matou → um enviado avar de Khagan Bayan I,"✗ Menander Protector → menciona → um Daurentius
✗ um Daurentius → matou → um enviado avar de Khagan Bayan I
✓✓ Os ávaros → pediram a → os eslavos que aceitassem a soberania de os ávaros
✗ um Daurentius → recusou → a soberania de os ávaros","✗ Menander Protector → menciona → um Daurentius
✗ Daurentius → matou → um enviado avar de Khagan Bayan I
✗ Os ávaros → pediram a → os eslavos
✗ os eslavos → aceitassem → a soberania de os ávaros
✗ Daurentius → recusou → a soberania de os ávaros"
"Por volta de o século VI, os eslavos apareceram em as fronteiras bizantinas em grandes números.","os eslavos → apareceram em → as fronteiras bizantinas
⚠ os eslavos → apareceram em → as fronteiras bizantinas em grandes números","✓✓ os eslavos → apareceram em → as fronteiras bizantinas
✗ os eslavos → apareceram nas fronteiras bizantinas em → grandes números
✗ os eslavos → apareceram nas fronteiras bizantinas por volta de → o século VI",✓✓ os eslavos → apareceram em → as fronteiras bizantinas,✓✓ os eslavos → apareceram em → as fronteiras bizantinas,"✓✓ os eslavos → apareceram em → as fronteiras bizantinas
✗ os eslavos → apareceram em → grandes números"
"O proto-eslavo, a suposta língua ancestral de todas as línguas eslavas, é um descendente de o proto-indo-europeu comum, através de um estágio balto-eslavo, em o qual desenvolveu numerosas isoglosses lexicais e morfofonológicas com as línguas bálticas.",O proto-eslavo → é → um descendente de o proto-indo-europeu comum,"✗ O proto-eslavo → é → a suposta língua ancestral de todas as línguas eslavas
✗ O proto-eslavo → é um descendente de → o proto-indo-europeu comum
✗ O proto-eslavo → é descendente do proto-indo-europeu comum através de → um estágio balto-eslavo
✗ O proto-eslavo → desenvolveu, no estágio balto-eslavo, → numerosas isoglosses lexicais e morfofonológicas com as línguas bálticas",✓✓ O proto-eslavo → é → um descendente de o proto-indo-europeu comum,"✗ O proto-eslavo → é → a suposta língua ancestral de todas as línguas eslavas
✓✓ O proto-eslavo → é → um descendente de o proto-indo-europeu comum
✗ O proto-eslavo → desenvolveu → numerosas isoglosses lexicais e morfofonológicas com as línguas bálticas","✗ O proto-eslavo → é → a suposta língua ancestral de todas as línguas eslavas
✗ O proto-eslavo → é um descendente de → o proto-indo-europeu comum
✗ O proto-eslavo → passou por → um estágio balto-eslavo
✗ O proto-eslavo → desenvolveu → numerosas isoglosses lexicais e morfofonológicas com as línguas bálticas"
"Enquanto isso, outros apontaram que o sufixo -enin indica um homem de um certo lugar, que nesse caso deveria ser um lugar chamado Slova ou Slava, possivelmente um nome de rio.","⚠ o sufixo -enin → indica → um homem de um certo lugar
⚠ outros → apontaram → que o sufixo -enin indica um homem de um certo lugar",✗ outros → apontaram que → o sufixo -enin indica um homem de um certo lugar,(nenhuma extração),(nenhuma extração),"✗ outros → apontaram que → o sufixo -enin indica um homem de um certo lugar
✗ um certo lugar → deveria ser → um lugar chamado Slova ou Slava
✗ um lugar chamado Slova ou Slava → é → possivelmente um nome de rio"
Os gorais de o sul de a Polônia e de o norte de a Eslováquia são parcialmente descendentes de os vlachs de língua românica que migraram para a região de os Séculos 14 a 17 e foram absorvidos por a população local.,Os gorais de o sul de a Polônia e de o norte de a Eslováquia → são → parcialmente descendentes de os vlachs de língua românica,"✗ Os gorais do sul da Polônia → são parcialmente descendentes de → os vlachs de língua românica
✗ Os gorais do norte da Eslováquia → são parcialmente descendentes de → os vlachs de língua românica
✗ os vlachs de língua românica → migraram para → a região
✗ os vlachs de língua românica → migraram para a região de → os Séculos 14 a 17
✗ os vlachs de língua românica → foram absorvidos por → a população local",✗ Os gorais → são parcialmente descendentes de → os vlachs de língua românica,"✓✓ Os gorais de o sul de a Polônia e de o norte de a Eslováquia → são → parcialmente descendentes de os vlachs de língua românica
✗ os vlachs de língua românica → migraram para → a região
✗ os vlachs de língua românica → foram absorvidos por → a população local","✗ Os gorais do sul da Polônia e do norte da Eslováquia → são parcialmente descendentes de → os vlachs de língua românica
✗ os vlachs de língua românica → migraram para → a região
✗ os vlachs de língua românica → migraram no → período de os Séculos 14 a 17
✗ os vlachs de língua românica → foram absorvidos por → a população local"
"Josip Broz nasceu em 7 de maio de 1892 em Kumrovec, em a região croata de Hrvatsko Zagorje, em a Áustria-Hungria.","Josip Broz → nasceu em → 7 de maio de 1892
Josip Broz → nasceu em → 7 de maio de 1892 em Kumrovec","✓✓ Josip Broz → nasceu em → 7 de maio de 1892
✗ Josip Broz → nasceu em → Kumrovec
✗ Kumrovec → está em → a região croata de Hrvatsko Zagorje
✗ a região croata de Hrvatsko Zagorje → estava em → a Áustria-Hungria",✓✓ Josip Broz → nasceu em → 7 de maio de 1892 em Kumrovec,"✓✓ Josip Broz → nasceu em → 7 de maio de 1892
✗ Josip Broz → nasceu em → Kumrovec","✓✓ Josip Broz → nasceu em → 7 de maio de 1892
✗ Josip Broz → nasceu em → Kumrovec
✗ Kumrovec → fica em → a região croata de Hrvatsko Zagorje
✗ Kumrovec → fica em → a Áustria-Hungria"
"Em 1937, Stalin assassinou o secretário-geral de a CPY, Milan Gorkić, em Moscou.",Stalin → assassinou → o secretário-geral de a CPY,"✗ Milan Gorkić → era → o secretário-geral da CPY
✗ Stalin → assassinou → Milan Gorkić
✗ Stalin → assassinou Milan Gorkić em → 1937
✗ Stalin → assassinou Milan Gorkić em → Moscou","✓ Stalin → assassinou → o secretário-geral de a CPY, Milan Gorkić","✓✓ Stalin → assassinou → o secretário-geral de a CPY
✗ o secretário-geral de a CPY → é → Milan Gorkić
✗ Stalin → assassinou em → Moscou","✗ Stalin → assassinou → Milan Gorkić
✗ Milan Gorkić → era → o secretário-geral de a CPY
✗ Milan Gorkić → foi assassinado em → Moscou"
"Em 28 de setembro de 1944, a Agência Telegráfica de a União Soviética (TASS) informou que Tito assinou um acordo com a União Soviética que permitia a entrada temporária de tropas soviéticas em o território iugoslavo, o que permitia a o Exército Vermelho auxiliar em as operações em as áreas nordeste de o país.","Tito → assinou → um acordo com a União Soviética
⚠ Tito → assinou um acordo com → a União Soviética","✗ a Agência Telegráfica da União Soviética (TASS) → informou que → Tito assinou um acordo com a União Soviética que permitia a entrada temporária de tropas soviéticas no território iugoslavo
✗ a Agência Telegráfica da União Soviética (TASS) → informou em → 28 de setembro de 1944
✗ o acordo entre Tito e a União Soviética → permitia a → o Exército Vermelho auxiliar nas operações nas áreas nordeste do país",✓✓ Tito → assinou → um acordo com a União Soviética,"✗ a Agência Telegráfica de a União Soviética → informou → que Tito assinou um acordo com a União Soviética
✗ a Agência Telegráfica de a União Soviética → é conhecida como → TASS
✓✓ Tito → assinou → um acordo com a União Soviética
✗ um acordo com a União Soviética → permitia → a entrada temporária de tropas soviéticas em o território iugoslavo","✗ a Agência Telegráfica da União Soviética (TASS) → informou que → Tito assinou um acordo com a União Soviética
✓✓ Tito → assinou → um acordo com a União Soviética
✗ um acordo com a União Soviética → permitia → a entrada temporária de tropas soviéticas em o território iugoslavo
✗ a entrada temporária de tropas soviéticas → permitia → o Exército Vermelho auxiliar em as operações em as áreas nordeste de o país"
"Em 1949, a crise quase se transformou em um conflito armado, enquanto as forças húngaras e soviéticas se aglomeravam em a fronteira jugoslava de o norte.","a crise → quase se transformou em → um conflito armado
as forças húngaras e soviéticas → se aglomeravam em → a fronteira jugoslava","✓✓ a crise → quase se transformou em → um conflito armado
✗ a crise → quase se transformou em um conflito armado em → 1949
✓ as forças húngaras → se aglomeravam em → a fronteira jugoslava do norte
✗ as forças soviéticas → se aglomeravam em → a fronteira jugoslava do norte",(nenhuma extração),"✓✓ a crise → quase se transformou em → um conflito armado
✗ as forças húngaras → se aglomeravam em → a fronteira jugoslava de o norte
✗ as forças soviéticas → se aglomeravam em → a fronteira jugoslava de o norte","✓✓ a crise → quase se transformou em → um conflito armado
✓ as forças húngaras e soviéticas → se aglomeravam em → a fronteira jugoslava do norte"
"Após a morte de Stalin, Tito rejeitou o convite de a URSS para uma visita para discutir a normalização de as relações entre duas nações.",Tito → rejeitou → o convite de a URSS para uma visita,"✓ Tito → rejeitou → o convite da URSS para uma visita
✗ Tito → rejeitou o convite da URSS após → a morte de Stalin
✗ o convite da URSS → tinha o propósito de discutir → a normalização das relações entre duas nações",✓ Tito → rejeitou → o convite de a URSS,✓✓ Tito → rejeitou → o convite de a URSS para uma visita,"✓ Tito → rejeitou → o convite de a URSS
✗ o convite de a URSS → era para → uma visita para discutir a normalização de as relações entre duas nações
✗ a visita → era para discutir → a normalização de as relações entre duas nações"
Tito visitou a Índia de 22 de dezembro de 1954 a 8 de janeiro de 1955.,"Tito → visitou → a Índia
⚠ Tito → visitou → a Índia de 22 de dezembro de 1954 a 8 de janeiro de 1955
Tito → visitou a Índia de → dezembro de 1954 a 8 de janeiro de 1955","✓✓ Tito → visitou → a Índia
✓ Tito → visitou a Índia de → 22 de dezembro de 1954 a 8 de janeiro de 1955",✓✓ Tito → visitou → a Índia,✓✓ Tito → visitou → a Índia,"✓✓ Tito → visitou → a Índia
✗ Tito → visitou de → 22 de dezembro de 1954 a 8 de janeiro de 1955"
"O maior monumento de Tito de o mundo, com cerca de 10 m de altura, está localizado em a Praça Tito (Eslovênia Titov trg), a praça central de Velenje, em a Eslovênia.","⚠ O maior monumento de Tito de o mundo → está → localizado em a Praça Tito
O maior monumento de Tito de o mundo → está localizado em → a Praça Tito","✗ O maior monumento de Tito do mundo → tem cerca de → 10 m de altura
✓ O maior monumento de Tito do mundo → está localizado em → a Praça Tito
✗ a Praça Tito → é → a praça central de Velenje
✗ Velenje → está em → a Eslovênia",✓✓ O maior monumento de Tito de o mundo → está localizado em → a Praça Tito,"✓✓ O maior monumento de Tito de o mundo → está localizado em → a Praça Tito
✗ O maior monumento de Tito de o mundo → tem → cerca de 10 m de altura
✗ a Praça Tito → é → a praça central de Velenje","✗ O maior monumento de Tito do mundo → está localizado em → a Praça Tito (Eslovênia Titov trg)
✗ a Praça Tito (Eslovênia Titov trg) → é → a praça central de Velenje
✗ a Praça Tito (Eslovênia Titov trg) → está em → a Eslovênia
✗ O maior monumento de Tito do mundo → tem → cerca de 10 m de altura"
"Em 1936, quando Tito ficou em o Hotel Lux, em Moscou, conheceu a camarada austríaca Lucia Bauer.",Tito → ficou em → o Hotel Lux,"✓✓ Tito → ficou em → o Hotel Lux
✗ o Hotel Lux → está em → Moscou
✗ Tito → ficou no Hotel Lux em → 1936
✗ Tito → conheceu → a camarada austríaca Lucia Bauer",✗ Tito → conheceu → a camarada austríaca Lucia Bauer,"✓✓ Tito → ficou em → o Hotel Lux
✗ Tito → conheceu → a camarada austríaca Lucia Bauer
✗ a camarada austríaca → é → Lucia Bauer","✓✓ Tito → ficou em → o Hotel Lux
✗ Tito → ficou em → Moscou
✗ Tito → conheceu → a camarada austríaca Lucia Bauer"
"Tito tinha apenas 59 anos, quando ela tinha 27 anos, quando finalmente se casaram em abril de 1952, com o chefe de segurança de o estado Aleksandar Ranković como padrinho.",Tito → tinha → apenas 59 anos,"✗ Tito → tinha → 59 anos quando se casaram
✗ ela → tinha → 27 anos quando se casaram
✗ Tito e ela → finalmente se casaram em → abril de 1952
✗ Aleksandar Ranković → era → o chefe de segurança do estado
✗ Aleksandar Ranković → foi → padrinho do casamento de Tito",✗ Tito → se casou com → Lucia Bauer,"✓✓ Tito → tinha → apenas 59 anos
✗ ela → tinha → 27 anos
✗ Tito e ela → se casaram em → abril de 1952
✗ o chefe de segurança de o estado → é → Aleksandar Ranković","✓✓ Tito → tinha → apenas 59 anos
✗ a camarada austríaca Lucia Bauer → tinha → 27 anos
✗ Tito e a camarada austríaca Lucia Bauer → se casaram em → abril de 1952
✗ Tito e a camarada austríaca Lucia Bauer → se casaram com → o chefe de segurança de o estado Aleksandar Ranković como padrinho"
Josip Broz Tito recebeu um total de 119 prêmios e condecorações de 60 países a o redor de o mundo (59 países e Iugoslávia).,Josip Broz Tito → recebeu → um total de 119 prêmios e condecorações,"✗ Josip Broz Tito → recebeu um total de → 119 prêmios e condecorações
✗ Josip Broz Tito → recebeu 119 prêmios e condecorações de → 60 países ao redor do mundo",✓✓ Josip Broz Tito → recebeu → um total de 119 prêmios e condecorações,✓ Josip Broz Tito → recebeu → um total de 119 prêmios e condecorações de 60 países a o redor de o mundo,"✓✓ Josip Broz Tito → recebeu → um total de 119 prêmios e condecorações
✗ Josip Broz Tito → recebeu de → 60 países ao redor de o mundo"
"Seu pai, Franjo Broz (26 de novembro de 1860 - 16 de dezembro de 1936), era croata, enquanto sua mãe Marija (25 de março de 1864 - 14 de janeiro de 1918) era esloveno.",Franjo Broz → era → croata,"✗ Franjo Broz → era → o pai de Tito
✗ Franjo Broz → viveu de → 26 de novembro de 1860 a 16 de dezembro de 1936
✓✓ Franjo Broz → era → croata
✗ Marija → era → a mãe de Tito
✗ Marija → viveu de → 25 de março de 1864 a 14 de janeiro de 1918
✗ Marija → era → eslovena",✓✓ Franjo Broz → era → croata,"✗ O pai de Josip Broz Tito → é → Franjo Broz
✓✓ Franjo Broz → era → croata
✗ A mãe de Josip Broz Tito → é → Marija
✗ Marija → era → esloveno","✓✓ Franjo Broz → era → croata
✗ Marija → era → esloveno"
"Na Segunda Guerra Mundial, os Estados Unidos, durante a campanha de Gilbert e Marshall, invadiram e ocuparam as ilhas em 1944, destruindo ou isolando as guarnições japonesas.","⚠ os Estados Unidos → invadiram → as ilhas em 1944
⚠ os Estados Unidos → ocuparam → as ilhas em 1944","✗ os Estados Unidos → invadiram → as ilhas
✗ os Estados Unidos → ocuparam → as ilhas
✗ os Estados Unidos → invadiram e ocuparam as ilhas em → 1944
✗ os Estados Unidos → invadiram e ocuparam as ilhas durante → a campanha de Gilbert e Marshall
✗ os Estados Unidos → destruíram ou isolaram → as guarnições japonesas",✗ os Estados Unidos → invadiram e ocuparam → as ilhas em 1944,"✗ os Estados Unidos → invadiram → as ilhas
✗ os Estados Unidos → ocuparam → as ilhas
✗ os Estados Unidos → destruíram → as guarnições japonesas
✗ os Estados Unidos → isolaram → as guarnições japonesas","✗ Os Estados Unidos → invadiram → as ilhas
✗ Os Estados Unidos → ocuparam → as ilhas
✗ Os Estados Unidos → destruíram ou isolaram → as guarnições japonesas
✗ Os Estados Unidos → invadiram e ocuparam em → 1944"
"Mais de dois terços de a população vive em a capital, Majuro e Ebeye, o centro urbano secundário, localizado em o Atol de Kwajalein.",Mais de dois terços de a população → vive em → a capital,"✗ Mais de dois terços da população → vive em → a capital, Majuro
✗ Mais de dois terços da população → vive em → Ebeye
✗ Ebeye → é → o centro urbano secundário
✗ Ebeye → está localizado em → o Atol de Kwajalein","✗ Mais de dois terços de a população → vive em → a capital, Majuro e Ebeye","✓✓ Mais de dois terços de a população → vive em → a capital
✗ a capital → é → Majuro
✗ Mais de dois terços de a população → vive em → Ebeye
✗ Ebeye → é → o centro urbano secundário
✗ Ebeye → está localizado em → o Atol de Kwajalein","✗ Mais de dois terços da população → vive em → Majuro
✗ Mais de dois terços da população → vive em → Ebeye
✗ Ebeye → é → o centro urbano secundário
✗ Ebeye → está localizado em → o Atol de Kwajalein"
"Fortalezas chamadas grόd foram construídas onde o culto religioso era poderoso, onde as provações eram conduzidas e onde os clãs se reuniam diante de o perigo.",⚠ o culto religioso → era → poderoso,"✗ Fortalezas → eram chamadas → grόd
✗ Fortalezas chamadas grόd → foram construídas onde → o culto religioso era poderoso
✗ Fortalezas chamadas grόd → foram construídas onde → as provações eram conduzidas
✗ Fortalezas chamadas grόd → foram construídas onde → os clãs se reuniam diante do perigo",✗ Fortalezas chamadas grόd → foram construídas → ,"✗ Fortalezas → são chamadas de → grόd
✗ Fortalezas → foram construídas onde → o culto religioso era poderoso","✗ Fortalezas → são chamadas de → gród
✗ Fortalezas chamadas gród → foram construídas → "
"Os direitos de os nobres ortodoxos eram nominalmente iguais a os de Nobreza polaca e lituana, mas havia uma pressão cultural para se converter a o catolicismo, que foi grandemente facilitada em 1596 por a União de Brest.","⚠ Os direitos de os nobres ortodoxos → eram → nominalmente iguais a os de Nobreza polaca e lituana
Os direitos de os nobres ortodoxos → eram nominalmente iguais a → os de Nobreza polaca e lituana","✓ Os direitos dos nobres ortodoxos → eram nominalmente iguais a → os direitos da Nobreza polaca e lituana
✗ a pressão cultural para se converter ao catolicismo → foi grandemente facilitada em → 1596
✗ a pressão cultural para se converter ao catolicismo → foi grandemente facilitada por → a União de Brest",✓✓ Os direitos de os nobres ortodoxos → eram nominalmente iguais a → os de Nobreza polaca e lituana,"✓ Os direitos de os nobres ortodoxos → eram nominalmente iguais a → os direitos de Nobreza polaca e lituana
✗ a pressão cultural para se converter a o catolicismo → foi grandemente facilitada em 1596 por → a União de Brest","✓✓ Os direitos de os nobres ortodoxos → eram nominalmente iguais a → os de Nobreza polaca e lituana
✗ havia →  → uma pressão cultural para se converter ao catolicismo
✗ a pressão cultural para se converter ao catolicismo → foi grandemente facilitada por → a União de Brest
✗ a União de Brest → foi em → 1596"
"No livro 8, Enéias se alia a o rei Evander, que ocupa o futuro local de Roma, e recebe novas armaduras e um escudo representando a história romana.",Enéias → se alia a → o rei Evander,"✓✓ Enéias → se alia a → o rei Evander
✗ Enéias → se alia ao rei Evander em → o livro 8
✗ o rei Evander → ocupa → o futuro local de Roma
✗ Enéias → recebe → novas armaduras
✗ Enéias → recebe → um escudo representando a história romana",✓✓ Enéias → se alia a → o rei Evander,"✓✓ Enéias → se alia a → o rei Evander
✗ o rei Evander → ocupa → o futuro local de Roma
✗ Enéias → recebe → novas armaduras
✗ Enéias → recebe → um escudo representando a história romana","✓✓ Enéias → se alia a → o rei Evander
✗ o rei Evander → ocupa → o futuro local de Roma
✗ Enéias → recebe → novas armaduras
✗ Enéias → recebe → um escudo representando a história romana
✗ um escudo → representa → a história romana"
"A estrutura de o nappe de fundo é de origem européia continental, sobre a qual são empilhados nappes de sedimentos marinhos, rematados por nappes derivados de a chapa africana",A estrutura de o nappe de fundo → é de → origem européia continental,"✓ A estrutura do nappe de fundo → é de → origem européia continental
✗ nappes de sedimentos marinhos → são empilhados sobre → a estrutura do nappe de fundo
✗ nappes de sedimentos marinhos → são rematados por → nappes derivados da chapa africana",✓✓ A estrutura de o nappe de fundo → é de → origem européia continental,"✓✓ A estrutura de o nappe de fundo → é de → origem européia continental
✗ nappes de sedimentos marinhos → são empilhados sobre → a estrutura de o nappe de fundo
✗ nappes de sedimentos marinhos → são rematados por → nappes derivados de a chapa africana","✓ A estrutura de o nappe de fundo → é de origem → européia continental
✗ nappes de sedimentos marinhos → são empilhados sobre → a estrutura de o nappe de fundo
✗ nappes de sedimentos marinhos → são rematados por → nappes derivados de a chapa africana"
"Agassiz estudou o movimento de as geleiras em a década de 1840 em a Geleira Unteraar, onde descobriu que a geleira se movia 100 m (328 pés) por ano, mais rapidamente em o meio de o que em as bordas.","Agassiz → estudou → o movimento de as geleiras
⚠ Agassiz → estudou → o movimento de as geleiras em a década de 1840
⚠ Agassiz → estudou → o movimento de as geleiras em a década de 1840 em a Geleira Unteraar","✓ Agassiz → estudou → o movimento das geleiras
✗ Agassiz → estudou o movimento das geleiras em → a década de 1840
✗ Agassiz → estudou o movimento das geleiras em → a Geleira Unteraar
✗ Agassiz → descobriu que → a geleira se movia 100 m (328 pés) por ano, mais rapidamente no meio do que nas bordas",✓✓ Agassiz → estudou → o movimento de as geleiras,"✓✓ Agassiz → estudou → o movimento de as geleiras
✗ Agassiz → estudou em → a Geleira Unteraar
✗ Agassiz → descobriu → que a geleira se movia 100 m por ano","✓✓ Agassiz → estudou → o movimento de as geleiras
✗ Agassiz → estudou em → a década de 1840
✗ Agassiz → estudou em → a Geleira Unteraar
✗ Agassiz → descobriu que → a geleira se movia 100 m (328 pés) por ano
✗ a geleira → se movia mais rapidamente em → o meio
✗ a geleira → se movia mais rapidamente do que em → as bordas"
"Em altitudes entre 1.000 e 3.000 m (3.281 e 9.843 pés), a queda de neve começa em novembro e se acumula até abril ou maio, quando o derretimento começa.",a queda de neve → começa em → novembro,"✗ a queda de neve → começa em, em altitudes entre 1.000 e 3.000 m, → novembro
✗ a queda de neve → se acumula até → abril ou maio
✗ o derretimento → começa em → abril ou maio",✓✓ a queda de neve → começa em → novembro,✓✓ a queda de neve → começa em → novembro,"✓✓ a queda de neve → começa em → novembro
✗ a queda de neve → se acumula até → abril ou maio
✗ o derretimento → começa em → abril ou maio
✗ a queda de neve → ocorre em altitudes entre → 1.000 e 3.000 m (3.281 e 9.843 pés)"
"A zona montanhosa se estende de 800 a 1.700 m (2.625 a 5.577 pés), seguida por a zona sub-alpina de 1.600 a 2.400 m (5.249 a 7.874 pés).",A zona montanhosa → se estende de → 800 a 1.700 m,"✓ A zona montanhosa → se estende de → 800 a 1.700 m (2.625 a 5.577 pés)
✗ A zona montanhosa → é seguida por → a zona sub-alpina de 1.600 a 2.400 m (5.249 a 7.874 pés)",✓✓ A zona montanhosa → se estende de → 800 a 1.700 m,✓✓ A zona montanhosa → se estende de → 800 a 1.700 m,"✓ A zona montanhosa → se estende de → 800 a 1.700 m (2.625 a 5.577 pés)
✗ A zona sub-alpina → é seguida por → a zona montanhosa
✗ A zona sub-alpina → se estende de → 1.600 a 2.400 m (5.249 a 7.874 pés)"
"As plantas alpinas são agrupadas por habitat e tipo de solo, que pode ser calcário ou não calcário.","⚠ As plantas alpinas → são → agrupadas por habitat e tipo de solo
As plantas alpinas → são agrupadas por → habitat e tipo de solo","✗ As plantas alpinas → são agrupadas por → habitat
✓ As plantas alpinas → são agrupadas por → tipo de solo",✓✓ As plantas alpinas → são agrupadas por → habitat e tipo de solo,"✗ As plantas alpinas → são agrupadas por → habitat
✓ As plantas alpinas → são agrupadas por → tipo de solo
✗ tipo de solo → pode ser → calcário ou não calcário","✗ As plantas alpinas → são agrupadas por → habitat
✓ As plantas alpinas → são agrupadas por → tipo de solo
✗ o tipo de solo → pode ser → calcário
✗ o tipo de solo → pode ser → não calcário"
"Durante essas visitas, Shelley escreveu o poema Mont Blanc, Byron escreveu O Prisioneiro de Chillon e o dramático poema Manfred, e Mary Shelley, que achou a paisagem avassaladora, concebeu a idéia de o romance Frankenstein em sua vila às margens de o rio.","Shelley → escreveu → o poema Mont Blanc
⚠ Byron → escreveu → O Prisioneiro de Chillon e o dramático poema Manfred
⚠ Mary Shelley → concebeu → a idéia de o romance Frankenstein em sua vila às margens de o rio","✓✓ Shelley → escreveu → o poema Mont Blanc
✗ Byron → escreveu → O Prisioneiro de Chillon
✗ Byron → escreveu → o dramático poema Manfred
✗ Mary Shelley → achou → a paisagem avassaladora
✗ Mary Shelley → concebeu → a idéia do romance Frankenstein
✗ Mary Shelley → concebeu a idéia do romance Frankenstein em → sua vila às margens do rio",✓✓ Shelley → escreveu → o poema Mont Blanc,"✓✓ Shelley → escreveu → o poema Mont Blanc
✗ Byron → escreveu → O Prisioneiro de Chillon
✗ Byron → escreveu → o dramático poema Manfred
✗ Mary Shelley → achou → a paisagem avassaladora
✗ Mary Shelley → concebeu → a idéia de o romance Frankenstein
✗ Mary Shelley → concebeu em → sua vila às margens de o rio","✓✓ Shelley → escreveu → o poema Mont Blanc
✗ Byron → escreveu → O Prisioneiro de Chillon
✗ Byron → escreveu → o dramático poema Manfred
✗ Mary Shelley → achou → a paisagem avassaladora
✗ Mary Shelley → concebeu → a idéia de o romance Frankenstein
✗ Mary Shelley → concebeu em → sua vila às margens de o rio"
"A cozinha é separada de a área de estar (chamada stube, a área de a casa aquecida por um fogão) e os quartos de o segundo andar se beneficiam de o aumento de o calor.","⚠ A cozinha → é → separada de a área de estar
A cozinha → é separada de → a área de estar","✓✓ A cozinha → é separada de → a área de estar
✗ a área de estar → é chamada → stube
✗ stube → é → a área da casa aquecida por um fogão
✗ os quartos do segundo andar → se beneficiam de → o aumento do calor",✓✓ A cozinha → é separada de → a área de estar,"✓✓ A cozinha → é separada de → a área de estar
✗ a área de estar → é chamada → stube
✗ a área de estar → é → a área de a casa aquecida por um fogão
✗ os quartos de o segundo andar → se beneficiam de → o aumento de o calor","✓✓ A cozinha → é separada de → a área de estar
✗ a área de estar → é chamada → stube
✗ a área de estar → é → a área de a casa aquecida por um fogão
✗ os quartos de o segundo andar → se beneficiam de → o aumento de o calor"
Os cristais alpinos foram estudados e coletados por centenas de anos e começaram a ser classificados em o século 18.,"⚠ Os cristais alpinos → foram → estudados e coletados por centenas de anos
Os cristais alpinos → foram estudados e coletados por → centenas de anos","✓ Os cristais alpinos → foram estudados por → centenas de anos
✗ Os cristais alpinos → foram coletados por → centenas de anos
✗ Os cristais alpinos → começaram a ser classificados em → o século 18",✗ Os cristais alpinos → foram estudados → ,✗ Os cristais alpinos → começaram a ser classificados em → o século 18,"✓ Os cristais alpinos → foram estudados por → centenas de anos
✗ Os cristais alpinos → foram coletados por → centenas de anos
✗ Os cristais alpinos → começaram a ser classificados em → o século 18"
A área alpina flutua bastante por causa de as flutuações regionais em as linhas de as árvores.,A área alpina → flutua bastante por → causa de as flutuações regionais,✗ A área alpina → flutua bastante por causa de → as flutuações regionais nas linhas das árvores,✗ A área alpina → flutua bastante → ,✓ A área alpina → flutua bastante por causa de → as flutuações regionais em as linhas de as árvores,✓ A área alpina → flutua bastante por causa de → as flutuações regionais em as linhas de as árvores
O chalé suíço típico se originou em o Oberland Bernês.,O chalé suíço típico → se originou em → o Oberland Bernês,✓✓ O chalé suíço típico → se originou em → o Oberland Bernês,✓✓ O chalé suíço típico → se originou em → o Oberland Bernês,✓✓ O chalé suíço típico → se originou em → o Oberland Bernês,✓✓ O chalé suíço típico → se originou em → o Oberland Bernês
"A expressão de os genes codificados em o DNA começa por a transcrição de o gene para o RNA, um segundo tipo de ácido nucleico muito semelhante a o DNA, mas cujos monômeros contêm a ribose de o açúcar em vez de a desoxirribose.",A expressão de os genes codificados em o DNA → começa por → a transcrição de o gene para o RNA,"✓ A expressão dos genes codificados no DNA → começa por → a transcrição do gene para o RNA
✗ o RNA → é → um segundo tipo de ácido nucleico muito semelhante ao DNA
✗ os monômeros do RNA → contêm → a ribose do açúcar",✓✓ A expressão de os genes codificados em o DNA → começa por → a transcrição de o gene para o RNA,"✓✓ A expressão de os genes codificados em o DNA → começa por → a transcrição de o gene para o RNA
✗ o RNA → é → um segundo tipo de ácido nucleico muito semelhante a o DNA","✓✓ A expressão de os genes codificados em o DNA → começa por → a transcrição de o gene para o RNA
✗ o RNA → é → um segundo tipo de ácido nucleico muito semelhante a o DNA
✗ os monômeros de o RNA → contêm → a ribose de o açúcar
✗ os monômeros de o RNA → contêm em vez de → a desoxirribose"
Um cromossomo consiste em uma única hélice de DNA muito longa em a qual milhares de genes são codificados.,Um cromossomo → consiste em → uma única hélice de DNA,"✓ Um cromossomo → consiste em → uma única hélice de DNA muito longa
✗ milhares de genes → são codificados em → a única hélice de DNA muito longa",✓ Um cromossomo → consiste em → uma única hélice de DNA muito longa,"✓ Um cromossomo → consiste em → uma única hélice de DNA muito longa
✗ milhares de genes → são codificados em → uma única hélice de DNA muito longa","✓ Um cromossomo → consiste em → uma única hélice de DNA muito longa
✗ milhares de genes → são codificados em → uma única hélice de DNA muito longa"
"João Bernardo Nino Vieira foi eleito em 2005 como Presidente de a Guiné-Bissau como independente, sendo declarado vencedor de o segundo turno por o CNE (Comitê Nacional de Eleições).","⚠ João Bernardo Nino Vieira → foi → eleito em 2005
João Bernardo Nino Vieira → foi eleito em → 2005","✗ João Bernardo Nino Vieira → foi eleito como → Presidente da Guiné-Bissau
✓✓ João Bernardo Nino Vieira → foi eleito em → 2005
✗ João Bernardo Nino Vieira → foi eleito como → independente
✗ João Bernardo Nino Vieira → foi declarado vencedor de → o segundo turno
✗ o CNE (Comitê Nacional de Eleições) → declarou vencedor do segundo turno → João Bernardo Nino Vieira",✓✓ João Bernardo Nino Vieira → foi eleito em → 2005,"✓✓ João Bernardo Nino Vieira → foi eleito em → 2005
✗ João Bernardo Nino Vieira → foi eleito como → Presidente de a Guiné-Bissau
✗ João Bernardo Nino Vieira → foi declarado → vencedor de o segundo turno por o CNE","✓✓ João Bernardo Nino Vieira → foi eleito em → 2005
✗ João Bernardo Nino Vieira → foi eleito como → Presidente de a Guiné-Bissau
✗ João Bernardo Nino Vieira → foi eleito como → independente
✗ João Bernardo Nino Vieira → foi declarado vencedor de → o segundo turno
✗ João Bernardo Nino Vieira → foi declarado vencedor por → o CNE (Comitê Nacional de Eleições)"
"De acordo com a revisão de 2010 de a Perspectiva Mundial de a População de a ONU, a população de a Guiné-Bissau era de 1.515.000 em 2010, em comparação com 518.000 em 1950.",a população de a Guiné-Bissau → era de → 1.515.000 em 2010,"✗ a Perspectiva Mundial da População da ONU → afirma, na revisão de 2010, que → a população da Guiné-Bissau era de 1.515.000 em 2010
✗ a população da Guiné-Bissau → era de → 518.000 em 1950",✓✓ a população de a Guiné-Bissau → era de → 1.515.000 em 2010,"✓✓ a população de a Guiné-Bissau → era de → 1.515.000 em 2010
✗ a população de a Guiné-Bissau → era de → 518.000 em 1950","✓✓ a população de a Guiné-Bissau → era de → 1.515.000 em 2010
✗ a população de a Guiné-Bissau → era de → 518.000 em 1950"