sentence,modelo_exemplo,arg1,rel,arg2,n_modelos_concordando
"Michael J. Shea, formado em 1904, escreveu a música, e seu irmão, John F. Shea, que se formou em 1906 e 1908, escreveu a letra original.",Claude_Sonnet5,John F. Shea,se formou em,1906,3
"Michael J. Shea, formado em 1904, escreveu a música, e seu irmão, John F. Shea, que se formou em 1906 e 1908, escreveu a letra original.",Claude_Sonnet5,John F. Shea,se formou em,1908,3
"Michael J. Shea, formado em 1904, escreveu a música, e seu irmão, John F. Shea, que se formou em 1906 e 1908, escreveu a letra original.",Claude_Sonnet5,John F. Shea,escreveu,a letra original,3
"Michael J. Shea, formado em 1904, escreveu a música, e seu irmão, John F. Shea, que se formou em 1906 e 1908, escreveu a letra original.",Grok4.0Fast,John F. Shea,se formou em,1906,3
"Michael J. Shea, formado em 1904, escreveu a música, e seu irmão, John F. Shea, que se formou em 1906 e 1908, escreveu a letra original.",Grok4.0Fast,John F. Shea,se formou em,1908,3
"Michael J. Shea, formado em 1904, escreveu a música, e seu irmão, John F. Shea, que se formou em 1906 e 1908, escreveu a letra original.",Grok4.0Fast,John F. Shea,escreveu,a letra original,3
"Michael J. Shea, formado em 1904, escreveu a música, e seu irmão, John F. Shea, que se formou em 1906 e 1908, escreveu a letra original.",respostas_gpt5.5_mini,John F. Shea,se formou em,1906,3
"Michael J. Shea, formado em 1904, escreveu a música, e seu irmão, John F. Shea, que se formou em 1906 e 1908, escreveu a letra original.",respostas_gpt5.5_mini,John F. Shea,se formou em,1908,3
"Michael J. Shea, formado em 1904, escreveu a música, e seu irmão, John F. Shea, que se formou em 1906 e 1908, escreveu a letra original.",respostas_gpt5.5_mini,John F. Shea,escreveu,a letra original,3
"A Universidade de Notre Dame du Lac (ou simplesmente Notre Dame / ˌnoʊtərˈdeɪm / NOH-tər-DAYM) é uma Universidade Católica de Pesquisa localizada a o lado de South Bend, Indiana, em os Estados Unidos.",Claude_Sonnet5,A Universidade de Notre Dame du Lac,é,"uma Universidade Católica de Pesquisa localizada a o lado de South Bend, Indiana, em os Estados Unidos",3
"A Universidade de Notre Dame du Lac (ou simplesmente Notre Dame / ˌnoʊtərˈdeɪm / NOH-tər-DAYM) é uma Universidade Católica de Pesquisa localizada a o lado de South Bend, Indiana, em os Estados Unidos.",Grok4.0Fast,A Universidade de Notre Dame du Lac,é,"localizada a o lado de South Bend, Indiana, em os Estados Unidos",3
"A Universidade de Notre Dame du Lac (ou simplesmente Notre Dame / ˌnoʊtərˈdeɪm / NOH-tər-DAYM) é uma Universidade Católica de Pesquisa localizada a o lado de South Bend, Indiana, em os Estados Unidos.",respostas_gpt5.5_mini,A Universidade de Notre Dame du Lac,é,"uma Universidade Católica de Pesquisa localizada a o lado de South Bend, Indiana, em os Estados Unidos",3
"Em fevereiro de 2013, Beyoncé disse que Madonna a inspirou a assumir o controle de sua própria carreira.",Claude_Sonnet5,Beyoncé,disse,que Madonna a inspirou a assumir o controle de sua própria carreira,3
"Em fevereiro de 2013, Beyoncé disse que Madonna a inspirou a assumir o controle de sua própria carreira.",Claude_Sonnet5,Madonna,inspirou,a assumir o controle de sua própria carreira,3
"Em fevereiro de 2013, Beyoncé disse que Madonna a inspirou a assumir o controle de sua própria carreira.",Grok4.0Fast,Beyoncé,disse,que Madonna a inspirou a assumir o controle de sua própria carreira,3
"Em fevereiro de 2013, Beyoncé disse que Madonna a inspirou a assumir o controle de sua própria carreira.",Grok4.0Fast,Madonna,inspirou,a assumir o controle de sua própria carreira,3
"Em fevereiro de 2013, Beyoncé disse que Madonna a inspirou a assumir o controle de sua própria carreira.",respostas_gpt5.5_mini,Beyoncé,disse,que Madonna a inspirou a assumir o controle de sua própria carreira,3
"Em fevereiro de 2013, Beyoncé disse que Madonna a inspirou a assumir o controle de sua própria carreira.",respostas_gpt5.5_mini,Madonna,inspirou,a assumir o controle de sua própria carreira,3
"Em 2013, Beyoncé fez a Lista Time 100, Baz Luhrmann escrevendo ninguém tem essa voz, ninguém se move de o jeito que ela se move, ninguém pode manter uma audiência de o jeito que ela faz... Quando Beyoncé faz um álbum, quando Beyoncé canta uma música, quando Beyoncé faz qualquer coisa, é um evento e é amplamente influente.",Claude_Sonnet5,ninguém,tem,essa voz,3
"Em 2013, Beyoncé fez a Lista Time 100, Baz Luhrmann escrevendo ninguém tem essa voz, ninguém se move de o jeito que ela se move, ninguém pode manter uma audiência de o jeito que ela faz... Quando Beyoncé faz um álbum, quando Beyoncé canta uma música, quando Beyoncé faz qualquer coisa, é um evento e é amplamente influente.",Claude_Sonnet5,Beyoncé,faz,um álbum,4
"Em 2013, Beyoncé fez a Lista Time 100, Baz Luhrmann escrevendo ninguém tem essa voz, ninguém se move de o jeito que ela se move, ninguém pode manter uma audiência de o jeito que ela faz... Quando Beyoncé faz um álbum, quando Beyoncé canta uma música, quando Beyoncé faz qualquer coisa, é um evento e é amplamente influente.",Claude_Sonnet5,Beyoncé,faz,qualquer coisa,4
"Em 2013, Beyoncé fez a Lista Time 100, Baz Luhrmann escrevendo ninguém tem essa voz, ninguém se move de o jeito que ela se move, ninguém pode manter uma audiência de o jeito que ela faz... Quando Beyoncé faz um álbum, quando Beyoncé canta uma música, quando Beyoncé faz qualquer coisa, é um evento e é amplamente influente.",Grok4.0Fast,Beyoncé,faz,um álbum,4
"Em 2013, Beyoncé fez a Lista Time 100, Baz Luhrmann escrevendo ninguém tem essa voz, ninguém se move de o jeito que ela se move, ninguém pode manter uma audiência de o jeito que ela faz... Quando Beyoncé faz um álbum, quando Beyoncé canta uma música, quando Beyoncé faz qualquer coisa, é um evento e é amplamente influente.",Grok4.0Fast,Beyoncé,faz,qualquer coisa,4
"Em 2013, Beyoncé fez a Lista Time 100, Baz Luhrmann escrevendo ninguém tem essa voz, ninguém se move de o jeito que ela se move, ninguém pode manter uma audiência de o jeito que ela faz... Quando Beyoncé faz um álbum, quando Beyoncé canta uma música, quando Beyoncé faz qualquer coisa, é um evento e é amplamente influente.",respostaDPTOIE-PY,ninguém,tem,essa voz,3
"Em 2013, Beyoncé fez a Lista Time 100, Baz Luhrmann escrevendo ninguém tem essa voz, ninguém se move de o jeito que ela se move, ninguém pode manter uma audiência de o jeito que ela faz... Quando Beyoncé faz um álbum, quando Beyoncé canta uma música, quando Beyoncé faz qualquer coisa, é um evento e é amplamente influente.",respostaDPTOIE-PY,Beyoncé,faz,um álbum,4
"Em 2013, Beyoncé fez a Lista Time 100, Baz Luhrmann escrevendo ninguém tem essa voz, ninguém se move de o jeito que ela se move, ninguém pode manter uma audiência de o jeito que ela faz... Quando Beyoncé faz um álbum, quando Beyoncé canta uma música, quando Beyoncé faz qualquer coisa, é um evento e é amplamente influente.",respostaDPTOIE-PY,Beyoncé,faz,quando qualquer coisa,4
"Em 2013, Beyoncé fez a Lista Time 100, Baz Luhrmann escrevendo ninguém tem essa voz, ninguém se move de o jeito que ela se move, ninguém pode manter uma audiência de o jeito que ela faz... Quando Beyoncé faz um álbum, quando Beyoncé canta uma música, quando Beyoncé faz qualquer coisa, é um evento e é amplamente influente.",respostas_gpt5.5_mini,ninguém,tem,essa voz,3
"Em 2013, Beyoncé fez a Lista Time 100, Baz Luhrmann escrevendo ninguém tem essa voz, ninguém se move de o jeito que ela se move, ninguém pode manter uma audiência de o jeito que ela faz... Quando Beyoncé faz um álbum, quando Beyoncé canta uma música, quando Beyoncé faz qualquer coisa, é um evento e é amplamente influente.",respostas_gpt5.5_mini,Beyoncé,faz,um álbum,4
"Em 2013, Beyoncé fez a Lista Time 100, Baz Luhrmann escrevendo ninguém tem essa voz, ninguém se move de o jeito que ela se move, ninguém pode manter uma audiência de o jeito que ela faz... Quando Beyoncé faz um álbum, quando Beyoncé canta uma música, quando Beyoncé faz qualquer coisa, é um evento e é amplamente influente.",respostas_gpt5.5_mini,Beyoncé,faz,qualquer coisa,4
"Em 2013, foi anunciado que Beyoncé trabalharia com Salma Hayek e Frida Giannini em uma campanha de a Gucci Chime for Change, que visa espalhar o empoderamento feminino.",Claude_Sonnet5,Beyoncé,trabalharia com,Salma Hayek,3
"Em 2013, foi anunciado que Beyoncé trabalharia com Salma Hayek e Frida Giannini em uma campanha de a Gucci Chime for Change, que visa espalhar o empoderamento feminino.",Claude_Sonnet5,Beyoncé,trabalharia com,Frida Giannini,3
"Em 2013, foi anunciado que Beyoncé trabalharia com Salma Hayek e Frida Giannini em uma campanha de a Gucci Chime for Change, que visa espalhar o empoderamento feminino.",Claude_Sonnet5,uma campanha de a Gucci Chime for Change,visa,espalhar o empoderamento feminino,3
"Em 2013, foi anunciado que Beyoncé trabalharia com Salma Hayek e Frida Giannini em uma campanha de a Gucci Chime for Change, que visa espalhar o empoderamento feminino.",Grok4.0Fast,Beyoncé,trabalharia com,Salma Hayek,3
"Em 2013, foi anunciado que Beyoncé trabalharia com Salma Hayek e Frida Giannini em uma campanha de a Gucci Chime for Change, que visa espalhar o empoderamento feminino.",Grok4.0Fast,Beyoncé,trabalharia com,Frida Giannini,3
"Em 2013, foi anunciado que Beyoncé trabalharia com Salma Hayek e Frida Giannini em uma campanha de a Gucci Chime for Change, que visa espalhar o empoderamento feminino.",Grok4.0Fast,uma campanha de a Gucci Chime for Change,visa,espalhar o empoderamento feminino,3
"Em 2013, foi anunciado que Beyoncé trabalharia com Salma Hayek e Frida Giannini em uma campanha de a Gucci Chime for Change, que visa espalhar o empoderamento feminino.",respostas_gpt5.5_mini,Beyoncé,trabalharia com,Salma Hayek,3
"Em 2013, foi anunciado que Beyoncé trabalharia com Salma Hayek e Frida Giannini em uma campanha de a Gucci Chime for Change, que visa espalhar o empoderamento feminino.",respostas_gpt5.5_mini,Beyoncé,trabalharia com,Frida Giannini,3
"Em 2013, foi anunciado que Beyoncé trabalharia com Salma Hayek e Frida Giannini em uma campanha de a Gucci Chime for Change, que visa espalhar o empoderamento feminino.",respostas_gpt5.5_mini,a campanha de a Gucci Chime for Change,visa,espalhar o empoderamento feminino,3
"O Bureau de o Censo de os Estados Unidos estima que a população de Montana era 1.032.949 em 1º de julho de 2015, um aumento de 4,40 % desde o Censo de os Estados Unidos de 2010.",Claude_Sonnet5,a população de Montana,era,1.032.949 em 1º de julho de 2015,3
"O Bureau de o Censo de os Estados Unidos estima que a população de Montana era 1.032.949 em 1º de julho de 2015, um aumento de 4,40 % desde o Censo de os Estados Unidos de 2010.",Grok4.0Fast,a população de Montana,era,1.032.949 em 1º de julho de 2015,3
"O Bureau de o Censo de os Estados Unidos estima que a população de Montana era 1.032.949 em 1º de julho de 2015, um aumento de 4,40 % desde o Censo de os Estados Unidos de 2010.",respostas_gpt5.5_mini,a população de Montana,era,1.032.949 em 1º de julho de 2015,3
"O Aeroporto Internacional de Bozeman Yellowstone é o aeroporto mais movimentado de o estado de Montana, superando o Aeroporto Internacional Billings Logan em a primavera de 2013",Claude_Sonnet5,O Aeroporto Internacional de Bozeman Yellowstone,superando,o Aeroporto Internacional Billings Logan em a primavera de 2013,4
"O Aeroporto Internacional de Bozeman Yellowstone é o aeroporto mais movimentado de o estado de Montana, superando o Aeroporto Internacional Billings Logan em a primavera de 2013",Grok4.0Fast,O Aeroporto Internacional de Bozeman Yellowstone,superando,o Aeroporto Internacional Billings Logan em a primavera de 2013,4
"O Aeroporto Internacional de Bozeman Yellowstone é o aeroporto mais movimentado de o estado de Montana, superando o Aeroporto Internacional Billings Logan em a primavera de 2013",PTOIE-Flair,O Aeroporto Internacional de Bozeman Yellowstone,superando,o Aeroporto Internacional Billings Logan em a primavera de 2013,4
"O Aeroporto Internacional de Bozeman Yellowstone é o aeroporto mais movimentado de o estado de Montana, superando o Aeroporto Internacional Billings Logan em a primavera de 2013",respostas_gpt5.5_mini,O Aeroporto Internacional de Bozeman Yellowstone,superando,o Aeroporto Internacional Billings Logan em a primavera de 2013,4
"Na primavera de 1834, Chopin participou de o Festival de Música de o Baixo Reno em Aix-la-Chapelle com Hiller, e foi lá que Chopin conheceu Felix Mendelssohn.",Claude_Sonnet5,Chopin,conheceu,Felix Mendelssohn,4
"Na primavera de 1834, Chopin participou de o Festival de Música de o Baixo Reno em Aix-la-Chapelle com Hiller, e foi lá que Chopin conheceu Felix Mendelssohn.",Grok4.0Fast,Chopin,conheceu,Felix Mendelssohn,4
"Na primavera de 1834, Chopin participou de o Festival de Música de o Baixo Reno em Aix-la-Chapelle com Hiller, e foi lá que Chopin conheceu Felix Mendelssohn.",respostaDPTOIE-PY,Chopin,conheceu,Felix Mendelssohn,4
"Na primavera de 1834, Chopin participou de o Festival de Música de o Baixo Reno em Aix-la-Chapelle com Hiller, e foi lá que Chopin conheceu Felix Mendelssohn.",respostas_gpt5.5_mini,Chopin,conheceu,Felix Mendelssohn,4
"Mais tarde naquela manhã, o marido de Solange, Clésinger, fez a máscara mortuária de Chopin e um giro de a mão esquerda.",Claude_Sonnet5,Clésinger,é,o marido de Solange,3
"Mais tarde naquela manhã, o marido de Solange, Clésinger, fez a máscara mortuária de Chopin e um giro de a mão esquerda.",Claude_Sonnet5,Clésinger,fez,a máscara mortuária de Chopin,3
"Mais tarde naquela manhã, o marido de Solange, Clésinger, fez a máscara mortuária de Chopin e um giro de a mão esquerda.",Claude_Sonnet5,Clésinger,fez,um giro de a mão esquerda,3
"Mais tarde naquela manhã, o marido de Solange, Clésinger, fez a máscara mortuária de Chopin e um giro de a mão esquerda.",Grok4.0Fast,Clésinger,é,o marido de Solange,3
"Mais tarde naquela manhã, o marido de Solange, Clésinger, fez a máscara mortuária de Chopin e um giro de a mão esquerda.",Grok4.0Fast,Clésinger,fez,a máscara mortuária de Chopin,3
"Mais tarde naquela manhã, o marido de Solange, Clésinger, fez a máscara mortuária de Chopin e um giro de a mão esquerda.",Grok4.0Fast,Clésinger,fez,um giro de a mão esquerda,3
"Mais tarde naquela manhã, o marido de Solange, Clésinger, fez a máscara mortuária de Chopin e um giro de a mão esquerda.",respostas_gpt5.5_mini,Clésinger,é,o marido de Solange,3
"Mais tarde naquela manhã, o marido de Solange, Clésinger, fez a máscara mortuária de Chopin e um giro de a mão esquerda.",respostas_gpt5.5_mini,Clésinger,fez,a máscara mortuária de Chopin,3
"Mais tarde naquela manhã, o marido de Solange, Clésinger, fez a máscara mortuária de Chopin e um giro de a mão esquerda.",respostas_gpt5.5_mini,Clésinger,fez,um giro de a mão esquerda,3
"Em setembro de 1828, Chopin, ainda estudante, visitou Berlim com um amigo de a família, o zoólogo Feliks Jarocki, desfrutando de óperas dirigidas por Gaspare Spontini e assistindo a concertos de Carl Friedrich Zelter, Felix Mendelssohn e outras celebridades.",Claude_Sonnet5,um amigo de a família,é,o zoólogo Feliks Jarocki,3
"Em setembro de 1828, Chopin, ainda estudante, visitou Berlim com um amigo de a família, o zoólogo Feliks Jarocki, desfrutando de óperas dirigidas por Gaspare Spontini e assistindo a concertos de Carl Friedrich Zelter, Felix Mendelssohn e outras celebridades.",Claude_Sonnet5,Chopin,desfrutando de,óperas dirigidas por Gaspare Spontini,3
"Em setembro de 1828, Chopin, ainda estudante, visitou Berlim com um amigo de a família, o zoólogo Feliks Jarocki, desfrutando de óperas dirigidas por Gaspare Spontini e assistindo a concertos de Carl Friedrich Zelter, Felix Mendelssohn e outras celebridades.",Claude_Sonnet5,Chopin,assistindo a,concertos de Carl Friedrich Zelter,3
"Em setembro de 1828, Chopin, ainda estudante, visitou Berlim com um amigo de a família, o zoólogo Feliks Jarocki, desfrutando de óperas dirigidas por Gaspare Spontini e assistindo a concertos de Carl Friedrich Zelter, Felix Mendelssohn e outras celebridades.",Claude_Sonnet5,Chopin,assistindo a,concertos de Felix Mendelssohn,3
"Em setembro de 1828, Chopin, ainda estudante, visitou Berlim com um amigo de a família, o zoólogo Feliks Jarocki, desfrutando de óperas dirigidas por Gaspare Spontini e assistindo a concertos de Carl Friedrich Zelter, Felix Mendelssohn e outras celebridades.",Claude_Sonnet5,Chopin,assistindo a,concertos de outras celebridades,3
"Em setembro de 1828, Chopin, ainda estudante, visitou Berlim com um amigo de a família, o zoólogo Feliks Jarocki, desfrutando de óperas dirigidas por Gaspare Spontini e assistindo a concertos de Carl Friedrich Zelter, Felix Mendelssohn e outras celebridades.",Grok4.0Fast,um amigo de a família,é,o zoólogo Feliks Jarocki,3
"Em setembro de 1828, Chopin, ainda estudante, visitou Berlim com um amigo de a família, o zoólogo Feliks Jarocki, desfrutando de óperas dirigidas por Gaspare Spontini e assistindo a concertos de Carl Friedrich Zelter, Felix Mendelssohn e outras celebridades.",Grok4.0Fast,Chopin,desfrutando de,óperas dirigidas por Gaspare Spontini,3
"Em setembro de 1828, Chopin, ainda estudante, visitou Berlim com um amigo de a família, o zoólogo Feliks Jarocki, desfrutando de óperas dirigidas por Gaspare Spontini e assistindo a concertos de Carl Friedrich Zelter, Felix Mendelssohn e outras celebridades.",Grok4.0Fast,Chopin,assistindo a,concertos de Carl Friedrich Zelter,3
"Em setembro de 1828, Chopin, ainda estudante, visitou Berlim com um amigo de a família, o zoólogo Feliks Jarocki, desfrutando de óperas dirigidas por Gaspare Spontini e assistindo a concertos de Carl Friedrich Zelter, Felix Mendelssohn e outras celebridades.",Grok4.0Fast,Chopin,assistindo a,concertos de Felix Mendelssohn,3
"Em setembro de 1828, Chopin, ainda estudante, visitou Berlim com um amigo de a família, o zoólogo Feliks Jarocki, desfrutando de óperas dirigidas por Gaspare Spontini e assistindo a concertos de Carl Friedrich Zelter, Felix Mendelssohn e outras celebridades.",Grok4.0Fast,Chopin,assistindo a,concertos de outras celebridades,3
"Em setembro de 1828, Chopin, ainda estudante, visitou Berlim com um amigo de a família, o zoólogo Feliks Jarocki, desfrutando de óperas dirigidas por Gaspare Spontini e assistindo a concertos de Carl Friedrich Zelter, Felix Mendelssohn e outras celebridades.",respostas_gpt5.5_mini,Chopin,desfrutando de,óperas dirigidas por Gaspare Spontini,3
"Em setembro de 1828, Chopin, ainda estudante, visitou Berlim com um amigo de a família, o zoólogo Feliks Jarocki, desfrutando de óperas dirigidas por Gaspare Spontini e assistindo a concertos de Carl Friedrich Zelter, Felix Mendelssohn e outras celebridades.",respostas_gpt5.5_mini,Chopin,assistindo a,concertos de Carl Friedrich Zelter,3
"Em setembro de 1828, Chopin, ainda estudante, visitou Berlim com um amigo de a família, o zoólogo Feliks Jarocki, desfrutando de óperas dirigidas por Gaspare Spontini e assistindo a concertos de Carl Friedrich Zelter, Felix Mendelssohn e outras celebridades.",respostas_gpt5.5_mini,Chopin,assistindo a,concertos de Felix Mendelssohn,3
"Em setembro de 1828, Chopin, ainda estudante, visitou Berlim com um amigo de a família, o zoólogo Feliks Jarocki, desfrutando de óperas dirigidas por Gaspare Spontini e assistindo a concertos de Carl Friedrich Zelter, Felix Mendelssohn e outras celebridades.",respostas_gpt5.5_mini,Chopin,assistindo a,concertos de outras celebridades,3
"Em setembro de 1828, Chopin, ainda estudante, visitou Berlim com um amigo de a família, o zoólogo Feliks Jarocki, desfrutando de óperas dirigidas por Gaspare Spontini e assistindo a concertos de Carl Friedrich Zelter, Felix Mendelssohn e outras celebridades.",respostas_gpt5.5_mini,um amigo de a família,é,o zoólogo Feliks Jarocki,3
"A partir de 1236, o príncipe mongol Kublai, que mais tarde governou como Khagan de 1260 a 1294, recebeu um grande appanage em o norte de a China por seu superior, Ögedei Khan.",Claude_Sonnet5,o príncipe mongol Kublai,recebeu,um grande appanage em o norte de a China,4
"A partir de 1236, o príncipe mongol Kublai, que mais tarde governou como Khagan de 1260 a 1294, recebeu um grande appanage em o norte de a China por seu superior, Ögedei Khan.",Grok4.0Fast,o príncipe mongol Kublai,recebeu,um grande appanage em o norte de a China por seu superior,4
"A partir de 1236, o príncipe mongol Kublai, que mais tarde governou como Khagan de 1260 a 1294, recebeu um grande appanage em o norte de a China por seu superior, Ögedei Khan.",respostaDPTOIE-PY,o príncipe mongol Kublai,recebeu,"A partir de 1236 , um grande appanage em o norte de a China por seu superior , Ögedei Khan",4
"A partir de 1236, o príncipe mongol Kublai, que mais tarde governou como Khagan de 1260 a 1294, recebeu um grande appanage em o norte de a China por seu superior, Ögedei Khan.",respostas_gpt5.5_mini,o príncipe mongol Kublai,recebeu,"um grande appanage em o norte de a China por seu superior, Ögedei Khan",4
"Dreyfus escreve que depois que o Phagmodrupa perdeu seu poder centralizador sobre o Tibete em 1434, várias tentativas de outras famílias para estabelecer hegemonias falharam em os próximos dois séculos até 1642 com a efetiva hegemonia de o 5º Dalai Lama sobre o Tibete.",Claude_Sonnet5,Dreyfus,escreve,"que depois que o Phagmodrupa perdeu seu poder centralizador sobre o Tibete em 1434, várias tentativas de outras famílias para estabelecer hegemonias falharam em os próximos dois séculos até 1642 com a efetiva hegemonia de o 5º Dalai Lama sobre o Tibete",3
"Dreyfus escreve que depois que o Phagmodrupa perdeu seu poder centralizador sobre o Tibete em 1434, várias tentativas de outras famílias para estabelecer hegemonias falharam em os próximos dois séculos até 1642 com a efetiva hegemonia de o 5º Dalai Lama sobre o Tibete.",Grok4.0Fast,Dreyfus,escreve,"que depois que o Phagmodrupa perdeu seu poder centralizador sobre o Tibete em 1434, várias tentativas de outras famílias para estabelecer hegemonias falharam em os próximos dois séculos até 1642 com a efetiva hegemonia de o 5º Dalai Lama sobre o Tibete",3
"Dreyfus escreve que depois que o Phagmodrupa perdeu seu poder centralizador sobre o Tibete em 1434, várias tentativas de outras famílias para estabelecer hegemonias falharam em os próximos dois séculos até 1642 com a efetiva hegemonia de o 5º Dalai Lama sobre o Tibete.",Grok4.0Fast,várias tentativas de outras famílias,falharam,em os próximos dois séculos até 1642 com a efetiva hegemonia de o 5º Dalai Lama sobre o Tibete,3
"Dreyfus escreve que depois que o Phagmodrupa perdeu seu poder centralizador sobre o Tibete em 1434, várias tentativas de outras famílias para estabelecer hegemonias falharam em os próximos dois séculos até 1642 com a efetiva hegemonia de o 5º Dalai Lama sobre o Tibete.",respostaDPTOIE-PY,várias tentativas de outras famílias,falharam,em os próximos dois séculos até 1642 com a efetiva hegemonia de o 5º Dalai Lama sobre o Tibete,3
"Dreyfus escreve que depois que o Phagmodrupa perdeu seu poder centralizador sobre o Tibete em 1434, várias tentativas de outras famílias para estabelecer hegemonias falharam em os próximos dois séculos até 1642 com a efetiva hegemonia de o 5º Dalai Lama sobre o Tibete.",respostas_gpt5.5_mini,Dreyfus,escreve,"que depois que o Phagmodrupa perdeu seu poder centralizador sobre o Tibete em 1434, várias tentativas de outras famílias para estabelecer hegemonias falharam em os próximos dois séculos até 1642 com a efetiva hegemonia de o 5º Dalai Lama sobre o Tibete",3
"Dreyfus escreve que depois que o Phagmodrupa perdeu seu poder centralizador sobre o Tibete em 1434, várias tentativas de outras famílias para estabelecer hegemonias falharam em os próximos dois séculos até 1642 com a efetiva hegemonia de o 5º Dalai Lama sobre o Tibete.",respostas_gpt5.5_mini,várias tentativas de outras famílias para estabelecer hegemonias,falharam,em os próximos dois séculos até 1642 com a efetiva hegemonia de o 5º Dalai Lama sobre o Tibete,3
"Chen Qingying afirma que Tsongkhapa escreveu uma carta para recusar o convite de o Imperador e, nesta resposta, Tsongkhapa escreveu",Claude_Sonnet5,Chen Qingying,afirma,que Tsongkhapa escreveu uma carta para recusar o convite de o Imperador,3
"Chen Qingying afirma que Tsongkhapa escreveu uma carta para recusar o convite de o Imperador e, nesta resposta, Tsongkhapa escreveu",Grok4.0Fast,Chen Qingying,afirma,que Tsongkhapa escreveu uma carta para recusar o convite de o Imperador,3
"Chen Qingying afirma que Tsongkhapa escreveu uma carta para recusar o convite de o Imperador e, nesta resposta, Tsongkhapa escreveu",respostas_gpt5.5_mini,Chen Qingying,afirma,"que Tsongkhapa escreveu uma carta para recusar o convite de o Imperador e, nesta resposta, Tsongkhapa escreveu",3
Klieger escreve que a presença de Altan Khan em o oeste reduziu efetivamente a influência de os Ming e o contato com o Tibete.,Claude_Sonnet5,Klieger,escreve,que a presença de Altan Khan em o oeste reduziu efetivamente a influência de os Ming e o contato com o Tibete,3
Klieger escreve que a presença de Altan Khan em o oeste reduziu efetivamente a influência de os Ming e o contato com o Tibete.,Grok4.0Fast,Klieger,escreve,que a presença de Altan Khan em o oeste reduziu efetivamente a influência de os Ming e o contato com o Tibete,3
Klieger escreve que a presença de Altan Khan em o oeste reduziu efetivamente a influência de os Ming e o contato com o Tibete.,respostas_gpt5.5_mini,Klieger,escreve,que a presença de Altan Khan em o oeste reduziu efetivamente a influência de os Ming e o contato com o Tibete,3
"Depois que Altan Khan fez as pazes com a dinastia Ming em 1571, ele convidou o terceiro hierarca de a Gelug - Sönam Gyatso (1543-1588) - para encontrá-lo em Amdo (Qinghai moderno) em 1578, onde acidentalmente concedeu a ele e seus dois antecessores com o título de Dalai Lama - Professor de o Oceano.",Grok4.0Fast,Altan Khan,convidou,o terceiro hierarca de a Gelug - Sönam Gyatso (1543-1588) - para encontrá-lo em Amdo (Qinghai moderno) em 1578,3
"Depois que Altan Khan fez as pazes com a dinastia Ming em 1571, ele convidou o terceiro hierarca de a Gelug - Sönam Gyatso (1543-1588) - para encontrá-lo em Amdo (Qinghai moderno) em 1578, onde acidentalmente concedeu a ele e seus dois antecessores com o título de Dalai Lama - Professor de o Oceano.",PTOIE-Flair,Altan Khan,convidou,o terceiro hierarca de a Gelug - Sönam Gyatso,3
"Depois que Altan Khan fez as pazes com a dinastia Ming em 1571, ele convidou o terceiro hierarca de a Gelug - Sönam Gyatso (1543-1588) - para encontrá-lo em Amdo (Qinghai moderno) em 1578, onde acidentalmente concedeu a ele e seus dois antecessores com o título de Dalai Lama - Professor de o Oceano.",respostas_gpt5.5_mini,Altan Khan,convidou,o terceiro hierarca de a Gelug - Sönam Gyatso (1543-1588) - para encontrá-lo em Amdo (Qinghai moderno) em 1578,3
"Embora não tenha sido registrada em nenhum registro oficial chinês, a biografia de Sonam Gyatso afirma que Wanli novamente conferiu títulos a Sonam Gyatso em 1588 e o convidou para Pequim por a segunda vez, mas Sonam Gyatso não pôde visitar a China, pois morreu em o mesmo ano em a Mongólia.",Claude_Sonnet5,a biografia de Sonam Gyatso,afirma,que Wanli novamente conferiu títulos a Sonam Gyatso em 1588 e o convidou para Pequim por a segunda vez,3
"Sem mencionar o papel de os mongóis, o China Daily afirma que foi a sucessiva dinastia Qing que estabeleceu o título de Dalai Lama e seu poder em o Tibete Em 1653, o imperador Qing concedeu um título honorífico a o quinto Dalai Lama e depois o fez.",Claude_Sonnet5,o China Daily,afirma,que foi a sucessiva dinastia Qing que estabeleceu o título de Dalai Lama e seu poder em o Tibete,3
"Sem mencionar o papel de os mongóis, o China Daily afirma que foi a sucessiva dinastia Qing que estabeleceu o título de Dalai Lama e seu poder em o Tibete Em 1653, o imperador Qing concedeu um título honorífico a o quinto Dalai Lama e depois o fez.",Claude_Sonnet5,a sucessiva dinastia Qing,estabeleceu,o título de Dalai Lama,3
"Sem mencionar o papel de os mongóis, o China Daily afirma que foi a sucessiva dinastia Qing que estabeleceu o título de Dalai Lama e seu poder em o Tibete Em 1653, o imperador Qing concedeu um título honorífico a o quinto Dalai Lama e depois o fez.",Grok4.0Fast,o China Daily,afirma,que foi a sucessiva dinastia Qing que estabeleceu o título de Dalai Lama e seu poder em o Tibete,3
"Sem mencionar o papel de os mongóis, o China Daily afirma que foi a sucessiva dinastia Qing que estabeleceu o título de Dalai Lama e seu poder em o Tibete Em 1653, o imperador Qing concedeu um título honorífico a o quinto Dalai Lama e depois o fez.",Grok4.0Fast,a sucessiva dinastia Qing,estabeleceu,o título de Dalai Lama,3
"Sem mencionar o papel de os mongóis, o China Daily afirma que foi a sucessiva dinastia Qing que estabeleceu o título de Dalai Lama e seu poder em o Tibete Em 1653, o imperador Qing concedeu um título honorífico a o quinto Dalai Lama e depois o fez.",respostas_gpt5.5_mini,o China Daily,afirma,que foi a sucessiva dinastia Qing que estabeleceu o título de Dalai Lama e seu poder em o Tibete,3
"Sem mencionar o papel de os mongóis, o China Daily afirma que foi a sucessiva dinastia Qing que estabeleceu o título de Dalai Lama e seu poder em o Tibete Em 1653, o imperador Qing concedeu um título honorífico a o quinto Dalai Lama e depois o fez.",respostas_gpt5.5_mini,a sucessiva dinastia Qing,estabeleceu,o título de Dalai Lama,3
"O quarto Dalai Lama se recusou a dar uma audiência a o rei Ü-Tsang, que provocou um conflito quando este começou a atacar mosteiros Gelug.",Claude_Sonnet5,O quarto Dalai Lama,se recusou a,dar uma audiência a o rei Ü-Tsang,3
"O quarto Dalai Lama se recusou a dar uma audiência a o rei Ü-Tsang, que provocou um conflito quando este começou a atacar mosteiros Gelug.",Claude_Sonnet5,este,começou a atacar,mosteiros Gelug,3
"O quarto Dalai Lama se recusou a dar uma audiência a o rei Ü-Tsang, que provocou um conflito quando este começou a atacar mosteiros Gelug.",Grok4.0Fast,O quarto Dalai Lama,se recusou a dar,uma audiência a o rei Ü-Tsang,3
"O quarto Dalai Lama se recusou a dar uma audiência a o rei Ü-Tsang, que provocou um conflito quando este começou a atacar mosteiros Gelug.",Grok4.0Fast,este,começou a atacar,mosteiros Gelug,3
"O quarto Dalai Lama se recusou a dar uma audiência a o rei Ü-Tsang, que provocou um conflito quando este começou a atacar mosteiros Gelug.",respostas_gpt5.5_mini,O quarto Dalai Lama,se recusou a dar,uma audiência a o rei Ü-Tsang,3
"O quarto Dalai Lama se recusou a dar uma audiência a o rei Ü-Tsang, que provocou um conflito quando este começou a atacar mosteiros Gelug.",respostas_gpt5.5_mini,este,começou a atacar,mosteiros Gelug,3
"Shih-Shan Henry Tsai escreve que o imperador Yongle enviou seu eunuco Yang Sanbao a o Tibete em 1413 para obter uma lealdade de vários príncipes tibetanos, enquanto o imperador Yongle pagou uma pequena fortuna em troca de presentes em troca de tributos, a fim de manter a lealdade de o vassalo vizinho.",Claude_Sonnet5,Shih-Shan Henry Tsai,escreve,que o imperador Yongle enviou seu eunuco Yang Sanbao a o Tibete em 1413 para obter uma lealdade de vários príncipes tibetanos,3
"Shih-Shan Henry Tsai escreve que o imperador Yongle enviou seu eunuco Yang Sanbao a o Tibete em 1413 para obter uma lealdade de vários príncipes tibetanos, enquanto o imperador Yongle pagou uma pequena fortuna em troca de presentes em troca de tributos, a fim de manter a lealdade de o vassalo vizinho.",Grok4.0Fast,Shih-Shan Henry Tsai,escreve,que o imperador Yongle enviou seu eunuco Yang Sanbao a o Tibete em 1413 para obter uma lealdade de vários príncipes tibetanos,3
"Shih-Shan Henry Tsai escreve que o imperador Yongle enviou seu eunuco Yang Sanbao a o Tibete em 1413 para obter uma lealdade de vários príncipes tibetanos, enquanto o imperador Yongle pagou uma pequena fortuna em troca de presentes em troca de tributos, a fim de manter a lealdade de o vassalo vizinho.",respostas_gpt5.5_mini,Shih-Shan Henry Tsai,escreve,"que o imperador Yongle enviou seu eunuco Yang Sanbao a o Tibete em 1413 para obter uma lealdade de vários príncipes tibetanos, enquanto o imperador Yongle pagou uma pequena fortuna em troca de presentes em troca de tributos, a fim de manter a lealdade de o vassalo vizinho",3
"A Apple lançou um novo conector dock de 8 pinos, chamado Relâmpago, em 12 de setembro de 2012, com o anúncio de o iPhone 5, de o iPod Touch de quinta geração e de o iPod Nano de a sétima geração, todos com esse recurso.",respostas_gpt5.5_mini,A Apple,lançou,um novo conector dock de 8 pinos em 12 de setembro de 2012,3
"As versões de seis e sete faixas de a trilha sonora de o jogo foram lançadas em 19 de novembro de 2006, como parte de uma promoção de o Nintendo Power e acompanhadas de réplicas de a Master Sword e de o Hylian Shield.",Claude_Sonnet5,As versões de seis e sete faixas de a trilha sonora de o jogo,foram lançadas como,parte de uma promoção de o Nintendo Power,3
"As versões de seis e sete faixas de a trilha sonora de o jogo foram lançadas em 19 de novembro de 2006, como parte de uma promoção de o Nintendo Power e acompanhadas de réplicas de a Master Sword e de o Hylian Shield.",Grok4.0Fast,As versões de seis e sete faixas de a trilha sonora de o jogo,foram lançadas,como parte de uma promoção de o Nintendo Power,3
"As versões de seis e sete faixas de a trilha sonora de o jogo foram lançadas em 19 de novembro de 2006, como parte de uma promoção de o Nintendo Power e acompanhadas de réplicas de a Master Sword e de o Hylian Shield.",respostas_gpt5.5_mini,As versões de seis faixas de a trilha sonora de o jogo,foram lançadas,como parte de uma promoção de o Nintendo Power,3
"O serviço de a China Unicom em Wenchuan e quatro municípios vizinhos foi interrompido, com mais de 700 torres suspensas.",Grok4.0Fast,O serviço de a China Unicom em Wenchuan e quatro municípios vizinhos,foi interrompido,com mais de 700 torres suspensas,3
"O serviço de a China Unicom em Wenchuan e quatro municípios vizinhos foi interrompido, com mais de 700 torres suspensas.",PTOIE-Flair,O serviço de a China Unicom em Wenchuan e quatro municípios vizinhos,foi interrompido,com mais de 700 torres suspensas,3
"O serviço de a China Unicom em Wenchuan e quatro municípios vizinhos foi interrompido, com mais de 700 torres suspensas.",respostaDPTOIE-PY,O serviço de a China Unicom em Wenchuan e quatro municípios vizinhos,foi interrompido,com mais de 700 torres suspensas,3
O governo central estima que mais de 7.000 salas de aula com engenharia inadequada desabaram em o terremoto.,Claude_Sonnet5,O governo central,estima,que mais de 7.000 salas de aula com engenharia inadequada desabaram em o terremoto,3
O governo central estima que mais de 7.000 salas de aula com engenharia inadequada desabaram em o terremoto.,Grok4.0Fast,O governo central,estima,que mais de 7.000 salas de aula com engenharia inadequada desabaram em o terremoto,3
O governo central estima que mais de 7.000 salas de aula com engenharia inadequada desabaram em o terremoto.,respostas_gpt5.5_mini,O governo central,estima,que mais de 7.000 salas de aula com engenharia inadequada desabaram em o terremoto,3
"A rota de a tocha por o país foi reduzida e houve um minuto de silêncio quando a próxima etapa começou em a cidade de Ruijin, Jiangxi, em a quarta-feira após o terremoto.",Grok4.0Fast,a próxima etapa,começou,"em a cidade de Ruijin, Jiangxi, em a quarta-feira após o terremoto",3
"A rota de a tocha por o país foi reduzida e houve um minuto de silêncio quando a próxima etapa começou em a cidade de Ruijin, Jiangxi, em a quarta-feira após o terremoto.",respostaDPTOIE-PY,a próxima etapa,começou,"quando em a cidade de Ruijin , Jiangxi , em a quarta-feira após o terremoto",3
"A rota de a tocha por o país foi reduzida e houve um minuto de silêncio quando a próxima etapa começou em a cidade de Ruijin, Jiangxi, em a quarta-feira após o terremoto.",respostas_gpt5.5_mini,a próxima etapa,começou,"em a cidade de Ruijin, Jiangxi, em a quarta-feira após o terremoto",3
"Enquanto isso, um trem de carga que transportava 13 tanques de gasolina descarrilou em Condado de Hui, Gansu, e pegou fogo depois que o trilho foi distorcido.",Claude_Sonnet5,um trem de carga,transportava,13 tanques de gasolina,4
"Enquanto isso, um trem de carga que transportava 13 tanques de gasolina descarrilou em Condado de Hui, Gansu, e pegou fogo depois que o trilho foi distorcido.",Grok4.0Fast,um trem de carga,transportava,13 tanques de gasolina,4
"Enquanto isso, um trem de carga que transportava 13 tanques de gasolina descarrilou em Condado de Hui, Gansu, e pegou fogo depois que o trilho foi distorcido.",PTOIE-Flair,um trem de carga,transportava,13 tanques de gasolina,4
"Enquanto isso, um trem de carga que transportava 13 tanques de gasolina descarrilou em Condado de Hui, Gansu, e pegou fogo depois que o trilho foi distorcido.",respostas_gpt5.5_mini,um trem de carga,transportava,13 tanques de gasolina,4
Os Estados Unidos compartilharam algumas de suas imagens de satélite de as áreas atingidas por o terremoto com as Autoridades chinesas.,Claude_Sonnet5,Os Estados Unidos,compartilharam,algumas de suas imagens de satélite de as áreas atingidas por o terremoto,4
Os Estados Unidos compartilharam algumas de suas imagens de satélite de as áreas atingidas por o terremoto com as Autoridades chinesas.,Grok4.0Fast,Os Estados Unidos,compartilharam,algumas de suas imagens de satélite de as áreas atingidas por o terremoto com as Autoridades chinesas,4
Os Estados Unidos compartilharam algumas de suas imagens de satélite de as áreas atingidas por o terremoto com as Autoridades chinesas.,respostaDPTOIE-PY,Os Estados Unidos,compartilharam,algumas de suas imagens de satélite de as áreas atingidas por o terremoto com as Autoridades chinesas,4
Os Estados Unidos compartilharam algumas de suas imagens de satélite de as áreas atingidas por o terremoto com as Autoridades chinesas.,respostas_gpt5.5_mini,Os Estados Unidos,compartilharam,algumas de suas imagens de satélite de as áreas atingidas por o terremoto com as Autoridades chinesas,4
"Nova York - freqüentemente chamada Cidade de Nova York ou Cidade de Nova York para distingui-la de o Estado de Nova York, de o qual faz parte - é a cidade mais populosa de os Estados Unidos e o centro de a área metropolitana de Nova York, o principal portal de imigração legal para os Estados Unidos e uma de as aglomerações urbanas mais populosas de o mundo.",Claude_Sonnet5,Nova York,é,o centro de a área metropolitana de Nova York,3
"Nova York - freqüentemente chamada Cidade de Nova York ou Cidade de Nova York para distingui-la de o Estado de Nova York, de o qual faz parte - é a cidade mais populosa de os Estados Unidos e o centro de a área metropolitana de Nova York, o principal portal de imigração legal para os Estados Unidos e uma de as aglomerações urbanas mais populosas de o mundo.",Grok4.0Fast,Nova York,é,o centro de a área metropolitana de Nova York,3
"Nova York - freqüentemente chamada Cidade de Nova York ou Cidade de Nova York para distingui-la de o Estado de Nova York, de o qual faz parte - é a cidade mais populosa de os Estados Unidos e o centro de a área metropolitana de Nova York, o principal portal de imigração legal para os Estados Unidos e uma de as aglomerações urbanas mais populosas de o mundo.",respostas_gpt5.5_mini,Nova York,é,o centro de a área metropolitana de Nova York,3
"Em 1664, Peter Stuyvesant, diretor-geral de a colônia de a Nova Holanda, entregou Nova Amsterdã a os ingleses sem derramamento de sangue.",Claude_Sonnet5,Peter Stuyvesant,é,diretor-geral de a colônia de a Nova Holanda,3
"Em 1664, Peter Stuyvesant, diretor-geral de a colônia de a Nova Holanda, entregou Nova Amsterdã a os ingleses sem derramamento de sangue.",Grok4.0Fast,Peter Stuyvesant,é,diretor-geral de a colônia de a Nova Holanda,3
"Em 1664, Peter Stuyvesant, diretor-geral de a colônia de a Nova Holanda, entregou Nova Amsterdã a os ingleses sem derramamento de sangue.",respostas_gpt5.5_mini,Peter Stuyvesant,é,diretor-geral de a colônia de a Nova Holanda,3
"A Batalha de Long Island, a maior batalha de a Guerra Revolucionária Americana, foi travada em agosto de 1776, inteiramente em o bairro moderno de o Brooklyn.",Claude_Sonnet5,A Batalha de Long Island,é,a maior batalha de a Guerra Revolucionária Americana,3
"A Batalha de Long Island, a maior batalha de a Guerra Revolucionária Americana, foi travada em agosto de 1776, inteiramente em o bairro moderno de o Brooklyn.",Grok4.0Fast,A Batalha de Long Island,é,a maior batalha de a Guerra Revolucionária Americana,3
"A Batalha de Long Island, a maior batalha de a Guerra Revolucionária Americana, foi travada em agosto de 1776, inteiramente em o bairro moderno de o Brooklyn.",respostas_gpt5.5_mini,A Batalha de Long Island,é,a maior batalha de a Guerra Revolucionária Americana,3
"Quando um candidato presidencial republicano às eleições de 2016 ridicularizou o liberalismo de os valores de Nova York em janeiro de 2016, Donald Trump, líder em as pesquisas, defendeu vigorosamente sua cidade.",Claude_Sonnet5,um candidato presidencial republicano às eleições de 2016,ridicularizou,o liberalismo de os valores de Nova York,4
"Quando um candidato presidencial republicano às eleições de 2016 ridicularizou o liberalismo de os valores de Nova York em janeiro de 2016, Donald Trump, líder em as pesquisas, defendeu vigorosamente sua cidade.",Claude_Sonnet5,Donald Trump,é,líder em as pesquisas,3
"Quando um candidato presidencial republicano às eleições de 2016 ridicularizou o liberalismo de os valores de Nova York em janeiro de 2016, Donald Trump, líder em as pesquisas, defendeu vigorosamente sua cidade.",Grok4.0Fast,Donald Trump,é,líder em as pesquisas,3
"Quando um candidato presidencial republicano às eleições de 2016 ridicularizou o liberalismo de os valores de Nova York em janeiro de 2016, Donald Trump, líder em as pesquisas, defendeu vigorosamente sua cidade.",PTOIE-Flair,um candidato presidencial republicano às eleições de 2016,ridicularizou,o liberalismo de os valores de Nova York em janeiro de 2016,4
"Quando um candidato presidencial republicano às eleições de 2016 ridicularizou o liberalismo de os valores de Nova York em janeiro de 2016, Donald Trump, líder em as pesquisas, defendeu vigorosamente sua cidade.",respostaDPTOIE-PY,um candidato presidencial republicano a as eleições de 2016,ridicularizou,o liberalismo de os valores de Nova York em janeiro de 2016,4
"Quando um candidato presidencial republicano às eleições de 2016 ridicularizou o liberalismo de os valores de Nova York em janeiro de 2016, Donald Trump, líder em as pesquisas, defendeu vigorosamente sua cidade.",respostas_gpt5.5_mini,um candidato presidencial republicano às eleições de 2016,ridicularizou,o liberalismo de os valores de Nova York em janeiro de 2016,4
"Quando um candidato presidencial republicano às eleições de 2016 ridicularizou o liberalismo de os valores de Nova York em janeiro de 2016, Donald Trump, líder em as pesquisas, defendeu vigorosamente sua cidade.",respostas_gpt5.5_mini,Donald Trump,é,líder em as pesquisas,3
"O ponto mais alto de a cidade é Todt Hill, em Staten Island, que, a 124,9 m acima de o nível de o mar, é o ponto mais alto de a costa leste de o sul de o Maine.",Claude_Sonnet5,O ponto mais alto de a cidade,é,"Todt Hill, em Staten Island",4
"O ponto mais alto de a cidade é Todt Hill, em Staten Island, que, a 124,9 m acima de o nível de o mar, é o ponto mais alto de a costa leste de o sul de o Maine.",Grok4.0Fast,O ponto mais alto de a cidade,é,"Todt Hill, em Staten Island",4
"O ponto mais alto de a cidade é Todt Hill, em Staten Island, que, a 124,9 m acima de o nível de o mar, é o ponto mais alto de a costa leste de o sul de o Maine.",respostaDPTOIE-PY,O ponto mais alto de a cidade,é,"Todt Hill , em Staten Island",4
"O ponto mais alto de a cidade é Todt Hill, em Staten Island, que, a 124,9 m acima de o nível de o mar, é o ponto mais alto de a costa leste de o sul de o Maine.",respostas_gpt5.5_mini,O ponto mais alto de a cidade,é,"Todt Hill, em Staten Island",4
"A cidade de Nova York possui um alto grau de disparidade de renda, conforme indicado por o seu coeficiente de Gini de 0,5 para a cidade em geral e 0,6 para Manhattan.",Claude_Sonnet5,A cidade de Nova York,possui,um alto grau de disparidade de renda,5
"A cidade de Nova York possui um alto grau de disparidade de renda, conforme indicado por o seu coeficiente de Gini de 0,5 para a cidade em geral e 0,6 para Manhattan.",Grok4.0Fast,A cidade de Nova York,possui,um alto grau de disparidade de renda,5
"A cidade de Nova York possui um alto grau de disparidade de renda, conforme indicado por o seu coeficiente de Gini de 0,5 para a cidade em geral e 0,6 para Manhattan.",PTOIE-Flair,A cidade de Nova York,possui,um alto grau de disparidade de renda,5
"A cidade de Nova York possui um alto grau de disparidade de renda, conforme indicado por o seu coeficiente de Gini de 0,5 para a cidade em geral e 0,6 para Manhattan.",respostaDPTOIE-PY,A cidade de Nova York,possui,um alto grau de disparidade de renda,5
"A cidade de Nova York possui um alto grau de disparidade de renda, conforme indicado por o seu coeficiente de Gini de 0,5 para a cidade em geral e 0,6 para Manhattan.",respostas_gpt5.5_mini,A cidade de Nova York,possui,um alto grau de disparidade de renda,5
"A frota de ônibus públicos de a cidade de Nova York é a maior de a América de o Norte, e o Port Authority Bus Terminal, o principal terminal de ônibus interurbano de a cidade, atende 7.000 ônibus e 200.000 passageiros diariamente, tornando-se a estação de ônibus mais movimentada de o mundo.",Claude_Sonnet5,o Port Authority Bus Terminal,é,o principal terminal de ônibus interurbano de a cidade,3
"A frota de ônibus públicos de a cidade de Nova York é a maior de a América de o Norte, e o Port Authority Bus Terminal, o principal terminal de ônibus interurbano de a cidade, atende 7.000 ônibus e 200.000 passageiros diariamente, tornando-se a estação de ônibus mais movimentada de o mundo.",Grok4.0Fast,o Port Authority Bus Terminal,é,o principal terminal de ônibus interurbano de a cidade,3
"A frota de ônibus públicos de a cidade de Nova York é a maior de a América de o Norte, e o Port Authority Bus Terminal, o principal terminal de ônibus interurbano de a cidade, atende 7.000 ônibus e 200.000 passageiros diariamente, tornando-se a estação de ônibus mais movimentada de o mundo.",respostas_gpt5.5_mini,o Port Authority Bus Terminal,é,o principal terminal de ônibus interurbano de a cidade,3
"O alabamiano nativo Allen Barra criticou Lee e o romance em o The Wall Street Journal, chamando o Atticus de repositório de epigramas de barril de cracker e o romance representa um mito coberto de açúcar de a história de o Alabama.",Claude_Sonnet5,o romance,representa,um mito coberto de açúcar de a história de o Alabama,3
"O alabamiano nativo Allen Barra criticou Lee e o romance em o The Wall Street Journal, chamando o Atticus de repositório de epigramas de barril de cracker e o romance representa um mito coberto de açúcar de a história de o Alabama.",respostaDPTOIE-PY,o romance,representa,um mito coberto de açúcar de a história de o Alabama,3
"O alabamiano nativo Allen Barra criticou Lee e o romance em o The Wall Street Journal, chamando o Atticus de repositório de epigramas de barril de cracker e o romance representa um mito coberto de açúcar de a história de o Alabama.",respostas_gpt5.5_mini,o romance,representa,um mito coberto de açúcar de a história de o Alabama,3
"O Império Samanida, 819 a 999, restaurou o controle persa de a região e ampliou as cidades de Samarcanda e Bukhara (hoje as duas cidades fazem parte de o Uzbequistão), que se tornaram os centros culturais de o Irã e a região era conhecida como Khorasan.",Claude_Sonnet5,O Império Samanida,restaurou,o controle persa de a região,3
"O Império Samanida, 819 a 999, restaurou o controle persa de a região e ampliou as cidades de Samarcanda e Bukhara (hoje as duas cidades fazem parte de o Uzbequistão), que se tornaram os centros culturais de o Irã e a região era conhecida como Khorasan.",Claude_Sonnet5,O Império Samanida,ampliou,as cidades de Samarcanda e Bukhara,3
"O Império Samanida, 819 a 999, restaurou o controle persa de a região e ampliou as cidades de Samarcanda e Bukhara (hoje as duas cidades fazem parte de o Uzbequistão), que se tornaram os centros culturais de o Irã e a região era conhecida como Khorasan.",Grok4.0Fast,O Império Samanida,restaurou,o controle persa de a região,3
"O Império Samanida, 819 a 999, restaurou o controle persa de a região e ampliou as cidades de Samarcanda e Bukhara (hoje as duas cidades fazem parte de o Uzbequistão), que se tornaram os centros culturais de o Irã e a região era conhecida como Khorasan.",Grok4.0Fast,O Império Samanida,ampliou,as cidades de Samarcanda e Bukhara,3
"O Império Samanida, 819 a 999, restaurou o controle persa de a região e ampliou as cidades de Samarcanda e Bukhara (hoje as duas cidades fazem parte de o Uzbequistão), que se tornaram os centros culturais de o Irã e a região era conhecida como Khorasan.",PTOIE-Flair,O Império Samanida,restaurou,o controle persa de a região,3
"O Império Samanida, 819 a 999, restaurou o controle persa de a região e ampliou as cidades de Samarcanda e Bukhara (hoje as duas cidades fazem parte de o Uzbequistão), que se tornaram os centros culturais de o Irã e a região era conhecida como Khorasan.",PTOIE-Flair,O Império Samanida,ampliou,as cidades de Samarcanda e Bukhara,3
"1916, quando manifestantes atacaram soldados russos em Khujand por uma ameaça de recrutamento forçado durante a Primeira Guerra Mundial.",Grok4.0Fast,manifestantes,atacaram,soldados russos em Khujand por uma ameaça de recrutamento forçado durante a Primeira Guerra Mundial,4
"1916, quando manifestantes atacaram soldados russos em Khujand por uma ameaça de recrutamento forçado durante a Primeira Guerra Mundial.",PTOIE-Flair,manifestantes,atacaram,soldados russos em Khujand por uma ameaça de recrutamento forçado durante a Primeira Guerra Mundial,4
"1916, quando manifestantes atacaram soldados russos em Khujand por uma ameaça de recrutamento forçado durante a Primeira Guerra Mundial.",respostaDPTOIE-PY,manifestantes,atacaram,quando soldados russos em Khujand por uma ameaça de recrutamento forçado durante a Primeira Guerra Mundial,4
"1916, quando manifestantes atacaram soldados russos em Khujand por uma ameaça de recrutamento forçado durante a Primeira Guerra Mundial.",respostas_gpt5.5_mini,manifestantes,atacaram,soldados russos em Khujand por uma ameaça de recrutamento forçado durante a Primeira Guerra Mundial,4
"Portugal mantém uma forma republicana semi-presidencial unitária de governo e é um país desenvolvido com uma economia avançada e um alto padrão de vida, tendo o 18º maior progresso social de o mundo, colocando-o a a frente de outros países de a Europa Ocidental como França, Espanha e Itália.",Claude_Sonnet5,Portugal,é,um país desenvolvido com uma economia avançada e um alto padrão de vida,3
"Portugal mantém uma forma republicana semi-presidencial unitária de governo e é um país desenvolvido com uma economia avançada e um alto padrão de vida, tendo o 18º maior progresso social de o mundo, colocando-o a a frente de outros países de a Europa Ocidental como França, Espanha e Itália.",Grok4.0Fast,Portugal,é,um país desenvolvido com uma economia avançada e um alto padrão de vida,3
"Portugal mantém uma forma republicana semi-presidencial unitária de governo e é um país desenvolvido com uma economia avançada e um alto padrão de vida, tendo o 18º maior progresso social de o mundo, colocando-o a a frente de outros países de a Europa Ocidental como França, Espanha e Itália.",respostas_gpt5.5_mini,Portugal,é,um país desenvolvido com uma economia avançada e um alto padrão de vida,3
"Em 2001, Portugal descriminalizou a posse de todas as drogas que ainda são ilegais em outros países desenvolvidos, incluindo, entre outras, maconha, cocaína, heroína e LSD.",Grok4.0Fast,Portugal,descriminalizou,a posse de todas as drogas que ainda são ilegais em outros países desenvolvidos,3
"Em 2001, Portugal descriminalizou a posse de todas as drogas que ainda são ilegais em outros países desenvolvidos, incluindo, entre outras, maconha, cocaína, heroína e LSD.",respostaDPTOIE-PY,Portugal,descriminalizou,"Em 2001 , a posse de todas as drogas ainda são ilegais em outros países desenvolvidos , incluindo , entre outras , maconha , cocaína , heroína e LSD",3
"Em 2001, Portugal descriminalizou a posse de todas as drogas que ainda são ilegais em outros países desenvolvidos, incluindo, entre outras, maconha, cocaína, heroína e LSD.",respostas_gpt5.5_mini,Portugal,descriminalizou,a posse de todas as drogas que ainda são ilegais em outros países desenvolvidos,3
"O banco central de Portugal é o Banco de Portugal, parte integrante de o Sistema Europeu de Bancos Centrais.",Claude_Sonnet5,O banco central de Portugal,é,o Banco de Portugal,3
"O banco central de Portugal é o Banco de Portugal, parte integrante de o Sistema Europeu de Bancos Centrais.",PTOIE-Flair,O banco central de Portugal,é,o Banco de Portugal,3
"O banco central de Portugal é o Banco de Portugal, parte integrante de o Sistema Europeu de Bancos Centrais.",respostas_gpt5.5_mini,O banco central de Portugal,é,o Banco de Portugal,3
"Kanye Omari West nasceu em 8 de junho de 1977 em Atlanta, Geórgia.",Claude_Sonnet5,Kanye Omari West,nasceu em,8 de junho de 1977,3
"Kanye Omari West nasceu em 8 de junho de 1977 em Atlanta, Geórgia.",PTOIE-Flair,Kanye Omari West,nasceu em,8 de junho de 1977,3
"Kanye Omari West nasceu em 8 de junho de 1977 em Atlanta, Geórgia.",respostas_gpt5.5_mini,Kanye Omari West,nasceu em,8 de junho de 1977,3
"O budismo mahayana, a o contrário, aspira a o estado de Buda através de o caminho de o bodhisattva, um estado em que alguém permanece neste ciclo para ajudar outros seres a alcançar o despertar.",Claude_Sonnet5,O budismo mahayana,aspira a,o estado de Buda,3
"O budismo mahayana, a o contrário, aspira a o estado de Buda através de o caminho de o bodhisattva, um estado em que alguém permanece neste ciclo para ajudar outros seres a alcançar o despertar.",Grok4.0Fast,O budismo mahayana,aspira a,o estado de Buda através de o caminho de o bodhisattva,3
"O budismo mahayana, a o contrário, aspira a o estado de Buda através de o caminho de o bodhisattva, um estado em que alguém permanece neste ciclo para ajudar outros seres a alcançar o despertar.",respostas_gpt5.5_mini,O budismo mahayana,aspira a,o estado de Buda através de o caminho de o bodhisattva,3
"No contexto de as quatro nobres verdades, a origem de dukkha é comumente explicada como desejo (Pali tanha) condicionado por a ignorância (Pali avijja).",Claude_Sonnet5,a origem de dukkha,é comumente explicada como,desejo (Pali tanha) condicionado por a ignorância (Pali avijja),3
"No contexto de as quatro nobres verdades, a origem de dukkha é comumente explicada como desejo (Pali tanha) condicionado por a ignorância (Pali avijja).",Grok4.0Fast,a origem de dukkha,é comumente explicada como,desejo (Pali tanha) condicionado por a ignorância (Pali avijja),3
"No contexto de as quatro nobres verdades, a origem de dukkha é comumente explicada como desejo (Pali tanha) condicionado por a ignorância (Pali avijja).",respostas_gpt5.5_mini,a origem de dukkha,é comumente explicada como,desejo (Pali tanha) condicionado por a ignorância (Pali avijja),3
A segunda verdade é que a origem de dukkha pode ser conhecida.,Claude_Sonnet5,A segunda verdade,é,que a origem de dukkha pode ser conhecida,3
A segunda verdade é que a origem de dukkha pode ser conhecida.,Grok4.0Fast,A segunda verdade,é,que a origem de dukkha pode ser conhecida,3
A segunda verdade é que a origem de dukkha pode ser conhecida.,respostas_gpt5.5_mini,A segunda verdade,é,que a origem de dukkha pode ser conhecida,3
"Desde então, Underwood vendeu 65 milhões de discos em todo o mundo e se tornou o concorrente de maior sucesso em os EUA, vendendo mais de 14 milhões de cópias de álbuns em os EUA e mais Underwood ganhou sete prêmios Grammy, o maior número de Grammys de um ex-aluno de o American Idol.",Claude_Sonnet5,Underwood,se tornou,o concorrente de maior sucesso em os EUA,3
"Desde então, Underwood vendeu 65 milhões de discos em todo o mundo e se tornou o concorrente de maior sucesso em os EUA, vendendo mais de 14 milhões de cópias de álbuns em os EUA e mais Underwood ganhou sete prêmios Grammy, o maior número de Grammys de um ex-aluno de o American Idol.",Grok4.0Fast,Underwood,se tornou,o concorrente de maior sucesso em os EUA,3
"Desde então, Underwood vendeu 65 milhões de discos em todo o mundo e se tornou o concorrente de maior sucesso em os EUA, vendendo mais de 14 milhões de cópias de álbuns em os EUA e mais Underwood ganhou sete prêmios Grammy, o maior número de Grammys de um ex-aluno de o American Idol.",respostas_gpt5.5_mini,Underwood,se tornou,o concorrente de maior sucesso em os EUA,3
"Na turnê de a 12ª temporada, um semi-finalista que venceu uma cantada também foi adicionado a a turnê.",Claude_Sonnet5,um semi-finalista,venceu,uma cantada,4
"Na turnê de a 12ª temporada, um semi-finalista que venceu uma cantada também foi adicionado a a turnê.",Grok4.0Fast,um semi-finalista,venceu,uma cantada,4
"Na turnê de a 12ª temporada, um semi-finalista que venceu uma cantada também foi adicionado a a turnê.",PTOIE-Flair,um semi-finalista,venceu,uma cantada,4
"Na turnê de a 12ª temporada, um semi-finalista que venceu uma cantada também foi adicionado a a turnê.",respostas_gpt5.5_mini,um semi-finalista,venceu,uma cantada,4
"A apresentadora de talk show ganhadora de o Emmy, Ellen Degeneres substituiu Paula Abdul nessa temporada, mas saiu depois de apenas uma temporada.",Claude_Sonnet5,Ellen Degeneres,é,A apresentadora de talk show ganhadora de o Emmy,3
"A apresentadora de talk show ganhadora de o Emmy, Ellen Degeneres substituiu Paula Abdul nessa temporada, mas saiu depois de apenas uma temporada.",Grok4.0Fast,Ellen Degeneres,é,A apresentadora de talk show ganhadora de o Emmy,3
"A apresentadora de talk show ganhadora de o Emmy, Ellen Degeneres substituiu Paula Abdul nessa temporada, mas saiu depois de apenas uma temporada.",respostas_gpt5.5_mini,Ellen Degeneres,é,A apresentadora de talk show ganhadora de o Emmy,3
"Cazaquistão: O primeiro portador de tocha em Almaty, onde a tocha olímpica chegou por a primeira vez em 2 de abril, foi o presidente de o Nursultan Nazarbaev de o Cazaquistão.",Claude_Sonnet5,O primeiro portador de tocha em Almaty,foi,o presidente de o Nursultan Nazarbaev de o Cazaquistão,3
"Cazaquistão: O primeiro portador de tocha em Almaty, onde a tocha olímpica chegou por a primeira vez em 2 de abril, foi o presidente de o Nursultan Nazarbaev de o Cazaquistão.",Grok4.0Fast,O primeiro portador de tocha em Almaty,foi,o presidente de o Nursultan Nazarbaev de o Cazaquistão,3
"Cazaquistão: O primeiro portador de tocha em Almaty, onde a tocha olímpica chegou por a primeira vez em 2 de abril, foi o presidente de o Nursultan Nazarbaev de o Cazaquistão.",respostas_gpt5.5_mini,O primeiro portador de tocha em Almaty,foi,o presidente de o Nursultan Nazarbaev de o Cazaquistão,3
"Em 1º de abril de 2008, o Conselho de Supervisores de São Francisco aprovou uma resolução que tratava de as questões de direitos humanos quando a tocha olímpica de Pequim chegasse a São Francisco em 9 de abril.",Claude_Sonnet5,o Conselho de Supervisores de São Francisco,aprovou,uma resolução que tratava de as questões de direitos humanos,3
"Em 1º de abril de 2008, o Conselho de Supervisores de São Francisco aprovou uma resolução que tratava de as questões de direitos humanos quando a tocha olímpica de Pequim chegasse a São Francisco em 9 de abril.",Grok4.0Fast,o Conselho de Supervisores de São Francisco,aprovou,uma resolução que tratava de as questões de direitos humanos,3
"Em 1º de abril de 2008, o Conselho de Supervisores de São Francisco aprovou uma resolução que tratava de as questões de direitos humanos quando a tocha olímpica de Pequim chegasse a São Francisco em 9 de abril.",PTOIE-Flair,o Conselho de Supervisores de São Francisco,aprovou,uma resolução que tratava de as questões de direitos humanos,3
"A mídia indiana informou que o ministro de o Comércio de a Índia, Kamal Nath, cancelou uma viagem oficial a Pequim em protesto, apesar de fontes de a Nath e de a China terem negado.:",Claude_Sonnet5,A mídia indiana,informou,"que o ministro de o Comércio de a Índia, Kamal Nath, cancelou uma viagem oficial a Pequim em protesto",3
"A mídia indiana informou que o ministro de o Comércio de a Índia, Kamal Nath, cancelou uma viagem oficial a Pequim em protesto, apesar de fontes de a Nath e de a China terem negado.:",Grok4.0Fast,A mídia indiana,informou,"que o ministro de o Comércio de a Índia, Kamal Nath, cancelou uma viagem oficial a Pequim em protesto",3
"A mídia indiana informou que o ministro de o Comércio de a Índia, Kamal Nath, cancelou uma viagem oficial a Pequim em protesto, apesar de fontes de a Nath e de a China terem negado.:",respostas_gpt5.5_mini,A mídia indiana,informou,"que o ministro de o Comércio de a Índia, Kamal Nath, cancelou uma viagem oficial a Pequim em protesto, apesar de fontes de a Nath e de a China terem negado.",3
"Em 1918, as responsabilidades acadêmicas de Whitehead começaram a se expandir seriamente, quando ele aceitou uma série de altos cargos administrativos dentro de o sistema de a Universidade de Londres, de os quais o Imperial College London era membro em a época.",Claude_Sonnet5,ele,aceitou,uma série de altos cargos administrativos dentro de o sistema de a Universidade de Londres,3
"Em 1918, as responsabilidades acadêmicas de Whitehead começaram a se expandir seriamente, quando ele aceitou uma série de altos cargos administrativos dentro de o sistema de a Universidade de Londres, de os quais o Imperial College London era membro em a época.",respostaDPTOIE-PY,ele,aceitou,"quando uma série de altos cargos administrativos dentro de o sistema de a Universidade de Londres , de os quais era membro em a época",3
"Em 1918, as responsabilidades acadêmicas de Whitehead começaram a se expandir seriamente, quando ele aceitou uma série de altos cargos administrativos dentro de o sistema de a Universidade de Londres, de os quais o Imperial College London era membro em a época.",respostas_gpt5.5_mini,ele,aceitou,uma série de altos cargos administrativos dentro de o sistema de a Universidade de Londres,3
"Embora a corrida tenha sido um fator que contribuiu para o momento de a morte de o IndyMac, a causa subjacente de a falha foi a maneira insegura e insalubre por a qual a economia foi operada.",Claude_Sonnet5,a corrida,tenha sido,um fator que contribuiu para o momento de a morte de o IndyMac,4
"Embora a corrida tenha sido um fator que contribuiu para o momento de a morte de o IndyMac, a causa subjacente de a falha foi a maneira insegura e insalubre por a qual a economia foi operada.",Grok4.0Fast,a corrida,tenha sido,um fator que contribuiu para o momento de a morte de o IndyMac,4
"Embora a corrida tenha sido um fator que contribuiu para o momento de a morte de o IndyMac, a causa subjacente de a falha foi a maneira insegura e insalubre por a qual a economia foi operada.",PTOIE-Flair,a corrida,tenha sido,um fator que contribuiu para o momento de a morte de o IndyMac,4
"Embora a corrida tenha sido um fator que contribuiu para o momento de a morte de o IndyMac, a causa subjacente de a falha foi a maneira insegura e insalubre por a qual a economia foi operada.",respostas_gpt5.5_mini,a corrida,tenha sido,um fator que contribuiu para o momento de a morte de o IndyMac,4
"A recessão em os EUA, iniciada em dezembro de 2007, terminou em junho de 2009, de acordo com o Bureau Nacional de Pesquisa Econômica de os EUA (NBER) e a crise financeira parece ter terminado em a mesma época.",Claude_Sonnet5,a crise financeira,parece ter terminado em,a mesma época,3
"A recessão em os EUA, iniciada em dezembro de 2007, terminou em junho de 2009, de acordo com o Bureau Nacional de Pesquisa Econômica de os EUA (NBER) e a crise financeira parece ter terminado em a mesma época.",respostaDPTOIE-PY,a crise financeira,parece ter terminado,em a mesma época,3
"A recessão em os EUA, iniciada em dezembro de 2007, terminou em junho de 2009, de acordo com o Bureau Nacional de Pesquisa Econômica de os EUA (NBER) e a crise financeira parece ter terminado em a mesma época.",respostas_gpt5.5_mini,a crise financeira,parece ter terminado em,a mesma época,3
"Em um discurso de junho de 2008, o presidente e CEO de o Banco de a Reserva Federal de Nova York, Timothy Geithner - que em 2009 se tornou secretário de o Tesouro de os Estados Unidos - atribuiu uma culpa significativa a o congelamento de os mercados de crédito em uma corrida às entidades de o sistema bancário paralelo, também chamado de sistema bancário paralelo.",Claude_Sonnet5,Timothy Geithner,é,o presidente e CEO de o Banco de a Reserva Federal de Nova York,3
"Em um discurso de junho de 2008, o presidente e CEO de o Banco de a Reserva Federal de Nova York, Timothy Geithner - que em 2009 se tornou secretário de o Tesouro de os Estados Unidos - atribuiu uma culpa significativa a o congelamento de os mercados de crédito em uma corrida às entidades de o sistema bancário paralelo, também chamado de sistema bancário paralelo.",Claude_Sonnet5,o presidente e CEO de o Banco de a Reserva Federal de Nova York,atribuiu,uma culpa significativa a o congelamento de os mercados de crédito,3
"Em um discurso de junho de 2008, o presidente e CEO de o Banco de a Reserva Federal de Nova York, Timothy Geithner - que em 2009 se tornou secretário de o Tesouro de os Estados Unidos - atribuiu uma culpa significativa a o congelamento de os mercados de crédito em uma corrida às entidades de o sistema bancário paralelo, também chamado de sistema bancário paralelo.",Grok4.0Fast,Timothy Geithner,é,presidente e CEO de o Banco de a Reserva Federal de Nova York,3
"Em um discurso de junho de 2008, o presidente e CEO de o Banco de a Reserva Federal de Nova York, Timothy Geithner - que em 2009 se tornou secretário de o Tesouro de os Estados Unidos - atribuiu uma culpa significativa a o congelamento de os mercados de crédito em uma corrida às entidades de o sistema bancário paralelo, também chamado de sistema bancário paralelo.",PTOIE-Flair,o presidente e CEO de o Banco de a Reserva Federal de Nova York,atribuiu,uma culpa significativa a o congelamento de os mercados de crédito,3
"Em um discurso de junho de 2008, o presidente e CEO de o Banco de a Reserva Federal de Nova York, Timothy Geithner - que em 2009 se tornou secretário de o Tesouro de os Estados Unidos - atribuiu uma culpa significativa a o congelamento de os mercados de crédito em uma corrida às entidades de o sistema bancário paralelo, também chamado de sistema bancário paralelo.",respostas_gpt5.5_mini,Timothy Geithner,é,o presidente e CEO de o Banco de a Reserva Federal de Nova York,3
"Em um discurso de junho de 2008, o presidente e CEO de o Banco de a Reserva Federal de Nova York, Timothy Geithner - que em 2009 se tornou secretário de o Tesouro de os Estados Unidos - atribuiu uma culpa significativa a o congelamento de os mercados de crédito em uma corrida às entidades de o sistema bancário paralelo, também chamado de sistema bancário paralelo.",respostas_gpt5.5_mini,o presidente e CEO de o Banco de a Reserva Federal de Nova York,atribuiu,uma culpa significativa a o congelamento de os mercados de crédito em uma corrida às entidades de o sistema bancário paralelo,4
Sassou também venceu a seguinte eleição presidencial em julho de 2009.,Grok4.0Fast,Sassou,venceu,a seguinte eleição presidencial em julho de 2009,3
Sassou também venceu a seguinte eleição presidencial em julho de 2009.,PTOIE-Flair,Sassou,venceu,a seguinte eleição presidencial em julho de 2009,3
Sassou também venceu a seguinte eleição presidencial em julho de 2009.,respostas_gpt5.5_mini,Sassou,venceu,a seguinte eleição presidencial em julho de 2009,3
O Chefe de Justiça preside o Senado durante o julgamento de impeachment de um presidente.,Grok4.0Fast,O Chefe de Justiça,preside,o Senado durante o julgamento de impeachment de um presidente,4
O Chefe de Justiça preside o Senado durante o julgamento de impeachment de um presidente.,PTOIE-Flair,O Chefe de Justiça,preside,o Senado durante o julgamento de impeachment de um presidente,4
O Chefe de Justiça preside o Senado durante o julgamento de impeachment de um presidente.,respostaDPTOIE-PY,O Chefe de Justiça,preside,o Senado durante o julgamento de impeachment de um presidente,4
O Chefe de Justiça preside o Senado durante o julgamento de impeachment de um presidente.,respostas_gpt5.5_mini,O Chefe de Justiça,preside,o Senado durante o julgamento de impeachment de um presidente,4
"Como uma divisão dentro de a BBC, a Televisão era conhecida como BBC Vision por alguns anos em o início de o século 21, até que seu nome voltou a a Televisão em 2013.",PTOIE-Flair,a Televisão,era conhecida como,BBC Vision por alguns anos em o início de o século 21,3
"Como uma divisão dentro de a BBC, a Televisão era conhecida como BBC Vision por alguns anos em o início de o século 21, até que seu nome voltou a a Televisão em 2013.",respostaDPTOIE-PY,a Televisão,era conhecida,"Como uma divisão dentro de a BBC , como BBC Vision por alguns anos em o início de o século 21",3
"Como uma divisão dentro de a BBC, a Televisão era conhecida como BBC Vision por alguns anos em o início de o século 21, até que seu nome voltou a a Televisão em 2013.",respostas_gpt5.5_mini,a Televisão,era conhecida como,BBC Vision por alguns anos em o início de o século 21,3
"No entanto, a FlyPlymouth planeja reabrir o aeroporto de a cidade até 2018, que fornecerá serviços diários para vários destinos, incluindo Londres.",Claude_Sonnet5,a FlyPlymouth,planeja reabrir,o aeroporto de a cidade,3
"No entanto, a FlyPlymouth planeja reabrir o aeroporto de a cidade até 2018, que fornecerá serviços diários para vários destinos, incluindo Londres.",PTOIE-Flair,a FlyPlymouth,planeja reabrir,o aeroporto de a cidade até 2018,3
"No entanto, a FlyPlymouth planeja reabrir o aeroporto de a cidade até 2018, que fornecerá serviços diários para vários destinos, incluindo Londres.",respostas_gpt5.5_mini,a FlyPlymouth,planeja reabrir,o aeroporto de a cidade até 2018,3
"Como os americanos tinham uma força aérea muito maior que a União Soviética e os Estados Unidos mantinham bases aéreas avançadas perto de o território soviético, em 1947 Stalin ordenou o desenvolvimento de mísseis balísticos intercontinentais (ICBMs) para combater a ameaça americana percebida.",Claude_Sonnet5,os americanos,tinham,uma força aérea muito maior que a União Soviética,4
"Como os americanos tinham uma força aérea muito maior que a União Soviética e os Estados Unidos mantinham bases aéreas avançadas perto de o território soviético, em 1947 Stalin ordenou o desenvolvimento de mísseis balísticos intercontinentais (ICBMs) para combater a ameaça americana percebida.",Claude_Sonnet5,Stalin,ordenou,o desenvolvimento de mísseis balísticos intercontinentais (ICBMs),4
"Como os americanos tinham uma força aérea muito maior que a União Soviética e os Estados Unidos mantinham bases aéreas avançadas perto de o território soviético, em 1947 Stalin ordenou o desenvolvimento de mísseis balísticos intercontinentais (ICBMs) para combater a ameaça americana percebida.",Grok4.0Fast,Stalin,ordenou,o desenvolvimento de mísseis balísticos intercontinentais (ICBMs) em 1947,4
"Como os americanos tinham uma força aérea muito maior que a União Soviética e os Estados Unidos mantinham bases aéreas avançadas perto de o território soviético, em 1947 Stalin ordenou o desenvolvimento de mísseis balísticos intercontinentais (ICBMs) para combater a ameaça americana percebida.",PTOIE-Flair,os americanos,tinham,uma força aérea muito maior,4
"Como os americanos tinham uma força aérea muito maior que a União Soviética e os Estados Unidos mantinham bases aéreas avançadas perto de o território soviético, em 1947 Stalin ordenou o desenvolvimento de mísseis balísticos intercontinentais (ICBMs) para combater a ameaça americana percebida.",respostaDPTOIE-PY,os americanos,tinham,uma força aérea muito maior,4
"Como os americanos tinham uma força aérea muito maior que a União Soviética e os Estados Unidos mantinham bases aéreas avançadas perto de o território soviético, em 1947 Stalin ordenou o desenvolvimento de mísseis balísticos intercontinentais (ICBMs) para combater a ameaça americana percebida.",respostaDPTOIE-PY,Stalin,ordenou,em 1947 o desenvolvimento de mísseis balísticos intercontinentais ( ICBMs ),3
"Como os americanos tinham uma força aérea muito maior que a União Soviética e os Estados Unidos mantinham bases aéreas avançadas perto de o território soviético, em 1947 Stalin ordenou o desenvolvimento de mísseis balísticos intercontinentais (ICBMs) para combater a ameaça americana percebida.",respostas_gpt5.5_mini,os americanos,tinham,uma força aérea muito maior que a União Soviética,4
"Como os americanos tinham uma força aérea muito maior que a União Soviética e os Estados Unidos mantinham bases aéreas avançadas perto de o território soviético, em 1947 Stalin ordenou o desenvolvimento de mísseis balísticos intercontinentais (ICBMs) para combater a ameaça americana percebida.",respostas_gpt5.5_mini,Stalin,ordenou,o desenvolvimento de mísseis balísticos intercontinentais (ICBMs) para combater a ameaça americana percebida,3
"O pub mais alto de o Reino Unido é o Tan Hill Inn, Yorkshire, a 528 m acima de o nível de o mar.",Grok4.0Fast,O pub mais alto de o Reino Unido,é,"o Tan Hill Inn, Yorkshire, a 528 m acima de o nível de o mar",3
"O pub mais alto de o Reino Unido é o Tan Hill Inn, Yorkshire, a 528 m acima de o nível de o mar.",respostaDPTOIE-PY,O pub mais alto de o Reino Unido,é,"o Tan Hill Inn , Yorkshire , a 528 m acima de o nível de o mar",3
"O pub mais alto de o Reino Unido é o Tan Hill Inn, Yorkshire, a 528 m acima de o nível de o mar.",respostas_gpt5.5_mini,O pub mais alto de o Reino Unido,é,"o Tan Hill Inn, Yorkshire, a 528 m acima de o nível de o mar",3
"O executivo de a RCA Victor Records, Ted Wallerstein, convenceu o chefe de a CBS William S. Paley a comprar a ARC e Paley fez de Wallerstein o chefe de a recém-adquirida gravadora.",Claude_Sonnet5,Ted Wallerstein,é,O executivo de a RCA Victor Records,3
"O executivo de a RCA Victor Records, Ted Wallerstein, convenceu o chefe de a CBS William S. Paley a comprar a ARC e Paley fez de Wallerstein o chefe de a recém-adquirida gravadora.",Claude_Sonnet5,O executivo de a RCA Victor Records,convenceu,o chefe de a CBS William S. Paley,4
"O executivo de a RCA Victor Records, Ted Wallerstein, convenceu o chefe de a CBS William S. Paley a comprar a ARC e Paley fez de Wallerstein o chefe de a recém-adquirida gravadora.",Claude_Sonnet5,Ted Wallerstein,convenceu,o chefe de a CBS William S. Paley,3
"O executivo de a RCA Victor Records, Ted Wallerstein, convenceu o chefe de a CBS William S. Paley a comprar a ARC e Paley fez de Wallerstein o chefe de a recém-adquirida gravadora.",Grok4.0Fast,Ted Wallerstein,é,O executivo de a RCA Victor Records,3
"O executivo de a RCA Victor Records, Ted Wallerstein, convenceu o chefe de a CBS William S. Paley a comprar a ARC e Paley fez de Wallerstein o chefe de a recém-adquirida gravadora.",Grok4.0Fast,Ted Wallerstein,convenceu,o chefe de a CBS William S. Paley a comprar a ARC,3
"O executivo de a RCA Victor Records, Ted Wallerstein, convenceu o chefe de a CBS William S. Paley a comprar a ARC e Paley fez de Wallerstein o chefe de a recém-adquirida gravadora.",PTOIE-Flair,O executivo de a RCA Victor Records,convenceu,o chefe de a CBS William S. Paley,4
"O executivo de a RCA Victor Records, Ted Wallerstein, convenceu o chefe de a CBS William S. Paley a comprar a ARC e Paley fez de Wallerstein o chefe de a recém-adquirida gravadora.",respostaDPTOIE-PY,"O executivo de a RCA Victor Records , Ted Wallerstein",convenceu,o chefe de a CBS William S. Paley comprar a ARC,4
"O executivo de a RCA Victor Records, Ted Wallerstein, convenceu o chefe de a CBS William S. Paley a comprar a ARC e Paley fez de Wallerstein o chefe de a recém-adquirida gravadora.",respostas_gpt5.5_mini,O executivo de a RCA Victor Records,convenceu,o chefe de a CBS William S. Paley a comprar a ARC,4
"O executivo de a RCA Victor Records, Ted Wallerstein, convenceu o chefe de a CBS William S. Paley a comprar a ARC e Paley fez de Wallerstein o chefe de a recém-adquirida gravadora.",respostas_gpt5.5_mini,Ted Wallerstein,é,O executivo de a RCA Victor Records,3
"O executivo de a RCA Victor Records, Ted Wallerstein, convenceu o chefe de a CBS William S. Paley a comprar a ARC e Paley fez de Wallerstein o chefe de a recém-adquirida gravadora.",respostas_gpt5.5_mini,Ted Wallerstein,convenceu,o chefe de a CBS William S. Paley a comprar a ARC,3
"A Universal possuía os direitos de o personagem Oswald, o Coelho de a Sorte, embora Walt Disney e Ub Iwerks tivessem criado Oswald, e seus filmes tivessem desfrutado de uma exibição teatral de sucesso.",Claude_Sonnet5,A Universal,possuía,"os direitos de o personagem Oswald, o Coelho de a Sorte",5
"A Universal possuía os direitos de o personagem Oswald, o Coelho de a Sorte, embora Walt Disney e Ub Iwerks tivessem criado Oswald, e seus filmes tivessem desfrutado de uma exibição teatral de sucesso.",Claude_Sonnet5,seus filmes,tivessem desfrutado,de uma exibição teatral de sucesso,3
"A Universal possuía os direitos de o personagem Oswald, o Coelho de a Sorte, embora Walt Disney e Ub Iwerks tivessem criado Oswald, e seus filmes tivessem desfrutado de uma exibição teatral de sucesso.",Grok4.0Fast,A Universal,possuía,"os direitos de o personagem Oswald, o Coelho de a Sorte",5
"A Universal possuía os direitos de o personagem Oswald, o Coelho de a Sorte, embora Walt Disney e Ub Iwerks tivessem criado Oswald, e seus filmes tivessem desfrutado de uma exibição teatral de sucesso.",PTOIE-Flair,A Universal,possuía,os direitos de o personagem Oswald,5
"A Universal possuía os direitos de o personagem Oswald, o Coelho de a Sorte, embora Walt Disney e Ub Iwerks tivessem criado Oswald, e seus filmes tivessem desfrutado de uma exibição teatral de sucesso.",respostaDPTOIE-PY,A Universal,possuía,"os direitos de o personagem Oswald , o Coelho de a Sorte",5
"A Universal possuía os direitos de o personagem Oswald, o Coelho de a Sorte, embora Walt Disney e Ub Iwerks tivessem criado Oswald, e seus filmes tivessem desfrutado de uma exibição teatral de sucesso.",respostaDPTOIE-PY,seus filmes,tivessem desfrutado,de uma exibição teatral de sucesso,3
"A Universal possuía os direitos de o personagem Oswald, o Coelho de a Sorte, embora Walt Disney e Ub Iwerks tivessem criado Oswald, e seus filmes tivessem desfrutado de uma exibição teatral de sucesso.",respostas_gpt5.5_mini,A Universal,possuía,"os direitos de o personagem Oswald, o Coelho de a Sorte",5
"A Universal possuía os direitos de o personagem Oswald, o Coelho de a Sorte, embora Walt Disney e Ub Iwerks tivessem criado Oswald, e seus filmes tivessem desfrutado de uma exibição teatral de sucesso.",respostas_gpt5.5_mini,seus filmes,tivessem desfrutado de,uma exibição teatral de sucesso,3
"A cantora adolescente Deanna Durbin estrelou o primeiro filme americano de Pasternak, Three Smart Girls (1936).",Claude_Sonnet5,A cantora adolescente Deanna Durbin,estrelou,"o primeiro filme americano de Pasternak, Three Smart Girls (1936)",3
"A cantora adolescente Deanna Durbin estrelou o primeiro filme americano de Pasternak, Three Smart Girls (1936).",respostaDPTOIE-PY,A cantora adolescente Deanna Durbin,estrelou,"o primeiro filme americano de Pasternak , Three Smart Girls ( 1936 )",3
"A cantora adolescente Deanna Durbin estrelou o primeiro filme americano de Pasternak, Three Smart Girls (1936).",respostas_gpt5.5_mini,A cantora adolescente Deanna Durbin,estrelou,"o primeiro filme americano de Pasternak, Three Smart Girls (1936)",3
"Alexander Bell nasceu em Edimburgo, Escócia, em 3 de março de 1847.",Claude_Sonnet5,Alexander Bell,nasceu,"em Edimburgo, Escócia, em 3 de março de 1847",3
"Alexander Bell nasceu em Edimburgo, Escócia, em 3 de março de 1847.",Grok4.0Fast,Alexander Bell,nasceu,"em Edimburgo, Escócia, em 3 de março de 1847",3
"Alexander Bell nasceu em Edimburgo, Escócia, em 3 de março de 1847.",respostaDPTOIE-PY,Alexander Bell,nasceu,"em Edimburgo , Escócia , em 3 de março de 1847",3
"Em 1865, quando a família Bell se mudou para Londres, Bell retornou a Weston House como assistente de mestre e, em suas horas vagas, continuou as experiências sonoras com o mínimo de equipamento de laboratório.",Claude_Sonnet5,Bell,retornou,a Weston House como assistente de mestre,3
"Em 1865, quando a família Bell se mudou para Londres, Bell retornou a Weston House como assistente de mestre e, em suas horas vagas, continuou as experiências sonoras com o mínimo de equipamento de laboratório.",Grok4.0Fast,Bell,retornou,a Weston House como assistente de mestre,3
"Em 1865, quando a família Bell se mudou para Londres, Bell retornou a Weston House como assistente de mestre e, em suas horas vagas, continuou as experiências sonoras com o mínimo de equipamento de laboratório.",respostaDPTOIE-PY,Bell,retornou,"Em 1865 , a Weston House como assistente de mestre",3
"No entanto, em maio de 1870, Melville morreu de complicações devido a a tuberculose, causando uma crise familiar.",Claude_Sonnet5,Melville,morreu,de complicações devido a a tuberculose,3
"No entanto, em maio de 1870, Melville morreu de complicações devido a a tuberculose, causando uma crise familiar.",Grok4.0Fast,Melville,morreu,de complicações devido a a tuberculose,3
"No entanto, em maio de 1870, Melville morreu de complicações devido a a tuberculose, causando uma crise familiar.",respostaDPTOIE-PY,Melville,morreu,"em maio de 1870 , de complicações devido a a tuberculose",3
"Em 10 de novembro de 2014, o presidente Barack Obama recomendou que a FCC reclassificasse o serviço de Internet de banda larga como um serviço de telecomunicações, a fim de preservar a neutralidade de a rede.",Claude_Sonnet5,a FCC,reclassificasse,o serviço de Internet de banda larga como um serviço de telecomunicações,4
"Em 10 de novembro de 2014, o presidente Barack Obama recomendou que a FCC reclassificasse o serviço de Internet de banda larga como um serviço de telecomunicações, a fim de preservar a neutralidade de a rede.",PTOIE-Flair,a FCC,reclassificasse,o serviço de Internet de banda larga como um serviço de telecomunicações,4
"Em 10 de novembro de 2014, o presidente Barack Obama recomendou que a FCC reclassificasse o serviço de Internet de banda larga como um serviço de telecomunicações, a fim de preservar a neutralidade de a rede.",respostaDPTOIE-PY,a FCC,reclassificasse,o serviço de Internet de banda larga como um serviço de telecomunicações,4
"Em 10 de novembro de 2014, o presidente Barack Obama recomendou que a FCC reclassificasse o serviço de Internet de banda larga como um serviço de telecomunicações, a fim de preservar a neutralidade de a rede.",respostas_gpt5.5_mini,a FCC,reclassificasse,o serviço de Internet de banda larga como um serviço de telecomunicações,4
"Em 26 de fevereiro de 2015, a FCC decidiu a favor de a neutralidade de a rede, adotando o Título II (operadora comum) de a Lei de Comunicações de 1934 e a Seção 706 de a Lei de Telecomunicações de 1996 em a Internet.",Claude_Sonnet5,a FCC,decidiu,a favor de a neutralidade de a rede,3
"Em 26 de fevereiro de 2015, a FCC decidiu a favor de a neutralidade de a rede, adotando o Título II (operadora comum) de a Lei de Comunicações de 1934 e a Seção 706 de a Lei de Telecomunicações de 1996 em a Internet.",Grok4.0Fast,a FCC,decidiu,a favor de a neutralidade de a rede,3
"Em 26 de fevereiro de 2015, a FCC decidiu a favor de a neutralidade de a rede, adotando o Título II (operadora comum) de a Lei de Comunicações de 1934 e a Seção 706 de a Lei de Telecomunicações de 1996 em a Internet.",PTOIE-Flair,a FCC,decidiu,a favor de a neutralidade de a rede,3
"Em 1840, Santa Helena tornou-se uma estação de abastecimento de o Esquadrão Britânico de a África Ocidental, impedindo a escravidão em o Brasil (principalmente), e muitos milhares de escravos foram libertados em a ilha.",Claude_Sonnet5,muitos milhares de escravos,foram libertados em,a ilha,3
"Em 1840, Santa Helena tornou-se uma estação de abastecimento de o Esquadrão Britânico de a África Ocidental, impedindo a escravidão em o Brasil (principalmente), e muitos milhares de escravos foram libertados em a ilha.",respostaDPTOIE-PY,muitos milhares de escravos,foram libertados,em a ilha,3
"Em 1840, Santa Helena tornou-se uma estação de abastecimento de o Esquadrão Britânico de a África Ocidental, impedindo a escravidão em o Brasil (principalmente), e muitos milhares de escravos foram libertados em a ilha.",respostas_gpt5.5_mini,muitos milhares de escravos,foram libertados,em a ilha,3
A Rádio comunitária Saint FM assumiu os canais de rádio desocupados por a Saint FM e foi lançada em 10 de março de 2013.,Claude_Sonnet5,A Rádio comunitária Saint FM,foi lançada em,10 de março de 2013,3
A Rádio comunitária Saint FM assumiu os canais de rádio desocupados por a Saint FM e foi lançada em 10 de março de 2013.,Grok4.0Fast,A Rádio comunitária Saint FM,foi lançada,em 10 de março de 2013,3
A Rádio comunitária Saint FM assumiu os canais de rádio desocupados por a Saint FM e foi lançada em 10 de março de 2013.,respostas_gpt5.5_mini,A Rádio comunitária Saint FM,foi lançada,em 10 de março de 2013,3
"Em Wahgi, as consoantes são aspiradas apenas em a posição final.",Grok4.0Fast,as consoantes,são aspiradas,apenas em a posição final,4
"Em Wahgi, as consoantes são aspiradas apenas em a posição final.",PTOIE-Flair,as consoantes,são aspiradas,em a posição final,4
"Em Wahgi, as consoantes são aspiradas apenas em a posição final.",respostaDPTOIE-PY,as consoantes,são aspiradas,"Em Wahgi , apenas em a posição final",4
"Em Wahgi, as consoantes são aspiradas apenas em a posição final.",respostas_gpt5.5_mini,as consoantes,são aspiradas,apenas em a posição final,4
Maxwell observou que a capacidade térmica específica de o H2 se afasta inexplicavelmente de a de um gás diatômico abaixo de a temperatura ambiente e começa a se assemelhar cada vez mais a a de um gás monatômico a temperaturas criogênicas.,Claude_Sonnet5,Maxwell,observou,que a capacidade térmica específica de o H2 se afasta inexplicavelmente de a de um gás diatômico abaixo de a temperatura ambiente,3
Maxwell observou que a capacidade térmica específica de o H2 se afasta inexplicavelmente de a de um gás diatômico abaixo de a temperatura ambiente e começa a se assemelhar cada vez mais a a de um gás monatômico a temperaturas criogênicas.,Grok4.0Fast,Maxwell,observou,que a capacidade térmica específica de o H2 se afasta inexplicavelmente de a de um gás diatômico,3
Maxwell observou que a capacidade térmica específica de o H2 se afasta inexplicavelmente de a de um gás diatômico abaixo de a temperatura ambiente e começa a se assemelhar cada vez mais a a de um gás monatômico a temperaturas criogênicas.,respostas_gpt5.5_mini,Maxwell,observou,que a capacidade térmica específica de o H2 se afasta inexplicavelmente de a de um gás diatômico abaixo de a temperatura ambiente e começa a se assemelhar cada vez mais a a de um gás monatômico a temperaturas criogênicas,3
"Andreessen, líder de a equipe Mosaic em o Centro Nacional de Aplicações de Supercomputação (NCSA), logo fundou sua própria empresa, chamada Netscape, e lançou o Netscape Navigator, influenciado por o Mosaic, em 1994, que rapidamente se tornou o navegador mais popular de o mundo, respondendo por 90 % de todo o uso de a Web em o auge (consulte a participação de navegadores em a Web).",Claude_Sonnet5,Andreessen,é,líder de a equipe Mosaic em o Centro Nacional de Aplicações de Supercomputação (NCSA),3
"Andreessen, líder de a equipe Mosaic em o Centro Nacional de Aplicações de Supercomputação (NCSA), logo fundou sua própria empresa, chamada Netscape, e lançou o Netscape Navigator, influenciado por o Mosaic, em 1994, que rapidamente se tornou o navegador mais popular de o mundo, respondendo por 90 % de todo o uso de a Web em o auge (consulte a participação de navegadores em a Web).",Grok4.0Fast,Andreessen,é,líder de a equipe Mosaic em o Centro Nacional de Aplicações de Supercomputação (NCSA),3
"Andreessen, líder de a equipe Mosaic em o Centro Nacional de Aplicações de Supercomputação (NCSA), logo fundou sua própria empresa, chamada Netscape, e lançou o Netscape Navigator, influenciado por o Mosaic, em 1994, que rapidamente se tornou o navegador mais popular de o mundo, respondendo por 90 % de todo o uso de a Web em o auge (consulte a participação de navegadores em a Web).",respostas_gpt5.5_mini,Andreessen,é,líder de a equipe Mosaic em o Centro Nacional de Aplicações de Supercomputação (NCSA),3
"O rio Charles separa Boston de Watertown e a maioria de Cambridge, e a massa de Boston de seu próprio bairro de Charlestown.",PTOIE-Flair,O rio Charles,separa,"Boston de Watertown e a maioria de Cambridge, e a massa de Boston de seu próprio bairro de Charlestown",3
"O rio Charles separa Boston de Watertown e a maioria de Cambridge, e a massa de Boston de seu próprio bairro de Charlestown.",respostaDPTOIE-PY,O rio Charles,separa,"Boston de Watertown e a maioria de Cambridge , e a massa de Boston de seu próprio bairro de Charlestown",3
"O rio Charles separa Boston de Watertown e a maioria de Cambridge, e a massa de Boston de seu próprio bairro de Charlestown.",respostas_gpt5.5_mini,O rio Charles,separa,a massa de Boston de seu próprio bairro de Charlestown,3
"A órbita de o Compass-M1 é quase circular, tem uma altitude de 21.150 km e uma inclinação de 55,5 graus.",Claude_Sonnet5,A órbita de o Compass-M1,tem,uma altitude de 21.150 km,3
"A órbita de o Compass-M1 é quase circular, tem uma altitude de 21.150 km e uma inclinação de 55,5 graus.",Claude_Sonnet5,A órbita de o Compass-M1,tem,"uma inclinação de 55,5 graus",3
"A órbita de o Compass-M1 é quase circular, tem uma altitude de 21.150 km e uma inclinação de 55,5 graus.",PTOIE-Flair,A órbita de o Compass-M1,tem,"uma altitude de 21.150 km e uma inclinação de 55,5 graus",3
"A órbita de o Compass-M1 é quase circular, tem uma altitude de 21.150 km e uma inclinação de 55,5 graus.",respostas_gpt5.5_mini,A órbita de o Compass-M1,tem,uma altitude de 21.150 km,3
"A órbita de o Compass-M1 é quase circular, tem uma altitude de 21.150 km e uma inclinação de 55,5 graus.",respostas_gpt5.5_mini,A órbita de o Compass-M1,tem,"uma inclinação de 55,5 graus",3
"Uma definição operacional ampla às vezes é usada para abranger a complexidade desses fenômenos diversos, onde um gene é definido como uma união de sequências genômicas que codificam um conjunto coerente de produtos funcionais potencialmente sobrepostos.",Claude_Sonnet5,um gene,é definido como,uma união de sequências genômicas que codificam um conjunto coerente de produtos funcionais potencialmente sobrepostos,3
"Uma definição operacional ampla às vezes é usada para abranger a complexidade desses fenômenos diversos, onde um gene é definido como uma união de sequências genômicas que codificam um conjunto coerente de produtos funcionais potencialmente sobrepostos.",respostaDPTOIE-PY,um gene,é definido,onde como uma união de sequências genômicas codificam um conjunto coerente de produtos funcionais potencialmente sobrepostos,3
"Uma definição operacional ampla às vezes é usada para abranger a complexidade desses fenômenos diversos, onde um gene é definido como uma união de sequências genômicas que codificam um conjunto coerente de produtos funcionais potencialmente sobrepostos.",respostas_gpt5.5_mini,um gene,é definido como,uma união de sequências genômicas que codificam um conjunto coerente de produtos funcionais potencialmente sobrepostos,3
"O início de a década de 1990 marcou o abrandamento de o R&B urbano, a o mesmo tempo em que o rock alternativo surgiu e o pop tradicional teve um ressurgimento significativo.",Claude_Sonnet5,o pop tradicional,teve,um ressurgimento significativo,3
"O início de a década de 1990 marcou o abrandamento de o R&B urbano, a o mesmo tempo em que o rock alternativo surgiu e o pop tradicional teve um ressurgimento significativo.",respostaDPTOIE-PY,o pop tradicional,teve,um ressurgimento significativo,3
"O início de a década de 1990 marcou o abrandamento de o R&B urbano, a o mesmo tempo em que o rock alternativo surgiu e o pop tradicional teve um ressurgimento significativo.",respostas_gpt5.5_mini,o pop tradicional,teve,um ressurgimento significativo,3
"A Abadia de Westminster, formalmente denominada Igreja Colegiada de São Pedro em Westminster, é uma grande igreja de a abadia, principalmente gótica, em a Cidade de Westminster, Londres, localizada a oeste de o Palácio de Westminster.",Claude_Sonnet5,A Abadia de Westminster,é,"uma grande igreja de a abadia, principalmente gótica, em a Cidade de Westminster, Londres",3
"A Abadia de Westminster, formalmente denominada Igreja Colegiada de São Pedro em Westminster, é uma grande igreja de a abadia, principalmente gótica, em a Cidade de Westminster, Londres, localizada a oeste de o Palácio de Westminster.",respostaDPTOIE-PY,A Abadia de Westminster,é,"uma grande igreja de a abadia , principalmente gótica , em a Cidade de Westminster , Londres , localizada a oeste de o Palácio de Westminster",3
"A Abadia de Westminster, formalmente denominada Igreja Colegiada de São Pedro em Westminster, é uma grande igreja de a abadia, principalmente gótica, em a Cidade de Westminster, Londres, localizada a oeste de o Palácio de Westminster.",respostas_gpt5.5_mini,A Abadia de Westminster,é,"uma grande igreja de a abadia, principalmente gótica, em a Cidade de Westminster, Londres",3
"Hoje, com uma longa tradição cultural e forte apoio de instituições educacionais locais, Nanjing é comumente vista como uma cidade de a cultura e uma de as cidades mais agradáveis para se viver em a China.",Claude_Sonnet5,Nanjing,é comumente vista como,uma de as cidades mais agradáveis para se viver em a China,3
"Hoje, com uma longa tradição cultural e forte apoio de instituições educacionais locais, Nanjing é comumente vista como uma cidade de a cultura e uma de as cidades mais agradáveis para se viver em a China.",PTOIE-Flair,Nanjing,é comumente vista,como uma cidade de a cultura e uma de as cidades mais agradáveis,3
"Hoje, com uma longa tradição cultural e forte apoio de instituições educacionais locais, Nanjing é comumente vista como uma cidade de a cultura e uma de as cidades mais agradáveis para se viver em a China.",respostas_gpt5.5_mini,Nanjing,é comumente vista como,uma de as cidades mais agradáveis para se viver em a China,3
"E as pessoas são até chamadas de Nanjing rabanete grande, o que significa que não são sofisticadas, apaixonadas e conservadoras.",Claude_Sonnet5,as pessoas,são até chamadas de,Nanjing rabanete grande,4
"E as pessoas são até chamadas de Nanjing rabanete grande, o que significa que não são sofisticadas, apaixonadas e conservadoras.",Grok4.0Fast,as pessoas,são chamadas de,Nanjing rabanete grande,5
"E as pessoas são até chamadas de Nanjing rabanete grande, o que significa que não são sofisticadas, apaixonadas e conservadoras.",PTOIE-Flair,as pessoas,são até chamadas de,Nanjing rabanete grande,4
"E as pessoas são até chamadas de Nanjing rabanete grande, o que significa que não são sofisticadas, apaixonadas e conservadoras.",respostas_gpt5.5_mini,as pessoas,são até chamadas de,Nanjing rabanete grande,4
"Berna também é a capital de o Cantão de Berna, o segundo mais populoso de os cantões de a Suíça.",Grok4.0Fast,Berna,é,a capital de o Cantão de Berna,3
"Berna também é a capital de o Cantão de Berna, o segundo mais populoso de os cantões de a Suíça.",PTOIE-Flair,Berna,é,a capital de o Cantão de Berna,3
"Berna também é a capital de o Cantão de Berna, o segundo mais populoso de os cantões de a Suíça.",respostas_gpt5.5_mini,Berna,é,a capital de o Cantão de Berna,3
"Em 16 de março de 2011, o cargueiro MS Oliva encalhou em a Ilha Nightingale, derramando toneladas de óleo combustível pesado em o oceano, deixando uma mancha de óleo ameaçando a população de a ilha de pinguins rockhopper.",Claude_Sonnet5,o cargueiro MS Oliva,encalhou,em a Ilha Nightingale,3
"Em 16 de março de 2011, o cargueiro MS Oliva encalhou em a Ilha Nightingale, derramando toneladas de óleo combustível pesado em o oceano, deixando uma mancha de óleo ameaçando a população de a ilha de pinguins rockhopper.",Grok4.0Fast,o cargueiro MS Oliva,encalhou,em a Ilha Nightingale,3
"Em 16 de março de 2011, o cargueiro MS Oliva encalhou em a Ilha Nightingale, derramando toneladas de óleo combustível pesado em o oceano, deixando uma mancha de óleo ameaçando a população de a ilha de pinguins rockhopper.",respostas_gpt5.5_mini,o cargueiro MS Oliva,encalhou,em a Ilha Nightingale,3
"A Ilha Nightingale não tem água fresca, então os pingüins foram transportados para Tristão de a Cunha para limpeza.",Claude_Sonnet5,os pingüins,foram transportados,para Tristão de a Cunha para limpeza,3
"A Ilha Nightingale não tem água fresca, então os pingüins foram transportados para Tristão de a Cunha para limpeza.",respostaDPTOIE-PY,os pingüins,foram transportados,então para Tristão de a Cunha para limpeza,3
"A Ilha Nightingale não tem água fresca, então os pingüins foram transportados para Tristão de a Cunha para limpeza.",respostas_gpt5.5_mini,os pingüins,foram transportados para,Tristão de a Cunha,3
"Durante a Segunda Guerra Mundial, o Kansas foi uma de as 131 faculdades e universidades nacionais que participaram de o Programa de Treinamento V-12 Navy College, que ofereceu a os alunos o caminho para uma comissão de a Marinha.",Claude_Sonnet5,o Kansas,foi,uma de as 131 faculdades e universidades nacionais,3
"Durante a Segunda Guerra Mundial, o Kansas foi uma de as 131 faculdades e universidades nacionais que participaram de o Programa de Treinamento V-12 Navy College, que ofereceu a os alunos o caminho para uma comissão de a Marinha.",Grok4.0Fast,o Kansas,foi,uma de as 131 faculdades e universidades nacionais,3
"Durante a Segunda Guerra Mundial, o Kansas foi uma de as 131 faculdades e universidades nacionais que participaram de o Programa de Treinamento V-12 Navy College, que ofereceu a os alunos o caminho para uma comissão de a Marinha.",respostas_gpt5.5_mini,o Kansas,foi,uma de as 131 faculdades e universidades nacionais,3
"A Escola de Negócios de a Universidade de o Kansas é uma escola pública de negócios localizada em o campus principal de a Universidade de o Kansas em Lawrence, Kansas.",Claude_Sonnet5,A Escola de Negócios de a Universidade de o Kansas,é,"uma escola pública de negócios localizada em o campus principal de a Universidade de o Kansas em Lawrence, Kansas",4
"A Escola de Negócios de a Universidade de o Kansas é uma escola pública de negócios localizada em o campus principal de a Universidade de o Kansas em Lawrence, Kansas.",Grok4.0Fast,A Escola de Negócios de a Universidade de o Kansas,é,uma escola pública de negócios localizada em o campus principal de a Universidade de o Kansas,4
"A Escola de Negócios de a Universidade de o Kansas é uma escola pública de negócios localizada em o campus principal de a Universidade de o Kansas em Lawrence, Kansas.",respostaDPTOIE-PY,A Escola de Negócios de a Universidade de o Kansas,é,"uma escola pública de negócios localizada em o campus principal de a Universidade de o Kansas em Lawrence , Kansas",4
"A Escola de Negócios de a Universidade de o Kansas é uma escola pública de negócios localizada em o campus principal de a Universidade de o Kansas em Lawrence, Kansas.",respostas_gpt5.5_mini,A Escola de Negócios de a Universidade de o Kansas,é,"uma escola pública de negócios localizada em o campus principal de a Universidade de o Kansas em Lawrence, Kansas",4
A KU Endowment foi fundada em 1891 como a primeira fundação de a América para uma universidade pública,Claude_Sonnet5,A KU Endowment,foi fundada como,a primeira fundação de a América para uma universidade pública,5
A KU Endowment foi fundada em 1891 como a primeira fundação de a América para uma universidade pública,Grok4.0Fast,A KU Endowment,foi fundada,em 1891 como a primeira fundação de a América para uma universidade pública,5
A KU Endowment foi fundada em 1891 como a primeira fundação de a América para uma universidade pública,PTOIE-Flair,A KU Endowment,foi fundada em,1891 como a primeira fundação de a América para uma universidade pública,5
A KU Endowment foi fundada em 1891 como a primeira fundação de a América para uma universidade pública,respostaDPTOIE-PY,A KU Endowment,foi fundada,em 1891 como a primeira fundação de a América para uma universidade pública,5
A KU Endowment foi fundada em 1891 como a primeira fundação de a América para uma universidade pública,respostas_gpt5.5_mini,A KU Endowment,foi fundada,em 1891 como a primeira fundação de a América para uma universidade pública,5
Algumas formas de corrupção - agora chamadas de corrupção institucional - são diferenciadas de suborno e outros tipos de óbvios ganhos pessoais.,Claude_Sonnet5,Algumas formas de corrupção,são diferenciadas de,outros tipos de óbvios ganhos pessoais,4
Algumas formas de corrupção - agora chamadas de corrupção institucional - são diferenciadas de suborno e outros tipos de óbvios ganhos pessoais.,Grok4.0Fast,Algumas formas de corrupção,são diferenciadas de,suborno e outros tipos de óbvios ganhos pessoais,4
Algumas formas de corrupção - agora chamadas de corrupção institucional - são diferenciadas de suborno e outros tipos de óbvios ganhos pessoais.,respostaDPTOIE-PY,Algumas formas de corrupção,são diferenciadas,de suborno e outros tipos de óbvios ganhos pessoais,4
Algumas formas de corrupção - agora chamadas de corrupção institucional - são diferenciadas de suborno e outros tipos de óbvios ganhos pessoais.,respostas_gpt5.5_mini,Algumas formas de corrupção,são diferenciadas de,outros tipos de óbvios ganhos pessoais,4
"Menander Protector menciona um Daurentius (577-579) que matou um enviado avar de Khagan Bayan I. Os ávaros pediram a os eslavos que aceitassem a soberania de os ávaros, mas ele recusou e é relatado como dizendo Outros não conquistam nossa terra, conquistamos os deles - assim será sempre para nós",Claude_Sonnet5,Menander Protector,menciona,um Daurentius (577-579),3
"Menander Protector menciona um Daurentius (577-579) que matou um enviado avar de Khagan Bayan I. Os ávaros pediram a os eslavos que aceitassem a soberania de os ávaros, mas ele recusou e é relatado como dizendo Outros não conquistam nossa terra, conquistamos os deles - assim será sempre para nós",Grok4.0Fast,Menander Protector,menciona,um Daurentius (577-579),3
"Menander Protector menciona um Daurentius (577-579) que matou um enviado avar de Khagan Bayan I. Os ávaros pediram a os eslavos que aceitassem a soberania de os ávaros, mas ele recusou e é relatado como dizendo Outros não conquistam nossa terra, conquistamos os deles - assim será sempre para nós",PTOIE-Flair,Menander Protector,menciona,um Daurentius,3
"Josip Broz nasceu em 7 de maio de 1892 em Kumrovec, em a região croata de Hrvatsko Zagorje, em a Áustria-Hungria.",Claude_Sonnet5,Josip Broz,nasceu em,a região croata de Hrvatsko Zagorje,3
"Josip Broz nasceu em 7 de maio de 1892 em Kumrovec, em a região croata de Hrvatsko Zagorje, em a Áustria-Hungria.",PTOIE-Flair,Josip Broz,nasceu em,"7 de maio de 1892 em Kumrovec, em a região croata de Hrvatsko Zagorje",3
"Josip Broz nasceu em 7 de maio de 1892 em Kumrovec, em a região croata de Hrvatsko Zagorje, em a Áustria-Hungria.",respostas_gpt5.5_mini,Josip Broz,nasceu em,"Kumrovec, em a região croata de Hrvatsko Zagorje, em a Áustria-Hungria",3
"Em 1936, quando Tito ficou em o Hotel Lux, em Moscou, conheceu a camarada austríaca Lucia Bauer.",Claude_Sonnet5,Tito,conheceu,a camarada austríaca Lucia Bauer,3
"Em 1936, quando Tito ficou em o Hotel Lux, em Moscou, conheceu a camarada austríaca Lucia Bauer.",Grok4.0Fast,Tito,conheceu,a camarada austríaca Lucia Bauer,3
"Em 1936, quando Tito ficou em o Hotel Lux, em Moscou, conheceu a camarada austríaca Lucia Bauer.",respostas_gpt5.5_mini,Tito,conheceu,a camarada austríaca Lucia Bauer,3
"Tito tinha apenas 59 anos, quando ela tinha 27 anos, quando finalmente se casaram em abril de 1952, com o chefe de segurança de o estado Aleksandar Ranković como padrinho.",Claude_Sonnet5,ela,tinha,27 anos,3
"Tito tinha apenas 59 anos, quando ela tinha 27 anos, quando finalmente se casaram em abril de 1952, com o chefe de segurança de o estado Aleksandar Ranković como padrinho.",respostaDPTOIE-PY,ela,tinha,quando 27 anos,3
"Tito tinha apenas 59 anos, quando ela tinha 27 anos, quando finalmente se casaram em abril de 1952, com o chefe de segurança de o estado Aleksandar Ranković como padrinho.",respostas_gpt5.5_mini,ela,tinha,27 anos,3
"No livro 8, Enéias se alia a o rei Evander, que ocupa o futuro local de Roma, e recebe novas armaduras e um escudo representando a história romana.",Claude_Sonnet5,o rei Evander,ocupa,o futuro local de Roma,3
"No livro 8, Enéias se alia a o rei Evander, que ocupa o futuro local de Roma, e recebe novas armaduras e um escudo representando a história romana.",PTOIE-Flair,o rei Evander,ocupa,o futuro local de Roma,3
"No livro 8, Enéias se alia a o rei Evander, que ocupa o futuro local de Roma, e recebe novas armaduras e um escudo representando a história romana.",respostas_gpt5.5_mini,o rei Evander,ocupa,o futuro local de Roma,3
"A estrutura de o nappe de fundo é de origem européia continental, sobre a qual são empilhados nappes de sedimentos marinhos, rematados por nappes derivados de a chapa africana",Grok4.0Fast,A estrutura de o nappe de fundo,é,de origem européia continental,3
"A estrutura de o nappe de fundo é de origem européia continental, sobre a qual são empilhados nappes de sedimentos marinhos, rematados por nappes derivados de a chapa africana",respostaDPTOIE-PY,A estrutura de o nappe,é,de origem européia continental,3
"A estrutura de o nappe de fundo é de origem européia continental, sobre a qual são empilhados nappes de sedimentos marinhos, rematados por nappes derivados de a chapa africana",respostas_gpt5.5_mini,A estrutura de o nappe de fundo,é,de origem européia continental,3
"Durante essas visitas, Shelley escreveu o poema Mont Blanc, Byron escreveu O Prisioneiro de Chillon e o dramático poema Manfred, e Mary Shelley, que achou a paisagem avassaladora, concebeu a idéia de o romance Frankenstein em sua vila às margens de o rio.",Claude_Sonnet5,Byron,escreveu,O Prisioneiro de Chillon,3
"Durante essas visitas, Shelley escreveu o poema Mont Blanc, Byron escreveu O Prisioneiro de Chillon e o dramático poema Manfred, e Mary Shelley, que achou a paisagem avassaladora, concebeu a idéia de o romance Frankenstein em sua vila às margens de o rio.",Grok4.0Fast,Byron,escreveu,O Prisioneiro de Chillon,3
"Durante essas visitas, Shelley escreveu o poema Mont Blanc, Byron escreveu O Prisioneiro de Chillon e o dramático poema Manfred, e Mary Shelley, que achou a paisagem avassaladora, concebeu a idéia de o romance Frankenstein em sua vila às margens de o rio.",respostas_gpt5.5_mini,Byron,escreveu,O Prisioneiro de Chillon,3
A área alpina flutua bastante por causa de as flutuações regionais em as linhas de as árvores.,Grok4.0Fast,A área alpina,flutua,bastante por causa de as flutuações regionais,3
A área alpina flutua bastante por causa de as flutuações regionais em as linhas de as árvores.,PTOIE-Flair,A área alpina,flutua,bastante por causa de as flutuações regionais,3
A área alpina flutua bastante por causa de as flutuações regionais em as linhas de as árvores.,respostaDPTOIE-PY,A área alpina,flutua,bastante por causa de as flutuações regionais em as linhas de as árvores,3
"João Bernardo Nino Vieira foi eleito em 2005 como Presidente de a Guiné-Bissau como independente, sendo declarado vencedor de o segundo turno por o CNE (Comitê Nacional de Eleições).",Grok4.0Fast,João Bernardo Nino Vieira,foi eleito,em 2005 como Presidente de a Guiné-Bissau,4
"João Bernardo Nino Vieira foi eleito em 2005 como Presidente de a Guiné-Bissau como independente, sendo declarado vencedor de o segundo turno por o CNE (Comitê Nacional de Eleições).",respostaDPTOIE-PY,João Bernardo Nino Vieira,foi eleito,em 2005 como Presidente de a Guiné-Bissau como independente,3
"João Bernardo Nino Vieira foi eleito em 2005 como Presidente de a Guiné-Bissau como independente, sendo declarado vencedor de o segundo turno por o CNE (Comitê Nacional de Eleições).",respostas_gpt5.5_mini,João Bernardo Nino Vieira,foi eleito,em 2005 como Presidente de a Guiné-Bissau como independente,3
