sentence,modelo_exemplo,arg1,rel,arg2,n_modelos_concordando
"Michael J. Shea, formado em 1904, escreveu a música, e seu irmão, John F. Shea, que se formou em 1906 e 1908, escreveu a letra original.",Claude_Sonnet5,"seu irmão, John F. Shea",escreveu,a letra original,4
"Michael J. Shea, formado em 1904, escreveu a música, e seu irmão, John F. Shea, que se formou em 1906 e 1908, escreveu a letra original.",respostaGrok4.0Fast,"seu irmão, John F. Shea",escreveu,a letra original,4
"Michael J. Shea, formado em 1904, escreveu a música, e seu irmão, John F. Shea, que se formou em 1906 e 1908, escreveu a letra original.",respostas_gpt5.5_mini,"seu irmão, John F. Shea",escreveu,a letra original,4
"Michael J. Shea, formado em 1904, escreveu a música, e seu irmão, John F. Shea, que se formou em 1906 e 1908, escreveu a letra original.",respostasGemini3.1Pro,"seu irmão, John F. Shea",escreveu,a letra original,4
"Em fevereiro de 2013, Beyoncé disse que Madonna a inspirou a assumir o controle de sua própria carreira.",Claude_Sonnet5,Beyoncé,disse,que Madonna a inspirou a assumir o controle de sua própria carreira,4
"Em fevereiro de 2013, Beyoncé disse que Madonna a inspirou a assumir o controle de sua própria carreira.",respostaGrok4.0Fast,Beyoncé,disse,que Madonna a inspirou a assumir o controle de sua própria carreira,4
"Em fevereiro de 2013, Beyoncé disse que Madonna a inspirou a assumir o controle de sua própria carreira.",respostas_gpt5.5_mini,Beyoncé,disse,que Madonna a inspirou a assumir o controle de sua própria carreira,4
"Em fevereiro de 2013, Beyoncé disse que Madonna a inspirou a assumir o controle de sua própria carreira.",respostasGemini3.1Pro,Beyoncé,disse,que Madonna a inspirou a assumir o controle de sua própria carreira,4
"Em 2013, Beyoncé fez a Lista Time 100, Baz Luhrmann escrevendo ninguém tem essa voz, ninguém se move de o jeito que ela se move, ninguém pode manter uma audiência de o jeito que ela faz... Quando Beyoncé faz um álbum, quando Beyoncé canta uma música, quando Beyoncé faz qualquer coisa, é um evento e é amplamente influente.",Claude_Sonnet5,Beyoncé,faz,um álbum,3
"Em 2013, Beyoncé fez a Lista Time 100, Baz Luhrmann escrevendo ninguém tem essa voz, ninguém se move de o jeito que ela se move, ninguém pode manter uma audiência de o jeito que ela faz... Quando Beyoncé faz um álbum, quando Beyoncé canta uma música, quando Beyoncé faz qualquer coisa, é um evento e é amplamente influente.",Claude_Sonnet5,Beyoncé,faz,qualquer coisa,3
"Em 2013, Beyoncé fez a Lista Time 100, Baz Luhrmann escrevendo ninguém tem essa voz, ninguém se move de o jeito que ela se move, ninguém pode manter uma audiência de o jeito que ela faz... Quando Beyoncé faz um álbum, quando Beyoncé canta uma música, quando Beyoncé faz qualquer coisa, é um evento e é amplamente influente.",respostaGrok4.0Fast,Beyoncé,faz,um álbum,3
"Em 2013, Beyoncé fez a Lista Time 100, Baz Luhrmann escrevendo ninguém tem essa voz, ninguém se move de o jeito que ela se move, ninguém pode manter uma audiência de o jeito que ela faz... Quando Beyoncé faz um álbum, quando Beyoncé canta uma música, quando Beyoncé faz qualquer coisa, é um evento e é amplamente influente.",respostaGrok4.0Fast,Beyoncé,faz,qualquer coisa,3
"Em 2013, Beyoncé fez a Lista Time 100, Baz Luhrmann escrevendo ninguém tem essa voz, ninguém se move de o jeito que ela se move, ninguém pode manter uma audiência de o jeito que ela faz... Quando Beyoncé faz um álbum, quando Beyoncé canta uma música, quando Beyoncé faz qualquer coisa, é um evento e é amplamente influente.",respostas_gpt5.5_mini,Beyoncé,faz,um álbum,3
"Em 2013, Beyoncé fez a Lista Time 100, Baz Luhrmann escrevendo ninguém tem essa voz, ninguém se move de o jeito que ela se move, ninguém pode manter uma audiência de o jeito que ela faz... Quando Beyoncé faz um álbum, quando Beyoncé canta uma música, quando Beyoncé faz qualquer coisa, é um evento e é amplamente influente.",respostas_gpt5.5_mini,Beyoncé,faz,qualquer coisa,3
"Em 2013, foi anunciado que Beyoncé trabalharia com Salma Hayek e Frida Giannini em uma campanha de a Gucci Chime for Change, que visa espalhar o empoderamento feminino.",Claude_Sonnet5,uma campanha de a Gucci Chime for Change,visa espalhar,o empoderamento feminino,3
"Em 2013, foi anunciado que Beyoncé trabalharia com Salma Hayek e Frida Giannini em uma campanha de a Gucci Chime for Change, que visa espalhar o empoderamento feminino.",respostaGrok4.0Fast,uma campanha de a Gucci Chime for Change,visa espalhar,o empoderamento feminino,3
"Em 2013, foi anunciado que Beyoncé trabalharia com Salma Hayek e Frida Giannini em uma campanha de a Gucci Chime for Change, que visa espalhar o empoderamento feminino.",respostasGemini3.1Pro,uma campanha de a Gucci Chime for Change,visa espalhar,o empoderamento feminino,3
"Na primavera de 1834, Chopin participou de o Festival de Música de o Baixo Reno em Aix-la-Chapelle com Hiller, e foi lá que Chopin conheceu Felix Mendelssohn.",Claude_Sonnet5,Chopin,participou com,Hiller,3
"Na primavera de 1834, Chopin participou de o Festival de Música de o Baixo Reno em Aix-la-Chapelle com Hiller, e foi lá que Chopin conheceu Felix Mendelssohn.",Claude_Sonnet5,Chopin,conheceu,Felix Mendelssohn,4
"Na primavera de 1834, Chopin participou de o Festival de Música de o Baixo Reno em Aix-la-Chapelle com Hiller, e foi lá que Chopin conheceu Felix Mendelssohn.",respostaGrok4.0Fast,Chopin,conheceu,Felix Mendelssohn,4
"Na primavera de 1834, Chopin participou de o Festival de Música de o Baixo Reno em Aix-la-Chapelle com Hiller, e foi lá que Chopin conheceu Felix Mendelssohn.",respostas_gpt5.5_mini,Chopin,participou com,Hiller,3
"Na primavera de 1834, Chopin participou de o Festival de Música de o Baixo Reno em Aix-la-Chapelle com Hiller, e foi lá que Chopin conheceu Felix Mendelssohn.",respostas_gpt5.5_mini,Chopin,conheceu,Felix Mendelssohn,4
"Na primavera de 1834, Chopin participou de o Festival de Música de o Baixo Reno em Aix-la-Chapelle com Hiller, e foi lá que Chopin conheceu Felix Mendelssohn.",respostasGemini3.1Pro,Chopin,participou com,Hiller,3
"Na primavera de 1834, Chopin participou de o Festival de Música de o Baixo Reno em Aix-la-Chapelle com Hiller, e foi lá que Chopin conheceu Felix Mendelssohn.",respostasGemini3.1Pro,Chopin,conheceu,Felix Mendelssohn,4
"Mais tarde naquela manhã, o marido de Solange, Clésinger, fez a máscara mortuária de Chopin e um giro de a mão esquerda.",Claude_Sonnet5,"o marido de Solange, Clésinger",fez,um giro de a mão esquerda,4
"Mais tarde naquela manhã, o marido de Solange, Clésinger, fez a máscara mortuária de Chopin e um giro de a mão esquerda.",respostaGrok4.0Fast,"o marido de Solange, Clésinger",fez,um giro de a mão esquerda,4
"Mais tarde naquela manhã, o marido de Solange, Clésinger, fez a máscara mortuária de Chopin e um giro de a mão esquerda.",respostas_gpt5.5_mini,"o marido de Solange, Clésinger",fez,um giro de a mão esquerda,4
"Mais tarde naquela manhã, o marido de Solange, Clésinger, fez a máscara mortuária de Chopin e um giro de a mão esquerda.",respostasGemini3.1Pro,"o marido de Solange, Clésinger",fez,um giro de a mão esquerda,4
"Em setembro de 1828, Chopin, ainda estudante, visitou Berlim com um amigo de a família, o zoólogo Feliks Jarocki, desfrutando de óperas dirigidas por Gaspare Spontini e assistindo a concertos de Carl Friedrich Zelter, Felix Mendelssohn e outras celebridades.",Claude_Sonnet5,Chopin,visitou com,"um amigo de a família, o zoólogo Feliks Jarocki",3
"Em setembro de 1828, Chopin, ainda estudante, visitou Berlim com um amigo de a família, o zoólogo Feliks Jarocki, desfrutando de óperas dirigidas por Gaspare Spontini e assistindo a concertos de Carl Friedrich Zelter, Felix Mendelssohn e outras celebridades.",Claude_Sonnet5,Chopin,desfrutando de,óperas dirigidas por Gaspare Spontini,4
"Em setembro de 1828, Chopin, ainda estudante, visitou Berlim com um amigo de a família, o zoólogo Feliks Jarocki, desfrutando de óperas dirigidas por Gaspare Spontini e assistindo a concertos de Carl Friedrich Zelter, Felix Mendelssohn e outras celebridades.",Claude_Sonnet5,Chopin,assistindo a,concertos de Carl Friedrich Zelter,3
"Em setembro de 1828, Chopin, ainda estudante, visitou Berlim com um amigo de a família, o zoólogo Feliks Jarocki, desfrutando de óperas dirigidas por Gaspare Spontini e assistindo a concertos de Carl Friedrich Zelter, Felix Mendelssohn e outras celebridades.",Claude_Sonnet5,Chopin,assistindo a,concertos de Felix Mendelssohn,3
"Em setembro de 1828, Chopin, ainda estudante, visitou Berlim com um amigo de a família, o zoólogo Feliks Jarocki, desfrutando de óperas dirigidas por Gaspare Spontini e assistindo a concertos de Carl Friedrich Zelter, Felix Mendelssohn e outras celebridades.",Claude_Sonnet5,Chopin,assistindo a,concertos de outras celebridades,3
"Em setembro de 1828, Chopin, ainda estudante, visitou Berlim com um amigo de a família, o zoólogo Feliks Jarocki, desfrutando de óperas dirigidas por Gaspare Spontini e assistindo a concertos de Carl Friedrich Zelter, Felix Mendelssohn e outras celebridades.",respostaGrok4.0Fast,Chopin,desfrutando de,óperas dirigidas por Gaspare Spontini,4
"Em setembro de 1828, Chopin, ainda estudante, visitou Berlim com um amigo de a família, o zoólogo Feliks Jarocki, desfrutando de óperas dirigidas por Gaspare Spontini e assistindo a concertos de Carl Friedrich Zelter, Felix Mendelssohn e outras celebridades.",respostas_gpt5.5_mini,Chopin,visitou com,"um amigo de a família, o zoólogo Feliks Jarocki",3
"Em setembro de 1828, Chopin, ainda estudante, visitou Berlim com um amigo de a família, o zoólogo Feliks Jarocki, desfrutando de óperas dirigidas por Gaspare Spontini e assistindo a concertos de Carl Friedrich Zelter, Felix Mendelssohn e outras celebridades.",respostas_gpt5.5_mini,Chopin,desfrutando de,óperas dirigidas por Gaspare Spontini,4
"Em setembro de 1828, Chopin, ainda estudante, visitou Berlim com um amigo de a família, o zoólogo Feliks Jarocki, desfrutando de óperas dirigidas por Gaspare Spontini e assistindo a concertos de Carl Friedrich Zelter, Felix Mendelssohn e outras celebridades.",respostas_gpt5.5_mini,Chopin,assistindo a,concertos de Carl Friedrich Zelter,3
"Em setembro de 1828, Chopin, ainda estudante, visitou Berlim com um amigo de a família, o zoólogo Feliks Jarocki, desfrutando de óperas dirigidas por Gaspare Spontini e assistindo a concertos de Carl Friedrich Zelter, Felix Mendelssohn e outras celebridades.",respostas_gpt5.5_mini,Chopin,assistindo a,concertos de Felix Mendelssohn,3
"Em setembro de 1828, Chopin, ainda estudante, visitou Berlim com um amigo de a família, o zoólogo Feliks Jarocki, desfrutando de óperas dirigidas por Gaspare Spontini e assistindo a concertos de Carl Friedrich Zelter, Felix Mendelssohn e outras celebridades.",respostas_gpt5.5_mini,Chopin,assistindo a,concertos de outras celebridades,3
"Em setembro de 1828, Chopin, ainda estudante, visitou Berlim com um amigo de a família, o zoólogo Feliks Jarocki, desfrutando de óperas dirigidas por Gaspare Spontini e assistindo a concertos de Carl Friedrich Zelter, Felix Mendelssohn e outras celebridades.",respostasGemini3.1Pro,Chopin,visitou com,"um amigo de a família, o zoólogo Feliks Jarocki",3
"Em setembro de 1828, Chopin, ainda estudante, visitou Berlim com um amigo de a família, o zoólogo Feliks Jarocki, desfrutando de óperas dirigidas por Gaspare Spontini e assistindo a concertos de Carl Friedrich Zelter, Felix Mendelssohn e outras celebridades.",respostasGemini3.1Pro,Chopin,desfrutando de,óperas dirigidas por Gaspare Spontini,4
"Em setembro de 1828, Chopin, ainda estudante, visitou Berlim com um amigo de a família, o zoólogo Feliks Jarocki, desfrutando de óperas dirigidas por Gaspare Spontini e assistindo a concertos de Carl Friedrich Zelter, Felix Mendelssohn e outras celebridades.",respostasGemini3.1Pro,Chopin,assistindo a,concertos de Carl Friedrich Zelter,3
"Em setembro de 1828, Chopin, ainda estudante, visitou Berlim com um amigo de a família, o zoólogo Feliks Jarocki, desfrutando de óperas dirigidas por Gaspare Spontini e assistindo a concertos de Carl Friedrich Zelter, Felix Mendelssohn e outras celebridades.",respostasGemini3.1Pro,Chopin,assistindo a,concertos de Felix Mendelssohn,3
"Em setembro de 1828, Chopin, ainda estudante, visitou Berlim com um amigo de a família, o zoólogo Feliks Jarocki, desfrutando de óperas dirigidas por Gaspare Spontini e assistindo a concertos de Carl Friedrich Zelter, Felix Mendelssohn e outras celebridades.",respostasGemini3.1Pro,Chopin,assistindo a,concertos de outras celebridades,3
"Dreyfus escreve que depois que o Phagmodrupa perdeu seu poder centralizador sobre o Tibete em 1434, várias tentativas de outras famílias para estabelecer hegemonias falharam em os próximos dois séculos até 1642 com a efetiva hegemonia de o 5º Dalai Lama sobre o Tibete.",Claude_Sonnet5,Dreyfus,escreve,"que depois que o Phagmodrupa perdeu seu poder centralizador sobre o Tibete em 1434, várias tentativas de outras famílias para estabelecer hegemonias falharam em os próximos dois séculos até 1642 com a efetiva hegemonia de o 5º Dalai Lama sobre o Tibete",3
"Dreyfus escreve que depois que o Phagmodrupa perdeu seu poder centralizador sobre o Tibete em 1434, várias tentativas de outras famílias para estabelecer hegemonias falharam em os próximos dois séculos até 1642 com a efetiva hegemonia de o 5º Dalai Lama sobre o Tibete.",respostaGrok4.0Fast,Dreyfus,escreve,"que depois que o Phagmodrupa perdeu seu poder centralizador sobre o Tibete em 1434, várias tentativas de outras famílias para estabelecer hegemonias falharam",4
"Dreyfus escreve que depois que o Phagmodrupa perdeu seu poder centralizador sobre o Tibete em 1434, várias tentativas de outras famílias para estabelecer hegemonias falharam em os próximos dois séculos até 1642 com a efetiva hegemonia de o 5º Dalai Lama sobre o Tibete.",respostasGemini3.1Pro,Dreyfus,escreve,"que depois que o Phagmodrupa perdeu seu poder centralizador sobre o Tibete em 1434, várias tentativas de outras famílias para estabelecer hegemonias falharam em os próximos dois séculos até 1642",3
"Quando o imperador Ming Yongle convidou Je Tsongkhapa (1357-1419), fundador de a escola Gelug, para ir a a corte Ming e prestar homenagem, este último recusou.",Claude_Sonnet5,este último,recusou,ir a a corte Ming e prestar homenagem,3
"Quando o imperador Ming Yongle convidou Je Tsongkhapa (1357-1419), fundador de a escola Gelug, para ir a a corte Ming e prestar homenagem, este último recusou.",respostas_gpt5.5_mini,este último,recusou,ir a a corte Ming e prestar homenagem,3
"Quando o imperador Ming Yongle convidou Je Tsongkhapa (1357-1419), fundador de a escola Gelug, para ir a a corte Ming e prestar homenagem, este último recusou.",respostasGemini3.1Pro,este último,recusou,ir a a corte Ming,3
"Chen Qingying afirma que Tsongkhapa escreveu uma carta para recusar o convite de o Imperador e, nesta resposta, Tsongkhapa escreveu",Claude_Sonnet5,Chen Qingying,afirma,que Tsongkhapa escreveu uma carta para recusar o convite de o Imperador,4
"Chen Qingying afirma que Tsongkhapa escreveu uma carta para recusar o convite de o Imperador e, nesta resposta, Tsongkhapa escreveu",respostaGrok4.0Fast,Chen Qingying,afirma,que Tsongkhapa escreveu uma carta para recusar o convite de o Imperador,4
"Chen Qingying afirma que Tsongkhapa escreveu uma carta para recusar o convite de o Imperador e, nesta resposta, Tsongkhapa escreveu",respostas_gpt5.5_mini,Chen Qingying,afirma,que Tsongkhapa escreveu uma carta para recusar o convite de o Imperador,4
"Chen Qingying afirma que Tsongkhapa escreveu uma carta para recusar o convite de o Imperador e, nesta resposta, Tsongkhapa escreveu",respostasGemini3.1Pro,Chen Qingying,afirma,que Tsongkhapa escreveu uma carta para recusar o convite de o Imperador,4
Klieger escreve que a presença de Altan Khan em o oeste reduziu efetivamente a influência de os Ming e o contato com o Tibete.,Claude_Sonnet5,Klieger,escreve,que a presença de Altan Khan em o oeste reduziu efetivamente a influência de os Ming e o contato com o Tibete,4
Klieger escreve que a presença de Altan Khan em o oeste reduziu efetivamente a influência de os Ming e o contato com o Tibete.,respostaGrok4.0Fast,Klieger,escreve,que a presença de Altan Khan em o oeste reduziu efetivamente a influência de os Ming e o contato com o Tibete,4
Klieger escreve que a presença de Altan Khan em o oeste reduziu efetivamente a influência de os Ming e o contato com o Tibete.,respostas_gpt5.5_mini,Klieger,escreve,que a presença de Altan Khan em o oeste reduziu efetivamente a influência de os Ming e o contato com o Tibete,4
Klieger escreve que a presença de Altan Khan em o oeste reduziu efetivamente a influência de os Ming e o contato com o Tibete.,respostasGemini3.1Pro,Klieger,escreve,que a presença de Altan Khan em o oeste reduziu efetivamente a influência de os Ming e o contato com o Tibete,4
"Depois que Altan Khan fez as pazes com a dinastia Ming em 1571, ele convidou o terceiro hierarca de a Gelug - Sönam Gyatso (1543-1588) - para encontrá-lo em Amdo (Qinghai moderno) em 1578, onde acidentalmente concedeu a ele e seus dois antecessores com o título de Dalai Lama - Professor de o Oceano.",Claude_Sonnet5,ele,convidou,o terceiro hierarca de a Gelug - Sönam Gyatso (1543-1588),3
"Depois que Altan Khan fez as pazes com a dinastia Ming em 1571, ele convidou o terceiro hierarca de a Gelug - Sönam Gyatso (1543-1588) - para encontrá-lo em Amdo (Qinghai moderno) em 1578, onde acidentalmente concedeu a ele e seus dois antecessores com o título de Dalai Lama - Professor de o Oceano.",respostaGrok4.0Fast,ele,convidou,o terceiro hierarca de a Gelug - Sönam Gyatso para encontrá-lo em Amdo em 1578,3
"Depois que Altan Khan fez as pazes com a dinastia Ming em 1571, ele convidou o terceiro hierarca de a Gelug - Sönam Gyatso (1543-1588) - para encontrá-lo em Amdo (Qinghai moderno) em 1578, onde acidentalmente concedeu a ele e seus dois antecessores com o título de Dalai Lama - Professor de o Oceano.",respostasGemini3.1Pro,ele,convidou,o terceiro hierarca de a Gelug - Sönam Gyatso,3
"Embora não tenha sido registrada em nenhum registro oficial chinês, a biografia de Sonam Gyatso afirma que Wanli novamente conferiu títulos a Sonam Gyatso em 1588 e o convidou para Pequim por a segunda vez, mas Sonam Gyatso não pôde visitar a China, pois morreu em o mesmo ano em a Mongólia.",Claude_Sonnet5,a biografia de Sonam Gyatso,afirma,que Wanli novamente conferiu títulos a Sonam Gyatso em 1588 e o convidou para Pequim por a segunda vez,4
"Embora não tenha sido registrada em nenhum registro oficial chinês, a biografia de Sonam Gyatso afirma que Wanli novamente conferiu títulos a Sonam Gyatso em 1588 e o convidou para Pequim por a segunda vez, mas Sonam Gyatso não pôde visitar a China, pois morreu em o mesmo ano em a Mongólia.",respostaGrok4.0Fast,a biografia de Sonam Gyatso,afirma,que Wanli novamente conferiu títulos a Sonam Gyatso em 1588,4
"Embora não tenha sido registrada em nenhum registro oficial chinês, a biografia de Sonam Gyatso afirma que Wanli novamente conferiu títulos a Sonam Gyatso em 1588 e o convidou para Pequim por a segunda vez, mas Sonam Gyatso não pôde visitar a China, pois morreu em o mesmo ano em a Mongólia.",respostas_gpt5.5_mini,a biografia de Sonam Gyatso,afirma,que Wanli novamente conferiu títulos a Sonam Gyatso em 1588 e o convidou para Pequim por a segunda vez,4
"Embora não tenha sido registrada em nenhum registro oficial chinês, a biografia de Sonam Gyatso afirma que Wanli novamente conferiu títulos a Sonam Gyatso em 1588 e o convidou para Pequim por a segunda vez, mas Sonam Gyatso não pôde visitar a China, pois morreu em o mesmo ano em a Mongólia.",respostasGemini3.1Pro,a biografia de Sonam Gyatso,afirma,que Wanli novamente conferiu títulos a Sonam Gyatso em 1588 e o convidou para Pequim por a segunda vez,4
"Sem mencionar o papel de os mongóis, o China Daily afirma que foi a sucessiva dinastia Qing que estabeleceu o título de Dalai Lama e seu poder em o Tibete Em 1653, o imperador Qing concedeu um título honorífico a o quinto Dalai Lama e depois o fez.",Claude_Sonnet5,o China Daily,afirma,que foi a sucessiva dinastia Qing que estabeleceu o título de Dalai Lama e seu poder em o Tibete,4
"Sem mencionar o papel de os mongóis, o China Daily afirma que foi a sucessiva dinastia Qing que estabeleceu o título de Dalai Lama e seu poder em o Tibete Em 1653, o imperador Qing concedeu um título honorífico a o quinto Dalai Lama e depois o fez.",respostaGrok4.0Fast,o China Daily,afirma,que foi a sucessiva dinastia Qing que estabeleceu o título de Dalai Lama e seu poder em o Tibete,4
"Sem mencionar o papel de os mongóis, o China Daily afirma que foi a sucessiva dinastia Qing que estabeleceu o título de Dalai Lama e seu poder em o Tibete Em 1653, o imperador Qing concedeu um título honorífico a o quinto Dalai Lama e depois o fez.",respostas_gpt5.5_mini,o China Daily,afirma,que foi a sucessiva dinastia Qing que estabeleceu o título de Dalai Lama e seu poder em o Tibete,4
"Sem mencionar o papel de os mongóis, o China Daily afirma que foi a sucessiva dinastia Qing que estabeleceu o título de Dalai Lama e seu poder em o Tibete Em 1653, o imperador Qing concedeu um título honorífico a o quinto Dalai Lama e depois o fez.",respostasGemini3.1Pro,o China Daily,afirma,que foi a sucessiva dinastia Qing que estabeleceu o título de Dalai Lama e seu poder em o Tibete,4
"O quarto Dalai Lama se recusou a dar uma audiência a o rei Ü-Tsang, que provocou um conflito quando este começou a atacar mosteiros Gelug.",Claude_Sonnet5,O quarto Dalai Lama,se recusou a dar,uma audiência a o rei Ü-Tsang,4
"O quarto Dalai Lama se recusou a dar uma audiência a o rei Ü-Tsang, que provocou um conflito quando este começou a atacar mosteiros Gelug.",Claude_Sonnet5,este,começou a atacar,mosteiros Gelug,3
"O quarto Dalai Lama se recusou a dar uma audiência a o rei Ü-Tsang, que provocou um conflito quando este começou a atacar mosteiros Gelug.",respostaGrok4.0Fast,O quarto Dalai Lama,se recusou a dar,uma audiência a o rei Ü-Tsang,4
"O quarto Dalai Lama se recusou a dar uma audiência a o rei Ü-Tsang, que provocou um conflito quando este começou a atacar mosteiros Gelug.",respostas_gpt5.5_mini,O quarto Dalai Lama,se recusou a dar,uma audiência a o rei Ü-Tsang,4
"O quarto Dalai Lama se recusou a dar uma audiência a o rei Ü-Tsang, que provocou um conflito quando este começou a atacar mosteiros Gelug.",respostas_gpt5.5_mini,este,começou a atacar,mosteiros Gelug,3
"O quarto Dalai Lama se recusou a dar uma audiência a o rei Ü-Tsang, que provocou um conflito quando este começou a atacar mosteiros Gelug.",respostasGemini3.1Pro,O quarto Dalai Lama,se recusou a dar,uma audiência a o rei Ü-Tsang,4
"O quarto Dalai Lama se recusou a dar uma audiência a o rei Ü-Tsang, que provocou um conflito quando este começou a atacar mosteiros Gelug.",respostasGemini3.1Pro,este,começou a atacar,mosteiros Gelug,3
"Güshi Khan aceitou seu papel de protetor e, de 1637 a 1640, ele não apenas derrotou os inimigos de os Gelugpas em as regiões Amdo e Kham, mas também reassentou toda a sua tribo em Amdo.",Claude_Sonnet5,ele,reassentou,toda a sua tribo,3
"Güshi Khan aceitou seu papel de protetor e, de 1637 a 1640, ele não apenas derrotou os inimigos de os Gelugpas em as regiões Amdo e Kham, mas também reassentou toda a sua tribo em Amdo.",respostaGrok4.0Fast,ele,reassentou,toda a sua tribo em Amdo,3
"Güshi Khan aceitou seu papel de protetor e, de 1637 a 1640, ele não apenas derrotou os inimigos de os Gelugpas em as regiões Amdo e Kham, mas também reassentou toda a sua tribo em Amdo.",respostasGemini3.1Pro,ele,reassentou,toda a sua tribo,3
"Shih-Shan Henry Tsai escreve que o imperador Yongle enviou seu eunuco Yang Sanbao a o Tibete em 1413 para obter uma lealdade de vários príncipes tibetanos, enquanto o imperador Yongle pagou uma pequena fortuna em troca de presentes em troca de tributos, a fim de manter a lealdade de o vassalo vizinho.",Claude_Sonnet5,Shih-Shan Henry Tsai,escreve,"que o imperador Yongle enviou seu eunuco Yang Sanbao a o Tibete em 1413 para obter uma lealdade de vários príncipes tibetanos, enquanto o imperador Yongle pagou uma pequena fortuna em troca de presentes em troca de tributos, a fim de manter a lealdade de o vassalo vizinho",3
"Shih-Shan Henry Tsai escreve que o imperador Yongle enviou seu eunuco Yang Sanbao a o Tibete em 1413 para obter uma lealdade de vários príncipes tibetanos, enquanto o imperador Yongle pagou uma pequena fortuna em troca de presentes em troca de tributos, a fim de manter a lealdade de o vassalo vizinho.",respostaGrok4.0Fast,Shih-Shan Henry Tsai,escreve,que o imperador Yongle enviou seu eunuco Yang Sanbao a o Tibete em 1413,3
"Shih-Shan Henry Tsai escreve que o imperador Yongle enviou seu eunuco Yang Sanbao a o Tibete em 1413 para obter uma lealdade de vários príncipes tibetanos, enquanto o imperador Yongle pagou uma pequena fortuna em troca de presentes em troca de tributos, a fim de manter a lealdade de o vassalo vizinho.",respostas_gpt5.5_mini,Shih-Shan Henry Tsai,escreve,que o imperador Yongle enviou seu eunuco Yang Sanbao a o Tibete em 1413 para obter uma lealdade de vários príncipes tibetanos,4
"Shih-Shan Henry Tsai escreve que o imperador Yongle enviou seu eunuco Yang Sanbao a o Tibete em 1413 para obter uma lealdade de vários príncipes tibetanos, enquanto o imperador Yongle pagou uma pequena fortuna em troca de presentes em troca de tributos, a fim de manter a lealdade de o vassalo vizinho.",respostasGemini3.1Pro,Shih-Shan Henry Tsai,escreve,que o imperador Yongle enviou seu eunuco Yang Sanbao a o Tibete em 1413 para obter uma lealdade de vários príncipes tibetanos,4
"As versões de seis e sete faixas de a trilha sonora de o jogo foram lançadas em 19 de novembro de 2006, como parte de uma promoção de o Nintendo Power e acompanhadas de réplicas de a Master Sword e de o Hylian Shield.",Claude_Sonnet5,As versões de seis e sete faixas de a trilha sonora de o jogo,foram lançadas como parte de,uma promoção de o Nintendo Power,3
"As versões de seis e sete faixas de a trilha sonora de o jogo foram lançadas em 19 de novembro de 2006, como parte de uma promoção de o Nintendo Power e acompanhadas de réplicas de a Master Sword e de o Hylian Shield.",respostas_gpt5.5_mini,As versões de seis e sete faixas de a trilha sonora de o jogo,foram lançadas como parte de,uma promoção de o Nintendo Power,3
"As versões de seis e sete faixas de a trilha sonora de o jogo foram lançadas em 19 de novembro de 2006, como parte de uma promoção de o Nintendo Power e acompanhadas de réplicas de a Master Sword e de o Hylian Shield.",respostasGemini3.1Pro,As versões de seis e sete faixas de a trilha sonora de o jogo,foram lançadas como,parte de uma promoção de o Nintendo Power,3
O governo central estima que mais de 7.000 salas de aula com engenharia inadequada desabaram em o terremoto.,Claude_Sonnet5,O governo central,estima,que mais de 7.000 salas de aula com engenharia inadequada desabaram em o terremoto,4
O governo central estima que mais de 7.000 salas de aula com engenharia inadequada desabaram em o terremoto.,respostaGrok4.0Fast,O governo central,estima,que mais de 7.000 salas de aula com engenharia inadequada desabaram em o terremoto,4
O governo central estima que mais de 7.000 salas de aula com engenharia inadequada desabaram em o terremoto.,respostas_gpt5.5_mini,O governo central,estima,que mais de 7.000 salas de aula com engenharia inadequada desabaram em o terremoto,4
O governo central estima que mais de 7.000 salas de aula com engenharia inadequada desabaram em o terremoto.,respostasGemini3.1Pro,O governo central,estima,que mais de 7.000 salas de aula com engenharia inadequada desabaram em o terremoto,4
"A rota de a tocha por o país foi reduzida e houve um minuto de silêncio quando a próxima etapa começou em a cidade de Ruijin, Jiangxi, em a quarta-feira após o terremoto.",Claude_Sonnet5,a próxima etapa,começou em,"a cidade de Ruijin, Jiangxi",3
"A rota de a tocha por o país foi reduzida e houve um minuto de silêncio quando a próxima etapa começou em a cidade de Ruijin, Jiangxi, em a quarta-feira após o terremoto.",respostas_gpt5.5_mini,a próxima etapa,começou em,"a cidade de Ruijin, Jiangxi",3
"A rota de a tocha por o país foi reduzida e houve um minuto de silêncio quando a próxima etapa começou em a cidade de Ruijin, Jiangxi, em a quarta-feira após o terremoto.",respostasGemini3.1Pro,a próxima etapa,começou em,"a cidade de Ruijin, Jiangxi",3
"Enquanto isso, um trem de carga que transportava 13 tanques de gasolina descarrilou em Condado de Hui, Gansu, e pegou fogo depois que o trilho foi distorcido.",Claude_Sonnet5,um trem de carga,transportava,13 tanques de gasolina,3
"Enquanto isso, um trem de carga que transportava 13 tanques de gasolina descarrilou em Condado de Hui, Gansu, e pegou fogo depois que o trilho foi distorcido.",respostas_gpt5.5_mini,um trem de carga,transportava,13 tanques de gasolina,3
"Enquanto isso, um trem de carga que transportava 13 tanques de gasolina descarrilou em Condado de Hui, Gansu, e pegou fogo depois que o trilho foi distorcido.",respostasGemini3.1Pro,um trem de carga,transportava,13 tanques de gasolina,3
Os Estados Unidos compartilharam algumas de suas imagens de satélite de as áreas atingidas por o terremoto com as Autoridades chinesas.,Claude_Sonnet5,Os Estados Unidos,compartilharam,algumas de suas imagens de satélite de as áreas atingidas por o terremoto,4
Os Estados Unidos compartilharam algumas de suas imagens de satélite de as áreas atingidas por o terremoto com as Autoridades chinesas.,Claude_Sonnet5,Os Estados Unidos,compartilharam com,as Autoridades chinesas,3
Os Estados Unidos compartilharam algumas de suas imagens de satélite de as áreas atingidas por o terremoto com as Autoridades chinesas.,respostaGrok4.0Fast,Os Estados Unidos,compartilharam,algumas de suas imagens de satélite de as áreas atingidas por o terremoto com as Autoridades chinesas,4
Os Estados Unidos compartilharam algumas de suas imagens de satélite de as áreas atingidas por o terremoto com as Autoridades chinesas.,respostas_gpt5.5_mini,Os Estados Unidos,compartilharam,algumas de suas imagens de satélite de as áreas atingidas por o terremoto,4
Os Estados Unidos compartilharam algumas de suas imagens de satélite de as áreas atingidas por o terremoto com as Autoridades chinesas.,respostas_gpt5.5_mini,Os Estados Unidos,compartilharam com,as Autoridades chinesas,3
Os Estados Unidos compartilharam algumas de suas imagens de satélite de as áreas atingidas por o terremoto com as Autoridades chinesas.,respostasGemini3.1Pro,Os Estados Unidos,compartilharam,algumas de suas imagens de satélite de as áreas atingidas por o terremoto,4
Os Estados Unidos compartilharam algumas de suas imagens de satélite de as áreas atingidas por o terremoto com as Autoridades chinesas.,respostasGemini3.1Pro,Os Estados Unidos,compartilharam com,as Autoridades chinesas,3
"Nova York - freqüentemente chamada Cidade de Nova York ou Cidade de Nova York para distingui-la de o Estado de Nova York, de o qual faz parte - é a cidade mais populosa de os Estados Unidos e o centro de a área metropolitana de Nova York, o principal portal de imigração legal para os Estados Unidos e uma de as aglomerações urbanas mais populosas de o mundo.",Claude_Sonnet5,Nova York,é,o centro de a área metropolitana de Nova York,3
"Nova York - freqüentemente chamada Cidade de Nova York ou Cidade de Nova York para distingui-la de o Estado de Nova York, de o qual faz parte - é a cidade mais populosa de os Estados Unidos e o centro de a área metropolitana de Nova York, o principal portal de imigração legal para os Estados Unidos e uma de as aglomerações urbanas mais populosas de o mundo.",Claude_Sonnet5,Nova York,é,o principal portal de imigração legal para os Estados Unidos,3
"Nova York - freqüentemente chamada Cidade de Nova York ou Cidade de Nova York para distingui-la de o Estado de Nova York, de o qual faz parte - é a cidade mais populosa de os Estados Unidos e o centro de a área metropolitana de Nova York, o principal portal de imigração legal para os Estados Unidos e uma de as aglomerações urbanas mais populosas de o mundo.",Claude_Sonnet5,Nova York,é,uma de as aglomerações urbanas mais populosas de o mundo,3
"Nova York - freqüentemente chamada Cidade de Nova York ou Cidade de Nova York para distingui-la de o Estado de Nova York, de o qual faz parte - é a cidade mais populosa de os Estados Unidos e o centro de a área metropolitana de Nova York, o principal portal de imigração legal para os Estados Unidos e uma de as aglomerações urbanas mais populosas de o mundo.",respostas_gpt5.5_mini,Nova York,é,o centro de a área metropolitana de Nova York,3
"Nova York - freqüentemente chamada Cidade de Nova York ou Cidade de Nova York para distingui-la de o Estado de Nova York, de o qual faz parte - é a cidade mais populosa de os Estados Unidos e o centro de a área metropolitana de Nova York, o principal portal de imigração legal para os Estados Unidos e uma de as aglomerações urbanas mais populosas de o mundo.",respostas_gpt5.5_mini,Nova York,é,o principal portal de imigração legal para os Estados Unidos,3
"Nova York - freqüentemente chamada Cidade de Nova York ou Cidade de Nova York para distingui-la de o Estado de Nova York, de o qual faz parte - é a cidade mais populosa de os Estados Unidos e o centro de a área metropolitana de Nova York, o principal portal de imigração legal para os Estados Unidos e uma de as aglomerações urbanas mais populosas de o mundo.",respostas_gpt5.5_mini,Nova York,é,uma de as aglomerações urbanas mais populosas de o mundo,3
"Nova York - freqüentemente chamada Cidade de Nova York ou Cidade de Nova York para distingui-la de o Estado de Nova York, de o qual faz parte - é a cidade mais populosa de os Estados Unidos e o centro de a área metropolitana de Nova York, o principal portal de imigração legal para os Estados Unidos e uma de as aglomerações urbanas mais populosas de o mundo.",respostasGemini3.1Pro,Nova York,é,o centro de a área metropolitana de Nova York,3
"Nova York - freqüentemente chamada Cidade de Nova York ou Cidade de Nova York para distingui-la de o Estado de Nova York, de o qual faz parte - é a cidade mais populosa de os Estados Unidos e o centro de a área metropolitana de Nova York, o principal portal de imigração legal para os Estados Unidos e uma de as aglomerações urbanas mais populosas de o mundo.",respostasGemini3.1Pro,Nova York,é,o principal portal de imigração legal para os Estados Unidos,3
"Nova York - freqüentemente chamada Cidade de Nova York ou Cidade de Nova York para distingui-la de o Estado de Nova York, de o qual faz parte - é a cidade mais populosa de os Estados Unidos e o centro de a área metropolitana de Nova York, o principal portal de imigração legal para os Estados Unidos e uma de as aglomerações urbanas mais populosas de o mundo.",respostasGemini3.1Pro,Nova York,é,uma de as aglomerações urbanas mais populosas de o mundo,3
"A Batalha de Long Island, a maior batalha de a Guerra Revolucionária Americana, foi travada em agosto de 1776, inteiramente em o bairro moderno de o Brooklyn.",Claude_Sonnet5,A Batalha de Long Island,foi travada inteiramente em,o bairro moderno de o Brooklyn,3
"A Batalha de Long Island, a maior batalha de a Guerra Revolucionária Americana, foi travada em agosto de 1776, inteiramente em o bairro moderno de o Brooklyn.",respostas_gpt5.5_mini,A Batalha de Long Island,foi travada em,o bairro moderno de o Brooklyn,3
"A Batalha de Long Island, a maior batalha de a Guerra Revolucionária Americana, foi travada em agosto de 1776, inteiramente em o bairro moderno de o Brooklyn.",respostasGemini3.1Pro,A Batalha de Long Island,foi travada em,o bairro moderno de o Brooklyn,3
"Quando um candidato presidencial republicano às eleições de 2016 ridicularizou o liberalismo de os valores de Nova York em janeiro de 2016, Donald Trump, líder em as pesquisas, defendeu vigorosamente sua cidade.",Claude_Sonnet5,um candidato presidencial republicano às eleições de 2016,ridicularizou,o liberalismo de os valores de Nova York,3
"Quando um candidato presidencial republicano às eleições de 2016 ridicularizou o liberalismo de os valores de Nova York em janeiro de 2016, Donald Trump, líder em as pesquisas, defendeu vigorosamente sua cidade.",respostas_gpt5.5_mini,um candidato presidencial republicano às eleições de 2016,ridicularizou,o liberalismo de os valores de Nova York,3
"Quando um candidato presidencial republicano às eleições de 2016 ridicularizou o liberalismo de os valores de Nova York em janeiro de 2016, Donald Trump, líder em as pesquisas, defendeu vigorosamente sua cidade.",respostasGemini3.1Pro,um candidato presidencial republicano às eleições de 2016,ridicularizou,o liberalismo de os valores de Nova York,3
"A cidade de Nova York possui um alto grau de disparidade de renda, conforme indicado por o seu coeficiente de Gini de 0,5 para a cidade em geral e 0,6 para Manhattan.",Claude_Sonnet5,A cidade de Nova York,possui,um alto grau de disparidade de renda,4
"A cidade de Nova York possui um alto grau de disparidade de renda, conforme indicado por o seu coeficiente de Gini de 0,5 para a cidade em geral e 0,6 para Manhattan.",respostaGrok4.0Fast,A cidade de Nova York,possui,um alto grau de disparidade de renda,4
"A cidade de Nova York possui um alto grau de disparidade de renda, conforme indicado por o seu coeficiente de Gini de 0,5 para a cidade em geral e 0,6 para Manhattan.",respostas_gpt5.5_mini,A cidade de Nova York,possui,um alto grau de disparidade de renda,4
"A cidade de Nova York possui um alto grau de disparidade de renda, conforme indicado por o seu coeficiente de Gini de 0,5 para a cidade em geral e 0,6 para Manhattan.",respostasGemini3.1Pro,A cidade de Nova York,possui,um alto grau de disparidade de renda,4
"A frota de ônibus públicos de a cidade de Nova York é a maior de a América de o Norte, e o Port Authority Bus Terminal, o principal terminal de ônibus interurbano de a cidade, atende 7.000 ônibus e 200.000 passageiros diariamente, tornando-se a estação de ônibus mais movimentada de o mundo.",Claude_Sonnet5,o Port Authority Bus Terminal,atende,7.000 ônibus,3
"A frota de ônibus públicos de a cidade de Nova York é a maior de a América de o Norte, e o Port Authority Bus Terminal, o principal terminal de ônibus interurbano de a cidade, atende 7.000 ônibus e 200.000 passageiros diariamente, tornando-se a estação de ônibus mais movimentada de o mundo.",Claude_Sonnet5,o Port Authority Bus Terminal,atende,200.000 passageiros diariamente,3
"A frota de ônibus públicos de a cidade de Nova York é a maior de a América de o Norte, e o Port Authority Bus Terminal, o principal terminal de ônibus interurbano de a cidade, atende 7.000 ônibus e 200.000 passageiros diariamente, tornando-se a estação de ônibus mais movimentada de o mundo.",respostas_gpt5.5_mini,o Port Authority Bus Terminal,atende,7.000 ônibus,3
"A frota de ônibus públicos de a cidade de Nova York é a maior de a América de o Norte, e o Port Authority Bus Terminal, o principal terminal de ônibus interurbano de a cidade, atende 7.000 ônibus e 200.000 passageiros diariamente, tornando-se a estação de ônibus mais movimentada de o mundo.",respostas_gpt5.5_mini,o Port Authority Bus Terminal,atende,200.000 passageiros diariamente,3
"A frota de ônibus públicos de a cidade de Nova York é a maior de a América de o Norte, e o Port Authority Bus Terminal, o principal terminal de ônibus interurbano de a cidade, atende 7.000 ônibus e 200.000 passageiros diariamente, tornando-se a estação de ônibus mais movimentada de o mundo.",respostasGemini3.1Pro,o Port Authority Bus Terminal,atende,7.000 ônibus,3
"A frota de ônibus públicos de a cidade de Nova York é a maior de a América de o Norte, e o Port Authority Bus Terminal, o principal terminal de ônibus interurbano de a cidade, atende 7.000 ônibus e 200.000 passageiros diariamente, tornando-se a estação de ônibus mais movimentada de o mundo.",respostasGemini3.1Pro,o Port Authority Bus Terminal,atende,200.000 passageiros diariamente,3
"A cidade de Nova York está localizada em um de os maiores portos naturais de o mundo, e os bairros de Manhattan e Staten Island são (principalmente) coterminosos com ilhas com os mesmos nomes, enquanto Queens e Brooklyn estão localizadas em a extremidade oeste de a maior Ilha Longa, e O Bronx está localizado em a ponta sul de o continente de o estado de Nova York.",Claude_Sonnet5,os bairros de Manhattan e Staten Island,são coterminosos com,ilhas com os mesmos nomes,3
"A cidade de Nova York está localizada em um de os maiores portos naturais de o mundo, e os bairros de Manhattan e Staten Island são (principalmente) coterminosos com ilhas com os mesmos nomes, enquanto Queens e Brooklyn estão localizadas em a extremidade oeste de a maior Ilha Longa, e O Bronx está localizado em a ponta sul de o continente de o estado de Nova York.",Claude_Sonnet5,O Bronx,está localizado em,a ponta sul de o continente de o estado de Nova York,3
"A cidade de Nova York está localizada em um de os maiores portos naturais de o mundo, e os bairros de Manhattan e Staten Island são (principalmente) coterminosos com ilhas com os mesmos nomes, enquanto Queens e Brooklyn estão localizadas em a extremidade oeste de a maior Ilha Longa, e O Bronx está localizado em a ponta sul de o continente de o estado de Nova York.",respostas_gpt5.5_mini,os bairros de Manhattan e Staten Island,são coterminosos com,ilhas com os mesmos nomes,3
"A cidade de Nova York está localizada em um de os maiores portos naturais de o mundo, e os bairros de Manhattan e Staten Island são (principalmente) coterminosos com ilhas com os mesmos nomes, enquanto Queens e Brooklyn estão localizadas em a extremidade oeste de a maior Ilha Longa, e O Bronx está localizado em a ponta sul de o continente de o estado de Nova York.",respostas_gpt5.5_mini,O Bronx,está localizado em,a ponta sul de o continente de o estado de Nova York,3
"A cidade de Nova York está localizada em um de os maiores portos naturais de o mundo, e os bairros de Manhattan e Staten Island são (principalmente) coterminosos com ilhas com os mesmos nomes, enquanto Queens e Brooklyn estão localizadas em a extremidade oeste de a maior Ilha Longa, e O Bronx está localizado em a ponta sul de o continente de o estado de Nova York.",respostasGemini3.1Pro,os bairros de Manhattan,são coterminosos com,ilhas com os mesmos nomes,3
"A cidade de Nova York está localizada em um de os maiores portos naturais de o mundo, e os bairros de Manhattan e Staten Island são (principalmente) coterminosos com ilhas com os mesmos nomes, enquanto Queens e Brooklyn estão localizadas em a extremidade oeste de a maior Ilha Longa, e O Bronx está localizado em a ponta sul de o continente de o estado de Nova York.",respostasGemini3.1Pro,O Bronx,está localizado em,a ponta sul de o continente de o estado de Nova York,3
"O alabamiano nativo Allen Barra criticou Lee e o romance em o The Wall Street Journal, chamando o Atticus de repositório de epigramas de barril de cracker e o romance representa um mito coberto de açúcar de a história de o Alabama.",Claude_Sonnet5,o romance,representa,um mito coberto de açúcar de a história de o Alabama,3
"O alabamiano nativo Allen Barra criticou Lee e o romance em o The Wall Street Journal, chamando o Atticus de repositório de epigramas de barril de cracker e o romance representa um mito coberto de açúcar de a história de o Alabama.",respostas_gpt5.5_mini,o romance,representa,um mito coberto de açúcar de a história de o Alabama,3
"O alabamiano nativo Allen Barra criticou Lee e o romance em o The Wall Street Journal, chamando o Atticus de repositório de epigramas de barril de cracker e o romance representa um mito coberto de açúcar de a história de o Alabama.",respostasGemini3.1Pro,o romance,representa,um mito coberto de açúcar de a história de o Alabama,3
"O pai de Lee morreu antes de o lançamento de o filme, e Lee ficou tão impressionado com a performance de Peck que ela lhe deu um relógio de bolso de o pai, que ele tinha com ele em a noite em que recebeu o Oscar de melhor ator.",Claude_Sonnet5,Lee,ficou tão impressionado com,a performance de Peck,3
"O pai de Lee morreu antes de o lançamento de o filme, e Lee ficou tão impressionado com a performance de Peck que ela lhe deu um relógio de bolso de o pai, que ele tinha com ele em a noite em que recebeu o Oscar de melhor ator.",Claude_Sonnet5,ela,deu,um relógio de bolso de o pai,4
"O pai de Lee morreu antes de o lançamento de o filme, e Lee ficou tão impressionado com a performance de Peck que ela lhe deu um relógio de bolso de o pai, que ele tinha com ele em a noite em que recebeu o Oscar de melhor ator.",Claude_Sonnet5,ele,recebeu,o Oscar de melhor ator,3
"O pai de Lee morreu antes de o lançamento de o filme, e Lee ficou tão impressionado com a performance de Peck que ela lhe deu um relógio de bolso de o pai, que ele tinha com ele em a noite em que recebeu o Oscar de melhor ator.",respostaGrok4.0Fast,Lee,ficou impressionado com,a performance de Peck,3
"O pai de Lee morreu antes de o lançamento de o filme, e Lee ficou tão impressionado com a performance de Peck que ela lhe deu um relógio de bolso de o pai, que ele tinha com ele em a noite em que recebeu o Oscar de melhor ator.",respostaGrok4.0Fast,ela,deu,um relógio de bolso de o pai a ele,4
"O pai de Lee morreu antes de o lançamento de o filme, e Lee ficou tão impressionado com a performance de Peck que ela lhe deu um relógio de bolso de o pai, que ele tinha com ele em a noite em que recebeu o Oscar de melhor ator.",respostas_gpt5.5_mini,Lee,ficou impressionado com,a performance de Peck,3
"O pai de Lee morreu antes de o lançamento de o filme, e Lee ficou tão impressionado com a performance de Peck que ela lhe deu um relógio de bolso de o pai, que ele tinha com ele em a noite em que recebeu o Oscar de melhor ator.",respostas_gpt5.5_mini,ela,deu,um relógio de bolso de o pai,4
"O pai de Lee morreu antes de o lançamento de o filme, e Lee ficou tão impressionado com a performance de Peck que ela lhe deu um relógio de bolso de o pai, que ele tinha com ele em a noite em que recebeu o Oscar de melhor ator.",respostas_gpt5.5_mini,ele,recebeu,o Oscar de melhor ator,3
"O pai de Lee morreu antes de o lançamento de o filme, e Lee ficou tão impressionado com a performance de Peck que ela lhe deu um relógio de bolso de o pai, que ele tinha com ele em a noite em que recebeu o Oscar de melhor ator.",respostasGemini3.1Pro,ela,deu,um relógio de bolso de o pai,4
"O pai de Lee morreu antes de o lançamento de o filme, e Lee ficou tão impressionado com a performance de Peck que ela lhe deu um relógio de bolso de o pai, que ele tinha com ele em a noite em que recebeu o Oscar de melhor ator.",respostasGemini3.1Pro,ele,recebeu,o Oscar de melhor ator,3
"Em 2010, houve preocupações entre as autoridades tadjiques de que o militarismo islâmico em o leste de o país estava em ascensão após a fuga de 25 militantes de uma prisão tadjique em agosto, uma emboscada que matou 28 soldados tadjiques em o vale de Rasht em setembro, e outra emboscada em o vale em outubro que matou 30 soldados, seguida de combates fora de Gharm que deixaram 3 militantes mortos.",Claude_Sonnet5,combates fora de Gharm,deixaram,3 militantes mortos,3
"Em 2010, houve preocupações entre as autoridades tadjiques de que o militarismo islâmico em o leste de o país estava em ascensão após a fuga de 25 militantes de uma prisão tadjique em agosto, uma emboscada que matou 28 soldados tadjiques em o vale de Rasht em setembro, e outra emboscada em o vale em outubro que matou 30 soldados, seguida de combates fora de Gharm que deixaram 3 militantes mortos.",respostas_gpt5.5_mini,combates fora de Gharm,deixaram,3 militantes mortos,3
"Em 2010, houve preocupações entre as autoridades tadjiques de que o militarismo islâmico em o leste de o país estava em ascensão após a fuga de 25 militantes de uma prisão tadjique em agosto, uma emboscada que matou 28 soldados tadjiques em o vale de Rasht em setembro, e outra emboscada em o vale em outubro que matou 30 soldados, seguida de combates fora de Gharm que deixaram 3 militantes mortos.",respostasGemini3.1Pro,combates fora de Gharm,deixaram,3 militantes mortos,3
"O Império Samanida, 819 a 999, restaurou o controle persa de a região e ampliou as cidades de Samarcanda e Bukhara (hoje as duas cidades fazem parte de o Uzbequistão), que se tornaram os centros culturais de o Irã e a região era conhecida como Khorasan.",Claude_Sonnet5,O Império Samanida,restaurou,o controle persa de a região,3
"O Império Samanida, 819 a 999, restaurou o controle persa de a região e ampliou as cidades de Samarcanda e Bukhara (hoje as duas cidades fazem parte de o Uzbequistão), que se tornaram os centros culturais de o Irã e a região era conhecida como Khorasan.",Claude_Sonnet5,O Império Samanida,ampliou,as cidades de Samarcanda e Bukhara,3
"O Império Samanida, 819 a 999, restaurou o controle persa de a região e ampliou as cidades de Samarcanda e Bukhara (hoje as duas cidades fazem parte de o Uzbequistão), que se tornaram os centros culturais de o Irã e a região era conhecida como Khorasan.",Claude_Sonnet5,as duas cidades,hoje fazem parte de,o Uzbequistão,3
"O Império Samanida, 819 a 999, restaurou o controle persa de a região e ampliou as cidades de Samarcanda e Bukhara (hoje as duas cidades fazem parte de o Uzbequistão), que se tornaram os centros culturais de o Irã e a região era conhecida como Khorasan.",respostaGrok4.0Fast,O Império Samanida,restaurou,o controle persa de a região,3
"O Império Samanida, 819 a 999, restaurou o controle persa de a região e ampliou as cidades de Samarcanda e Bukhara (hoje as duas cidades fazem parte de o Uzbequistão), que se tornaram os centros culturais de o Irã e a região era conhecida como Khorasan.",respostaGrok4.0Fast,O Império Samanida,ampliou,as cidades de Samarcanda e Bukhara,3
"O Império Samanida, 819 a 999, restaurou o controle persa de a região e ampliou as cidades de Samarcanda e Bukhara (hoje as duas cidades fazem parte de o Uzbequistão), que se tornaram os centros culturais de o Irã e a região era conhecida como Khorasan.",respostas_gpt5.5_mini,O Império Samanida,restaurou,o controle persa de a região,3
"O Império Samanida, 819 a 999, restaurou o controle persa de a região e ampliou as cidades de Samarcanda e Bukhara (hoje as duas cidades fazem parte de o Uzbequistão), que se tornaram os centros culturais de o Irã e a região era conhecida como Khorasan.",respostas_gpt5.5_mini,O Império Samanida,ampliou,as cidades de Samarcanda,3
"O Império Samanida, 819 a 999, restaurou o controle persa de a região e ampliou as cidades de Samarcanda e Bukhara (hoje as duas cidades fazem parte de o Uzbequistão), que se tornaram os centros culturais de o Irã e a região era conhecida como Khorasan.",respostas_gpt5.5_mini,as duas cidades,fazem parte de,o Uzbequistão,3
"O Império Samanida, 819 a 999, restaurou o controle persa de a região e ampliou as cidades de Samarcanda e Bukhara (hoje as duas cidades fazem parte de o Uzbequistão), que se tornaram os centros culturais de o Irã e a região era conhecida como Khorasan.",respostasGemini3.1Pro,hoje as duas cidades,fazem parte de,o Uzbequistão,3
"Com a ocupação de Napoleão, Portugal começou um declínio lento, mas inexorável, que durou até o século XX.",Claude_Sonnet5,Portugal,começou,"um declínio lento, mas inexorável",4
"Com a ocupação de Napoleão, Portugal começou um declínio lento, mas inexorável, que durou até o século XX.",Claude_Sonnet5,"um declínio lento, mas inexorável",durou até,o século XX,3
"Com a ocupação de Napoleão, Portugal começou um declínio lento, mas inexorável, que durou até o século XX.",respostaGrok4.0Fast,Portugal,começou,"um declínio lento, mas inexorável",4
"Com a ocupação de Napoleão, Portugal começou um declínio lento, mas inexorável, que durou até o século XX.",respostas_gpt5.5_mini,Portugal,começou,"um declínio lento, mas inexorável",4
"Com a ocupação de Napoleão, Portugal começou um declínio lento, mas inexorável, que durou até o século XX.",respostas_gpt5.5_mini,"um declínio lento, mas inexorável",durou até,o século XX,3
"Com a ocupação de Napoleão, Portugal começou um declínio lento, mas inexorável, que durou até o século XX.",respostasGemini3.1Pro,Portugal,começou,"um declínio lento, mas inexorável",4
"Com a ocupação de Napoleão, Portugal começou um declínio lento, mas inexorável, que durou até o século XX.",respostasGemini3.1Pro,"um declínio lento, mas inexorável",durou até,o século XX,3
"Portugal mantém uma forma republicana semi-presidencial unitária de governo e é um país desenvolvido com uma economia avançada e um alto padrão de vida, tendo o 18º maior progresso social de o mundo, colocando-o a a frente de outros países de a Europa Ocidental como França, Espanha e Itália.",Claude_Sonnet5,Portugal,é,um país desenvolvido com uma economia avançada e um alto padrão de vida,4
"Portugal mantém uma forma republicana semi-presidencial unitária de governo e é um país desenvolvido com uma economia avançada e um alto padrão de vida, tendo o 18º maior progresso social de o mundo, colocando-o a a frente de outros países de a Europa Ocidental como França, Espanha e Itália.",respostaGrok4.0Fast,Portugal,é,um país desenvolvido com uma economia avançada e um alto padrão de vida,4
"Portugal mantém uma forma republicana semi-presidencial unitária de governo e é um país desenvolvido com uma economia avançada e um alto padrão de vida, tendo o 18º maior progresso social de o mundo, colocando-o a a frente de outros países de a Europa Ocidental como França, Espanha e Itália.",respostas_gpt5.5_mini,Portugal,é,um país desenvolvido com uma economia avançada e um alto padrão de vida,4
"Portugal mantém uma forma republicana semi-presidencial unitária de governo e é um país desenvolvido com uma economia avançada e um alto padrão de vida, tendo o 18º maior progresso social de o mundo, colocando-o a a frente de outros países de a Europa Ocidental como França, Espanha e Itália.",respostasGemini3.1Pro,Portugal,é,um país desenvolvido com uma economia avançada e um alto padrão de vida,4
"Mais tarde, uma província de o norte de a Lusitânia foi formada, conhecida como Gallaecia, com capital em Bracara Augusta, hoje Braga.",Claude_Sonnet5,uma província de o norte de a Lusitânia,conhecida como,Gallaecia,3
"Mais tarde, uma província de o norte de a Lusitânia foi formada, conhecida como Gallaecia, com capital em Bracara Augusta, hoje Braga.",respostas_gpt5.5_mini,uma província de o norte de a Lusitânia,é conhecida como,Gallaecia,3
"Mais tarde, uma província de o norte de a Lusitânia foi formada, conhecida como Gallaecia, com capital em Bracara Augusta, hoje Braga.",respostasGemini3.1Pro,uma província de o norte de a Lusitânia,conhecida como,Gallaecia,3
"O período de Taifa terminou com a conquista de os almorávidas que vieram de o Marrocos em 1086, conquistando uma vitória decisiva em a Batalha de Sagrajas, seguida um século depois em 1147, após o segundo período de Taifa, pelos Almohads, também de Marraquexe.",Claude_Sonnet5,os almorávidas,vieram de,o Marrocos,3
"O período de Taifa terminou com a conquista de os almorávidas que vieram de o Marrocos em 1086, conquistando uma vitória decisiva em a Batalha de Sagrajas, seguida um século depois em 1147, após o segundo período de Taifa, pelos Almohads, também de Marraquexe.",respostas_gpt5.5_mini,os almorávidas,vieram de,o Marrocos,3
"O período de Taifa terminou com a conquista de os almorávidas que vieram de o Marrocos em 1086, conquistando uma vitória decisiva em a Batalha de Sagrajas, seguida um século depois em 1147, após o segundo período de Taifa, pelos Almohads, também de Marraquexe.",respostasGemini3.1Pro,os almorávidas,vieram de,o Marrocos,3
Os berberes eram originalmente de as montanhas de o Atlas e Rif de o norte de a África e eram essencialmente nômades.,Claude_Sonnet5,Os berberes,eram originalmente de,as montanhas de o Atlas e Rif de o norte de a África,4
Os berberes eram originalmente de as montanhas de o Atlas e Rif de o norte de a África e eram essencialmente nômades.,respostaGrok4.0Fast,Os berberes,eram originalmente de,as montanhas de o Atlas e Rif de o norte de a África,4
Os berberes eram originalmente de as montanhas de o Atlas e Rif de o norte de a África e eram essencialmente nômades.,respostaGrok4.0Fast,Os berberes,eram,essencialmente nômades,3
Os berberes eram originalmente de as montanhas de o Atlas e Rif de o norte de a África e eram essencialmente nômades.,respostas_gpt5.5_mini,Os berberes,eram originalmente de,as montanhas de o Atlas e Rif de o norte de a África,4
Os berberes eram originalmente de as montanhas de o Atlas e Rif de o norte de a África e eram essencialmente nômades.,respostas_gpt5.5_mini,Os berberes,eram,essencialmente nômades,3
Os berberes eram originalmente de as montanhas de o Atlas e Rif de o norte de a África e eram essencialmente nômades.,respostasGemini3.1Pro,Os berberes,eram originalmente de,as montanhas de o Atlas e Rif de o norte de a África,4
Os berberes eram originalmente de as montanhas de o Atlas e Rif de o norte de a África e eram essencialmente nômades.,respostasGemini3.1Pro,Os berberes,eram,essencialmente nômades,3
"O banco central de Portugal é o Banco de Portugal, parte integrante de o Sistema Europeu de Bancos Centrais.",Claude_Sonnet5,O banco central de Portugal,é,o Banco de Portugal,4
"O banco central de Portugal é o Banco de Portugal, parte integrante de o Sistema Europeu de Bancos Centrais.",respostaGrok4.0Fast,O banco central de Portugal,é,o Banco de Portugal,4
"O banco central de Portugal é o Banco de Portugal, parte integrante de o Sistema Europeu de Bancos Centrais.",respostas_gpt5.5_mini,O banco central de Portugal,é,o Banco de Portugal,4
"O banco central de Portugal é o Banco de Portugal, parte integrante de o Sistema Europeu de Bancos Centrais.",respostasGemini3.1Pro,O banco central de Portugal,é,o Banco de Portugal,4
"Os pontos turísticos mais procurados em Portugal são Lisboa, Algarve, Madeira, Porto e a cidade de Coimbra, também entre 4-5 milhões de peregrinos religiosos visitam Fátima a cada ano, onde supostamente ocorreram aparições de a Virgem Maria a três pastores em 1917.",Claude_Sonnet5,Os pontos turísticos mais procurados em Portugal,são,Lisboa,3
"Os pontos turísticos mais procurados em Portugal são Lisboa, Algarve, Madeira, Porto e a cidade de Coimbra, também entre 4-5 milhões de peregrinos religiosos visitam Fátima a cada ano, onde supostamente ocorreram aparições de a Virgem Maria a três pastores em 1917.",Claude_Sonnet5,Os pontos turísticos mais procurados em Portugal,são,Algarve,3
"Os pontos turísticos mais procurados em Portugal são Lisboa, Algarve, Madeira, Porto e a cidade de Coimbra, também entre 4-5 milhões de peregrinos religiosos visitam Fátima a cada ano, onde supostamente ocorreram aparições de a Virgem Maria a três pastores em 1917.",Claude_Sonnet5,Os pontos turísticos mais procurados em Portugal,são,Madeira,3
"Os pontos turísticos mais procurados em Portugal são Lisboa, Algarve, Madeira, Porto e a cidade de Coimbra, também entre 4-5 milhões de peregrinos religiosos visitam Fátima a cada ano, onde supostamente ocorreram aparições de a Virgem Maria a três pastores em 1917.",Claude_Sonnet5,Os pontos turísticos mais procurados em Portugal,são,Porto,3
"Os pontos turísticos mais procurados em Portugal são Lisboa, Algarve, Madeira, Porto e a cidade de Coimbra, também entre 4-5 milhões de peregrinos religiosos visitam Fátima a cada ano, onde supostamente ocorreram aparições de a Virgem Maria a três pastores em 1917.",Claude_Sonnet5,Os pontos turísticos mais procurados em Portugal,são,a cidade de Coimbra,3
"Os pontos turísticos mais procurados em Portugal são Lisboa, Algarve, Madeira, Porto e a cidade de Coimbra, também entre 4-5 milhões de peregrinos religiosos visitam Fátima a cada ano, onde supostamente ocorreram aparições de a Virgem Maria a três pastores em 1917.",respostas_gpt5.5_mini,Os pontos turísticos mais procurados em Portugal,são,Lisboa,3
"Os pontos turísticos mais procurados em Portugal são Lisboa, Algarve, Madeira, Porto e a cidade de Coimbra, também entre 4-5 milhões de peregrinos religiosos visitam Fátima a cada ano, onde supostamente ocorreram aparições de a Virgem Maria a três pastores em 1917.",respostas_gpt5.5_mini,Os pontos turísticos mais procurados em Portugal,são,Algarve,3
"Os pontos turísticos mais procurados em Portugal são Lisboa, Algarve, Madeira, Porto e a cidade de Coimbra, também entre 4-5 milhões de peregrinos religiosos visitam Fátima a cada ano, onde supostamente ocorreram aparições de a Virgem Maria a três pastores em 1917.",respostas_gpt5.5_mini,Os pontos turísticos mais procurados em Portugal,são,Madeira,3
"Os pontos turísticos mais procurados em Portugal são Lisboa, Algarve, Madeira, Porto e a cidade de Coimbra, também entre 4-5 milhões de peregrinos religiosos visitam Fátima a cada ano, onde supostamente ocorreram aparições de a Virgem Maria a três pastores em 1917.",respostas_gpt5.5_mini,Os pontos turísticos mais procurados em Portugal,são,Porto,3
"Os pontos turísticos mais procurados em Portugal são Lisboa, Algarve, Madeira, Porto e a cidade de Coimbra, também entre 4-5 milhões de peregrinos religiosos visitam Fátima a cada ano, onde supostamente ocorreram aparições de a Virgem Maria a três pastores em 1917.",respostas_gpt5.5_mini,Os pontos turísticos mais procurados em Portugal,são,a cidade de Coimbra,3
"Os pontos turísticos mais procurados em Portugal são Lisboa, Algarve, Madeira, Porto e a cidade de Coimbra, também entre 4-5 milhões de peregrinos religiosos visitam Fátima a cada ano, onde supostamente ocorreram aparições de a Virgem Maria a três pastores em 1917.",respostasGemini3.1Pro,Os pontos turísticos mais procurados em Portugal,são,Lisboa,3
"Os pontos turísticos mais procurados em Portugal são Lisboa, Algarve, Madeira, Porto e a cidade de Coimbra, também entre 4-5 milhões de peregrinos religiosos visitam Fátima a cada ano, onde supostamente ocorreram aparições de a Virgem Maria a três pastores em 1917.",respostasGemini3.1Pro,Os pontos turísticos mais procurados em Portugal,são,Algarve,3
"Os pontos turísticos mais procurados em Portugal são Lisboa, Algarve, Madeira, Porto e a cidade de Coimbra, também entre 4-5 milhões de peregrinos religiosos visitam Fátima a cada ano, onde supostamente ocorreram aparições de a Virgem Maria a três pastores em 1917.",respostasGemini3.1Pro,Os pontos turísticos mais procurados em Portugal,são,Madeira,3
"Os pontos turísticos mais procurados em Portugal são Lisboa, Algarve, Madeira, Porto e a cidade de Coimbra, também entre 4-5 milhões de peregrinos religiosos visitam Fátima a cada ano, onde supostamente ocorreram aparições de a Virgem Maria a três pastores em 1917.",respostasGemini3.1Pro,Os pontos turísticos mais procurados em Portugal,são,Porto,3
"Os pontos turísticos mais procurados em Portugal são Lisboa, Algarve, Madeira, Porto e a cidade de Coimbra, também entre 4-5 milhões de peregrinos religiosos visitam Fátima a cada ano, onde supostamente ocorreram aparições de a Virgem Maria a três pastores em 1917.",respostasGemini3.1Pro,Os pontos turísticos mais procurados em Portugal,são,a cidade de Coimbra,3
"Em 2007, Portugal tinha 10.617.575 habitantes, de os quais cerca de 332.137 eram imigrantes legais.",Claude_Sonnet5,cerca de 332.137,eram,imigrantes legais,3
"Em 2007, Portugal tinha 10.617.575 habitantes, de os quais cerca de 332.137 eram imigrantes legais.",respostas_gpt5.5_mini,cerca de 332.137,eram,imigrantes legais,3
"Em 2007, Portugal tinha 10.617.575 habitantes, de os quais cerca de 332.137 eram imigrantes legais.",respostasGemini3.1Pro,cerca de 332.137,eram,imigrantes legais,3
As universidades portuguesas existem desde 1290,Claude_Sonnet5,As universidades portuguesas,existem desde,1290,4
As universidades portuguesas existem desde 1290,respostaGrok4.0Fast,As universidades portuguesas,existem desde,1290,4
As universidades portuguesas existem desde 1290,respostas_gpt5.5_mini,As universidades portuguesas,existem desde,1290,4
As universidades portuguesas existem desde 1290,respostasGemini3.1Pro,As universidades portuguesas,existem desde,1290,4
Portugal liderou a exploração européia de o mundo e uma era de a descoberta.,Claude_Sonnet5,Portugal,liderou,uma era de a descoberta,3
Portugal liderou a exploração européia de o mundo e uma era de a descoberta.,respostas_gpt5.5_mini,Portugal,liderou,uma era de a descoberta,3
Portugal liderou a exploração européia de o mundo e uma era de a descoberta.,respostasGemini3.1Pro,Portugal,liderou,uma era de a descoberta,3
"O português é uma língua românica que se originou em o que hoje é a Galiza e o norte de Portugal, originária de o galego-português, que era a língua comum de o povo galego e português até a independência de Portugal.",Claude_Sonnet5,O português,se originou em,o que hoje é a Galiza e o norte de Portugal,3
"O português é uma língua românica que se originou em o que hoje é a Galiza e o norte de Portugal, originária de o galego-português, que era a língua comum de o povo galego e português até a independência de Portugal.",Claude_Sonnet5,o galego-português,era,a língua comum de o povo galego e português,3
"O português é uma língua românica que se originou em o que hoje é a Galiza e o norte de Portugal, originária de o galego-português, que era a língua comum de o povo galego e português até a independência de Portugal.",respostaGrok4.0Fast,O português,se originou em,o que hoje é a Galiza e o norte de Portugal,3
"O português é uma língua românica que se originou em o que hoje é a Galiza e o norte de Portugal, originária de o galego-português, que era a língua comum de o povo galego e português até a independência de Portugal.",respostas_gpt5.5_mini,O português,se originou em,o que hoje é a Galiza e o norte de Portugal,3
"O português é uma língua românica que se originou em o que hoje é a Galiza e o norte de Portugal, originária de o galego-português, que era a língua comum de o povo galego e português até a independência de Portugal.",respostas_gpt5.5_mini,o galego-português,era,a língua comum de o povo galego e português até a independência de Portugal,3
"O português é uma língua românica que se originou em o que hoje é a Galiza e o norte de Portugal, originária de o galego-português, que era a língua comum de o povo galego e português até a independência de Portugal.",respostasGemini3.1Pro,o galego-português,era,a língua comum de o povo galego e português,3
"Kanye Omari West nasceu em 8 de junho de 1977 em Atlanta, Geórgia.",Claude_Sonnet5,Kanye Omari West,nasceu em,8 de junho de 1977,4
"Kanye Omari West nasceu em 8 de junho de 1977 em Atlanta, Geórgia.",Claude_Sonnet5,Kanye Omari West,nasceu em,"Atlanta, Geórgia",3
"Kanye Omari West nasceu em 8 de junho de 1977 em Atlanta, Geórgia.",respostaGrok4.0Fast,Kanye Omari West,nasceu em,"8 de junho de 1977 em Atlanta, Geórgia",4
"Kanye Omari West nasceu em 8 de junho de 1977 em Atlanta, Geórgia.",respostas_gpt5.5_mini,Kanye Omari West,nasceu em,8 de junho de 1977,4
"Kanye Omari West nasceu em 8 de junho de 1977 em Atlanta, Geórgia.",respostas_gpt5.5_mini,Kanye Omari West,nasceu em,"Atlanta, Geórgia",3
"Kanye Omari West nasceu em 8 de junho de 1977 em Atlanta, Geórgia.",respostasGemini3.1Pro,Kanye Omari West,nasceu em,8 de junho de 1977,4
"Kanye Omari West nasceu em 8 de junho de 1977 em Atlanta, Geórgia.",respostasGemini3.1Pro,Kanye Omari West,nasceu em,"Atlanta, Geórgia",3
"O budismo mahayana, a o contrário, aspira a o estado de Buda através de o caminho de o bodhisattva, um estado em que alguém permanece neste ciclo para ajudar outros seres a alcançar o despertar.",Claude_Sonnet5,O budismo mahayana,aspira a,o estado de Buda,4
"O budismo mahayana, a o contrário, aspira a o estado de Buda através de o caminho de o bodhisattva, um estado em que alguém permanece neste ciclo para ajudar outros seres a alcançar o despertar.",respostaGrok4.0Fast,O budismo mahayana,aspira a,o estado de Buda através de o caminho de o bodhisattva,4
"O budismo mahayana, a o contrário, aspira a o estado de Buda através de o caminho de o bodhisattva, um estado em que alguém permanece neste ciclo para ajudar outros seres a alcançar o despertar.",respostas_gpt5.5_mini,O budismo mahayana,aspira a,o estado de Buda,4
"O budismo mahayana, a o contrário, aspira a o estado de Buda através de o caminho de o bodhisattva, um estado em que alguém permanece neste ciclo para ajudar outros seres a alcançar o despertar.",respostasGemini3.1Pro,O budismo mahayana,aspira a,o estado de Buda,4
"Dentro de o budismo, samsara é definido como o ciclo repetitivo contínuo de nascimento e morte que surge de a apreensão e fixação de seres comuns em um eu e experiências.",Claude_Sonnet5,o ciclo repetitivo contínuo de nascimento e morte,surge de,a apreensão e fixação de seres comuns em um eu e experiências,3
"Dentro de o budismo, samsara é definido como o ciclo repetitivo contínuo de nascimento e morte que surge de a apreensão e fixação de seres comuns em um eu e experiências.",respostas_gpt5.5_mini,o ciclo repetitivo contínuo de nascimento e morte,surge de,a apreensão e fixação de seres comuns em um eu e experiências,3
"Dentro de o budismo, samsara é definido como o ciclo repetitivo contínuo de nascimento e morte que surge de a apreensão e fixação de seres comuns em um eu e experiências.",respostasGemini3.1Pro,o ciclo repetitivo contínuo de nascimento e morte,surge de,a apreensão e fixação de seres comuns em um eu e experiências,3
O budismo nega uma divindade como O Criador e postula que divindades mundanas como Mahabrahma são mal interpretadas como criador.,Claude_Sonnet5,O budismo,postula,que divindades mundanas como Mahabrahma são mal interpretadas como criador,3
O budismo nega uma divindade como O Criador e postula que divindades mundanas como Mahabrahma são mal interpretadas como criador.,respostas_gpt5.5_mini,O budismo,postula,que divindades mundanas como Mahabrahma são mal interpretadas como criador,3
O budismo nega uma divindade como O Criador e postula que divindades mundanas como Mahabrahma são mal interpretadas como criador.,respostasGemini3.1Pro,O budismo,postula,que divindades mundanas como Mahabrahma são mal interpretadas como criador,3
A segunda verdade é que a origem de dukkha pode ser conhecida.,Claude_Sonnet5,A segunda verdade,é,que a origem de dukkha pode ser conhecida,4
A segunda verdade é que a origem de dukkha pode ser conhecida.,respostaGrok4.0Fast,A segunda verdade,é,que a origem de dukkha pode ser conhecida,4
A segunda verdade é que a origem de dukkha pode ser conhecida.,respostas_gpt5.5_mini,A segunda verdade,é,que a origem de dukkha pode ser conhecida,4
A segunda verdade é que a origem de dukkha pode ser conhecida.,respostasGemini3.1Pro,A segunda verdade,é,que a origem de dukkha pode ser conhecida,4
"O ensinamento zen-budista geralmente é cheio de paradoxos, a fim de afrouxar o domínio de o ego e facilitar a penetração em o reino de o Eu Verdadeiro ou Eu Sem Forma, que é equiparado a o próprio Buda.",Claude_Sonnet5,o reino de o Eu Verdadeiro ou Eu Sem Forma,é equiparado a,o próprio Buda,3
"O ensinamento zen-budista geralmente é cheio de paradoxos, a fim de afrouxar o domínio de o ego e facilitar a penetração em o reino de o Eu Verdadeiro ou Eu Sem Forma, que é equiparado a o próprio Buda.",respostas_gpt5.5_mini,Eu Verdadeiro ou Eu Sem Forma,é equiparado a,o próprio Buda,3
"O ensinamento zen-budista geralmente é cheio de paradoxos, a fim de afrouxar o domínio de o ego e facilitar a penetração em o reino de o Eu Verdadeiro ou Eu Sem Forma, que é equiparado a o próprio Buda.",respostasGemini3.1Pro,o reino de o Eu Verdadeiro ou Eu Sem Forma,é equiparado a,o próprio Buda,3
"Além disso, o Budismo de o Leste Asiático reconhece alguns sutras considerados pelos estudiosos de origem chinesa e não indiana.",Claude_Sonnet5,o Budismo de o Leste Asiático,reconhece,alguns sutras,3
"Além disso, o Budismo de o Leste Asiático reconhece alguns sutras considerados pelos estudiosos de origem chinesa e não indiana.",respostas_gpt5.5_mini,o Budismo de o Leste Asiático,reconhece,alguns sutras,3
"Além disso, o Budismo de o Leste Asiático reconhece alguns sutras considerados pelos estudiosos de origem chinesa e não indiana.",respostasGemini3.1Pro,o Budismo de o Leste Asiático,reconhece,alguns sutras,3
O programa foi renomeado como American Idol The Search for a Superstar e estreou em o verão de 2002.,Claude_Sonnet5,O programa,estreou em,o verão de 2002,4
O programa foi renomeado como American Idol The Search for a Superstar e estreou em o verão de 2002.,respostaGrok4.0Fast,O programa,estreou em,o verão de 2002,4
O programa foi renomeado como American Idol The Search for a Superstar e estreou em o verão de 2002.,respostas_gpt5.5_mini,O programa,estreou em,o verão de 2002,4
O programa foi renomeado como American Idol The Search for a Superstar e estreou em o verão de 2002.,respostasGemini3.1Pro,O programa,estreou em,o verão de 2002,4
"Desde então, Underwood vendeu 65 milhões de discos em todo o mundo e se tornou o concorrente de maior sucesso em os EUA, vendendo mais de 14 milhões de cópias de álbuns em os EUA e mais Underwood ganhou sete prêmios Grammy, o maior número de Grammys de um ex-aluno de o American Idol.",Claude_Sonnet5,Underwood,se tornou,o concorrente de maior sucesso em os EUA,3
"Desde então, Underwood vendeu 65 milhões de discos em todo o mundo e se tornou o concorrente de maior sucesso em os EUA, vendendo mais de 14 milhões de cópias de álbuns em os EUA e mais Underwood ganhou sete prêmios Grammy, o maior número de Grammys de um ex-aluno de o American Idol.",respostas_gpt5.5_mini,Underwood,se tornou,o concorrente de maior sucesso em os EUA,3
"Desde então, Underwood vendeu 65 milhões de discos em todo o mundo e se tornou o concorrente de maior sucesso em os EUA, vendendo mais de 14 milhões de cópias de álbuns em os EUA e mais Underwood ganhou sete prêmios Grammy, o maior número de Grammys de um ex-aluno de o American Idol.",respostasGemini3.1Pro,Underwood,se tornou,o concorrente de maior sucesso em os EUA,3
A sexta temporada foi a primeira temporada em que os resultados médios mostram uma classificação mais alta de o que as etapas de a competição (diferente de as temporadas anteriores) e se tornou a segunda melhor classificação de a série após a temporada anterior.,Claude_Sonnet5,A sexta temporada,se tornou,a segunda melhor classificação de a série,3
A sexta temporada foi a primeira temporada em que os resultados médios mostram uma classificação mais alta de o que as etapas de a competição (diferente de as temporadas anteriores) e se tornou a segunda melhor classificação de a série após a temporada anterior.,respostas_gpt5.5_mini,A sexta temporada,se tornou,a segunda melhor classificação de a série após a temporada anterior,3
A sexta temporada foi a primeira temporada em que os resultados médios mostram uma classificação mais alta de o que as etapas de a competição (diferente de as temporadas anteriores) e se tornou a segunda melhor classificação de a série após a temporada anterior.,respostasGemini3.1Pro,A sexta temporada,se tornou,a segunda melhor classificação de a série,3
"Na turnê de a 12ª temporada, um semi-finalista que venceu uma cantada também foi adicionado a a turnê.",Claude_Sonnet5,um semi-finalista,venceu,uma cantada,3
"Na turnê de a 12ª temporada, um semi-finalista que venceu uma cantada também foi adicionado a a turnê.",Claude_Sonnet5,um semi-finalista,foi adicionado a,a turnê,3
"Na turnê de a 12ª temporada, um semi-finalista que venceu uma cantada também foi adicionado a a turnê.",respostas_gpt5.5_mini,um semi-finalista,venceu,uma cantada,3
"Na turnê de a 12ª temporada, um semi-finalista que venceu uma cantada também foi adicionado a a turnê.",respostas_gpt5.5_mini,um semi-finalista,foi adicionado a,a turnê,3
"Na turnê de a 12ª temporada, um semi-finalista que venceu uma cantada também foi adicionado a a turnê.",respostasGemini3.1Pro,um semi-finalista,venceu,uma cantada,3
"Na turnê de a 12ª temporada, um semi-finalista que venceu uma cantada também foi adicionado a a turnê.",respostasGemini3.1Pro,um semi-finalista,foi adicionado a,a turnê,3
"Em 1758, o taxonomista Linnaeus publicou em o Systema Naturae uma categorização de espécies que incluía as espécies de Canis.",Claude_Sonnet5,o taxonomista Linnaeus,publicou,uma categorização de espécies,3
"Em 1758, o taxonomista Linnaeus publicou em o Systema Naturae uma categorização de espécies que incluía as espécies de Canis.",Claude_Sonnet5,uma categorização de espécies,incluía,as espécies de Canis,3
"Em 1758, o taxonomista Linnaeus publicou em o Systema Naturae uma categorização de espécies que incluía as espécies de Canis.",respostas_gpt5.5_mini,o taxonomista Linnaeus,publicou,uma categorização de espécies,3
"Em 1758, o taxonomista Linnaeus publicou em o Systema Naturae uma categorização de espécies que incluía as espécies de Canis.",respostas_gpt5.5_mini,uma categorização de espécies,incluía,as espécies de Canis,3
"Em 1758, o taxonomista Linnaeus publicou em o Systema Naturae uma categorização de espécies que incluía as espécies de Canis.",respostasGemini3.1Pro,o taxonomista Linnaeus,publicou,uma categorização de espécies,3
"Em 1758, o taxonomista Linnaeus publicou em o Systema Naturae uma categorização de espécies que incluía as espécies de Canis.",respostasGemini3.1Pro,uma categorização de espécies,incluía,as espécies de Canis,3
"Cazaquistão: O primeiro portador de tocha em Almaty, onde a tocha olímpica chegou por a primeira vez em 2 de abril, foi o presidente de o Nursultan Nazarbaev de o Cazaquistão.",Claude_Sonnet5,O primeiro portador de tocha em Almaty,foi,o presidente de o Nursultan Nazarbaev de o Cazaquistão,4
"Cazaquistão: O primeiro portador de tocha em Almaty, onde a tocha olímpica chegou por a primeira vez em 2 de abril, foi o presidente de o Nursultan Nazarbaev de o Cazaquistão.",respostaGrok4.0Fast,O primeiro portador de tocha em Almaty,foi,o presidente de o Nursultan Nazarbaev de o Cazaquistão,4
"Cazaquistão: O primeiro portador de tocha em Almaty, onde a tocha olímpica chegou por a primeira vez em 2 de abril, foi o presidente de o Nursultan Nazarbaev de o Cazaquistão.",respostas_gpt5.5_mini,O primeiro portador de tocha em Almaty,foi,o presidente de o Nursultan Nazarbaev de o Cazaquistão,4
"Cazaquistão: O primeiro portador de tocha em Almaty, onde a tocha olímpica chegou por a primeira vez em 2 de abril, foi o presidente de o Nursultan Nazarbaev de o Cazaquistão.",respostasGemini3.1Pro,O primeiro portador de tocha em Almaty,foi,o presidente de o Nursultan Nazarbaev de o Cazaquistão,4
"Em 1º de abril de 2008, o Conselho de Supervisores de São Francisco aprovou uma resolução que tratava de as questões de direitos humanos quando a tocha olímpica de Pequim chegasse a São Francisco em 9 de abril.",Claude_Sonnet5,uma resolução,tratava de,as questões de direitos humanos,3
"Em 1º de abril de 2008, o Conselho de Supervisores de São Francisco aprovou uma resolução que tratava de as questões de direitos humanos quando a tocha olímpica de Pequim chegasse a São Francisco em 9 de abril.",respostas_gpt5.5_mini,uma resolução,tratava de,as questões de direitos humanos,3
"Em 1º de abril de 2008, o Conselho de Supervisores de São Francisco aprovou uma resolução que tratava de as questões de direitos humanos quando a tocha olímpica de Pequim chegasse a São Francisco em 9 de abril.",respostasGemini3.1Pro,uma resolução,tratava de,as questões de direitos humanos,3
"A mídia indiana informou que o ministro de o Comércio de a Índia, Kamal Nath, cancelou uma viagem oficial a Pequim em protesto, apesar de fontes de a Nath e de a China terem negado.:",Claude_Sonnet5,A mídia indiana,informou,"que o ministro de o Comércio de a Índia, Kamal Nath, cancelou uma viagem oficial a Pequim em protesto",4
"A mídia indiana informou que o ministro de o Comércio de a Índia, Kamal Nath, cancelou uma viagem oficial a Pequim em protesto, apesar de fontes de a Nath e de a China terem negado.:",respostaGrok4.0Fast,A mídia indiana,informou,"que o ministro de o Comércio de a Índia, Kamal Nath, cancelou uma viagem oficial a Pequim em protesto",4
"A mídia indiana informou que o ministro de o Comércio de a Índia, Kamal Nath, cancelou uma viagem oficial a Pequim em protesto, apesar de fontes de a Nath e de a China terem negado.:",respostas_gpt5.5_mini,A mídia indiana,informou,"que o ministro de o Comércio de a Índia, Kamal Nath, cancelou uma viagem oficial a Pequim em protesto",4
"A mídia indiana informou que o ministro de o Comércio de a Índia, Kamal Nath, cancelou uma viagem oficial a Pequim em protesto, apesar de fontes de a Nath e de a China terem negado.:",respostasGemini3.1Pro,A mídia indiana,informou,"que o ministro de o Comércio de a Índia, Kamal Nath, cancelou uma viagem oficial a Pequim em protesto",4
"Em vez de ensinar pequenas partes de um grande número de assuntos, Whitehead advogou o ensino de relativamente poucos conceitos importantes que o aluno poderia vincular organicamente a muitas áreas diferentes de o conhecimento, descobrindo sua aplicação em a vida real.",Claude_Sonnet5,o aluno,poderia vincular organicamente,a muitas áreas diferentes de o conhecimento,3
"Em vez de ensinar pequenas partes de um grande número de assuntos, Whitehead advogou o ensino de relativamente poucos conceitos importantes que o aluno poderia vincular organicamente a muitas áreas diferentes de o conhecimento, descobrindo sua aplicação em a vida real.",respostas_gpt5.5_mini,o aluno,poderia vincular,relativamente poucos conceitos importantes a muitas áreas diferentes de o conhecimento,3
"Em vez de ensinar pequenas partes de um grande número de assuntos, Whitehead advogou o ensino de relativamente poucos conceitos importantes que o aluno poderia vincular organicamente a muitas áreas diferentes de o conhecimento, descobrindo sua aplicação em a vida real.",respostasGemini3.1Pro,o aluno,poderia vincular,organicamente a muitas áreas diferentes de o conhecimento,3
"Whitehead argumentou que a realidade consiste em processos e não em objetos materiais, e que os processos são melhor definidos por suas relações com outros processos, rejeitando assim a teoria de que a realidade é fundamentalmente construída por pedaços de matéria que existem independentemente um de o outro.",Claude_Sonnet5,os processos,são melhor definidos por,suas relações com outros processos,3
"Whitehead argumentou que a realidade consiste em processos e não em objetos materiais, e que os processos são melhor definidos por suas relações com outros processos, rejeitando assim a teoria de que a realidade é fundamentalmente construída por pedaços de matéria que existem independentemente um de o outro.",respostas_gpt5.5_mini,os processos,são melhor definidos por,suas relações com outros processos,3
"Whitehead argumentou que a realidade consiste em processos e não em objetos materiais, e que os processos são melhor definidos por suas relações com outros processos, rejeitando assim a teoria de que a realidade é fundamentalmente construída por pedaços de matéria que existem independentemente um de o outro.",respostasGemini3.1Pro,os processos,são melhor definidos por,suas relações com outros processos,3
"Alfred North Whitehead nasceu em Ramsgate, Kent, Inglaterra, em 1861.",Claude_Sonnet5,Alfred North Whitehead,nasceu em,"Ramsgate, Kent, Inglaterra",3
"Alfred North Whitehead nasceu em Ramsgate, Kent, Inglaterra, em 1861.",respostas_gpt5.5_mini,Alfred North Whitehead,nasceu em,"Ramsgate, Kent, Inglaterra",3
"Alfred North Whitehead nasceu em Ramsgate, Kent, Inglaterra, em 1861.",respostasGemini3.1Pro,Alfred North Whitehead,nasceu em,"Ramsgate, Kent, Inglaterra",3
"Em 1918, as responsabilidades acadêmicas de Whitehead começaram a se expandir seriamente, quando ele aceitou uma série de altos cargos administrativos dentro de o sistema de a Universidade de Londres, de os quais o Imperial College London era membro em a época.",Claude_Sonnet5,ele,aceitou,uma série de altos cargos administrativos dentro de o sistema de a Universidade de Londres,3
"Em 1918, as responsabilidades acadêmicas de Whitehead começaram a se expandir seriamente, quando ele aceitou uma série de altos cargos administrativos dentro de o sistema de a Universidade de Londres, de os quais o Imperial College London era membro em a época.",respostaGrok4.0Fast,ele,aceitou,uma série de altos cargos administrativos dentro de o sistema de a Universidade de Londres,3
"Em 1918, as responsabilidades acadêmicas de Whitehead começaram a se expandir seriamente, quando ele aceitou uma série de altos cargos administrativos dentro de o sistema de a Universidade de Londres, de os quais o Imperial College London era membro em a época.",respostas_gpt5.5_mini,ele,aceitou,uma série de altos cargos administrativos dentro de o sistema de a Universidade de Londres,3
"A recessão em os EUA, iniciada em dezembro de 2007, terminou em junho de 2009, de acordo com o Bureau Nacional de Pesquisa Econômica de os EUA (NBER) e a crise financeira parece ter terminado em a mesma época.",Claude_Sonnet5,a crise financeira,parece ter terminado em,a mesma época,3
"A recessão em os EUA, iniciada em dezembro de 2007, terminou em junho de 2009, de acordo com o Bureau Nacional de Pesquisa Econômica de os EUA (NBER) e a crise financeira parece ter terminado em a mesma época.",respostas_gpt5.5_mini,a crise financeira,parece ter terminado em,a mesma época,3
"A recessão em os EUA, iniciada em dezembro de 2007, terminou em junho de 2009, de acordo com o Bureau Nacional de Pesquisa Econômica de os EUA (NBER) e a crise financeira parece ter terminado em a mesma época.",respostasGemini3.1Pro,a crise financeira,parece ter terminado em,a mesma época,3
"os títulos lastreados em hipotecas comerciais, os lastreados em ativos e os CDOs atingiram o pico em 2006 em quase US $ 2 trilhões... Em 2009, a emissão privada foi de menos de US $ 150 bilhões, e quase toda a emissão em lastro foi suportada por o Programa TALF de o Federal Reserve para ajudar os financiadores de cartões de crédito, automóveis e pequenas empresas.",Claude_Sonnet5,"os títulos lastreados em hipotecas comerciais, os lastreados em ativos e os CDOs",atingiram o pico em,quase US $ 2 trilhões,3
"os títulos lastreados em hipotecas comerciais, os lastreados em ativos e os CDOs atingiram o pico em 2006 em quase US $ 2 trilhões... Em 2009, a emissão privada foi de menos de US $ 150 bilhões, e quase toda a emissão em lastro foi suportada por o Programa TALF de o Federal Reserve para ajudar os financiadores de cartões de crédito, automóveis e pequenas empresas.",respostaGrok4.0Fast,"os títulos lastreados em hipotecas comerciais, os lastreados em ativos e os CDOs",atingiram o pico em,2006 em quase US $ 2 trilhões,3
"os títulos lastreados em hipotecas comerciais, os lastreados em ativos e os CDOs atingiram o pico em 2006 em quase US $ 2 trilhões... Em 2009, a emissão privada foi de menos de US $ 150 bilhões, e quase toda a emissão em lastro foi suportada por o Programa TALF de o Federal Reserve para ajudar os financiadores de cartões de crédito, automóveis e pequenas empresas.",respostas_gpt5.5_mini,os títulos lastreados em hipotecas comerciais,atingiram o pico em,2006 em quase US $ 2 trilhões,3
"Na constituição russa, o primeiro ministro é em a verdade intitulado Presidente de o governo, enquanto o primeiro ministro irlandês é chamado Taoiseach (que é traduzido para inglês como primeiro ministro), e em Israel ele é Rosh HaMemshalah, que significa chefe de o governo.",respostaGrok4.0Fast,o primeiro ministro,é intitulado,Presidente de o governo,3
"Na constituição russa, o primeiro ministro é em a verdade intitulado Presidente de o governo, enquanto o primeiro ministro irlandês é chamado Taoiseach (que é traduzido para inglês como primeiro ministro), e em Israel ele é Rosh HaMemshalah, que significa chefe de o governo.",respostas_gpt5.5_mini,o primeiro ministro,é intitulado,Presidente de o governo,3
"Na constituição russa, o primeiro ministro é em a verdade intitulado Presidente de o governo, enquanto o primeiro ministro irlandês é chamado Taoiseach (que é traduzido para inglês como primeiro ministro), e em Israel ele é Rosh HaMemshalah, que significa chefe de o governo.",respostasGemini3.1Pro,o primeiro ministro,é intitulado,Presidente de o governo,3
"Todas as ordens de implantação e disposição de tropas, incluindo declarações de guerra, se enquadram em a prerrogativa real e são emitidas como Ordens em o Conselho, que devem ser assinadas por o monarca ou por o governador geral.",Claude_Sonnet5,Todas as ordens de implantação e disposição de tropas,são emitidas como,Ordens em o Conselho,3
"Todas as ordens de implantação e disposição de tropas, incluindo declarações de guerra, se enquadram em a prerrogativa real e são emitidas como Ordens em o Conselho, que devem ser assinadas por o monarca ou por o governador geral.",respostas_gpt5.5_mini,Todas as ordens de implantação e disposição de tropas,são emitidas como,Ordens em o Conselho,3
"Todas as ordens de implantação e disposição de tropas, incluindo declarações de guerra, se enquadram em a prerrogativa real e são emitidas como Ordens em o Conselho, que devem ser assinadas por o monarca ou por o governador geral.",respostasGemini3.1Pro,Todas as ordens de implantação e disposição de tropas,são emitidas como,Ordens em o Conselho,3
"Uma estrutura grande não pode mais ser o design de uma pessoa, mas deve ser o trabalho de muitos.",Claude_Sonnet5,Uma estrutura grande,deve ser,o trabalho de muitos,4
"Uma estrutura grande não pode mais ser o design de uma pessoa, mas deve ser o trabalho de muitos.",respostaGrok4.0Fast,Uma estrutura grande,deve ser,o trabalho de muitos,4
"Uma estrutura grande não pode mais ser o design de uma pessoa, mas deve ser o trabalho de muitos.",respostas_gpt5.5_mini,Uma estrutura grande,deve ser,o trabalho de muitos,4
"Uma estrutura grande não pode mais ser o design de uma pessoa, mas deve ser o trabalho de muitos.",respostasGemini3.1Pro,Uma estrutura grande,deve ser,o trabalho de muitos,4
"Schwarzenegger conheceu Maria Shriver em o torneio de tênis Robert F. Kennedy, em agosto de 1977, e teve um relacionamento com as duas mulheres até agosto de 1978, quando Moray (que conhecia seu relacionamento com Shriver) emitiu um ultimato.",Claude_Sonnet5,Schwarzenegger,teve,um relacionamento com as duas mulheres,3
"Schwarzenegger conheceu Maria Shriver em o torneio de tênis Robert F. Kennedy, em agosto de 1977, e teve um relacionamento com as duas mulheres até agosto de 1978, quando Moray (que conhecia seu relacionamento com Shriver) emitiu um ultimato.",respostaGrok4.0Fast,Schwarzenegger,teve,um relacionamento com as duas mulheres,3
"Schwarzenegger conheceu Maria Shriver em o torneio de tênis Robert F. Kennedy, em agosto de 1977, e teve um relacionamento com as duas mulheres até agosto de 1978, quando Moray (que conhecia seu relacionamento com Shriver) emitiu um ultimato.",respostasGemini3.1Pro,Schwarzenegger,teve,um relacionamento com as duas mulheres,3
"Em 1620, os Padres Peregrinos partiram de Plymouth para o Novo Mundo e estabeleceram a Colônia de Plymouth - o segundo assentamento inglês em o que é hoje os Estados Unidos de a América.",Claude_Sonnet5,os Padres Peregrinos,partiram de,Plymouth,3
"Em 1620, os Padres Peregrinos partiram de Plymouth para o Novo Mundo e estabeleceram a Colônia de Plymouth - o segundo assentamento inglês em o que é hoje os Estados Unidos de a América.",Claude_Sonnet5,os Padres Peregrinos,partiram para,o Novo Mundo,3
"Em 1620, os Padres Peregrinos partiram de Plymouth para o Novo Mundo e estabeleceram a Colônia de Plymouth - o segundo assentamento inglês em o que é hoje os Estados Unidos de a América.",Claude_Sonnet5,os Padres Peregrinos,estabeleceram,a Colônia de Plymouth,4
"Em 1620, os Padres Peregrinos partiram de Plymouth para o Novo Mundo e estabeleceram a Colônia de Plymouth - o segundo assentamento inglês em o que é hoje os Estados Unidos de a América.",respostaGrok4.0Fast,os Padres Peregrinos,estabeleceram,a Colônia de Plymouth,4
"Em 1620, os Padres Peregrinos partiram de Plymouth para o Novo Mundo e estabeleceram a Colônia de Plymouth - o segundo assentamento inglês em o que é hoje os Estados Unidos de a América.",respostas_gpt5.5_mini,os Padres Peregrinos,partiram de,Plymouth,3
"Em 1620, os Padres Peregrinos partiram de Plymouth para o Novo Mundo e estabeleceram a Colônia de Plymouth - o segundo assentamento inglês em o que é hoje os Estados Unidos de a América.",respostas_gpt5.5_mini,os Padres Peregrinos,partiram para,o Novo Mundo,3
"Em 1620, os Padres Peregrinos partiram de Plymouth para o Novo Mundo e estabeleceram a Colônia de Plymouth - o segundo assentamento inglês em o que é hoje os Estados Unidos de a América.",respostas_gpt5.5_mini,os Padres Peregrinos,estabeleceram,a Colônia de Plymouth,4
"Em 1620, os Padres Peregrinos partiram de Plymouth para o Novo Mundo e estabeleceram a Colônia de Plymouth - o segundo assentamento inglês em o que é hoje os Estados Unidos de a América.",respostasGemini3.1Pro,os Padres Peregrinos,partiram de,Plymouth,3
"Em 1620, os Padres Peregrinos partiram de Plymouth para o Novo Mundo e estabeleceram a Colônia de Plymouth - o segundo assentamento inglês em o que é hoje os Estados Unidos de a América.",respostasGemini3.1Pro,os Padres Peregrinos,partiram para,o Novo Mundo,3
"Em 1620, os Padres Peregrinos partiram de Plymouth para o Novo Mundo e estabeleceram a Colônia de Plymouth - o segundo assentamento inglês em o que é hoje os Estados Unidos de a América.",respostasGemini3.1Pro,os Padres Peregrinos,estabeleceram,a Colônia de Plymouth,4
"No entanto, a FlyPlymouth planeja reabrir o aeroporto de a cidade até 2018, que fornecerá serviços diários para vários destinos, incluindo Londres.",Claude_Sonnet5,a FlyPlymouth,planeja reabrir,o aeroporto de a cidade,4
"No entanto, a FlyPlymouth planeja reabrir o aeroporto de a cidade até 2018, que fornecerá serviços diários para vários destinos, incluindo Londres.",respostaGrok4.0Fast,a FlyPlymouth,planeja reabrir,o aeroporto de a cidade até 2018,4
"No entanto, a FlyPlymouth planeja reabrir o aeroporto de a cidade até 2018, que fornecerá serviços diários para vários destinos, incluindo Londres.",respostas_gpt5.5_mini,a FlyPlymouth,planeja reabrir,o aeroporto de a cidade até 2018,4
"No entanto, a FlyPlymouth planeja reabrir o aeroporto de a cidade até 2018, que fornecerá serviços diários para vários destinos, incluindo Londres.",respostasGemini3.1Pro,a FlyPlymouth,planeja reabrir,o aeroporto de a cidade,4
"Como os americanos tinham uma força aérea muito maior que a União Soviética e os Estados Unidos mantinham bases aéreas avançadas perto de o território soviético, em 1947 Stalin ordenou o desenvolvimento de mísseis balísticos intercontinentais (ICBMs) para combater a ameaça americana percebida.",Claude_Sonnet5,Stalin,ordenou,o desenvolvimento de mísseis balísticos intercontinentais (ICBMs),3
"Como os americanos tinham uma força aérea muito maior que a União Soviética e os Estados Unidos mantinham bases aéreas avançadas perto de o território soviético, em 1947 Stalin ordenou o desenvolvimento de mísseis balísticos intercontinentais (ICBMs) para combater a ameaça americana percebida.",respostaGrok4.0Fast,Stalin,ordenou,o desenvolvimento de mísseis balísticos intercontinentais (ICBMs),3
"Como os americanos tinham uma força aérea muito maior que a União Soviética e os Estados Unidos mantinham bases aéreas avançadas perto de o território soviético, em 1947 Stalin ordenou o desenvolvimento de mísseis balísticos intercontinentais (ICBMs) para combater a ameaça americana percebida.",respostasGemini3.1Pro,Stalin,ordenou,o desenvolvimento de mísseis balísticos intercontinentais,3
"A ABC vendeu sua divisão de discos para a MCA Records em 1979 e, em 1986, a empresa controladora de a NBC, RCA, foi vendida para a General Electric, que depois vendeu todas as outras unidades de a RCA, incluindo a divisão de discos (que foi comprada por a Ariola Records, mais tarde conhecida como BMG).",Claude_Sonnet5,"a empresa controladora de a NBC, RCA",foi vendida para,a General Electric,4
"A ABC vendeu sua divisão de discos para a MCA Records em 1979 e, em 1986, a empresa controladora de a NBC, RCA, foi vendida para a General Electric, que depois vendeu todas as outras unidades de a RCA, incluindo a divisão de discos (que foi comprada por a Ariola Records, mais tarde conhecida como BMG).",Claude_Sonnet5,a divisão de discos,foi comprada por,a Ariola Records,3
"A ABC vendeu sua divisão de discos para a MCA Records em 1979 e, em 1986, a empresa controladora de a NBC, RCA, foi vendida para a General Electric, que depois vendeu todas as outras unidades de a RCA, incluindo a divisão de discos (que foi comprada por a Ariola Records, mais tarde conhecida como BMG).",respostaGrok4.0Fast,"a empresa controladora de a NBC, RCA",foi vendida para,a General Electric,4
"A ABC vendeu sua divisão de discos para a MCA Records em 1979 e, em 1986, a empresa controladora de a NBC, RCA, foi vendida para a General Electric, que depois vendeu todas as outras unidades de a RCA, incluindo a divisão de discos (que foi comprada por a Ariola Records, mais tarde conhecida como BMG).",respostas_gpt5.5_mini,"a empresa controladora de a NBC, RCA",foi vendida para,a General Electric,4
"A ABC vendeu sua divisão de discos para a MCA Records em 1979 e, em 1986, a empresa controladora de a NBC, RCA, foi vendida para a General Electric, que depois vendeu todas as outras unidades de a RCA, incluindo a divisão de discos (que foi comprada por a Ariola Records, mais tarde conhecida como BMG).",respostas_gpt5.5_mini,a divisão de discos,foi comprada por,a Ariola Records,3
"A ABC vendeu sua divisão de discos para a MCA Records em 1979 e, em 1986, a empresa controladora de a NBC, RCA, foi vendida para a General Electric, que depois vendeu todas as outras unidades de a RCA, incluindo a divisão de discos (que foi comprada por a Ariola Records, mais tarde conhecida como BMG).",respostasGemini3.1Pro,"a empresa controladora de a NBC, RCA",foi vendida para,a General Electric,4
"A ABC vendeu sua divisão de discos para a MCA Records em 1979 e, em 1986, a empresa controladora de a NBC, RCA, foi vendida para a General Electric, que depois vendeu todas as outras unidades de a RCA, incluindo a divisão de discos (que foi comprada por a Ariola Records, mais tarde conhecida como BMG).",respostasGemini3.1Pro,a divisão de discos,foi comprada por,a Ariola Records,3
"A Universidade Nazarena de o Sul, fundada por a Igreja de o Nazareno, é uma universidade localizada em o subúrbio de Betânia, cercada pelos limites de a cidade de Oklahoma City.",Claude_Sonnet5,A Universidade Nazarena de o Sul,fundada por,a Igreja de o Nazareno,3
"A Universidade Nazarena de o Sul, fundada por a Igreja de o Nazareno, é uma universidade localizada em o subúrbio de Betânia, cercada pelos limites de a cidade de Oklahoma City.",respostas_gpt5.5_mini,A Universidade Nazarena de o Sul,foi fundada por,a Igreja de o Nazareno,3
"A Universidade Nazarena de o Sul, fundada por a Igreja de o Nazareno, é uma universidade localizada em o subúrbio de Betânia, cercada pelos limites de a cidade de Oklahoma City.",respostasGemini3.1Pro,A Universidade Nazarena de o Sul,fundada por,a Igreja de o Nazareno,3
"Oklahoma City é servida por dois aeroportos principais, o Will Rogers World Airport e o muito menor Wiley Post Airport (aliás, os dois homenageados morreram em o mesmo acidente de avião em o Alasca) Will Rogers World Airport é o aeroporto comercial mais movimentado de o estado, com mais de 3,6 milhões passageiros anualmente.",Claude_Sonnet5,Will Rogers World Airport,é,o aeroporto comercial mais movimentado de o estado,4
"Oklahoma City é servida por dois aeroportos principais, o Will Rogers World Airport e o muito menor Wiley Post Airport (aliás, os dois homenageados morreram em o mesmo acidente de avião em o Alasca) Will Rogers World Airport é o aeroporto comercial mais movimentado de o estado, com mais de 3,6 milhões passageiros anualmente.",respostaGrok4.0Fast,Will Rogers World Airport,é,o aeroporto comercial mais movimentado de o estado,4
"Oklahoma City é servida por dois aeroportos principais, o Will Rogers World Airport e o muito menor Wiley Post Airport (aliás, os dois homenageados morreram em o mesmo acidente de avião em o Alasca) Will Rogers World Airport é o aeroporto comercial mais movimentado de o estado, com mais de 3,6 milhões passageiros anualmente.",respostas_gpt5.5_mini,Will Rogers World Airport,é,o aeroporto comercial mais movimentado de o estado,4
"Oklahoma City é servida por dois aeroportos principais, o Will Rogers World Airport e o muito menor Wiley Post Airport (aliás, os dois homenageados morreram em o mesmo acidente de avião em o Alasca) Will Rogers World Airport é o aeroporto comercial mais movimentado de o estado, com mais de 3,6 milhões passageiros anualmente.",respostasGemini3.1Pro,Will Rogers World Airport,é,o aeroporto comercial mais movimentado de o estado,4
"Oklahoma City é o lar de várias equipes de esportes profissionais, incluindo o Oklahoma City Trovão de a National Basketball Association.",Claude_Sonnet5,Oklahoma City,é o lar de,várias equipes de esportes profissionais,3
"Oklahoma City é o lar de várias equipes de esportes profissionais, incluindo o Oklahoma City Trovão de a National Basketball Association.",respostaGrok4.0Fast,Oklahoma City,é o lar de,várias equipes de esportes profissionais,3
"Oklahoma City é o lar de várias equipes de esportes profissionais, incluindo o Oklahoma City Trovão de a National Basketball Association.",respostas_gpt5.5_mini,Oklahoma City,é o lar de,várias equipes de esportes profissionais,3
"O UNFPA trabalha em parceria com os governos, juntamente com outras agências de as Nações Unidas, comunidades, ONGs, fundações e setor privado, para aumentar a conscientização e mobilizar o apoio e os recursos necessários para cumprir sua missão de promover os direitos e a saúde de as mulheres e jovens.",Claude_Sonnet5,O UNFPA,trabalha em parceria com,os governos,4
"O UNFPA trabalha em parceria com os governos, juntamente com outras agências de as Nações Unidas, comunidades, ONGs, fundações e setor privado, para aumentar a conscientização e mobilizar o apoio e os recursos necessários para cumprir sua missão de promover os direitos e a saúde de as mulheres e jovens.",respostaGrok4.0Fast,O UNFPA,trabalha em parceria com,os governos,4
"O UNFPA trabalha em parceria com os governos, juntamente com outras agências de as Nações Unidas, comunidades, ONGs, fundações e setor privado, para aumentar a conscientização e mobilizar o apoio e os recursos necessários para cumprir sua missão de promover os direitos e a saúde de as mulheres e jovens.",respostas_gpt5.5_mini,O UNFPA,trabalha em parceria com,os governos,4
"O UNFPA trabalha em parceria com os governos, juntamente com outras agências de as Nações Unidas, comunidades, ONGs, fundações e setor privado, para aumentar a conscientização e mobilizar o apoio e os recursos necessários para cumprir sua missão de promover os direitos e a saúde de as mulheres e jovens.",respostasGemini3.1Pro,O UNFPA,trabalha em parceria com,os governos,4
"Em 30 de dezembro de 1922, o Primeiro Congresso de os Sovietes de a URSS aprovou o Tratado sobre a Criação de a URSS, por o qual a Rússia se uniu a a República Socialista Soviética de a Ucrânia, República Socialista Soviética de a Bielorrússia e República Socialista Federal Soviética de a Transcaucásia.",Claude_Sonnet5,a Rússia,se uniu a,a República Socialista Soviética de a Ucrânia,3
"Em 30 de dezembro de 1922, o Primeiro Congresso de os Sovietes de a URSS aprovou o Tratado sobre a Criação de a URSS, por o qual a Rússia se uniu a a República Socialista Soviética de a Ucrânia, República Socialista Soviética de a Bielorrússia e República Socialista Federal Soviética de a Transcaucásia.",respostas_gpt5.5_mini,a Rússia,se uniu a,a República Socialista Soviética de a Ucrânia,3
"Em 30 de dezembro de 1922, o Primeiro Congresso de os Sovietes de a URSS aprovou o Tratado sobre a Criação de a URSS, por o qual a Rússia se uniu a a República Socialista Soviética de a Ucrânia, República Socialista Soviética de a Bielorrússia e República Socialista Federal Soviética de a Transcaucásia.",respostasGemini3.1Pro,a Rússia,se uniu a,a República Socialista Soviética de a Ucrânia,3
"A Universal possuía os direitos de o personagem Oswald, o Coelho de a Sorte, embora Walt Disney e Ub Iwerks tivessem criado Oswald, e seus filmes tivessem desfrutado de uma exibição teatral de sucesso.",Claude_Sonnet5,A Universal,possuía,"os direitos de o personagem Oswald, o Coelho de a Sorte",4
"A Universal possuía os direitos de o personagem Oswald, o Coelho de a Sorte, embora Walt Disney e Ub Iwerks tivessem criado Oswald, e seus filmes tivessem desfrutado de uma exibição teatral de sucesso.",respostaGrok4.0Fast,A Universal,possuía,"os direitos de o personagem Oswald, o Coelho de a Sorte",4
"A Universal possuía os direitos de o personagem Oswald, o Coelho de a Sorte, embora Walt Disney e Ub Iwerks tivessem criado Oswald, e seus filmes tivessem desfrutado de uma exibição teatral de sucesso.",respostas_gpt5.5_mini,A Universal,possuía,"os direitos de o personagem Oswald, o Coelho de a Sorte",4
"A Universal possuía os direitos de o personagem Oswald, o Coelho de a Sorte, embora Walt Disney e Ub Iwerks tivessem criado Oswald, e seus filmes tivessem desfrutado de uma exibição teatral de sucesso.",respostasGemini3.1Pro,A Universal,possuía,"os direitos de o personagem Oswald, o Coelho de a Sorte",4
"A cantora adolescente Deanna Durbin estrelou o primeiro filme americano de Pasternak, Three Smart Girls (1936).",Claude_Sonnet5,A cantora adolescente Deanna Durbin,estrelou,"o primeiro filme americano de Pasternak, Three Smart Girls (1936)",4
"A cantora adolescente Deanna Durbin estrelou o primeiro filme americano de Pasternak, Three Smart Girls (1936).",respostaGrok4.0Fast,A cantora adolescente Deanna Durbin,estrelou,"o primeiro filme americano de Pasternak, Three Smart Girls (1936)",4
"A cantora adolescente Deanna Durbin estrelou o primeiro filme americano de Pasternak, Three Smart Girls (1936).",respostas_gpt5.5_mini,A cantora adolescente Deanna Durbin,estrelou,"o primeiro filme americano de Pasternak, Three Smart Girls (1936)",4
"A cantora adolescente Deanna Durbin estrelou o primeiro filme americano de Pasternak, Three Smart Girls (1936).",respostasGemini3.1Pro,A cantora adolescente Deanna Durbin,estrelou,"o primeiro filme americano de Pasternak, Three Smart Girls (1936)",4
"Na esperança de construir um império de entretenimento em torno de a Universal, a Seagram comprou a PolyGram em 1999 e outras propriedades de entretenimento, mas os lucros flutuantes característicos de Hollywood não substituíram o fluxo de renda confiável obtido com as ações anteriormente detidas em a DuPont.",Claude_Sonnet5,a Seagram,comprou,a PolyGram,3
"Na esperança de construir um império de entretenimento em torno de a Universal, a Seagram comprou a PolyGram em 1999 e outras propriedades de entretenimento, mas os lucros flutuantes característicos de Hollywood não substituíram o fluxo de renda confiável obtido com as ações anteriormente detidas em a DuPont.",Claude_Sonnet5,a Seagram,comprou,outras propriedades de entretenimento,3
"Na esperança de construir um império de entretenimento em torno de a Universal, a Seagram comprou a PolyGram em 1999 e outras propriedades de entretenimento, mas os lucros flutuantes característicos de Hollywood não substituíram o fluxo de renda confiável obtido com as ações anteriormente detidas em a DuPont.",respostas_gpt5.5_mini,a Seagram,comprou,a PolyGram,3
"Na esperança de construir um império de entretenimento em torno de a Universal, a Seagram comprou a PolyGram em 1999 e outras propriedades de entretenimento, mas os lucros flutuantes característicos de Hollywood não substituíram o fluxo de renda confiável obtido com as ações anteriormente detidas em a DuPont.",respostas_gpt5.5_mini,a Seagram,comprou,outras propriedades de entretenimento,3
"Na esperança de construir um império de entretenimento em torno de a Universal, a Seagram comprou a PolyGram em 1999 e outras propriedades de entretenimento, mas os lucros flutuantes característicos de Hollywood não substituíram o fluxo de renda confiável obtido com as ações anteriormente detidas em a DuPont.",respostasGemini3.1Pro,a Seagram,comprou,a PolyGram,3
"Na esperança de construir um império de entretenimento em torno de a Universal, a Seagram comprou a PolyGram em 1999 e outras propriedades de entretenimento, mas os lucros flutuantes característicos de Hollywood não substituíram o fluxo de renda confiável obtido com as ações anteriormente detidas em a DuPont.",respostasGemini3.1Pro,a Seagram,comprou,outras propriedades de entretenimento,3
"Alexander Bell nasceu em Edimburgo, Escócia, em 3 de março de 1847.",Claude_Sonnet5,Alexander Bell,nasceu em,"Edimburgo, Escócia",3
"Alexander Bell nasceu em Edimburgo, Escócia, em 3 de março de 1847.",Claude_Sonnet5,Alexander Bell,nasceu em,3 de março de 1847,4
"Alexander Bell nasceu em Edimburgo, Escócia, em 3 de março de 1847.",respostaGrok4.0Fast,Alexander Bell,nasceu em,"Edimburgo, Escócia, em 3 de março de 1847",4
"Alexander Bell nasceu em Edimburgo, Escócia, em 3 de março de 1847.",respostas_gpt5.5_mini,Alexander Bell,nasceu em,"Edimburgo, Escócia",3
"Alexander Bell nasceu em Edimburgo, Escócia, em 3 de março de 1847.",respostas_gpt5.5_mini,Alexander Bell,nasceu em,3 de março de 1847,4
"Alexander Bell nasceu em Edimburgo, Escócia, em 3 de março de 1847.",respostasGemini3.1Pro,Alexander Bell,nasceu em,"Edimburgo, Escócia",3
"Alexander Bell nasceu em Edimburgo, Escócia, em 3 de março de 1847.",respostasGemini3.1Pro,Alexander Bell,nasceu em,3 de março de 1847,4
"Em 11 de abril de 1898, o americano Joshua Slocum, em seu famoso e épico solo, a viagem mundial chegou a Jamestown.",Claude_Sonnet5,o americano Joshua Slocum,chegou a,Jamestown,3
"Em 11 de abril de 1898, o americano Joshua Slocum, em seu famoso e épico solo, a viagem mundial chegou a Jamestown.",respostaGrok4.0Fast,o americano Joshua Slocum,chegou a,Jamestown,3
"Em 11 de abril de 1898, o americano Joshua Slocum, em seu famoso e épico solo, a viagem mundial chegou a Jamestown.",respostasGemini3.1Pro,o americano Joshua Slocum,chegou a,Jamestown,3
"Em 1840, Santa Helena tornou-se uma estação de abastecimento de o Esquadrão Britânico de a África Ocidental, impedindo a escravidão em o Brasil (principalmente), e muitos milhares de escravos foram libertados em a ilha.",Claude_Sonnet5,muitos milhares de escravos,foram libertados em,a ilha,3
"Em 1840, Santa Helena tornou-se uma estação de abastecimento de o Esquadrão Britânico de a África Ocidental, impedindo a escravidão em o Brasil (principalmente), e muitos milhares de escravos foram libertados em a ilha.",respostas_gpt5.5_mini,muitos milhares de escravos,foram libertados em,a ilha,3
"Em 1840, Santa Helena tornou-se uma estação de abastecimento de o Esquadrão Britânico de a África Ocidental, impedindo a escravidão em o Brasil (principalmente), e muitos milhares de escravos foram libertados em a ilha.",respostasGemini3.1Pro,muitos milhares de escravos,foram libertados em,a ilha,3
As despesas públicas aumentaram de 10 milhões de libras em 2001-02 para 12 milhões de libras em 2005-06 para 28 milhões de libras em 2012-13.,Claude_Sonnet5,As despesas públicas,aumentaram para,12 milhões de libras em 2005-06,3
As despesas públicas aumentaram de 10 milhões de libras em 2001-02 para 12 milhões de libras em 2005-06 para 28 milhões de libras em 2012-13.,respostas_gpt5.5_mini,As despesas públicas,aumentaram para,12 milhões de libras em 2005-06,3
As despesas públicas aumentaram de 10 milhões de libras em 2001-02 para 12 milhões de libras em 2005-06 para 28 milhões de libras em 2012-13.,respostasGemini3.1Pro,As despesas públicas,aumentaram para,12 milhões de libras,3
A Rádio comunitária Saint FM assumiu os canais de rádio desocupados por a Saint FM e foi lançada em 10 de março de 2013.,Claude_Sonnet5,A Rádio comunitária Saint FM,foi lançada em,10 de março de 2013,4
A Rádio comunitária Saint FM assumiu os canais de rádio desocupados por a Saint FM e foi lançada em 10 de março de 2013.,respostaGrok4.0Fast,A Rádio comunitária Saint FM,foi lançada em,10 de março de 2013,4
A Rádio comunitária Saint FM assumiu os canais de rádio desocupados por a Saint FM e foi lançada em 10 de março de 2013.,respostas_gpt5.5_mini,A Rádio comunitária Saint FM,foi lançada em,10 de março de 2013,4
A Rádio comunitária Saint FM assumiu os canais de rádio desocupados por a Saint FM e foi lançada em 10 de março de 2013.,respostasGemini3.1Pro,A Rádio comunitária Saint FM,foi lançada em,10 de março de 2013,4
Maxwell observou que a capacidade térmica específica de o H2 se afasta inexplicavelmente de a de um gás diatômico abaixo de a temperatura ambiente e começa a se assemelhar cada vez mais a a de um gás monatômico a temperaturas criogênicas.,Claude_Sonnet5,Maxwell,observou,que a capacidade térmica específica de o H2 se afasta inexplicavelmente de a de um gás diatômico abaixo de a temperatura ambiente,4
Maxwell observou que a capacidade térmica específica de o H2 se afasta inexplicavelmente de a de um gás diatômico abaixo de a temperatura ambiente e começa a se assemelhar cada vez mais a a de um gás monatômico a temperaturas criogênicas.,respostaGrok4.0Fast,Maxwell,observou,que a capacidade térmica específica de o H2 se afasta inexplicavelmente de a de um gás diatômico,4
Maxwell observou que a capacidade térmica específica de o H2 se afasta inexplicavelmente de a de um gás diatômico abaixo de a temperatura ambiente e começa a se assemelhar cada vez mais a a de um gás monatômico a temperaturas criogênicas.,respostas_gpt5.5_mini,Maxwell,observou,que a capacidade térmica específica de o H2 se afasta inexplicavelmente de a de um gás diatômico abaixo de a temperatura ambiente,4
Maxwell observou que a capacidade térmica específica de o H2 se afasta inexplicavelmente de a de um gás diatômico abaixo de a temperatura ambiente e começa a se assemelhar cada vez mais a a de um gás monatômico a temperaturas criogênicas.,respostasGemini3.1Pro,Maxwell,observou,que a capacidade térmica específica de o H2 se afasta inexplicavelmente de a de um gás diatômico abaixo de a temperatura ambiente e começa a se assemelhar cada vez mais a a de um gás monatômico a temperaturas criogênicas,4
"Uma corrente de baixa tensão é percorrida por a água e o oxigênio gasoso se forma em o ânodo, enquanto o hidrogênio gasoso se forma em o cátodo.",Claude_Sonnet5,o hidrogênio gasoso,se forma em,o cátodo,4
"Uma corrente de baixa tensão é percorrida por a água e o oxigênio gasoso se forma em o ânodo, enquanto o hidrogênio gasoso se forma em o cátodo.",respostaGrok4.0Fast,o hidrogênio gasoso,se forma em,o cátodo,4
"Uma corrente de baixa tensão é percorrida por a água e o oxigênio gasoso se forma em o ânodo, enquanto o hidrogênio gasoso se forma em o cátodo.",respostas_gpt5.5_mini,o hidrogênio gasoso,se forma em,o cátodo,4
"Uma corrente de baixa tensão é percorrida por a água e o oxigênio gasoso se forma em o ânodo, enquanto o hidrogênio gasoso se forma em o cátodo.",respostasGemini3.1Pro,o hidrogênio gasoso,se forma em,o cátodo,4
"Andreessen, líder de a equipe Mosaic em o Centro Nacional de Aplicações de Supercomputação (NCSA), logo fundou sua própria empresa, chamada Netscape, e lançou o Netscape Navigator, influenciado por o Mosaic, em 1994, que rapidamente se tornou o navegador mais popular de o mundo, respondendo por 90 % de todo o uso de a Web em o auge (consulte a participação de navegadores em a Web).",Claude_Sonnet5,Andreessen,lançou,o Netscape Navigator,3
"Andreessen, líder de a equipe Mosaic em o Centro Nacional de Aplicações de Supercomputação (NCSA), logo fundou sua própria empresa, chamada Netscape, e lançou o Netscape Navigator, influenciado por o Mosaic, em 1994, que rapidamente se tornou o navegador mais popular de o mundo, respondendo por 90 % de todo o uso de a Web em o auge (consulte a participação de navegadores em a Web).",respostaGrok4.0Fast,Andreessen,lançou,o Netscape Navigator em 1994,3
"Andreessen, líder de a equipe Mosaic em o Centro Nacional de Aplicações de Supercomputação (NCSA), logo fundou sua própria empresa, chamada Netscape, e lançou o Netscape Navigator, influenciado por o Mosaic, em 1994, que rapidamente se tornou o navegador mais popular de o mundo, respondendo por 90 % de todo o uso de a Web em o auge (consulte a participação de navegadores em a Web).",respostas_gpt5.5_mini,Andreessen,lançou,o Netscape Navigator,3
"Na época em que Boston foi declarada como cidade, a população era de 46.226 habitantes, enquanto a área de a cidade era de apenas 12 km2.",Claude_Sonnet5,a população,era de,46.226 habitantes,4
"Na época em que Boston foi declarada como cidade, a população era de 46.226 habitantes, enquanto a área de a cidade era de apenas 12 km2.",Claude_Sonnet5,a área de a cidade,era de,apenas 12 km2,3
"Na época em que Boston foi declarada como cidade, a população era de 46.226 habitantes, enquanto a área de a cidade era de apenas 12 km2.",respostaGrok4.0Fast,a população,era de,46.226 habitantes,4
"Na época em que Boston foi declarada como cidade, a população era de 46.226 habitantes, enquanto a área de a cidade era de apenas 12 km2.",respostas_gpt5.5_mini,a população,era de,46.226 habitantes,4
"Na época em que Boston foi declarada como cidade, a população era de 46.226 habitantes, enquanto a área de a cidade era de apenas 12 km2.",respostas_gpt5.5_mini,a área de a cidade,era de,apenas 12 km2,3
"Na época em que Boston foi declarada como cidade, a população era de 46.226 habitantes, enquanto a área de a cidade era de apenas 12 km2.",respostasGemini3.1Pro,a população,era de,46.226 habitantes,4
"Na época em que Boston foi declarada como cidade, a população era de 46.226 habitantes, enquanto a área de a cidade era de apenas 12 km2.",respostasGemini3.1Pro,a área de a cidade,era de,apenas 12 km2,3
"O rio Charles separa Boston de Watertown e a maioria de Cambridge, e a massa de Boston de seu próprio bairro de Charlestown.",Claude_Sonnet5,O rio Charles,separa,a maioria de Cambridge,4
"O rio Charles separa Boston de Watertown e a maioria de Cambridge, e a massa de Boston de seu próprio bairro de Charlestown.",Claude_Sonnet5,O rio Charles,separa,a massa de Boston de seu próprio bairro de Charlestown,3
"O rio Charles separa Boston de Watertown e a maioria de Cambridge, e a massa de Boston de seu próprio bairro de Charlestown.",respostaGrok4.0Fast,O rio Charles,separa,Boston de Watertown e a maioria de Cambridge,4
"O rio Charles separa Boston de Watertown e a maioria de Cambridge, e a massa de Boston de seu próprio bairro de Charlestown.",respostas_gpt5.5_mini,O rio Charles,separa,a maioria de Cambridge,4
"O rio Charles separa Boston de Watertown e a maioria de Cambridge, e a massa de Boston de seu próprio bairro de Charlestown.",respostas_gpt5.5_mini,O rio Charles,separa,a massa de Boston de seu próprio bairro de Charlestown,3
"O rio Charles separa Boston de Watertown e a maioria de Cambridge, e a massa de Boston de seu próprio bairro de Charlestown.",respostasGemini3.1Pro,O rio Charles,separa,Boston de a maioria de Cambridge,4
"O rio Charles separa Boston de Watertown e a maioria de Cambridge, e a massa de Boston de seu próprio bairro de Charlestown.",respostasGemini3.1Pro,O rio Charles,separa,a massa de Boston de seu próprio bairro de Charlestown,3
"O Aeroporto Logan, localizado em East Boston e operado por a Massachusetts Port Authority (Massport), é o principal aeroporto de Boston.",Claude_Sonnet5,O Aeroporto Logan,operado por,a Massachusetts Port Authority (Massport),3
"O Aeroporto Logan, localizado em East Boston e operado por a Massachusetts Port Authority (Massport), é o principal aeroporto de Boston.",respostas_gpt5.5_mini,Aeroporto Logan,é operado por,a Massachusetts Port Authority (Massport),3
"O Aeroporto Logan, localizado em East Boston e operado por a Massachusetts Port Authority (Massport), é o principal aeroporto de Boston.",respostasGemini3.1Pro,O Aeroporto Logan,operado por,a Massachusetts Port Authority,3
"O Ateneu de Boston (uma de as bibliotecas independentes mais antigas de os Estados Unidos), o Museu Infantil de Boston, o Bull & Finch Pub (cujo prédio é conhecido por o programa de televisão Cheers), o Museum of Science e o New England Aquarium estão dentro de a cidade.",Claude_Sonnet5,O Ateneu de Boston,está dentro de,a cidade,3
"O Ateneu de Boston (uma de as bibliotecas independentes mais antigas de os Estados Unidos), o Museu Infantil de Boston, o Bull & Finch Pub (cujo prédio é conhecido por o programa de televisão Cheers), o Museum of Science e o New England Aquarium estão dentro de a cidade.",Claude_Sonnet5,o Bull & Finch Pub,está dentro de,a cidade,3
"O Ateneu de Boston (uma de as bibliotecas independentes mais antigas de os Estados Unidos), o Museu Infantil de Boston, o Bull & Finch Pub (cujo prédio é conhecido por o programa de televisão Cheers), o Museum of Science e o New England Aquarium estão dentro de a cidade.",Claude_Sonnet5,o Museum of Science,está dentro de,a cidade,3
"O Ateneu de Boston (uma de as bibliotecas independentes mais antigas de os Estados Unidos), o Museu Infantil de Boston, o Bull & Finch Pub (cujo prédio é conhecido por o programa de televisão Cheers), o Museum of Science e o New England Aquarium estão dentro de a cidade.",Claude_Sonnet5,o New England Aquarium,está dentro de,a cidade,3
"O Ateneu de Boston (uma de as bibliotecas independentes mais antigas de os Estados Unidos), o Museu Infantil de Boston, o Bull & Finch Pub (cujo prédio é conhecido por o programa de televisão Cheers), o Museum of Science e o New England Aquarium estão dentro de a cidade.",respostas_gpt5.5_mini,O Ateneu de Boston,está dentro de,a cidade,3
"O Ateneu de Boston (uma de as bibliotecas independentes mais antigas de os Estados Unidos), o Museu Infantil de Boston, o Bull & Finch Pub (cujo prédio é conhecido por o programa de televisão Cheers), o Museum of Science e o New England Aquarium estão dentro de a cidade.",respostas_gpt5.5_mini,o Bull & Finch Pub,está dentro de,a cidade,3
"O Ateneu de Boston (uma de as bibliotecas independentes mais antigas de os Estados Unidos), o Museu Infantil de Boston, o Bull & Finch Pub (cujo prédio é conhecido por o programa de televisão Cheers), o Museum of Science e o New England Aquarium estão dentro de a cidade.",respostas_gpt5.5_mini,o Museum of Science,está dentro de,a cidade,3
"O Ateneu de Boston (uma de as bibliotecas independentes mais antigas de os Estados Unidos), o Museu Infantil de Boston, o Bull & Finch Pub (cujo prédio é conhecido por o programa de televisão Cheers), o Museum of Science e o New England Aquarium estão dentro de a cidade.",respostas_gpt5.5_mini,o New England Aquarium,está dentro de,a cidade,3
"O Ateneu de Boston (uma de as bibliotecas independentes mais antigas de os Estados Unidos), o Museu Infantil de Boston, o Bull & Finch Pub (cujo prédio é conhecido por o programa de televisão Cheers), o Museum of Science e o New England Aquarium estão dentro de a cidade.",respostasGemini3.1Pro,O Ateneu de Boston,estão dentro de,a cidade,3
"O Ateneu de Boston (uma de as bibliotecas independentes mais antigas de os Estados Unidos), o Museu Infantil de Boston, o Bull & Finch Pub (cujo prédio é conhecido por o programa de televisão Cheers), o Museum of Science e o New England Aquarium estão dentro de a cidade.",respostasGemini3.1Pro,o Bull & Finch Pub,estão dentro de,a cidade,3
"O Ateneu de Boston (uma de as bibliotecas independentes mais antigas de os Estados Unidos), o Museu Infantil de Boston, o Bull & Finch Pub (cujo prédio é conhecido por o programa de televisão Cheers), o Museum of Science e o New England Aquarium estão dentro de a cidade.",respostasGemini3.1Pro,o Museum of Science,estão dentro de,a cidade,3
"O Ateneu de Boston (uma de as bibliotecas independentes mais antigas de os Estados Unidos), o Museu Infantil de Boston, o Bull & Finch Pub (cujo prédio é conhecido por o programa de televisão Cheers), o Museum of Science e o New England Aquarium estão dentro de a cidade.",respostasGemini3.1Pro,o New England Aquarium,estão dentro de,a cidade,3
"A órbita de o Compass-M1 é quase circular, tem uma altitude de 21.150 km e uma inclinação de 55,5 graus.",Claude_Sonnet5,A órbita de o Compass-M1,tem,uma altitude de 21.150 km,4
"A órbita de o Compass-M1 é quase circular, tem uma altitude de 21.150 km e uma inclinação de 55,5 graus.",Claude_Sonnet5,A órbita de o Compass-M1,tem,"uma inclinação de 55,5 graus",3
"A órbita de o Compass-M1 é quase circular, tem uma altitude de 21.150 km e uma inclinação de 55,5 graus.",respostaGrok4.0Fast,A órbita de o Compass-M1,tem,uma altitude de 21.150 km,4
"A órbita de o Compass-M1 é quase circular, tem uma altitude de 21.150 km e uma inclinação de 55,5 graus.",respostas_gpt5.5_mini,A órbita de o Compass-M1,tem,uma altitude de 21.150 km,4
"A órbita de o Compass-M1 é quase circular, tem uma altitude de 21.150 km e uma inclinação de 55,5 graus.",respostas_gpt5.5_mini,A órbita de o Compass-M1,tem,"uma inclinação de 55,5 graus",3
"A órbita de o Compass-M1 é quase circular, tem uma altitude de 21.150 km e uma inclinação de 55,5 graus.",respostasGemini3.1Pro,A órbita de o Compass-M1,tem,uma altitude de 21.150 km,4
"A órbita de o Compass-M1 é quase circular, tem uma altitude de 21.150 km e uma inclinação de 55,5 graus.",respostasGemini3.1Pro,A órbita de o Compass-M1,tem,"uma inclinação de 55,5 graus",3
"O Compass-M1 transmite em 3 bandas E2, E5B e E6.",Claude_Sonnet5,O Compass-M1,transmite em,"3 bandas E2, E5B e E6",3
"O Compass-M1 transmite em 3 bandas E2, E5B e E6.",respostaGrok4.0Fast,O Compass-M1,transmite em,"3 bandas E2, E5B e E6",3
"O Compass-M1 transmite em 3 bandas E2, E5B e E6.",respostas_gpt5.5_mini,O Compass-M1,transmite em,"3 bandas E2, E5B e E6",3
"Logo após a Revolução Francesa (1789), a Primeira República Francesa proibiu o uso oficial e adotou políticas discriminatórias contra as línguas não padronizadas de a França (patois), como catalão, alsaciano, bretão, occitânico, flamengo e basco.",Claude_Sonnet5,a Primeira República Francesa,adotou,políticas discriminatórias contra as línguas não padronizadas de a França,3
"Logo após a Revolução Francesa (1789), a Primeira República Francesa proibiu o uso oficial e adotou políticas discriminatórias contra as línguas não padronizadas de a França (patois), como catalão, alsaciano, bretão, occitânico, flamengo e basco.",respostas_gpt5.5_mini,a Primeira República Francesa,adotou,políticas discriminatórias contra as línguas não padronizadas de a França (patois),3
"Logo após a Revolução Francesa (1789), a Primeira República Francesa proibiu o uso oficial e adotou políticas discriminatórias contra as línguas não padronizadas de a França (patois), como catalão, alsaciano, bretão, occitânico, flamengo e basco.",respostasGemini3.1Pro,a Primeira República Francesa,adotou,políticas discriminatórias contra as línguas não padronizadas de a França,3
"Uma definição operacional ampla às vezes é usada para abranger a complexidade desses fenômenos diversos, onde um gene é definido como uma união de sequências genômicas que codificam um conjunto coerente de produtos funcionais potencialmente sobrepostos.",Claude_Sonnet5,Uma definição operacional ampla,às vezes é usada para abranger,a complexidade desses fenômenos diversos,3
"Uma definição operacional ampla às vezes é usada para abranger a complexidade desses fenômenos diversos, onde um gene é definido como uma união de sequências genômicas que codificam um conjunto coerente de produtos funcionais potencialmente sobrepostos.",respostas_gpt5.5_mini,Uma definição operacional ampla,é usada para abranger,a complexidade desses fenômenos diversos,3
"Uma definição operacional ampla às vezes é usada para abranger a complexidade desses fenômenos diversos, onde um gene é definido como uma união de sequências genômicas que codificam um conjunto coerente de produtos funcionais potencialmente sobrepostos.",respostasGemini3.1Pro,Uma definição operacional ampla,é usada para abranger,a complexidade desses fenômenos diversos,3
"A partir de o século XVI, a literatura catalã sofreu um declínio, a língua ficou sob a influência de o espanhol e as aulas de urbano e literário tornaram-se bilíngues.",Claude_Sonnet5,as aulas de urbano e literário,tornaram-se,bilíngues,3
"A partir de o século XVI, a literatura catalã sofreu um declínio, a língua ficou sob a influência de o espanhol e as aulas de urbano e literário tornaram-se bilíngues.",respostas_gpt5.5_mini,as aulas de urbano e literário,tornaram-se,bilíngues,3
"A partir de o século XVI, a literatura catalã sofreu um declínio, a língua ficou sob a influência de o espanhol e as aulas de urbano e literário tornaram-se bilíngues.",respostasGemini3.1Pro,as aulas de urbano e literário,tornaram-se,bilíngues,3
"Equipe principal de alguns de os jogadores mais conceituados de a AFL, incluindo George LaFrance e Gary e Alvin Rettig, além de ser uma segunda chance de carreira para o quarterback Art Schlichter, o Drive jogava regularmente antes de lotar o estádio Joe Louis Arena, e foi a o ArenaBowl todos os anos de sua existência (1988-1993).",Claude_Sonnet5,o Drive,foi a,o ArenaBowl,3
"Equipe principal de alguns de os jogadores mais conceituados de a AFL, incluindo George LaFrance e Gary e Alvin Rettig, além de ser uma segunda chance de carreira para o quarterback Art Schlichter, o Drive jogava regularmente antes de lotar o estádio Joe Louis Arena, e foi a o ArenaBowl todos os anos de sua existência (1988-1993).",respostas_gpt5.5_mini,o Drive,foi a,o ArenaBowl,3
"Equipe principal de alguns de os jogadores mais conceituados de a AFL, incluindo George LaFrance e Gary e Alvin Rettig, além de ser uma segunda chance de carreira para o quarterback Art Schlichter, o Drive jogava regularmente antes de lotar o estádio Joe Louis Arena, e foi a o ArenaBowl todos os anos de sua existência (1988-1993).",respostasGemini3.1Pro,o Drive,foi a,o ArenaBowl,3
"O início de a década de 1990 marcou o abrandamento de o R&B urbano, a o mesmo tempo em que o rock alternativo surgiu e o pop tradicional teve um ressurgimento significativo.",Claude_Sonnet5,o pop tradicional,teve,um ressurgimento significativo,3
"O início de a década de 1990 marcou o abrandamento de o R&B urbano, a o mesmo tempo em que o rock alternativo surgiu e o pop tradicional teve um ressurgimento significativo.",respostas_gpt5.5_mini,o pop tradicional,teve,um ressurgimento significativo,3
"O início de a década de 1990 marcou o abrandamento de o R&B urbano, a o mesmo tempo em que o rock alternativo surgiu e o pop tradicional teve um ressurgimento significativo.",respostasGemini3.1Pro,o pop tradicional,teve,um ressurgimento significativo,3
"Denominado o equivalente acústico a o Prozac, contemporâneo adulto suave, uma versão mais voltada para adultos de o AC, nasceu em o final de a década de 1970 e cresceu em o início de os anos 80.",Claude_Sonnet5,contemporâneo adulto suave,nasceu em,o final de a década de 1970,4
"Denominado o equivalente acústico a o Prozac, contemporâneo adulto suave, uma versão mais voltada para adultos de o AC, nasceu em o final de a década de 1970 e cresceu em o início de os anos 80.",Claude_Sonnet5,contemporâneo adulto suave,cresceu em,o início de os anos 80,3
"Denominado o equivalente acústico a o Prozac, contemporâneo adulto suave, uma versão mais voltada para adultos de o AC, nasceu em o final de a década de 1970 e cresceu em o início de os anos 80.",respostaGrok4.0Fast,contemporâneo adulto suave,nasceu em,o final de a década de 1970,4
"Denominado o equivalente acústico a o Prozac, contemporâneo adulto suave, uma versão mais voltada para adultos de o AC, nasceu em o final de a década de 1970 e cresceu em o início de os anos 80.",respostas_gpt5.5_mini,contemporâneo adulto suave,nasceu em,o final de a década de 1970,4
"Denominado o equivalente acústico a o Prozac, contemporâneo adulto suave, uma versão mais voltada para adultos de o AC, nasceu em o final de a década de 1970 e cresceu em o início de os anos 80.",respostas_gpt5.5_mini,contemporâneo adulto suave,cresceu em,o início de os anos 80,3
"Denominado o equivalente acústico a o Prozac, contemporâneo adulto suave, uma versão mais voltada para adultos de o AC, nasceu em o final de a década de 1970 e cresceu em o início de os anos 80.",respostasGemini3.1Pro,contemporâneo adulto suave,nasceu em,o final de a década de 1970,4
"Denominado o equivalente acústico a o Prozac, contemporâneo adulto suave, uma versão mais voltada para adultos de o AC, nasceu em o final de a década de 1970 e cresceu em o início de os anos 80.",respostasGemini3.1Pro,contemporâneo adulto suave,cresceu em,o início de os anos 80,3
"Desde 1560, em o entanto, o edifício não é mais uma abadia nem uma catedral, tendo o status de Igreja de a Inglaterra Peculiar Real - uma igreja responsável diretamente por o soberano.",Claude_Sonnet5,o edifício,desde 1560 não é mais,uma catedral,3
"Desde 1560, em o entanto, o edifício não é mais uma abadia nem uma catedral, tendo o status de Igreja de a Inglaterra Peculiar Real - uma igreja responsável diretamente por o soberano.",respostas_gpt5.5_mini,o edifício,não é mais,uma catedral,3
"Desde 1560, em o entanto, o edifício não é mais uma abadia nem uma catedral, tendo o status de Igreja de a Inglaterra Peculiar Real - uma igreja responsável diretamente por o soberano.",respostasGemini3.1Pro,o edifício,não é mais,uma catedral,3
"Henrique III reconstruiu a abadia em homenagem a um santo real, Eduardo, o Confessor, cujas relíquias foram colocadas em um santuário em o santuário.",Claude_Sonnet5,Henrique III,reconstruiu,a abadia,3
"Henrique III reconstruiu a abadia em homenagem a um santo real, Eduardo, o Confessor, cujas relíquias foram colocadas em um santuário em o santuário.",respostas_gpt5.5_mini,Henrique III,reconstruiu,a abadia,3
"Henrique III reconstruiu a abadia em homenagem a um santo real, Eduardo, o Confessor, cujas relíquias foram colocadas em um santuário em o santuário.",respostasGemini3.1Pro,Henrique III,reconstruiu,a abadia,3
"Hoje, com uma longa tradição cultural e forte apoio de instituições educacionais locais, Nanjing é comumente vista como uma cidade de a cultura e uma de as cidades mais agradáveis para se viver em a China.",Claude_Sonnet5,Nanjing,é comumente vista como,uma de as cidades mais agradáveis para se viver em a China,3
"Hoje, com uma longa tradição cultural e forte apoio de instituições educacionais locais, Nanjing é comumente vista como uma cidade de a cultura e uma de as cidades mais agradáveis para se viver em a China.",respostas_gpt5.5_mini,Nanjing,é comumente vista como,uma de as cidades mais agradáveis para se viver em a China,3
"Hoje, com uma longa tradição cultural e forte apoio de instituições educacionais locais, Nanjing é comumente vista como uma cidade de a cultura e uma de as cidades mais agradáveis para se viver em a China.",respostasGemini3.1Pro,Nanjing,é comumente vista como,uma de as cidades mais agradáveis para se viver em a China,3
"A Ópera Kun em a província de Jiangsu é um de os melhores teatros de Kunqu, a mais antiga arte de palco de a China.",Claude_Sonnet5,Kunqu,é,a mais antiga arte de palco de a China,3
"A Ópera Kun em a província de Jiangsu é um de os melhores teatros de Kunqu, a mais antiga arte de palco de a China.",respostas_gpt5.5_mini,Kunqu,é,a mais antiga arte de palco de a China,3
"A Ópera Kun em a província de Jiangsu é um de os melhores teatros de Kunqu, a mais antiga arte de palco de a China.",respostasGemini3.1Pro,Kunqu,é,a mais antiga arte de palco de a China,3
"E as pessoas são até chamadas de Nanjing rabanete grande, o que significa que não são sofisticadas, apaixonadas e conservadoras.",Claude_Sonnet5,as pessoas,são até chamadas de,Nanjing rabanete grande,4
"E as pessoas são até chamadas de Nanjing rabanete grande, o que significa que não são sofisticadas, apaixonadas e conservadoras.",respostaGrok4.0Fast,as pessoas,são até chamadas de,Nanjing rabanete grande,4
"E as pessoas são até chamadas de Nanjing rabanete grande, o que significa que não são sofisticadas, apaixonadas e conservadoras.",respostas_gpt5.5_mini,as pessoas,são chamadas de,Nanjing rabanete grande,4
"E as pessoas são até chamadas de Nanjing rabanete grande, o que significa que não são sofisticadas, apaixonadas e conservadoras.",respostasGemini3.1Pro,as pessoas,são chamadas de,Nanjing rabanete grande,4
"Em 16 de março de 2011, o cargueiro MS Oliva encalhou em a Ilha Nightingale, derramando toneladas de óleo combustível pesado em o oceano, deixando uma mancha de óleo ameaçando a população de a ilha de pinguins rockhopper.",Claude_Sonnet5,o cargueiro MS Oliva,derramando,toneladas de óleo combustível pesado em o oceano,3
"Em 16 de março de 2011, o cargueiro MS Oliva encalhou em a Ilha Nightingale, derramando toneladas de óleo combustível pesado em o oceano, deixando uma mancha de óleo ameaçando a população de a ilha de pinguins rockhopper.",Claude_Sonnet5,uma mancha de óleo,ameaçando,a população de a ilha de pinguins rockhopper,3
"Em 16 de março de 2011, o cargueiro MS Oliva encalhou em a Ilha Nightingale, derramando toneladas de óleo combustível pesado em o oceano, deixando uma mancha de óleo ameaçando a população de a ilha de pinguins rockhopper.",respostas_gpt5.5_mini,o cargueiro MS Oliva,derramando,toneladas de óleo combustível pesado,3
"Em 16 de março de 2011, o cargueiro MS Oliva encalhou em a Ilha Nightingale, derramando toneladas de óleo combustível pesado em o oceano, deixando uma mancha de óleo ameaçando a população de a ilha de pinguins rockhopper.",respostas_gpt5.5_mini,uma mancha de óleo,ameaçando,a população de a ilha de pinguins rockhopper,3
"Em 16 de março de 2011, o cargueiro MS Oliva encalhou em a Ilha Nightingale, derramando toneladas de óleo combustível pesado em o oceano, deixando uma mancha de óleo ameaçando a população de a ilha de pinguins rockhopper.",respostasGemini3.1Pro,o cargueiro MS Oliva,derramando,toneladas de óleo combustível pesado,3
"Em 16 de março de 2011, o cargueiro MS Oliva encalhou em a Ilha Nightingale, derramando toneladas de óleo combustível pesado em o oceano, deixando uma mancha de óleo ameaçando a população de a ilha de pinguins rockhopper.",respostasGemini3.1Pro,uma mancha de óleo,ameaçando,a população de a ilha de pinguins rockhopper,3
"Durante a Segunda Guerra Mundial, o Kansas foi uma de as 131 faculdades e universidades nacionais que participaram de o Programa de Treinamento V-12 Navy College, que ofereceu a os alunos o caminho para uma comissão de a Marinha.",Claude_Sonnet5,o Kansas,foi,uma de as 131 faculdades e universidades nacionais,4
"Durante a Segunda Guerra Mundial, o Kansas foi uma de as 131 faculdades e universidades nacionais que participaram de o Programa de Treinamento V-12 Navy College, que ofereceu a os alunos o caminho para uma comissão de a Marinha.",respostaGrok4.0Fast,o Kansas,foi,uma de as 131 faculdades e universidades nacionais,4
"Durante a Segunda Guerra Mundial, o Kansas foi uma de as 131 faculdades e universidades nacionais que participaram de o Programa de Treinamento V-12 Navy College, que ofereceu a os alunos o caminho para uma comissão de a Marinha.",respostas_gpt5.5_mini,o Kansas,foi,uma de as 131 faculdades e universidades nacionais,4
"Durante a Segunda Guerra Mundial, o Kansas foi uma de as 131 faculdades e universidades nacionais que participaram de o Programa de Treinamento V-12 Navy College, que ofereceu a os alunos o caminho para uma comissão de a Marinha.",respostasGemini3.1Pro,o Kansas,foi,uma de as 131 faculdades e universidades nacionais,4
"A Escola de Engenharia KU é uma escola pública de engenharia credenciada por a ABET, localizada em o campus principal.",Claude_Sonnet5,A Escola de Engenharia KU,localizada em,o campus principal,3
"A Escola de Engenharia KU é uma escola pública de engenharia credenciada por a ABET, localizada em o campus principal.",respostas_gpt5.5_mini,A Escola de Engenharia KU,é localizada em,o campus principal,3
"A Escola de Engenharia KU é uma escola pública de engenharia credenciada por a ABET, localizada em o campus principal.",respostasGemini3.1Pro,A Escola de Engenharia KU,localizada em,o campus principal,3
O departamento de computação acadêmica de a KU participou ativamente de a configuração de a Internet e é o desenvolvedor de o navegador de a Web baseado em texto de o Lynx.,Claude_Sonnet5,O departamento de computação acadêmica de a KU,é,o desenvolvedor de o navegador de a Web baseado em texto de o Lynx,4
O departamento de computação acadêmica de a KU participou ativamente de a configuração de a Internet e é o desenvolvedor de o navegador de a Web baseado em texto de o Lynx.,respostaGrok4.0Fast,O departamento de computação acadêmica de a KU,é,o desenvolvedor de o navegador de a Web baseado em texto de o Lynx,4
O departamento de computação acadêmica de a KU participou ativamente de a configuração de a Internet e é o desenvolvedor de o navegador de a Web baseado em texto de o Lynx.,respostas_gpt5.5_mini,O departamento de computação acadêmica de a KU,é,o desenvolvedor de o navegador de a Web baseado em texto de o Lynx,4
O departamento de computação acadêmica de a KU participou ativamente de a configuração de a Internet e é o desenvolvedor de o navegador de a Web baseado em texto de o Lynx.,respostasGemini3.1Pro,O departamento de computação acadêmica de a KU,é,o desenvolvedor de o navegador de a Web baseado em texto de o Lynx,4
Algumas formas de corrupção - agora chamadas de corrupção institucional - são diferenciadas de suborno e outros tipos de óbvios ganhos pessoais.,Claude_Sonnet5,Algumas formas de corrupção,são diferenciadas de,outros tipos de óbvios ganhos pessoais,3
Algumas formas de corrupção - agora chamadas de corrupção institucional - são diferenciadas de suborno e outros tipos de óbvios ganhos pessoais.,respostas_gpt5.5_mini,Algumas formas de corrupção,são diferenciadas de,suborno e outros tipos de óbvios ganhos pessoais,3
Algumas formas de corrupção - agora chamadas de corrupção institucional - são diferenciadas de suborno e outros tipos de óbvios ganhos pessoais.,respostasGemini3.1Pro,Algumas formas de corrupção,são diferenciadas de,outros tipos de óbvios ganhos pessoais,3
"O termo é aplicado com mais freqüência a padrões regionais de fala, mas um dialeto também pode ser definido por outros fatores, como classe social.",Claude_Sonnet5,um dialeto,também pode ser definido por,"outros fatores, como classe social",3
"Menander Protector menciona um Daurentius (577-579) que matou um enviado avar de Khagan Bayan I. Os ávaros pediram a os eslavos que aceitassem a soberania de os ávaros, mas ele recusou e é relatado como dizendo Outros não conquistam nossa terra, conquistamos os deles - assim será sempre para nós",Claude_Sonnet5,Menander Protector,menciona,um Daurentius (577-579),3
"Menander Protector menciona um Daurentius (577-579) que matou um enviado avar de Khagan Bayan I. Os ávaros pediram a os eslavos que aceitassem a soberania de os ávaros, mas ele recusou e é relatado como dizendo Outros não conquistam nossa terra, conquistamos os deles - assim será sempre para nós",Claude_Sonnet5,Os ávaros,pediram a,os eslavos,3
"Menander Protector menciona um Daurentius (577-579) que matou um enviado avar de Khagan Bayan I. Os ávaros pediram a os eslavos que aceitassem a soberania de os ávaros, mas ele recusou e é relatado como dizendo Outros não conquistam nossa terra, conquistamos os deles - assim será sempre para nós",respostas_gpt5.5_mini,Menander Protector,menciona,um Daurentius (577-579),3
"Menander Protector menciona um Daurentius (577-579) que matou um enviado avar de Khagan Bayan I. Os ávaros pediram a os eslavos que aceitassem a soberania de os ávaros, mas ele recusou e é relatado como dizendo Outros não conquistam nossa terra, conquistamos os deles - assim será sempre para nós",respostas_gpt5.5_mini,Os ávaros,pediram a,os eslavos,3
"Menander Protector menciona um Daurentius (577-579) que matou um enviado avar de Khagan Bayan I. Os ávaros pediram a os eslavos que aceitassem a soberania de os ávaros, mas ele recusou e é relatado como dizendo Outros não conquistam nossa terra, conquistamos os deles - assim será sempre para nós",respostasGemini3.1Pro,Menander Protector,menciona,um Daurentius (577-579),3
"Menander Protector menciona um Daurentius (577-579) que matou um enviado avar de Khagan Bayan I. Os ávaros pediram a os eslavos que aceitassem a soberania de os ávaros, mas ele recusou e é relatado como dizendo Outros não conquistam nossa terra, conquistamos os deles - assim será sempre para nós",respostasGemini3.1Pro,Os ávaros,pediram a,os eslavos,3
"O proto-eslavo, a suposta língua ancestral de todas as línguas eslavas, é um descendente de o proto-indo-europeu comum, através de um estágio balto-eslavo, em o qual desenvolveu numerosas isoglosses lexicais e morfofonológicas com as línguas bálticas.",Claude_Sonnet5,O proto-eslavo,desenvolveu,numerosas isoglosses lexicais e morfofonológicas com as línguas bálticas,3
"O proto-eslavo, a suposta língua ancestral de todas as línguas eslavas, é um descendente de o proto-indo-europeu comum, através de um estágio balto-eslavo, em o qual desenvolveu numerosas isoglosses lexicais e morfofonológicas com as línguas bálticas.",respostas_gpt5.5_mini,O proto-eslavo,desenvolveu,numerosas isoglosses lexicais e morfofonológicas com as línguas bálticas,3
"O proto-eslavo, a suposta língua ancestral de todas as línguas eslavas, é um descendente de o proto-indo-europeu comum, através de um estágio balto-eslavo, em o qual desenvolveu numerosas isoglosses lexicais e morfofonológicas com as línguas bálticas.",respostasGemini3.1Pro,O proto-eslavo,desenvolveu,numerosas isoglosses lexicais e morfofonológicas,3
Os gorais de o sul de a Polônia e de o norte de a Eslováquia são parcialmente descendentes de os vlachs de língua românica que migraram para a região de os Séculos 14 a 17 e foram absorvidos por a população local.,Claude_Sonnet5,Os gorais de o sul de a Polônia e de o norte de a Eslováquia,são parcialmente descendentes de,os vlachs de língua românica,4
Os gorais de o sul de a Polônia e de o norte de a Eslováquia são parcialmente descendentes de os vlachs de língua românica que migraram para a região de os Séculos 14 a 17 e foram absorvidos por a população local.,respostaGrok4.0Fast,Os gorais de o sul de a Polônia e de o norte de a Eslováquia,são parcialmente descendentes de,os vlachs de língua românica,4
Os gorais de o sul de a Polônia e de o norte de a Eslováquia são parcialmente descendentes de os vlachs de língua românica que migraram para a região de os Séculos 14 a 17 e foram absorvidos por a população local.,respostas_gpt5.5_mini,Os gorais de o sul de a Polônia e de o norte de a Eslováquia,são parcialmente descendentes de,os vlachs de língua românica,4
Os gorais de o sul de a Polônia e de o norte de a Eslováquia são parcialmente descendentes de os vlachs de língua românica que migraram para a região de os Séculos 14 a 17 e foram absorvidos por a população local.,respostasGemini3.1Pro,Os gorais de o sul de a Polônia e de o norte de a Eslováquia,são parcialmente descendentes de,os vlachs de língua românica,4
"Josip Broz nasceu em 7 de maio de 1892 em Kumrovec, em a região croata de Hrvatsko Zagorje, em a Áustria-Hungria.",Claude_Sonnet5,Josip Broz,nasceu em,Kumrovec,3
"Josip Broz nasceu em 7 de maio de 1892 em Kumrovec, em a região croata de Hrvatsko Zagorje, em a Áustria-Hungria.",respostas_gpt5.5_mini,Josip Broz,nasceu em,Kumrovec,3
"Josip Broz nasceu em 7 de maio de 1892 em Kumrovec, em a região croata de Hrvatsko Zagorje, em a Áustria-Hungria.",respostasGemini3.1Pro,Josip Broz,nasceu em,Kumrovec,3
"Em 28 de setembro de 1944, a Agência Telegráfica de a União Soviética (TASS) informou que Tito assinou um acordo com a União Soviética que permitia a entrada temporária de tropas soviéticas em o território iugoslavo, o que permitia a o Exército Vermelho auxiliar em as operações em as áreas nordeste de o país.",Claude_Sonnet5,a Agência Telegráfica de a União Soviética (TASS),informou,que Tito assinou um acordo com a União Soviética,3
"Em 28 de setembro de 1944, a Agência Telegráfica de a União Soviética (TASS) informou que Tito assinou um acordo com a União Soviética que permitia a entrada temporária de tropas soviéticas em o território iugoslavo, o que permitia a o Exército Vermelho auxiliar em as operações em as áreas nordeste de o país.",respostaGrok4.0Fast,a Agência Telegráfica de a União Soviética (TASS),informou,que Tito assinou um acordo com a União Soviética,3
"Em 28 de setembro de 1944, a Agência Telegráfica de a União Soviética (TASS) informou que Tito assinou um acordo com a União Soviética que permitia a entrada temporária de tropas soviéticas em o território iugoslavo, o que permitia a o Exército Vermelho auxiliar em as operações em as áreas nordeste de o país.",respostas_gpt5.5_mini,a Agência Telegráfica de a União Soviética (TASS),informou,que Tito assinou um acordo com a União Soviética,3
"Em 1949, a crise quase se transformou em um conflito armado, enquanto as forças húngaras e soviéticas se aglomeravam em a fronteira jugoslava de o norte.",Claude_Sonnet5,as forças húngaras e soviéticas,se aglomeravam em,a fronteira jugoslava de o norte,3
"Em 1949, a crise quase se transformou em um conflito armado, enquanto as forças húngaras e soviéticas se aglomeravam em a fronteira jugoslava de o norte.",respostas_gpt5.5_mini,as forças húngaras e soviéticas,se aglomeravam em,a fronteira jugoslava de o norte,3
"Em 1949, a crise quase se transformou em um conflito armado, enquanto as forças húngaras e soviéticas se aglomeravam em a fronteira jugoslava de o norte.",respostasGemini3.1Pro,as forças húngaras e soviéticas,se aglomeravam em,a fronteira jugoslava de o norte,3
"Em 1936, quando Tito ficou em o Hotel Lux, em Moscou, conheceu a camarada austríaca Lucia Bauer.",Claude_Sonnet5,Tito,conheceu,a camarada austríaca Lucia Bauer,4
"Em 1936, quando Tito ficou em o Hotel Lux, em Moscou, conheceu a camarada austríaca Lucia Bauer.",respostaGrok4.0Fast,Tito,conheceu,a camarada austríaca Lucia Bauer,4
"Em 1936, quando Tito ficou em o Hotel Lux, em Moscou, conheceu a camarada austríaca Lucia Bauer.",respostas_gpt5.5_mini,Tito,conheceu,a camarada austríaca Lucia Bauer,4
"Em 1936, quando Tito ficou em o Hotel Lux, em Moscou, conheceu a camarada austríaca Lucia Bauer.",respostasGemini3.1Pro,Tito,conheceu,a camarada austríaca Lucia Bauer,4
"Tito tinha apenas 59 anos, quando ela tinha 27 anos, quando finalmente se casaram em abril de 1952, com o chefe de segurança de o estado Aleksandar Ranković como padrinho.",Claude_Sonnet5,ela,tinha,27 anos,3
"Tito tinha apenas 59 anos, quando ela tinha 27 anos, quando finalmente se casaram em abril de 1952, com o chefe de segurança de o estado Aleksandar Ranković como padrinho.",respostas_gpt5.5_mini,ela,tinha,27 anos,3
"Tito tinha apenas 59 anos, quando ela tinha 27 anos, quando finalmente se casaram em abril de 1952, com o chefe de segurança de o estado Aleksandar Ranković como padrinho.",respostasGemini3.1Pro,ela,tinha,27 anos,3
"Seu pai, Franjo Broz (26 de novembro de 1860 - 16 de dezembro de 1936), era croata, enquanto sua mãe Marija (25 de março de 1864 - 14 de janeiro de 1918) era esloveno.",Claude_Sonnet5,"Seu pai, Franjo Broz",era,croata,4
"Seu pai, Franjo Broz (26 de novembro de 1860 - 16 de dezembro de 1936), era croata, enquanto sua mãe Marija (25 de março de 1864 - 14 de janeiro de 1918) era esloveno.",Claude_Sonnet5,sua mãe Marija,era,esloveno,3
"Seu pai, Franjo Broz (26 de novembro de 1860 - 16 de dezembro de 1936), era croata, enquanto sua mãe Marija (25 de março de 1864 - 14 de janeiro de 1918) era esloveno.",respostaGrok4.0Fast,"Seu pai, Franjo Broz",era,croata,4
"Seu pai, Franjo Broz (26 de novembro de 1860 - 16 de dezembro de 1936), era croata, enquanto sua mãe Marija (25 de março de 1864 - 14 de janeiro de 1918) era esloveno.",respostas_gpt5.5_mini,"Seu pai, Franjo Broz",era,croata,4
"Seu pai, Franjo Broz (26 de novembro de 1860 - 16 de dezembro de 1936), era croata, enquanto sua mãe Marija (25 de março de 1864 - 14 de janeiro de 1918) era esloveno.",respostas_gpt5.5_mini,sua mãe Marija,era,esloveno,3
"Seu pai, Franjo Broz (26 de novembro de 1860 - 16 de dezembro de 1936), era croata, enquanto sua mãe Marija (25 de março de 1864 - 14 de janeiro de 1918) era esloveno.",respostasGemini3.1Pro,"Seu pai, Franjo Broz",era,croata,4
"Seu pai, Franjo Broz (26 de novembro de 1860 - 16 de dezembro de 1936), era croata, enquanto sua mãe Marija (25 de março de 1864 - 14 de janeiro de 1918) era esloveno.",respostasGemini3.1Pro,sua mãe Marija,era,esloveno,3
"Na Segunda Guerra Mundial, os Estados Unidos, durante a campanha de Gilbert e Marshall, invadiram e ocuparam as ilhas em 1944, destruindo ou isolando as guarnições japonesas.",Claude_Sonnet5,os Estados Unidos,invadiram,as ilhas,3
"Na Segunda Guerra Mundial, os Estados Unidos, durante a campanha de Gilbert e Marshall, invadiram e ocuparam as ilhas em 1944, destruindo ou isolando as guarnições japonesas.",Claude_Sonnet5,os Estados Unidos,ocuparam,as ilhas,3
"Na Segunda Guerra Mundial, os Estados Unidos, durante a campanha de Gilbert e Marshall, invadiram e ocuparam as ilhas em 1944, destruindo ou isolando as guarnições japonesas.",Claude_Sonnet5,os Estados Unidos,destruindo,as guarnições japonesas,3
"Na Segunda Guerra Mundial, os Estados Unidos, durante a campanha de Gilbert e Marshall, invadiram e ocuparam as ilhas em 1944, destruindo ou isolando as guarnições japonesas.",respostas_gpt5.5_mini,os Estados Unidos,invadiram,as ilhas,3
"Na Segunda Guerra Mundial, os Estados Unidos, durante a campanha de Gilbert e Marshall, invadiram e ocuparam as ilhas em 1944, destruindo ou isolando as guarnições japonesas.",respostas_gpt5.5_mini,os Estados Unidos,ocuparam,as ilhas,3
"Na Segunda Guerra Mundial, os Estados Unidos, durante a campanha de Gilbert e Marshall, invadiram e ocuparam as ilhas em 1944, destruindo ou isolando as guarnições japonesas.",respostas_gpt5.5_mini,os Estados Unidos,destruindo,as guarnições japonesas,3
"Na Segunda Guerra Mundial, os Estados Unidos, durante a campanha de Gilbert e Marshall, invadiram e ocuparam as ilhas em 1944, destruindo ou isolando as guarnições japonesas.",respostasGemini3.1Pro,os Estados Unidos,invadiram,as ilhas,3
"Na Segunda Guerra Mundial, os Estados Unidos, durante a campanha de Gilbert e Marshall, invadiram e ocuparam as ilhas em 1944, destruindo ou isolando as guarnições japonesas.",respostasGemini3.1Pro,os Estados Unidos,ocuparam,as ilhas,3
"Na Segunda Guerra Mundial, os Estados Unidos, durante a campanha de Gilbert e Marshall, invadiram e ocuparam as ilhas em 1944, destruindo ou isolando as guarnições japonesas.",respostasGemini3.1Pro,os Estados Unidos,destruindo,as guarnições japonesas,3
"Mais de dois terços de a população vive em a capital, Majuro e Ebeye, o centro urbano secundário, localizado em o Atol de Kwajalein.",Claude_Sonnet5,Mais de dois terços de a população,vive em,"a capital, Majuro",3
"Mais de dois terços de a população vive em a capital, Majuro e Ebeye, o centro urbano secundário, localizado em o Atol de Kwajalein.",respostaGrok4.0Fast,Mais de dois terços de a população,vive em,"a capital, Majuro e Ebeye",3
"Mais de dois terços de a população vive em a capital, Majuro e Ebeye, o centro urbano secundário, localizado em o Atol de Kwajalein.",respostas_gpt5.5_mini,Mais de dois terços de a população,vive em,"a capital, Majuro e Ebeye",3
"Fortalezas chamadas grόd foram construídas onde o culto religioso era poderoso, onde as provações eram conduzidas e onde os clãs se reuniam diante de o perigo.",Claude_Sonnet5,Fortalezas chamadas grόd,foram construídas onde,o culto religioso era poderoso,3
"Fortalezas chamadas grόd foram construídas onde o culto religioso era poderoso, onde as provações eram conduzidas e onde os clãs se reuniam diante de o perigo.",respostas_gpt5.5_mini,Fortalezas chamadas grόd,foram construídas,onde o culto religioso era poderoso,3
"Fortalezas chamadas grόd foram construídas onde o culto religioso era poderoso, onde as provações eram conduzidas e onde os clãs se reuniam diante de o perigo.",respostasGemini3.1Pro,Fortalezas chamadas grόd,foram construídas onde,o culto religioso era poderoso,3
"Durante essas visitas, Shelley escreveu o poema Mont Blanc, Byron escreveu O Prisioneiro de Chillon e o dramático poema Manfred, e Mary Shelley, que achou a paisagem avassaladora, concebeu a idéia de o romance Frankenstein em sua vila às margens de o rio.",Claude_Sonnet5,Byron,escreveu,O Prisioneiro de Chillon,4
"Durante essas visitas, Shelley escreveu o poema Mont Blanc, Byron escreveu O Prisioneiro de Chillon e o dramático poema Manfred, e Mary Shelley, que achou a paisagem avassaladora, concebeu a idéia de o romance Frankenstein em sua vila às margens de o rio.",Claude_Sonnet5,Byron,escreveu,o dramático poema Manfred,3
"Durante essas visitas, Shelley escreveu o poema Mont Blanc, Byron escreveu O Prisioneiro de Chillon e o dramático poema Manfred, e Mary Shelley, que achou a paisagem avassaladora, concebeu a idéia de o romance Frankenstein em sua vila às margens de o rio.",Claude_Sonnet5,Mary Shelley,concebeu,a idéia de o romance Frankenstein,4
"Durante essas visitas, Shelley escreveu o poema Mont Blanc, Byron escreveu O Prisioneiro de Chillon e o dramático poema Manfred, e Mary Shelley, que achou a paisagem avassaladora, concebeu a idéia de o romance Frankenstein em sua vila às margens de o rio.",respostaGrok4.0Fast,Byron,escreveu,O Prisioneiro de Chillon,4
"Durante essas visitas, Shelley escreveu o poema Mont Blanc, Byron escreveu O Prisioneiro de Chillon e o dramático poema Manfred, e Mary Shelley, que achou a paisagem avassaladora, concebeu a idéia de o romance Frankenstein em sua vila às margens de o rio.",respostaGrok4.0Fast,Mary Shelley,concebeu,a idéia de o romance Frankenstein,4
"Durante essas visitas, Shelley escreveu o poema Mont Blanc, Byron escreveu O Prisioneiro de Chillon e o dramático poema Manfred, e Mary Shelley, que achou a paisagem avassaladora, concebeu a idéia de o romance Frankenstein em sua vila às margens de o rio.",respostas_gpt5.5_mini,Byron,escreveu,O Prisioneiro de Chillon,4
"Durante essas visitas, Shelley escreveu o poema Mont Blanc, Byron escreveu O Prisioneiro de Chillon e o dramático poema Manfred, e Mary Shelley, que achou a paisagem avassaladora, concebeu a idéia de o romance Frankenstein em sua vila às margens de o rio.",respostas_gpt5.5_mini,Byron,escreveu,o dramático poema Manfred,3
"Durante essas visitas, Shelley escreveu o poema Mont Blanc, Byron escreveu O Prisioneiro de Chillon e o dramático poema Manfred, e Mary Shelley, que achou a paisagem avassaladora, concebeu a idéia de o romance Frankenstein em sua vila às margens de o rio.",respostas_gpt5.5_mini,Mary Shelley,concebeu,a idéia de o romance Frankenstein,4
"Durante essas visitas, Shelley escreveu o poema Mont Blanc, Byron escreveu O Prisioneiro de Chillon e o dramático poema Manfred, e Mary Shelley, que achou a paisagem avassaladora, concebeu a idéia de o romance Frankenstein em sua vila às margens de o rio.",respostasGemini3.1Pro,Byron,escreveu,O Prisioneiro de Chillon,4
"Durante essas visitas, Shelley escreveu o poema Mont Blanc, Byron escreveu O Prisioneiro de Chillon e o dramático poema Manfred, e Mary Shelley, que achou a paisagem avassaladora, concebeu a idéia de o romance Frankenstein em sua vila às margens de o rio.",respostasGemini3.1Pro,Byron,escreveu,o dramático poema Manfred,3
"Durante essas visitas, Shelley escreveu o poema Mont Blanc, Byron escreveu O Prisioneiro de Chillon e o dramático poema Manfred, e Mary Shelley, que achou a paisagem avassaladora, concebeu a idéia de o romance Frankenstein em sua vila às margens de o rio.",respostasGemini3.1Pro,Mary Shelley,concebeu,a idéia de o romance Frankenstein,4
"A cozinha é separada de a área de estar (chamada stube, a área de a casa aquecida por um fogão) e os quartos de o segundo andar se beneficiam de o aumento de o calor.",Claude_Sonnet5,os quartos de o segundo andar,se beneficiam de,o aumento de o calor,3
"A cozinha é separada de a área de estar (chamada stube, a área de a casa aquecida por um fogão) e os quartos de o segundo andar se beneficiam de o aumento de o calor.",respostas_gpt5.5_mini,os quartos de o segundo andar,se beneficiam de,o aumento de o calor,3
"A cozinha é separada de a área de estar (chamada stube, a área de a casa aquecida por um fogão) e os quartos de o segundo andar se beneficiam de o aumento de o calor.",respostasGemini3.1Pro,os quartos de o segundo andar,se beneficiam de,o aumento de o calor,3
Os cristais alpinos foram estudados e coletados por centenas de anos e começaram a ser classificados em o século 18.,Claude_Sonnet5,Os cristais alpinos,começaram a ser classificados em,o século 18,3
Os cristais alpinos foram estudados e coletados por centenas de anos e começaram a ser classificados em o século 18.,respostas_gpt5.5_mini,Os cristais alpinos,começaram a ser classificados em,o século 18,3
Os cristais alpinos foram estudados e coletados por centenas de anos e começaram a ser classificados em o século 18.,respostasGemini3.1Pro,Os cristais alpinos,começaram a ser,classificados em o século 18,3
"João Bernardo Nino Vieira foi eleito em 2005 como Presidente de a Guiné-Bissau como independente, sendo declarado vencedor de o segundo turno por o CNE (Comitê Nacional de Eleições).",Claude_Sonnet5,João Bernardo Nino Vieira,foi eleito como,Presidente de a Guiné-Bissau,4
"João Bernardo Nino Vieira foi eleito em 2005 como Presidente de a Guiné-Bissau como independente, sendo declarado vencedor de o segundo turno por o CNE (Comitê Nacional de Eleições).",respostaGrok4.0Fast,João Bernardo Nino Vieira,foi eleito em,2005 como Presidente de a Guiné-Bissau,4
"João Bernardo Nino Vieira foi eleito em 2005 como Presidente de a Guiné-Bissau como independente, sendo declarado vencedor de o segundo turno por o CNE (Comitê Nacional de Eleições).",respostas_gpt5.5_mini,João Bernardo Nino Vieira,foi eleito como,Presidente de a Guiné-Bissau como independente,4
"João Bernardo Nino Vieira foi eleito em 2005 como Presidente de a Guiné-Bissau como independente, sendo declarado vencedor de o segundo turno por o CNE (Comitê Nacional de Eleições).",respostasGemini3.1Pro,João Bernardo Nino Vieira,foi eleito como,Presidente de a Guiné-Bissau,4
