sentence,modelo_exemplo,arg1,rel,arg2,n_modelos_concordando
"Michael J. Shea, formado em 1904, escreveu a música, e seu irmão, John F. Shea, que se formou em 1906 e 1908, escreveu a letra original.",Claude_Sonnet5,Michael J. Shea,é,formado em 1904,3
"Michael J. Shea, formado em 1904, escreveu a música, e seu irmão, John F. Shea, que se formou em 1906 e 1908, escreveu a letra original.",Claude_Sonnet5,seu irmão,é,John F. Shea,3
"Michael J. Shea, formado em 1904, escreveu a música, e seu irmão, John F. Shea, que se formou em 1906 e 1908, escreveu a letra original.",Claude_Sonnet5,John F. Shea,escreveu,a letra original,4
"Michael J. Shea, formado em 1904, escreveu a música, e seu irmão, John F. Shea, que se formou em 1906 e 1908, escreveu a letra original.",respostaGrok4.0Fast,Michael J. Shea,é,formado em 1904,3
"Michael J. Shea, formado em 1904, escreveu a música, e seu irmão, John F. Shea, que se formou em 1906 e 1908, escreveu a letra original.",respostaGrok4.0Fast,John F. Shea,escreveu,a letra original,4
"Michael J. Shea, formado em 1904, escreveu a música, e seu irmão, John F. Shea, que se formou em 1906 e 1908, escreveu a letra original.",respostas_gpt5.5_mini,John F. Shea,escreveu,a letra original,4
"Michael J. Shea, formado em 1904, escreveu a música, e seu irmão, John F. Shea, que se formou em 1906 e 1908, escreveu a letra original.",respostas_gpt5.5_mini,seu irmão,é,John F. Shea,3
"Michael J. Shea, formado em 1904, escreveu a música, e seu irmão, John F. Shea, que se formou em 1906 e 1908, escreveu a letra original.",respostasGemini3.1Pro,Michael J. Shea,é,formado em 1904,3
"Michael J. Shea, formado em 1904, escreveu a música, e seu irmão, John F. Shea, que se formou em 1906 e 1908, escreveu a letra original.",respostasGemini3.1Pro,John F. Shea,escreveu,a letra original,4
"Michael J. Shea, formado em 1904, escreveu a música, e seu irmão, John F. Shea, que se formou em 1906 e 1908, escreveu a letra original.",respostasGemini3.1Pro,seu irmão,é,John F. Shea,3
"A Universidade de Notre Dame du Lac (ou simplesmente Notre Dame / ˌnoʊtərˈdeɪm / NOH-tər-DAYM) é uma Universidade Católica de Pesquisa localizada a o lado de South Bend, Indiana, em os Estados Unidos.",Claude_Sonnet5,A Universidade de Notre Dame du Lac,é,"uma Universidade Católica de Pesquisa localizada a o lado de South Bend, Indiana, em os Estados Unidos",3
"A Universidade de Notre Dame du Lac (ou simplesmente Notre Dame / ˌnoʊtərˈdeɪm / NOH-tər-DAYM) é uma Universidade Católica de Pesquisa localizada a o lado de South Bend, Indiana, em os Estados Unidos.",respostaGrok4.0Fast,A Universidade de Notre Dame du Lac,é,"uma Universidade Católica de Pesquisa localizada ao lado de South Bend, Indiana, em os Estados Unidos",3
"A Universidade de Notre Dame du Lac (ou simplesmente Notre Dame / ˌnoʊtərˈdeɪm / NOH-tər-DAYM) é uma Universidade Católica de Pesquisa localizada a o lado de South Bend, Indiana, em os Estados Unidos.",respostasGemini3.1Pro,A Universidade de Notre Dame du Lac,é,"uma Universidade Católica de Pesquisa localizada a o lado de South Bend, Indiana, em os Estados Unidos",3
"Em fevereiro de 2013, Beyoncé disse que Madonna a inspirou a assumir o controle de sua própria carreira.",Claude_Sonnet5,Beyoncé,disse,em fevereiro de 2013 que Madonna a inspirou a assumir o controle de sua própria carreira,4
"Em fevereiro de 2013, Beyoncé disse que Madonna a inspirou a assumir o controle de sua própria carreira.",Claude_Sonnet5,Madonna,inspirou,a (Beyoncé) a assumir o controle de sua própria carreira,4
"Em fevereiro de 2013, Beyoncé disse que Madonna a inspirou a assumir o controle de sua própria carreira.",respostaGrok4.0Fast,Beyoncé,disse,que Madonna a inspirou a assumir o controle de sua própria carreira,4
"Em fevereiro de 2013, Beyoncé disse que Madonna a inspirou a assumir o controle de sua própria carreira.",respostaGrok4.0Fast,Madonna,inspirou,a assumir o controle de sua própria carreira,4
"Em fevereiro de 2013, Beyoncé disse que Madonna a inspirou a assumir o controle de sua própria carreira.",respostas_gpt5.5_mini,Beyoncé,disse,que Madonna a inspirou a assumir o controle de sua própria carreira,4
"Em fevereiro de 2013, Beyoncé disse que Madonna a inspirou a assumir o controle de sua própria carreira.",respostas_gpt5.5_mini,Madonna,inspirou,Beyoncé a assumir o controle de sua própria carreira,4
"Em fevereiro de 2013, Beyoncé disse que Madonna a inspirou a assumir o controle de sua própria carreira.",respostasGemini3.1Pro,Beyoncé,disse,que Madonna a inspirou a assumir o controle de sua própria carreira em fevereiro de 2013,4
"Em fevereiro de 2013, Beyoncé disse que Madonna a inspirou a assumir o controle de sua própria carreira.",respostasGemini3.1Pro,Madonna,inspirou,a assumir o controle de sua própria carreira,4
"Em 2013, Beyoncé fez a Lista Time 100, Baz Luhrmann escrevendo ninguém tem essa voz, ninguém se move de o jeito que ela se move, ninguém pode manter uma audiência de o jeito que ela faz... Quando Beyoncé faz um álbum, quando Beyoncé canta uma música, quando Beyoncé faz qualquer coisa, é um evento e é amplamente influente.",Claude_Sonnet5,ninguém,tem,essa voz,3
"Em 2013, Beyoncé fez a Lista Time 100, Baz Luhrmann escrevendo ninguém tem essa voz, ninguém se move de o jeito que ela se move, ninguém pode manter uma audiência de o jeito que ela faz... Quando Beyoncé faz um álbum, quando Beyoncé canta uma música, quando Beyoncé faz qualquer coisa, é um evento e é amplamente influente.",Claude_Sonnet5,ninguém,se move,de o jeito que ela se move,3
"Em 2013, Beyoncé fez a Lista Time 100, Baz Luhrmann escrevendo ninguém tem essa voz, ninguém se move de o jeito que ela se move, ninguém pode manter uma audiência de o jeito que ela faz... Quando Beyoncé faz um álbum, quando Beyoncé canta uma música, quando Beyoncé faz qualquer coisa, é um evento e é amplamente influente.",Claude_Sonnet5,Beyoncé,faz,um álbum,4
"Em 2013, Beyoncé fez a Lista Time 100, Baz Luhrmann escrevendo ninguém tem essa voz, ninguém se move de o jeito que ela se move, ninguém pode manter uma audiência de o jeito que ela faz... Quando Beyoncé faz um álbum, quando Beyoncé canta uma música, quando Beyoncé faz qualquer coisa, é um evento e é amplamente influente.",Claude_Sonnet5,Beyoncé,faz,qualquer coisa,4
"Em 2013, Beyoncé fez a Lista Time 100, Baz Luhrmann escrevendo ninguém tem essa voz, ninguém se move de o jeito que ela se move, ninguém pode manter uma audiência de o jeito que ela faz... Quando Beyoncé faz um álbum, quando Beyoncé canta uma música, quando Beyoncé faz qualquer coisa, é um evento e é amplamente influente.",respostaDPTOIE-PY,ninguém,tem,essa voz,3
"Em 2013, Beyoncé fez a Lista Time 100, Baz Luhrmann escrevendo ninguém tem essa voz, ninguém se move de o jeito que ela se move, ninguém pode manter uma audiência de o jeito que ela faz... Quando Beyoncé faz um álbum, quando Beyoncé canta uma música, quando Beyoncé faz qualquer coisa, é um evento e é amplamente influente.",respostaDPTOIE-PY,Beyoncé,faz,um álbum,4
"Em 2013, Beyoncé fez a Lista Time 100, Baz Luhrmann escrevendo ninguém tem essa voz, ninguém se move de o jeito que ela se move, ninguém pode manter uma audiência de o jeito que ela faz... Quando Beyoncé faz um álbum, quando Beyoncé canta uma música, quando Beyoncé faz qualquer coisa, é um evento e é amplamente influente.",respostaDPTOIE-PY,Beyoncé,faz,quando qualquer coisa,4
"Em 2013, Beyoncé fez a Lista Time 100, Baz Luhrmann escrevendo ninguém tem essa voz, ninguém se move de o jeito que ela se move, ninguém pode manter uma audiência de o jeito que ela faz... Quando Beyoncé faz um álbum, quando Beyoncé canta uma música, quando Beyoncé faz qualquer coisa, é um evento e é amplamente influente.",respostaGrok4.0Fast,Baz Luhrmann,escrevendo,ninguém tem essa voz,3
"Em 2013, Beyoncé fez a Lista Time 100, Baz Luhrmann escrevendo ninguém tem essa voz, ninguém se move de o jeito que ela se move, ninguém pode manter uma audiência de o jeito que ela faz... Quando Beyoncé faz um álbum, quando Beyoncé canta uma música, quando Beyoncé faz qualquer coisa, é um evento e é amplamente influente.",respostaGrok4.0Fast,Beyoncé,faz,um álbum,4
"Em 2013, Beyoncé fez a Lista Time 100, Baz Luhrmann escrevendo ninguém tem essa voz, ninguém se move de o jeito que ela se move, ninguém pode manter uma audiência de o jeito que ela faz... Quando Beyoncé faz um álbum, quando Beyoncé canta uma música, quando Beyoncé faz qualquer coisa, é um evento e é amplamente influente.",respostaGrok4.0Fast,Beyoncé,faz,qualquer coisa,4
"Em 2013, Beyoncé fez a Lista Time 100, Baz Luhrmann escrevendo ninguém tem essa voz, ninguém se move de o jeito que ela se move, ninguém pode manter uma audiência de o jeito que ela faz... Quando Beyoncé faz um álbum, quando Beyoncé canta uma música, quando Beyoncé faz qualquer coisa, é um evento e é amplamente influente.",respostas_gpt5.5_mini,Baz Luhrmann,escrevendo,ninguém tem essa voz,3
"Em 2013, Beyoncé fez a Lista Time 100, Baz Luhrmann escrevendo ninguém tem essa voz, ninguém se move de o jeito que ela se move, ninguém pode manter uma audiência de o jeito que ela faz... Quando Beyoncé faz um álbum, quando Beyoncé canta uma música, quando Beyoncé faz qualquer coisa, é um evento e é amplamente influente.",respostas_gpt5.5_mini,ninguém,se move,de o jeito que ela se move,3
"Em 2013, Beyoncé fez a Lista Time 100, Baz Luhrmann escrevendo ninguém tem essa voz, ninguém se move de o jeito que ela se move, ninguém pode manter uma audiência de o jeito que ela faz... Quando Beyoncé faz um álbum, quando Beyoncé canta uma música, quando Beyoncé faz qualquer coisa, é um evento e é amplamente influente.",respostas_gpt5.5_mini,Beyoncé,faz,um álbum,4
"Em 2013, Beyoncé fez a Lista Time 100, Baz Luhrmann escrevendo ninguém tem essa voz, ninguém se move de o jeito que ela se move, ninguém pode manter uma audiência de o jeito que ela faz... Quando Beyoncé faz um álbum, quando Beyoncé canta uma música, quando Beyoncé faz qualquer coisa, é um evento e é amplamente influente.",respostas_gpt5.5_mini,Beyoncé,faz,qualquer coisa,4
"Em 2013, Beyoncé fez a Lista Time 100, Baz Luhrmann escrevendo ninguém tem essa voz, ninguém se move de o jeito que ela se move, ninguém pode manter uma audiência de o jeito que ela faz... Quando Beyoncé faz um álbum, quando Beyoncé canta uma música, quando Beyoncé faz qualquer coisa, é um evento e é amplamente influente.",respostasGemini3.1Pro,Baz Luhrmann,escrevendo,ninguém tem essa voz,3
"Em 2013, Beyoncé fez a Lista Time 100, Baz Luhrmann escrevendo ninguém tem essa voz, ninguém se move de o jeito que ela se move, ninguém pode manter uma audiência de o jeito que ela faz... Quando Beyoncé faz um álbum, quando Beyoncé canta uma música, quando Beyoncé faz qualquer coisa, é um evento e é amplamente influente.",respostasGemini3.1Pro,ninguém,tem,essa voz,3
"Em 2013, Beyoncé fez a Lista Time 100, Baz Luhrmann escrevendo ninguém tem essa voz, ninguém se move de o jeito que ela se move, ninguém pode manter uma audiência de o jeito que ela faz... Quando Beyoncé faz um álbum, quando Beyoncé canta uma música, quando Beyoncé faz qualquer coisa, é um evento e é amplamente influente.",respostasGemini3.1Pro,ninguém,se move,de o jeito que ela se move,3
"Em 2013, foi anunciado que Beyoncé trabalharia com Salma Hayek e Frida Giannini em uma campanha de a Gucci Chime for Change, que visa espalhar o empoderamento feminino.",Claude_Sonnet5,Beyoncé,trabalharia com,Salma Hayek,3
"Em 2013, foi anunciado que Beyoncé trabalharia com Salma Hayek e Frida Giannini em uma campanha de a Gucci Chime for Change, que visa espalhar o empoderamento feminino.",Claude_Sonnet5,Beyoncé,trabalharia com,Frida Giannini,3
"Em 2013, foi anunciado que Beyoncé trabalharia com Salma Hayek e Frida Giannini em uma campanha de a Gucci Chime for Change, que visa espalhar o empoderamento feminino.",respostaGrok4.0Fast,Beyoncé,trabalharia com,Salma Hayek,3
"Em 2013, foi anunciado que Beyoncé trabalharia com Salma Hayek e Frida Giannini em uma campanha de a Gucci Chime for Change, que visa espalhar o empoderamento feminino.",respostaGrok4.0Fast,Beyoncé,trabalharia com,Frida Giannini,3
"Em 2013, foi anunciado que Beyoncé trabalharia com Salma Hayek e Frida Giannini em uma campanha de a Gucci Chime for Change, que visa espalhar o empoderamento feminino.",respostas_gpt5.5_mini,Beyoncé,trabalharia com,Salma Hayek,3
"Em 2013, foi anunciado que Beyoncé trabalharia com Salma Hayek e Frida Giannini em uma campanha de a Gucci Chime for Change, que visa espalhar o empoderamento feminino.",respostas_gpt5.5_mini,Beyoncé,trabalharia com,Frida Giannini,3
"O Bureau de o Censo de os Estados Unidos estima que a população de Montana era 1.032.949 em 1º de julho de 2015, um aumento de 4,40 % desde o Censo de os Estados Unidos de 2010.",Claude_Sonnet5,a população de Montana,era,1.032.949 em 1º de julho de 2015,4
"O Bureau de o Censo de os Estados Unidos estima que a população de Montana era 1.032.949 em 1º de julho de 2015, um aumento de 4,40 % desde o Censo de os Estados Unidos de 2010.",respostaGrok4.0Fast,a população de Montana,era,1.032.949 em 1º de julho de 2015,4
"O Bureau de o Censo de os Estados Unidos estima que a população de Montana era 1.032.949 em 1º de julho de 2015, um aumento de 4,40 % desde o Censo de os Estados Unidos de 2010.",respostas_gpt5.5_mini,a população de Montana,era,1.032.949 em 1º de julho de 2015,4
"O Bureau de o Censo de os Estados Unidos estima que a população de Montana era 1.032.949 em 1º de julho de 2015, um aumento de 4,40 % desde o Censo de os Estados Unidos de 2010.",respostasGemini3.1Pro,a população de Montana,era,1.032.949 em 1º de julho de 2015,4
"O Aeroporto Internacional de Bozeman Yellowstone é o aeroporto mais movimentado de o estado de Montana, superando o Aeroporto Internacional Billings Logan em a primavera de 2013",Claude_Sonnet5,O Aeroporto Internacional de Bozeman Yellowstone,superando,o Aeroporto Internacional Billings Logan em a primavera de 2013,4
"O Aeroporto Internacional de Bozeman Yellowstone é o aeroporto mais movimentado de o estado de Montana, superando o Aeroporto Internacional Billings Logan em a primavera de 2013",PTOIE-Flair,O Aeroporto Internacional de Bozeman Yellowstone,superando,o Aeroporto Internacional Billings Logan em a primavera de 2013,4
"O Aeroporto Internacional de Bozeman Yellowstone é o aeroporto mais movimentado de o estado de Montana, superando o Aeroporto Internacional Billings Logan em a primavera de 2013",respostas_gpt5.5_mini,O Aeroporto Internacional de Bozeman Yellowstone,superando,o Aeroporto Internacional Billings Logan em a primavera de 2013,4
"O Aeroporto Internacional de Bozeman Yellowstone é o aeroporto mais movimentado de o estado de Montana, superando o Aeroporto Internacional Billings Logan em a primavera de 2013",respostasGemini3.1Pro,O Aeroporto Internacional de Bozeman Yellowstone,superando,o Aeroporto Internacional Billings Logan em a primavera de 2013,4
"Na primavera de 1834, Chopin participou de o Festival de Música de o Baixo Reno em Aix-la-Chapelle com Hiller, e foi lá que Chopin conheceu Felix Mendelssohn.",Claude_Sonnet5,Chopin,conheceu,Felix Mendelssohn,4
"Na primavera de 1834, Chopin participou de o Festival de Música de o Baixo Reno em Aix-la-Chapelle com Hiller, e foi lá que Chopin conheceu Felix Mendelssohn.",respostaGrok4.0Fast,Chopin,conheceu,Felix Mendelssohn,4
"Na primavera de 1834, Chopin participou de o Festival de Música de o Baixo Reno em Aix-la-Chapelle com Hiller, e foi lá que Chopin conheceu Felix Mendelssohn.",respostas_gpt5.5_mini,Chopin,conheceu,Felix Mendelssohn,4
"Na primavera de 1834, Chopin participou de o Festival de Música de o Baixo Reno em Aix-la-Chapelle com Hiller, e foi lá que Chopin conheceu Felix Mendelssohn.",respostasGemini3.1Pro,Chopin,conheceu,Felix Mendelssohn,4
"Mais tarde naquela manhã, o marido de Solange, Clésinger, fez a máscara mortuária de Chopin e um giro de a mão esquerda.",Claude_Sonnet5,Clésinger,é,o marido de Solange,4
"Mais tarde naquela manhã, o marido de Solange, Clésinger, fez a máscara mortuária de Chopin e um giro de a mão esquerda.",Claude_Sonnet5,Clésinger,fez,a máscara mortuária de Chopin,4
"Mais tarde naquela manhã, o marido de Solange, Clésinger, fez a máscara mortuária de Chopin e um giro de a mão esquerda.",Claude_Sonnet5,Clésinger,fez,um giro de a mão esquerda,4
"Mais tarde naquela manhã, o marido de Solange, Clésinger, fez a máscara mortuária de Chopin e um giro de a mão esquerda.",respostaGrok4.0Fast,Clésinger,é,o marido de Solange,4
"Mais tarde naquela manhã, o marido de Solange, Clésinger, fez a máscara mortuária de Chopin e um giro de a mão esquerda.",respostaGrok4.0Fast,Clésinger,fez,a máscara mortuária de Chopin,4
"Mais tarde naquela manhã, o marido de Solange, Clésinger, fez a máscara mortuária de Chopin e um giro de a mão esquerda.",respostaGrok4.0Fast,Clésinger,fez,um giro de a mão esquerda,4
"Mais tarde naquela manhã, o marido de Solange, Clésinger, fez a máscara mortuária de Chopin e um giro de a mão esquerda.",respostas_gpt5.5_mini,Clésinger,é,o marido de Solange,4
"Mais tarde naquela manhã, o marido de Solange, Clésinger, fez a máscara mortuária de Chopin e um giro de a mão esquerda.",respostas_gpt5.5_mini,Clésinger,fez,a máscara mortuária de Chopin,4
"Mais tarde naquela manhã, o marido de Solange, Clésinger, fez a máscara mortuária de Chopin e um giro de a mão esquerda.",respostas_gpt5.5_mini,Clésinger,fez,um giro de a mão esquerda,4
"Mais tarde naquela manhã, o marido de Solange, Clésinger, fez a máscara mortuária de Chopin e um giro de a mão esquerda.",respostasGemini3.1Pro,Clésinger,fez,a máscara mortuária de Chopin,4
"Mais tarde naquela manhã, o marido de Solange, Clésinger, fez a máscara mortuária de Chopin e um giro de a mão esquerda.",respostasGemini3.1Pro,Clésinger,fez,um giro de a mão esquerda,4
"Mais tarde naquela manhã, o marido de Solange, Clésinger, fez a máscara mortuária de Chopin e um giro de a mão esquerda.",respostasGemini3.1Pro,Clésinger,é,o marido de Solange,4
"Em setembro de 1828, Chopin, ainda estudante, visitou Berlim com um amigo de a família, o zoólogo Feliks Jarocki, desfrutando de óperas dirigidas por Gaspare Spontini e assistindo a concertos de Carl Friedrich Zelter, Felix Mendelssohn e outras celebridades.",Claude_Sonnet5,Chopin,desfrutando de,óperas dirigidas por Gaspare Spontini,3
"Em setembro de 1828, Chopin, ainda estudante, visitou Berlim com um amigo de a família, o zoólogo Feliks Jarocki, desfrutando de óperas dirigidas por Gaspare Spontini e assistindo a concertos de Carl Friedrich Zelter, Felix Mendelssohn e outras celebridades.",respostaGrok4.0Fast,Chopin,visitou,"Berlim com um amigo de a família, o zoólogo Feliks Jarocki",3
"Em setembro de 1828, Chopin, ainda estudante, visitou Berlim com um amigo de a família, o zoólogo Feliks Jarocki, desfrutando de óperas dirigidas por Gaspare Spontini e assistindo a concertos de Carl Friedrich Zelter, Felix Mendelssohn e outras celebridades.",respostas_gpt5.5_mini,Chopin,visitou,"Berlim com um amigo de a família, o zoólogo Feliks Jarocki",3
"Em setembro de 1828, Chopin, ainda estudante, visitou Berlim com um amigo de a família, o zoólogo Feliks Jarocki, desfrutando de óperas dirigidas por Gaspare Spontini e assistindo a concertos de Carl Friedrich Zelter, Felix Mendelssohn e outras celebridades.",respostas_gpt5.5_mini,Chopin,desfrutando de,óperas dirigidas por Gaspare Spontini,3
"Em setembro de 1828, Chopin, ainda estudante, visitou Berlim com um amigo de a família, o zoólogo Feliks Jarocki, desfrutando de óperas dirigidas por Gaspare Spontini e assistindo a concertos de Carl Friedrich Zelter, Felix Mendelssohn e outras celebridades.",respostasGemini3.1Pro,Chopin,visitou,Berlim com um amigo de a família em setembro de 1828,3
"Em setembro de 1828, Chopin, ainda estudante, visitou Berlim com um amigo de a família, o zoólogo Feliks Jarocki, desfrutando de óperas dirigidas por Gaspare Spontini e assistindo a concertos de Carl Friedrich Zelter, Felix Mendelssohn e outras celebridades.",respostasGemini3.1Pro,Chopin,desfrutando de,óperas dirigidas por Gaspare Spontini,3
"A partir de 1236, o príncipe mongol Kublai, que mais tarde governou como Khagan de 1260 a 1294, recebeu um grande appanage em o norte de a China por seu superior, Ögedei Khan.",Claude_Sonnet5,o príncipe mongol Kublai,recebeu,"um grande appanage em o norte de a China por seu superior, Ögedei Khan",5
"A partir de 1236, o príncipe mongol Kublai, que mais tarde governou como Khagan de 1260 a 1294, recebeu um grande appanage em o norte de a China por seu superior, Ögedei Khan.",respostaDPTOIE-PY,o príncipe mongol Kublai,recebeu,"A partir de 1236 , um grande appanage em o norte de a China por seu superior , Ögedei Khan",5
"A partir de 1236, o príncipe mongol Kublai, que mais tarde governou como Khagan de 1260 a 1294, recebeu um grande appanage em o norte de a China por seu superior, Ögedei Khan.",respostaGrok4.0Fast,o príncipe mongol Kublai,recebeu,"um grande appanage em o norte de a China por seu superior, Ögedei Khan",5
"A partir de 1236, o príncipe mongol Kublai, que mais tarde governou como Khagan de 1260 a 1294, recebeu um grande appanage em o norte de a China por seu superior, Ögedei Khan.",respostas_gpt5.5_mini,o príncipe mongol Kublai,recebeu,"um grande appanage em o norte de a China por seu superior, Ögedei Khan",5
"A partir de 1236, o príncipe mongol Kublai, que mais tarde governou como Khagan de 1260 a 1294, recebeu um grande appanage em o norte de a China por seu superior, Ögedei Khan.",respostasGemini3.1Pro,o príncipe mongol Kublai,recebeu,"um grande appanage em o norte de a China por seu superior, Ögedei Khan, a partir de 1236",5
"Dreyfus escreve que depois que o Phagmodrupa perdeu seu poder centralizador sobre o Tibete em 1434, várias tentativas de outras famílias para estabelecer hegemonias falharam em os próximos dois séculos até 1642 com a efetiva hegemonia de o 5º Dalai Lama sobre o Tibete.",Claude_Sonnet5,Dreyfus,escreve,"que depois que o Phagmodrupa perdeu seu poder centralizador sobre o Tibete em 1434, várias tentativas de outras famílias para estabelecer hegemonias falharam em os próximos dois séculos até 1642 com a efetiva hegemonia de o 5º Dalai Lama sobre o Tibete",3
"Dreyfus escreve que depois que o Phagmodrupa perdeu seu poder centralizador sobre o Tibete em 1434, várias tentativas de outras famílias para estabelecer hegemonias falharam em os próximos dois séculos até 1642 com a efetiva hegemonia de o 5º Dalai Lama sobre o Tibete.",respostaGrok4.0Fast,Dreyfus,escreve,"que depois que o Phagmodrupa perdeu seu poder centralizador sobre o Tibete em 1434, várias tentativas de outras famílias para estabelecer hegemonias falharam",4
"Dreyfus escreve que depois que o Phagmodrupa perdeu seu poder centralizador sobre o Tibete em 1434, várias tentativas de outras famílias para estabelecer hegemonias falharam em os próximos dois séculos até 1642 com a efetiva hegemonia de o 5º Dalai Lama sobre o Tibete.",respostas_gpt5.5_mini,Dreyfus,escreve,"que depois que o Phagmodrupa perdeu seu poder centralizador sobre o Tibete em 1434, várias tentativas de outras famílias para estabelecer hegemonias falharam em os próximos dois séculos até 1642 com a efetiva hegemonia de o 5º Dalai Lama sobre o Tibete",3
"Quando o imperador Ming Yongle convidou Je Tsongkhapa (1357-1419), fundador de a escola Gelug, para ir a a corte Ming e prestar homenagem, este último recusou.",Claude_Sonnet5,o imperador Ming Yongle,convidou,Je Tsongkhapa (1357-1419) para ir a a corte Ming e prestar homenagem,4
"Quando o imperador Ming Yongle convidou Je Tsongkhapa (1357-1419), fundador de a escola Gelug, para ir a a corte Ming e prestar homenagem, este último recusou.",Claude_Sonnet5,Je Tsongkhapa,é,fundador de a escola Gelug,4
"Quando o imperador Ming Yongle convidou Je Tsongkhapa (1357-1419), fundador de a escola Gelug, para ir a a corte Ming e prestar homenagem, este último recusou.",respostaGrok4.0Fast,o imperador Ming Yongle,convidou,"Je Tsongkhapa (1357-1419), fundador de a escola Gelug, para ir a a corte Ming e prestar homenagem",3
"Quando o imperador Ming Yongle convidou Je Tsongkhapa (1357-1419), fundador de a escola Gelug, para ir a a corte Ming e prestar homenagem, este último recusou.",respostaGrok4.0Fast,Je Tsongkhapa,é,fundador de a escola Gelug,4
"Quando o imperador Ming Yongle convidou Je Tsongkhapa (1357-1419), fundador de a escola Gelug, para ir a a corte Ming e prestar homenagem, este último recusou.",respostas_gpt5.5_mini,o imperador Ming Yongle,convidou,"Je Tsongkhapa (1357-1419), fundador de a escola Gelug, para ir a a corte Ming e prestar homenagem",3
"Quando o imperador Ming Yongle convidou Je Tsongkhapa (1357-1419), fundador de a escola Gelug, para ir a a corte Ming e prestar homenagem, este último recusou.",respostas_gpt5.5_mini,Je Tsongkhapa,é,fundador de a escola Gelug,4
"Quando o imperador Ming Yongle convidou Je Tsongkhapa (1357-1419), fundador de a escola Gelug, para ir a a corte Ming e prestar homenagem, este último recusou.",respostasGemini3.1Pro,Je Tsongkhapa (1357-1419),é,fundador de a escola Gelug,4
"Chen Qingying afirma que Tsongkhapa escreveu uma carta para recusar o convite de o Imperador e, nesta resposta, Tsongkhapa escreveu",Claude_Sonnet5,Chen Qingying,afirma,que Tsongkhapa escreveu uma carta para recusar o convite de o Imperador,4
"Chen Qingying afirma que Tsongkhapa escreveu uma carta para recusar o convite de o Imperador e, nesta resposta, Tsongkhapa escreveu",Claude_Sonnet5,Tsongkhapa,escreveu,nesta resposta,3
"Chen Qingying afirma que Tsongkhapa escreveu uma carta para recusar o convite de o Imperador e, nesta resposta, Tsongkhapa escreveu",respostaGrok4.0Fast,Chen Qingying,afirma,que Tsongkhapa escreveu uma carta para recusar o convite de o Imperador,4
"Chen Qingying afirma que Tsongkhapa escreveu uma carta para recusar o convite de o Imperador e, nesta resposta, Tsongkhapa escreveu",respostas_gpt5.5_mini,Chen Qingying,afirma,que Tsongkhapa escreveu uma carta para recusar o convite de o Imperador,4
"Chen Qingying afirma que Tsongkhapa escreveu uma carta para recusar o convite de o Imperador e, nesta resposta, Tsongkhapa escreveu",respostas_gpt5.5_mini,Tsongkhapa,escreveu,nesta resposta,3
"Chen Qingying afirma que Tsongkhapa escreveu uma carta para recusar o convite de o Imperador e, nesta resposta, Tsongkhapa escreveu",respostasGemini3.1Pro,Chen Qingying,afirma,que Tsongkhapa escreveu uma carta para recusar o convite de o Imperador,4
"Chen Qingying afirma que Tsongkhapa escreveu uma carta para recusar o convite de o Imperador e, nesta resposta, Tsongkhapa escreveu",respostasGemini3.1Pro,Tsongkhapa,escreveu,nesta resposta,3
"No entanto, depois que Altan Khan (1507-1582) - líder de os mongóis Tümed que derrubou a hegemonia de a confederação Oirat Mongol sobre as estepes - fez as pazes com a dinastia Ming em 1571, ele persuadiu os Ming a reabrir seus mercados de fronteira em 1573.",Claude_Sonnet5,Altan Khan,é,líder de os mongóis Tümed,4
"No entanto, depois que Altan Khan (1507-1582) - líder de os mongóis Tümed que derrubou a hegemonia de a confederação Oirat Mongol sobre as estepes - fez as pazes com a dinastia Ming em 1571, ele persuadiu os Ming a reabrir seus mercados de fronteira em 1573.",Claude_Sonnet5,Altan Khan,derrubou,a hegemonia de a confederação Oirat Mongol sobre as estepes,3
"No entanto, depois que Altan Khan (1507-1582) - líder de os mongóis Tümed que derrubou a hegemonia de a confederação Oirat Mongol sobre as estepes - fez as pazes com a dinastia Ming em 1571, ele persuadiu os Ming a reabrir seus mercados de fronteira em 1573.",Claude_Sonnet5,ele,persuadiu,os Ming a reabrir seus mercados de fronteira em 1573,4
"No entanto, depois que Altan Khan (1507-1582) - líder de os mongóis Tümed que derrubou a hegemonia de a confederação Oirat Mongol sobre as estepes - fez as pazes com a dinastia Ming em 1571, ele persuadiu os Ming a reabrir seus mercados de fronteira em 1573.",PTOIE-Flair,Altan Khan,derrubou,a hegemonia de a confederação Oirat Mongol sobre as estepes,3
"No entanto, depois que Altan Khan (1507-1582) - líder de os mongóis Tümed que derrubou a hegemonia de a confederação Oirat Mongol sobre as estepes - fez as pazes com a dinastia Ming em 1571, ele persuadiu os Ming a reabrir seus mercados de fronteira em 1573.",respostaGrok4.0Fast,Altan Khan,é,líder de os mongóis Tümed,4
"No entanto, depois que Altan Khan (1507-1582) - líder de os mongóis Tümed que derrubou a hegemonia de a confederação Oirat Mongol sobre as estepes - fez as pazes com a dinastia Ming em 1571, ele persuadiu os Ming a reabrir seus mercados de fronteira em 1573.",respostaGrok4.0Fast,ele,persuadiu,os Ming a reabrir seus mercados de fronteira em 1573,4
"No entanto, depois que Altan Khan (1507-1582) - líder de os mongóis Tümed que derrubou a hegemonia de a confederação Oirat Mongol sobre as estepes - fez as pazes com a dinastia Ming em 1571, ele persuadiu os Ming a reabrir seus mercados de fronteira em 1573.",respostas_gpt5.5_mini,Altan Khan,é,líder de os mongóis Tümed,4
"No entanto, depois que Altan Khan (1507-1582) - líder de os mongóis Tümed que derrubou a hegemonia de a confederação Oirat Mongol sobre as estepes - fez as pazes com a dinastia Ming em 1571, ele persuadiu os Ming a reabrir seus mercados de fronteira em 1573.",respostas_gpt5.5_mini,Altan Khan,derrubou,a hegemonia de a confederação Oirat Mongol sobre as estepes,3
"No entanto, depois que Altan Khan (1507-1582) - líder de os mongóis Tümed que derrubou a hegemonia de a confederação Oirat Mongol sobre as estepes - fez as pazes com a dinastia Ming em 1571, ele persuadiu os Ming a reabrir seus mercados de fronteira em 1573.",respostas_gpt5.5_mini,ele,persuadiu,os Ming a reabrir seus mercados de fronteira em 1573,4
"No entanto, depois que Altan Khan (1507-1582) - líder de os mongóis Tümed que derrubou a hegemonia de a confederação Oirat Mongol sobre as estepes - fez as pazes com a dinastia Ming em 1571, ele persuadiu os Ming a reabrir seus mercados de fronteira em 1573.",respostasGemini3.1Pro,Altan Khan (1507-1582),é,líder de os mongóis Tümed,4
"No entanto, depois que Altan Khan (1507-1582) - líder de os mongóis Tümed que derrubou a hegemonia de a confederação Oirat Mongol sobre as estepes - fez as pazes com a dinastia Ming em 1571, ele persuadiu os Ming a reabrir seus mercados de fronteira em 1573.",respostasGemini3.1Pro,ele,persuadiu,os Ming a reabrir seus mercados de fronteira em 1573,4
Klieger escreve que a presença de Altan Khan em o oeste reduziu efetivamente a influência de os Ming e o contato com o Tibete.,Claude_Sonnet5,Klieger,escreve,que a presença de Altan Khan em o oeste reduziu efetivamente a influência de os Ming e o contato com o Tibete,4
Klieger escreve que a presença de Altan Khan em o oeste reduziu efetivamente a influência de os Ming e o contato com o Tibete.,respostaGrok4.0Fast,Klieger,escreve,que a presença de Altan Khan em o oeste reduziu efetivamente a influência de os Ming e o contato com o Tibete,4
Klieger escreve que a presença de Altan Khan em o oeste reduziu efetivamente a influência de os Ming e o contato com o Tibete.,respostas_gpt5.5_mini,Klieger,escreve,que a presença de Altan Khan em o oeste reduziu efetivamente a influência de os Ming e o contato com o Tibete,4
Klieger escreve que a presença de Altan Khan em o oeste reduziu efetivamente a influência de os Ming e o contato com o Tibete.,respostasGemini3.1Pro,Klieger,escreve,que a presença de Altan Khan em o oeste reduziu efetivamente a influência de os Ming e o contato com o Tibete,4
"Depois que Altan Khan fez as pazes com a dinastia Ming em 1571, ele convidou o terceiro hierarca de a Gelug - Sönam Gyatso (1543-1588) - para encontrá-lo em Amdo (Qinghai moderno) em 1578, onde acidentalmente concedeu a ele e seus dois antecessores com o título de Dalai Lama - Professor de o Oceano.",Claude_Sonnet5,ele,convidou,o terceiro hierarca de a Gelug para encontrá-lo em Amdo (Qinghai moderno) em 1578,3
"Depois que Altan Khan fez as pazes com a dinastia Ming em 1571, ele convidou o terceiro hierarca de a Gelug - Sönam Gyatso (1543-1588) - para encontrá-lo em Amdo (Qinghai moderno) em 1578, onde acidentalmente concedeu a ele e seus dois antecessores com o título de Dalai Lama - Professor de o Oceano.",Claude_Sonnet5,Sönam Gyatso,é,o terceiro hierarca de a Gelug,3
"Depois que Altan Khan fez as pazes com a dinastia Ming em 1571, ele convidou o terceiro hierarca de a Gelug - Sönam Gyatso (1543-1588) - para encontrá-lo em Amdo (Qinghai moderno) em 1578, onde acidentalmente concedeu a ele e seus dois antecessores com o título de Dalai Lama - Professor de o Oceano.",respostaGrok4.0Fast,ele,convidou,o terceiro hierarca de a Gelug - Sönam Gyatso (1543-1588) - para encontrá-lo em Amdo (Qinghai moderno) em 1578,3
"Depois que Altan Khan fez as pazes com a dinastia Ming em 1571, ele convidou o terceiro hierarca de a Gelug - Sönam Gyatso (1543-1588) - para encontrá-lo em Amdo (Qinghai moderno) em 1578, onde acidentalmente concedeu a ele e seus dois antecessores com o título de Dalai Lama - Professor de o Oceano.",respostaGrok4.0Fast,Sönam Gyatso,é,o terceiro hierarca de a Gelug,3
"Depois que Altan Khan fez as pazes com a dinastia Ming em 1571, ele convidou o terceiro hierarca de a Gelug - Sönam Gyatso (1543-1588) - para encontrá-lo em Amdo (Qinghai moderno) em 1578, onde acidentalmente concedeu a ele e seus dois antecessores com o título de Dalai Lama - Professor de o Oceano.",respostasGemini3.1Pro,ele,convidou,o terceiro hierarca de a Gelug para encontrá-lo em Amdo (Qinghai moderno) em 1578,3
"Depois que Altan Khan fez as pazes com a dinastia Ming em 1571, ele convidou o terceiro hierarca de a Gelug - Sönam Gyatso (1543-1588) - para encontrá-lo em Amdo (Qinghai moderno) em 1578, onde acidentalmente concedeu a ele e seus dois antecessores com o título de Dalai Lama - Professor de o Oceano.",respostasGemini3.1Pro,Sönam Gyatso (1543-1588),é,o terceiro hierarca de a Gelug,3
"Embora não tenha sido registrada em nenhum registro oficial chinês, a biografia de Sonam Gyatso afirma que Wanli novamente conferiu títulos a Sonam Gyatso em 1588 e o convidou para Pequim por a segunda vez, mas Sonam Gyatso não pôde visitar a China, pois morreu em o mesmo ano em a Mongólia.",Claude_Sonnet5,a biografia de Sonam Gyatso,afirma,que Wanli novamente conferiu títulos a Sonam Gyatso em 1588 e o convidou para Pequim por a segunda vez,4
"Embora não tenha sido registrada em nenhum registro oficial chinês, a biografia de Sonam Gyatso afirma que Wanli novamente conferiu títulos a Sonam Gyatso em 1588 e o convidou para Pequim por a segunda vez, mas Sonam Gyatso não pôde visitar a China, pois morreu em o mesmo ano em a Mongólia.",Claude_Sonnet5,Wanli,convidou,o (Sonam Gyatso) para Pequim por a segunda vez,4
"Embora não tenha sido registrada em nenhum registro oficial chinês, a biografia de Sonam Gyatso afirma que Wanli novamente conferiu títulos a Sonam Gyatso em 1588 e o convidou para Pequim por a segunda vez, mas Sonam Gyatso não pôde visitar a China, pois morreu em o mesmo ano em a Mongólia.",respostaDPTOIE-PY,Wanli,conferiu,novamente títulos a Sonam Gyatso em 1588,3
"Embora não tenha sido registrada em nenhum registro oficial chinês, a biografia de Sonam Gyatso afirma que Wanli novamente conferiu títulos a Sonam Gyatso em 1588 e o convidou para Pequim por a segunda vez, mas Sonam Gyatso não pôde visitar a China, pois morreu em o mesmo ano em a Mongólia.",respostaGrok4.0Fast,a biografia de Sonam Gyatso,afirma,que Wanli novamente conferiu títulos a Sonam Gyatso em 1588,4
"Embora não tenha sido registrada em nenhum registro oficial chinês, a biografia de Sonam Gyatso afirma que Wanli novamente conferiu títulos a Sonam Gyatso em 1588 e o convidou para Pequim por a segunda vez, mas Sonam Gyatso não pôde visitar a China, pois morreu em o mesmo ano em a Mongólia.",respostaGrok4.0Fast,Wanli,convidou,o para Pequim por a segunda vez,4
"Embora não tenha sido registrada em nenhum registro oficial chinês, a biografia de Sonam Gyatso afirma que Wanli novamente conferiu títulos a Sonam Gyatso em 1588 e o convidou para Pequim por a segunda vez, mas Sonam Gyatso não pôde visitar a China, pois morreu em o mesmo ano em a Mongólia.",respostaGrok4.0Fast,Sonam Gyatso,morreu,em o mesmo ano em a Mongólia,3
"Embora não tenha sido registrada em nenhum registro oficial chinês, a biografia de Sonam Gyatso afirma que Wanli novamente conferiu títulos a Sonam Gyatso em 1588 e o convidou para Pequim por a segunda vez, mas Sonam Gyatso não pôde visitar a China, pois morreu em o mesmo ano em a Mongólia.",respostas_gpt5.5_mini,a biografia de Sonam Gyatso,afirma,que Wanli novamente conferiu títulos a Sonam Gyatso em 1588 e o convidou para Pequim por a segunda vez,4
"Embora não tenha sido registrada em nenhum registro oficial chinês, a biografia de Sonam Gyatso afirma que Wanli novamente conferiu títulos a Sonam Gyatso em 1588 e o convidou para Pequim por a segunda vez, mas Sonam Gyatso não pôde visitar a China, pois morreu em o mesmo ano em a Mongólia.",respostas_gpt5.5_mini,Wanli,conferiu,títulos a Sonam Gyatso em 1588,3
"Embora não tenha sido registrada em nenhum registro oficial chinês, a biografia de Sonam Gyatso afirma que Wanli novamente conferiu títulos a Sonam Gyatso em 1588 e o convidou para Pequim por a segunda vez, mas Sonam Gyatso não pôde visitar a China, pois morreu em o mesmo ano em a Mongólia.",respostas_gpt5.5_mini,Wanli,convidou,Sonam Gyatso para Pequim por a segunda vez,4
"Embora não tenha sido registrada em nenhum registro oficial chinês, a biografia de Sonam Gyatso afirma que Wanli novamente conferiu títulos a Sonam Gyatso em 1588 e o convidou para Pequim por a segunda vez, mas Sonam Gyatso não pôde visitar a China, pois morreu em o mesmo ano em a Mongólia.",respostas_gpt5.5_mini,Sonam Gyatso,morreu,em o mesmo ano em a Mongólia,3
"Embora não tenha sido registrada em nenhum registro oficial chinês, a biografia de Sonam Gyatso afirma que Wanli novamente conferiu títulos a Sonam Gyatso em 1588 e o convidou para Pequim por a segunda vez, mas Sonam Gyatso não pôde visitar a China, pois morreu em o mesmo ano em a Mongólia.",respostasGemini3.1Pro,a biografia de Sonam Gyatso,afirma,que Wanli novamente conferiu títulos a Sonam Gyatso em 1588,4
"Embora não tenha sido registrada em nenhum registro oficial chinês, a biografia de Sonam Gyatso afirma que Wanli novamente conferiu títulos a Sonam Gyatso em 1588 e o convidou para Pequim por a segunda vez, mas Sonam Gyatso não pôde visitar a China, pois morreu em o mesmo ano em a Mongólia.",respostasGemini3.1Pro,Wanli,conferiu,títulos a Sonam Gyatso em 1588,3
"Embora não tenha sido registrada em nenhum registro oficial chinês, a biografia de Sonam Gyatso afirma que Wanli novamente conferiu títulos a Sonam Gyatso em 1588 e o convidou para Pequim por a segunda vez, mas Sonam Gyatso não pôde visitar a China, pois morreu em o mesmo ano em a Mongólia.",respostasGemini3.1Pro,Wanli,convidou,o para Pequim por a segunda vez,4
"Embora não tenha sido registrada em nenhum registro oficial chinês, a biografia de Sonam Gyatso afirma que Wanli novamente conferiu títulos a Sonam Gyatso em 1588 e o convidou para Pequim por a segunda vez, mas Sonam Gyatso não pôde visitar a China, pois morreu em o mesmo ano em a Mongólia.",respostasGemini3.1Pro,Sonam Gyatso,morreu,em o mesmo ano em a Mongólia,3
"Sem mencionar o papel de os mongóis, o China Daily afirma que foi a sucessiva dinastia Qing que estabeleceu o título de Dalai Lama e seu poder em o Tibete Em 1653, o imperador Qing concedeu um título honorífico a o quinto Dalai Lama e depois o fez.",Claude_Sonnet5,o China Daily,afirma,que foi a sucessiva dinastia Qing que estabeleceu o título de Dalai Lama e seu poder em o Tibete,4
"Sem mencionar o papel de os mongóis, o China Daily afirma que foi a sucessiva dinastia Qing que estabeleceu o título de Dalai Lama e seu poder em o Tibete Em 1653, o imperador Qing concedeu um título honorífico a o quinto Dalai Lama e depois o fez.",Claude_Sonnet5,a sucessiva dinastia Qing,estabeleceu,o título de Dalai Lama,3
"Sem mencionar o papel de os mongóis, o China Daily afirma que foi a sucessiva dinastia Qing que estabeleceu o título de Dalai Lama e seu poder em o Tibete Em 1653, o imperador Qing concedeu um título honorífico a o quinto Dalai Lama e depois o fez.",Claude_Sonnet5,a sucessiva dinastia Qing,estabeleceu,seu poder em o Tibete,3
"Sem mencionar o papel de os mongóis, o China Daily afirma que foi a sucessiva dinastia Qing que estabeleceu o título de Dalai Lama e seu poder em o Tibete Em 1653, o imperador Qing concedeu um título honorífico a o quinto Dalai Lama e depois o fez.",respostaGrok4.0Fast,o China Daily,afirma,que foi a sucessiva dinastia Qing que estabeleceu o título de Dalai Lama e seu poder em o Tibete,4
"Sem mencionar o papel de os mongóis, o China Daily afirma que foi a sucessiva dinastia Qing que estabeleceu o título de Dalai Lama e seu poder em o Tibete Em 1653, o imperador Qing concedeu um título honorífico a o quinto Dalai Lama e depois o fez.",respostas_gpt5.5_mini,o China Daily,afirma,que foi a sucessiva dinastia Qing que estabeleceu o título de Dalai Lama e seu poder em o Tibete,4
"Sem mencionar o papel de os mongóis, o China Daily afirma que foi a sucessiva dinastia Qing que estabeleceu o título de Dalai Lama e seu poder em o Tibete Em 1653, o imperador Qing concedeu um título honorífico a o quinto Dalai Lama e depois o fez.",respostas_gpt5.5_mini,a sucessiva dinastia Qing,estabeleceu,o título de Dalai Lama,3
"Sem mencionar o papel de os mongóis, o China Daily afirma que foi a sucessiva dinastia Qing que estabeleceu o título de Dalai Lama e seu poder em o Tibete Em 1653, o imperador Qing concedeu um título honorífico a o quinto Dalai Lama e depois o fez.",respostas_gpt5.5_mini,a sucessiva dinastia Qing,estabeleceu,seu poder em o Tibete,3
"Sem mencionar o papel de os mongóis, o China Daily afirma que foi a sucessiva dinastia Qing que estabeleceu o título de Dalai Lama e seu poder em o Tibete Em 1653, o imperador Qing concedeu um título honorífico a o quinto Dalai Lama e depois o fez.",respostasGemini3.1Pro,o China Daily,afirma,que foi a sucessiva dinastia Qing que estabeleceu o título de Dalai Lama e seu poder em o Tibete,4
"Sem mencionar o papel de os mongóis, o China Daily afirma que foi a sucessiva dinastia Qing que estabeleceu o título de Dalai Lama e seu poder em o Tibete Em 1653, o imperador Qing concedeu um título honorífico a o quinto Dalai Lama e depois o fez.",respostasGemini3.1Pro,a sucessiva dinastia Qing,estabeleceu,o título de Dalai Lama em o Tibete,3
"Sem mencionar o papel de os mongóis, o China Daily afirma que foi a sucessiva dinastia Qing que estabeleceu o título de Dalai Lama e seu poder em o Tibete Em 1653, o imperador Qing concedeu um título honorífico a o quinto Dalai Lama e depois o fez.",respostasGemini3.1Pro,a sucessiva dinastia Qing,estabeleceu,seu poder em o Tibete,3
"O imperador Wanli convidou Yonten Gyatso para Pequim em 1616, mas, assim como seu antecessor, ele morreu antes de poder fazer a jornada.",Claude_Sonnet5,ele,morreu,antes de poder fazer a jornada,4
"O imperador Wanli convidou Yonten Gyatso para Pequim em 1616, mas, assim como seu antecessor, ele morreu antes de poder fazer a jornada.",respostaGrok4.0Fast,ele,morreu,antes de poder fazer a jornada,4
"O imperador Wanli convidou Yonten Gyatso para Pequim em 1616, mas, assim como seu antecessor, ele morreu antes de poder fazer a jornada.",respostas_gpt5.5_mini,ele,morreu,antes de poder fazer a jornada,4
"O imperador Wanli convidou Yonten Gyatso para Pequim em 1616, mas, assim como seu antecessor, ele morreu antes de poder fazer a jornada.",respostasGemini3.1Pro,ele,morreu,antes de poder fazer a jornada,4
"O quarto Dalai Lama se recusou a dar uma audiência a o rei Ü-Tsang, que provocou um conflito quando este começou a atacar mosteiros Gelug.",Claude_Sonnet5,O quarto Dalai Lama,se recusou a dar,uma audiência a o rei Ü-Tsang,4
"O quarto Dalai Lama se recusou a dar uma audiência a o rei Ü-Tsang, que provocou um conflito quando este começou a atacar mosteiros Gelug.",Claude_Sonnet5,este,começou a atacar,mosteiros Gelug,4
"O quarto Dalai Lama se recusou a dar uma audiência a o rei Ü-Tsang, que provocou um conflito quando este começou a atacar mosteiros Gelug.",respostaGrok4.0Fast,O quarto Dalai Lama,se recusou a,dar uma audiência a o rei Ü-Tsang,4
"O quarto Dalai Lama se recusou a dar uma audiência a o rei Ü-Tsang, que provocou um conflito quando este começou a atacar mosteiros Gelug.",respostaGrok4.0Fast,este,começou a,atacar mosteiros Gelug,4
"O quarto Dalai Lama se recusou a dar uma audiência a o rei Ü-Tsang, que provocou um conflito quando este começou a atacar mosteiros Gelug.",respostas_gpt5.5_mini,O quarto Dalai Lama,se recusou a dar,uma audiência a o rei Ü-Tsang,4
"O quarto Dalai Lama se recusou a dar uma audiência a o rei Ü-Tsang, que provocou um conflito quando este começou a atacar mosteiros Gelug.",respostas_gpt5.5_mini,este,começou a atacar,mosteiros Gelug,4
"O quarto Dalai Lama se recusou a dar uma audiência a o rei Ü-Tsang, que provocou um conflito quando este começou a atacar mosteiros Gelug.",respostasGemini3.1Pro,O quarto Dalai Lama,se recusou a dar,uma audiência a o rei Ü-Tsang,4
"O quarto Dalai Lama se recusou a dar uma audiência a o rei Ü-Tsang, que provocou um conflito quando este começou a atacar mosteiros Gelug.",respostasGemini3.1Pro,este,começou a atacar,mosteiros Gelug,4
"Güshi Khan aceitou seu papel de protetor e, de 1637 a 1640, ele não apenas derrotou os inimigos de os Gelugpas em as regiões Amdo e Kham, mas também reassentou toda a sua tribo em Amdo.",Claude_Sonnet5,ele,derrotou,os inimigos de os Gelugpas em as regiões Amdo,3
"Güshi Khan aceitou seu papel de protetor e, de 1637 a 1640, ele não apenas derrotou os inimigos de os Gelugpas em as regiões Amdo e Kham, mas também reassentou toda a sua tribo em Amdo.",Claude_Sonnet5,ele,reassentou,toda a sua tribo em Amdo,3
"Güshi Khan aceitou seu papel de protetor e, de 1637 a 1640, ele não apenas derrotou os inimigos de os Gelugpas em as regiões Amdo e Kham, mas também reassentou toda a sua tribo em Amdo.",respostaGrok4.0Fast,ele,derrotou,os inimigos de os Gelugpas em as regiões Amdo e Kham,3
"Güshi Khan aceitou seu papel de protetor e, de 1637 a 1640, ele não apenas derrotou os inimigos de os Gelugpas em as regiões Amdo e Kham, mas também reassentou toda a sua tribo em Amdo.",respostaGrok4.0Fast,ele,reassentou,toda a sua tribo em Amdo,3
"Güshi Khan aceitou seu papel de protetor e, de 1637 a 1640, ele não apenas derrotou os inimigos de os Gelugpas em as regiões Amdo e Kham, mas também reassentou toda a sua tribo em Amdo.",respostasGemini3.1Pro,ele,derrotou,os inimigos de os Gelugpas em as regiões Amdo e Kham de 1637 a 1640,3
"Güshi Khan aceitou seu papel de protetor e, de 1637 a 1640, ele não apenas derrotou os inimigos de os Gelugpas em as regiões Amdo e Kham, mas também reassentou toda a sua tribo em Amdo.",respostasGemini3.1Pro,ele,reassentou,toda a sua tribo em Amdo de 1637 a 1640,3
"Shih-Shan Henry Tsai escreve que o imperador Yongle enviou seu eunuco Yang Sanbao a o Tibete em 1413 para obter uma lealdade de vários príncipes tibetanos, enquanto o imperador Yongle pagou uma pequena fortuna em troca de presentes em troca de tributos, a fim de manter a lealdade de o vassalo vizinho.",Claude_Sonnet5,Shih-Shan Henry Tsai,escreve,que o imperador Yongle enviou seu eunuco Yang Sanbao a o Tibete em 1413 para obter uma lealdade de vários príncipes tibetanos,4
"Shih-Shan Henry Tsai escreve que o imperador Yongle enviou seu eunuco Yang Sanbao a o Tibete em 1413 para obter uma lealdade de vários príncipes tibetanos, enquanto o imperador Yongle pagou uma pequena fortuna em troca de presentes em troca de tributos, a fim de manter a lealdade de o vassalo vizinho.",Claude_Sonnet5,o imperador Yongle,enviou,seu eunuco Yang Sanbao a o Tibete em 1413 para obter uma lealdade de vários príncipes tibetanos,3
"Shih-Shan Henry Tsai escreve que o imperador Yongle enviou seu eunuco Yang Sanbao a o Tibete em 1413 para obter uma lealdade de vários príncipes tibetanos, enquanto o imperador Yongle pagou uma pequena fortuna em troca de presentes em troca de tributos, a fim de manter a lealdade de o vassalo vizinho.",respostaGrok4.0Fast,Shih-Shan Henry Tsai,escreve,que o imperador Yongle enviou seu eunuco Yang Sanbao a o Tibete em 1413,4
"Shih-Shan Henry Tsai escreve que o imperador Yongle enviou seu eunuco Yang Sanbao a o Tibete em 1413 para obter uma lealdade de vários príncipes tibetanos, enquanto o imperador Yongle pagou uma pequena fortuna em troca de presentes em troca de tributos, a fim de manter a lealdade de o vassalo vizinho.",respostas_gpt5.5_mini,Shih-Shan Henry Tsai,escreve,que o imperador Yongle enviou seu eunuco Yang Sanbao a o Tibete em 1413 para obter uma lealdade de vários príncipes tibetanos,4
"Shih-Shan Henry Tsai escreve que o imperador Yongle enviou seu eunuco Yang Sanbao a o Tibete em 1413 para obter uma lealdade de vários príncipes tibetanos, enquanto o imperador Yongle pagou uma pequena fortuna em troca de presentes em troca de tributos, a fim de manter a lealdade de o vassalo vizinho.",respostas_gpt5.5_mini,o imperador Yongle,enviou,seu eunuco Yang Sanbao a o Tibete em 1413 para obter uma lealdade de vários príncipes tibetanos,3
"Shih-Shan Henry Tsai escreve que o imperador Yongle enviou seu eunuco Yang Sanbao a o Tibete em 1413 para obter uma lealdade de vários príncipes tibetanos, enquanto o imperador Yongle pagou uma pequena fortuna em troca de presentes em troca de tributos, a fim de manter a lealdade de o vassalo vizinho.",respostasGemini3.1Pro,Shih-Shan Henry Tsai,escreve,que o imperador Yongle enviou seu eunuco Yang Sanbao a o Tibete em 1413 para obter uma lealdade de vários príncipes tibetanos,4
"Shih-Shan Henry Tsai escreve que o imperador Yongle enviou seu eunuco Yang Sanbao a o Tibete em 1413 para obter uma lealdade de vários príncipes tibetanos, enquanto o imperador Yongle pagou uma pequena fortuna em troca de presentes em troca de tributos, a fim de manter a lealdade de o vassalo vizinho.",respostasGemini3.1Pro,o imperador Yongle,enviou,seu eunuco Yang Sanbao a o Tibete em 1413 para obter uma lealdade de vários príncipes tibetanos,3
"A Apple lançou um novo conector dock de 8 pinos, chamado Relâmpago, em 12 de setembro de 2012, com o anúncio de o iPhone 5, de o iPod Touch de quinta geração e de o iPod Nano de a sétima geração, todos com esse recurso.",Claude_Sonnet5,A Apple,lançou,um novo conector dock de 8 pinos em 12 de setembro de 2012 com o anúncio de o iPhone 5,4
"A Apple lançou um novo conector dock de 8 pinos, chamado Relâmpago, em 12 de setembro de 2012, com o anúncio de o iPhone 5, de o iPod Touch de quinta geração e de o iPod Nano de a sétima geração, todos com esse recurso.",respostaDPTOIE-PY,A Apple,lançou,"um novo conector dock de 8 pinos , chamado Relâmpago , em 12 de setembro de 2012 , com o anúncio de o iPhone 5 , de o iPod Touch de quinta geração e de o iPod Nano de a sétima geração , todos com esse recurso",3
"A Apple lançou um novo conector dock de 8 pinos, chamado Relâmpago, em 12 de setembro de 2012, com o anúncio de o iPhone 5, de o iPod Touch de quinta geração e de o iPod Nano de a sétima geração, todos com esse recurso.",respostaGrok4.0Fast,A Apple,lançou,"um novo conector dock de 8 pinos, chamado Relâmpago, em 12 de setembro de 2012",3
"A Apple lançou um novo conector dock de 8 pinos, chamado Relâmpago, em 12 de setembro de 2012, com o anúncio de o iPhone 5, de o iPod Touch de quinta geração e de o iPod Nano de a sétima geração, todos com esse recurso.",respostasGemini3.1Pro,A Apple,lançou,"um novo conector dock de 8 pinos, chamado Relâmpago, em 12 de setembro de 2012",3
"As versões de seis e sete faixas de a trilha sonora de o jogo foram lançadas em 19 de novembro de 2006, como parte de uma promoção de o Nintendo Power e acompanhadas de réplicas de a Master Sword e de o Hylian Shield.",Claude_Sonnet5,As versões de seis e sete faixas de a trilha sonora de o jogo,foram lançadas em,"19 de novembro de 2006, como parte de uma promoção de o Nintendo Power",3
"As versões de seis e sete faixas de a trilha sonora de o jogo foram lançadas em 19 de novembro de 2006, como parte de uma promoção de o Nintendo Power e acompanhadas de réplicas de a Master Sword e de o Hylian Shield.",Claude_Sonnet5,As versões de seis e sete faixas de a trilha sonora de o jogo,foram acompanhadas de,réplicas de a Master Sword,3
"As versões de seis e sete faixas de a trilha sonora de o jogo foram lançadas em 19 de novembro de 2006, como parte de uma promoção de o Nintendo Power e acompanhadas de réplicas de a Master Sword e de o Hylian Shield.",Claude_Sonnet5,As versões de seis e sete faixas de a trilha sonora de o jogo,foram acompanhadas de,réplicas de o Hylian Shield,3
"As versões de seis e sete faixas de a trilha sonora de o jogo foram lançadas em 19 de novembro de 2006, como parte de uma promoção de o Nintendo Power e acompanhadas de réplicas de a Master Sword e de o Hylian Shield.",respostas_gpt5.5_mini,As versões de seis e sete faixas de a trilha sonora de o jogo,foram lançadas,como parte de uma promoção de o Nintendo Power,3
"As versões de seis e sete faixas de a trilha sonora de o jogo foram lançadas em 19 de novembro de 2006, como parte de uma promoção de o Nintendo Power e acompanhadas de réplicas de a Master Sword e de o Hylian Shield.",respostas_gpt5.5_mini,As versões de seis e sete faixas de a trilha sonora de o jogo,foram acompanhadas de,réplicas de a Master Sword e de o Hylian Shield,3
"As versões de seis e sete faixas de a trilha sonora de o jogo foram lançadas em 19 de novembro de 2006, como parte de uma promoção de o Nintendo Power e acompanhadas de réplicas de a Master Sword e de o Hylian Shield.",respostasGemini3.1Pro,As versões de seis faixas de a trilha sonora de o jogo,foram lançadas,"em 19 de novembro de 2006, como parte de uma promoção de o Nintendo Power",4
"As versões de seis e sete faixas de a trilha sonora de o jogo foram lançadas em 19 de novembro de 2006, como parte de uma promoção de o Nintendo Power e acompanhadas de réplicas de a Master Sword e de o Hylian Shield.",respostasGemini3.1Pro,As versões de seis faixas de a trilha sonora de o jogo,foram acompanhadas,de réplicas de a Master Sword,3
"As versões de seis e sete faixas de a trilha sonora de o jogo foram lançadas em 19 de novembro de 2006, como parte de uma promoção de o Nintendo Power e acompanhadas de réplicas de a Master Sword e de o Hylian Shield.",respostasGemini3.1Pro,As versões de seis faixas de a trilha sonora de o jogo,foram acompanhadas,de réplicas de o Hylian Shield,3
"As versões 3.3 e 3.4 de o Wii Menu impediram a cópia de arquivos salvos explorados em o console até que os métodos de evasão fossem descobertos, e a versão 4.0 de o Wii Menu corrigiu a vulnerabilidade.",Claude_Sonnet5,As versões 3.3 e 3.4 de o Wii Menu,impediram,a cópia de arquivos salvos explorados em o console até que os métodos de evasão fossem descobertos,3
"As versões 3.3 e 3.4 de o Wii Menu impediram a cópia de arquivos salvos explorados em o console até que os métodos de evasão fossem descobertos, e a versão 4.0 de o Wii Menu corrigiu a vulnerabilidade.",respostas_gpt5.5_mini,As versões 3.3 e 3.4 de o Wii Menu,impediram,a cópia de arquivos salvos explorados em o console até que os métodos de evasão fossem descobertos,3
"As versões 3.3 e 3.4 de o Wii Menu impediram a cópia de arquivos salvos explorados em o console até que os métodos de evasão fossem descobertos, e a versão 4.0 de o Wii Menu corrigiu a vulnerabilidade.",respostasGemini3.1Pro,As versões 3.3 de o Wii Menu,impediram,a cópia de arquivos salvos explorados em o console até que os métodos de evasão fossem descobertos,4
"O serviço de a China Unicom em Wenchuan e quatro municípios vizinhos foi interrompido, com mais de 700 torres suspensas.",Claude_Sonnet5,O serviço de a China Unicom em Wenchuan e quatro municípios vizinhos,foi interrompido,com mais de 700 torres suspensas,4
"O serviço de a China Unicom em Wenchuan e quatro municípios vizinhos foi interrompido, com mais de 700 torres suspensas.",PTOIE-Flair,O serviço de a China Unicom em Wenchuan e quatro municípios vizinhos,foi interrompido,com mais de 700 torres suspensas,4
"O serviço de a China Unicom em Wenchuan e quatro municípios vizinhos foi interrompido, com mais de 700 torres suspensas.",respostaDPTOIE-PY,O serviço de a China Unicom em Wenchuan e quatro municípios vizinhos,foi interrompido,com mais de 700 torres suspensas,4
"O serviço de a China Unicom em Wenchuan e quatro municípios vizinhos foi interrompido, com mais de 700 torres suspensas.",respostasGemini3.1Pro,O serviço de a China Unicom em Wenchuan,foi interrompido,com mais de 700 torres suspensas,4
O governo central estima que mais de 7.000 salas de aula com engenharia inadequada desabaram em o terremoto.,Claude_Sonnet5,O governo central,estima,que mais de 7.000 salas de aula com engenharia inadequada desabaram em o terremoto,4
O governo central estima que mais de 7.000 salas de aula com engenharia inadequada desabaram em o terremoto.,respostaDPTOIE-PY,mais 7.000 salas com engenharia inadequada,desabaram,em o terremoto,3
O governo central estima que mais de 7.000 salas de aula com engenharia inadequada desabaram em o terremoto.,respostaGrok4.0Fast,O governo central,estima,que mais de 7.000 salas de aula com engenharia inadequada desabaram em o terremoto,4
O governo central estima que mais de 7.000 salas de aula com engenharia inadequada desabaram em o terremoto.,respostas_gpt5.5_mini,O governo central,estima,que mais de 7.000 salas de aula com engenharia inadequada desabaram em o terremoto,4
O governo central estima que mais de 7.000 salas de aula com engenharia inadequada desabaram em o terremoto.,respostas_gpt5.5_mini,mais de 7.000 salas de aula com engenharia inadequada,desabaram,em o terremoto,3
O governo central estima que mais de 7.000 salas de aula com engenharia inadequada desabaram em o terremoto.,respostasGemini3.1Pro,O governo central,estima,que mais de 7.000 salas de aula com engenharia inadequada desabaram em o terremoto,4
O governo central estima que mais de 7.000 salas de aula com engenharia inadequada desabaram em o terremoto.,respostasGemini3.1Pro,mais de 7.000 salas de aula com engenharia inadequada,desabaram,em o terremoto,3
"A rota de a tocha por o país foi reduzida e houve um minuto de silêncio quando a próxima etapa começou em a cidade de Ruijin, Jiangxi, em a quarta-feira após o terremoto.",respostaDPTOIE-PY,a próxima etapa,começou,"quando em a cidade de Ruijin , Jiangxi , em a quarta-feira após o terremoto",4
"A rota de a tocha por o país foi reduzida e houve um minuto de silêncio quando a próxima etapa começou em a cidade de Ruijin, Jiangxi, em a quarta-feira após o terremoto.",respostaGrok4.0Fast,a próxima etapa,começou,"em a cidade de Ruijin, Jiangxi, em a quarta-feira após o terremoto",4
"A rota de a tocha por o país foi reduzida e houve um minuto de silêncio quando a próxima etapa começou em a cidade de Ruijin, Jiangxi, em a quarta-feira após o terremoto.",respostas_gpt5.5_mini,a próxima etapa,começou,"em a cidade de Ruijin, Jiangxi, em a quarta-feira após o terremoto",4
"A rota de a tocha por o país foi reduzida e houve um minuto de silêncio quando a próxima etapa começou em a cidade de Ruijin, Jiangxi, em a quarta-feira após o terremoto.",respostasGemini3.1Pro,a próxima etapa,começou,"em a cidade de Ruijin, Jiangxi, em a quarta-feira após o terremoto",4
"Enquanto isso, um trem de carga que transportava 13 tanques de gasolina descarrilou em Condado de Hui, Gansu, e pegou fogo depois que o trilho foi distorcido.",Claude_Sonnet5,um trem de carga,transportava,13 tanques de gasolina,4
"Enquanto isso, um trem de carga que transportava 13 tanques de gasolina descarrilou em Condado de Hui, Gansu, e pegou fogo depois que o trilho foi distorcido.",PTOIE-Flair,um trem de carga,transportava,13 tanques de gasolina,4
"Enquanto isso, um trem de carga que transportava 13 tanques de gasolina descarrilou em Condado de Hui, Gansu, e pegou fogo depois que o trilho foi distorcido.",respostaGrok4.0Fast,um trem de carga,descarrilou,"em Condado de Hui, Gansu",3
"Enquanto isso, um trem de carga que transportava 13 tanques de gasolina descarrilou em Condado de Hui, Gansu, e pegou fogo depois que o trilho foi distorcido.",respostas_gpt5.5_mini,um trem de carga,transportava,13 tanques de gasolina,4
"Enquanto isso, um trem de carga que transportava 13 tanques de gasolina descarrilou em Condado de Hui, Gansu, e pegou fogo depois que o trilho foi distorcido.",respostas_gpt5.5_mini,um trem de carga,descarrilou,"em Condado de Hui, Gansu",3
"Enquanto isso, um trem de carga que transportava 13 tanques de gasolina descarrilou em Condado de Hui, Gansu, e pegou fogo depois que o trilho foi distorcido.",respostasGemini3.1Pro,um trem de carga,transportava,13 tanques de gasolina,4
"Enquanto isso, um trem de carga que transportava 13 tanques de gasolina descarrilou em Condado de Hui, Gansu, e pegou fogo depois que o trilho foi distorcido.",respostasGemini3.1Pro,um trem de carga,descarrilou,"em Condado de Hui, Gansu, Enquanto isso",4
Os Estados Unidos compartilharam algumas de suas imagens de satélite de as áreas atingidas por o terremoto com as Autoridades chinesas.,Claude_Sonnet5,Os Estados Unidos,compartilharam,algumas de suas imagens de satélite de as áreas atingidas por o terremoto com as Autoridades chinesas,5
Os Estados Unidos compartilharam algumas de suas imagens de satélite de as áreas atingidas por o terremoto com as Autoridades chinesas.,respostaDPTOIE-PY,Os Estados Unidos,compartilharam,algumas de suas imagens de satélite de as áreas atingidas por o terremoto com as Autoridades chinesas,5
Os Estados Unidos compartilharam algumas de suas imagens de satélite de as áreas atingidas por o terremoto com as Autoridades chinesas.,respostaGrok4.0Fast,Os Estados Unidos,compartilharam,algumas de suas imagens de satélite de as áreas atingidas por o terremoto com as Autoridades chinesas,5
Os Estados Unidos compartilharam algumas de suas imagens de satélite de as áreas atingidas por o terremoto com as Autoridades chinesas.,respostas_gpt5.5_mini,Os Estados Unidos,compartilharam,algumas de suas imagens de satélite de as áreas atingidas por o terremoto com as Autoridades chinesas,5
Os Estados Unidos compartilharam algumas de suas imagens de satélite de as áreas atingidas por o terremoto com as Autoridades chinesas.,respostasGemini3.1Pro,Os Estados Unidos,compartilharam,algumas de suas imagens de satélite de as áreas atingidas por o terremoto com as Autoridades chinesas,5
"Nova York - freqüentemente chamada Cidade de Nova York ou Cidade de Nova York para distingui-la de o Estado de Nova York, de o qual faz parte - é a cidade mais populosa de os Estados Unidos e o centro de a área metropolitana de Nova York, o principal portal de imigração legal para os Estados Unidos e uma de as aglomerações urbanas mais populosas de o mundo.",Claude_Sonnet5,Nova York,é,o centro de a área metropolitana de Nova York,4
"Nova York - freqüentemente chamada Cidade de Nova York ou Cidade de Nova York para distingui-la de o Estado de Nova York, de o qual faz parte - é a cidade mais populosa de os Estados Unidos e o centro de a área metropolitana de Nova York, o principal portal de imigração legal para os Estados Unidos e uma de as aglomerações urbanas mais populosas de o mundo.",Claude_Sonnet5,Nova York,é,o principal portal de imigração legal para os Estados Unidos,3
"Nova York - freqüentemente chamada Cidade de Nova York ou Cidade de Nova York para distingui-la de o Estado de Nova York, de o qual faz parte - é a cidade mais populosa de os Estados Unidos e o centro de a área metropolitana de Nova York, o principal portal de imigração legal para os Estados Unidos e uma de as aglomerações urbanas mais populosas de o mundo.",Claude_Sonnet5,Nova York,é,uma de as aglomerações urbanas mais populosas de o mundo,3
"Nova York - freqüentemente chamada Cidade de Nova York ou Cidade de Nova York para distingui-la de o Estado de Nova York, de o qual faz parte - é a cidade mais populosa de os Estados Unidos e o centro de a área metropolitana de Nova York, o principal portal de imigração legal para os Estados Unidos e uma de as aglomerações urbanas mais populosas de o mundo.",respostaGrok4.0Fast,Nova York,é,o centro de a área metropolitana de Nova York,4
"Nova York - freqüentemente chamada Cidade de Nova York ou Cidade de Nova York para distingui-la de o Estado de Nova York, de o qual faz parte - é a cidade mais populosa de os Estados Unidos e o centro de a área metropolitana de Nova York, o principal portal de imigração legal para os Estados Unidos e uma de as aglomerações urbanas mais populosas de o mundo.",respostas_gpt5.5_mini,Nova York,é,o centro de a área metropolitana de Nova York,4
"Nova York - freqüentemente chamada Cidade de Nova York ou Cidade de Nova York para distingui-la de o Estado de Nova York, de o qual faz parte - é a cidade mais populosa de os Estados Unidos e o centro de a área metropolitana de Nova York, o principal portal de imigração legal para os Estados Unidos e uma de as aglomerações urbanas mais populosas de o mundo.",respostas_gpt5.5_mini,Nova York,é,o principal portal de imigração legal para os Estados Unidos,3
"Nova York - freqüentemente chamada Cidade de Nova York ou Cidade de Nova York para distingui-la de o Estado de Nova York, de o qual faz parte - é a cidade mais populosa de os Estados Unidos e o centro de a área metropolitana de Nova York, o principal portal de imigração legal para os Estados Unidos e uma de as aglomerações urbanas mais populosas de o mundo.",respostas_gpt5.5_mini,Nova York,é,uma de as aglomerações urbanas mais populosas de o mundo,3
"Nova York - freqüentemente chamada Cidade de Nova York ou Cidade de Nova York para distingui-la de o Estado de Nova York, de o qual faz parte - é a cidade mais populosa de os Estados Unidos e o centro de a área metropolitana de Nova York, o principal portal de imigração legal para os Estados Unidos e uma de as aglomerações urbanas mais populosas de o mundo.",respostasGemini3.1Pro,Nova York,é,o centro de a área metropolitana de Nova York,4
"Nova York - freqüentemente chamada Cidade de Nova York ou Cidade de Nova York para distingui-la de o Estado de Nova York, de o qual faz parte - é a cidade mais populosa de os Estados Unidos e o centro de a área metropolitana de Nova York, o principal portal de imigração legal para os Estados Unidos e uma de as aglomerações urbanas mais populosas de o mundo.",respostasGemini3.1Pro,Nova York,é,o principal portal de imigração legal para os Estados Unidos,3
"Nova York - freqüentemente chamada Cidade de Nova York ou Cidade de Nova York para distingui-la de o Estado de Nova York, de o qual faz parte - é a cidade mais populosa de os Estados Unidos e o centro de a área metropolitana de Nova York, o principal portal de imigração legal para os Estados Unidos e uma de as aglomerações urbanas mais populosas de o mundo.",respostasGemini3.1Pro,Nova York,é,uma de as aglomerações urbanas mais populosas de o mundo,3
"Em 1664, Peter Stuyvesant, diretor-geral de a colônia de a Nova Holanda, entregou Nova Amsterdã a os ingleses sem derramamento de sangue.",Claude_Sonnet5,Peter Stuyvesant,é,diretor-geral de a colônia de a Nova Holanda,4
"Em 1664, Peter Stuyvesant, diretor-geral de a colônia de a Nova Holanda, entregou Nova Amsterdã a os ingleses sem derramamento de sangue.",Claude_Sonnet5,diretor-geral de a colônia de a Nova Holanda,entregou,em 1664 Nova Amsterdã a os ingleses sem derramamento de sangue,3
"Em 1664, Peter Stuyvesant, diretor-geral de a colônia de a Nova Holanda, entregou Nova Amsterdã a os ingleses sem derramamento de sangue.",respostaDPTOIE-PY,"Peter Stuyvesant , diretor-geral de a colônia de a Nova Holanda",entregou,"Em 1664 , Nova Amsterdã a os ingleses sem derramamento de sangue",3
"Em 1664, Peter Stuyvesant, diretor-geral de a colônia de a Nova Holanda, entregou Nova Amsterdã a os ingleses sem derramamento de sangue.",respostaGrok4.0Fast,Peter Stuyvesant,é,diretor-geral de a colônia de a Nova Holanda,4
"Em 1664, Peter Stuyvesant, diretor-geral de a colônia de a Nova Holanda, entregou Nova Amsterdã a os ingleses sem derramamento de sangue.",respostas_gpt5.5_mini,Peter Stuyvesant,é,diretor-geral de a colônia de a Nova Holanda,4
"Em 1664, Peter Stuyvesant, diretor-geral de a colônia de a Nova Holanda, entregou Nova Amsterdã a os ingleses sem derramamento de sangue.",respostasGemini3.1Pro,Peter Stuyvesant,é,diretor-geral de a colônia de a Nova Holanda,4
"Em 1664, Peter Stuyvesant, diretor-geral de a colônia de a Nova Holanda, entregou Nova Amsterdã a os ingleses sem derramamento de sangue.",respostasGemini3.1Pro,diretor-geral de a colônia de a Nova Holanda,entregou,Nova Amsterdã a os ingleses sem derramamento de sangue Em 1664,3
"A Batalha de Long Island, a maior batalha de a Guerra Revolucionária Americana, foi travada em agosto de 1776, inteiramente em o bairro moderno de o Brooklyn.",Claude_Sonnet5,A Batalha de Long Island,foi travada em,"agosto de 1776, inteiramente em o bairro moderno de o Brooklyn",4
"A Batalha de Long Island, a maior batalha de a Guerra Revolucionária Americana, foi travada em agosto de 1776, inteiramente em o bairro moderno de o Brooklyn.",Claude_Sonnet5,A Batalha de Long Island,é,a maior batalha de a Guerra Revolucionária Americana,4
"A Batalha de Long Island, a maior batalha de a Guerra Revolucionária Americana, foi travada em agosto de 1776, inteiramente em o bairro moderno de o Brooklyn.",Claude_Sonnet5,a maior batalha de a Guerra Revolucionária Americana,foi travada em,"agosto de 1776, inteiramente em o bairro moderno de o Brooklyn",3
"A Batalha de Long Island, a maior batalha de a Guerra Revolucionária Americana, foi travada em agosto de 1776, inteiramente em o bairro moderno de o Brooklyn.",respostaDPTOIE-PY,"A Batalha de Long Island , a maior batalha de a Guerra Revolucionária Americana",foi travada,em agosto de 1776 inteiramente em o bairro moderno de o Brooklyn,3
"A Batalha de Long Island, a maior batalha de a Guerra Revolucionária Americana, foi travada em agosto de 1776, inteiramente em o bairro moderno de o Brooklyn.",respostaGrok4.0Fast,A Batalha de Long Island,é,a maior batalha de a Guerra Revolucionária Americana,4
"A Batalha de Long Island, a maior batalha de a Guerra Revolucionária Americana, foi travada em agosto de 1776, inteiramente em o bairro moderno de o Brooklyn.",respostaGrok4.0Fast,A Batalha de Long Island,foi travada,"em agosto de 1776, inteiramente em o bairro moderno de o Brooklyn",4
"A Batalha de Long Island, a maior batalha de a Guerra Revolucionária Americana, foi travada em agosto de 1776, inteiramente em o bairro moderno de o Brooklyn.",respostas_gpt5.5_mini,A Batalha de Long Island,é,a maior batalha de a Guerra Revolucionária Americana,4
"A Batalha de Long Island, a maior batalha de a Guerra Revolucionária Americana, foi travada em agosto de 1776, inteiramente em o bairro moderno de o Brooklyn.",respostas_gpt5.5_mini,A Batalha de Long Island,foi travada,"em agosto de 1776, inteiramente em o bairro moderno de o Brooklyn",4
"A Batalha de Long Island, a maior batalha de a Guerra Revolucionária Americana, foi travada em agosto de 1776, inteiramente em o bairro moderno de o Brooklyn.",respostasGemini3.1Pro,A Batalha de Long Island,foi travada,"em agosto de 1776, inteiramente em o bairro moderno de o Brooklyn",4
"A Batalha de Long Island, a maior batalha de a Guerra Revolucionária Americana, foi travada em agosto de 1776, inteiramente em o bairro moderno de o Brooklyn.",respostasGemini3.1Pro,A Batalha de Long Island,é,a maior batalha de a Guerra Revolucionária Americana,4
"A Batalha de Long Island, a maior batalha de a Guerra Revolucionária Americana, foi travada em agosto de 1776, inteiramente em o bairro moderno de o Brooklyn.",respostasGemini3.1Pro,a maior batalha de a Guerra Revolucionária Americana,foi travada,"em agosto de 1776, inteiramente em o bairro moderno de o Brooklyn",3
"Quando um candidato presidencial republicano às eleições de 2016 ridicularizou o liberalismo de os valores de Nova York em janeiro de 2016, Donald Trump, líder em as pesquisas, defendeu vigorosamente sua cidade.",Claude_Sonnet5,um candidato presidencial republicano às eleições de 2016,ridicularizou,o liberalismo de os valores de Nova York em janeiro de 2016,4
"Quando um candidato presidencial republicano às eleições de 2016 ridicularizou o liberalismo de os valores de Nova York em janeiro de 2016, Donald Trump, líder em as pesquisas, defendeu vigorosamente sua cidade.",Claude_Sonnet5,Donald Trump,é,líder em as pesquisas,4
"Quando um candidato presidencial republicano às eleições de 2016 ridicularizou o liberalismo de os valores de Nova York em janeiro de 2016, Donald Trump, líder em as pesquisas, defendeu vigorosamente sua cidade.",PTOIE-Flair,um candidato presidencial republicano às eleições de 2016,ridicularizou,o liberalismo de os valores de Nova York em janeiro de 2016,4
"Quando um candidato presidencial republicano às eleições de 2016 ridicularizou o liberalismo de os valores de Nova York em janeiro de 2016, Donald Trump, líder em as pesquisas, defendeu vigorosamente sua cidade.",respostaGrok4.0Fast,Donald Trump,é,líder em as pesquisas,4
"Quando um candidato presidencial republicano às eleições de 2016 ridicularizou o liberalismo de os valores de Nova York em janeiro de 2016, Donald Trump, líder em as pesquisas, defendeu vigorosamente sua cidade.",respostas_gpt5.5_mini,um candidato presidencial republicano às eleições de 2016,ridicularizou,o liberalismo de os valores de Nova York em janeiro de 2016,4
"Quando um candidato presidencial republicano às eleições de 2016 ridicularizou o liberalismo de os valores de Nova York em janeiro de 2016, Donald Trump, líder em as pesquisas, defendeu vigorosamente sua cidade.",respostas_gpt5.5_mini,Donald Trump,é,líder em as pesquisas,4
"Quando um candidato presidencial republicano às eleições de 2016 ridicularizou o liberalismo de os valores de Nova York em janeiro de 2016, Donald Trump, líder em as pesquisas, defendeu vigorosamente sua cidade.",respostasGemini3.1Pro,um candidato presidencial republicano às eleições de 2016,ridicularizou,o liberalismo de os valores de Nova York em janeiro de 2016,4
"Quando um candidato presidencial republicano às eleições de 2016 ridicularizou o liberalismo de os valores de Nova York em janeiro de 2016, Donald Trump, líder em as pesquisas, defendeu vigorosamente sua cidade.",respostasGemini3.1Pro,Donald Trump,é,líder em as pesquisas,4
"O ponto mais alto de a cidade é Todt Hill, em Staten Island, que, a 124,9 m acima de o nível de o mar, é o ponto mais alto de a costa leste de o sul de o Maine.",Claude_Sonnet5,O ponto mais alto de a cidade,é,"Todt Hill, em Staten Island",5
"O ponto mais alto de a cidade é Todt Hill, em Staten Island, que, a 124,9 m acima de o nível de o mar, é o ponto mais alto de a costa leste de o sul de o Maine.",Claude_Sonnet5,Todt Hill,é,"a 124,9 m acima de o nível de o mar, o ponto mais alto de a costa leste de o sul de o Maine",3
"O ponto mais alto de a cidade é Todt Hill, em Staten Island, que, a 124,9 m acima de o nível de o mar, é o ponto mais alto de a costa leste de o sul de o Maine.",respostaDPTOIE-PY,O ponto mais alto de a cidade,é,"Todt Hill , em Staten Island",5
"O ponto mais alto de a cidade é Todt Hill, em Staten Island, que, a 124,9 m acima de o nível de o mar, é o ponto mais alto de a costa leste de o sul de o Maine.",respostaGrok4.0Fast,O ponto mais alto de a cidade,é,"Todt Hill, em Staten Island",5
"O ponto mais alto de a cidade é Todt Hill, em Staten Island, que, a 124,9 m acima de o nível de o mar, é o ponto mais alto de a costa leste de o sul de o Maine.",respostaGrok4.0Fast,Todt Hill,é,o ponto mais alto de a costa leste de o sul de o Maine,3
"O ponto mais alto de a cidade é Todt Hill, em Staten Island, que, a 124,9 m acima de o nível de o mar, é o ponto mais alto de a costa leste de o sul de o Maine.",respostas_gpt5.5_mini,O ponto mais alto de a cidade,é,"Todt Hill, em Staten Island",5
"O ponto mais alto de a cidade é Todt Hill, em Staten Island, que, a 124,9 m acima de o nível de o mar, é o ponto mais alto de a costa leste de o sul de o Maine.",respostas_gpt5.5_mini,Todt Hill,é,o ponto mais alto de a costa leste de o sul de o Maine,3
"O ponto mais alto de a cidade é Todt Hill, em Staten Island, que, a 124,9 m acima de o nível de o mar, é o ponto mais alto de a costa leste de o sul de o Maine.",respostasGemini3.1Pro,O ponto mais alto de a cidade,é,"Todt Hill, em Staten Island",5
"O maior parque municipal de a cidade é o Pelham Bay Park, com 2.700 acres (1.093 ha).",Claude_Sonnet5,O maior parque municipal de a cidade,é,"o Pelham Bay Park, com 2.700 acres (1.093 ha)",4
"O maior parque municipal de a cidade é o Pelham Bay Park, com 2.700 acres (1.093 ha).",respostaGrok4.0Fast,O maior parque municipal de a cidade,é,"o Pelham Bay Park, com 2.700 acres (1.093 ha)",4
"O maior parque municipal de a cidade é o Pelham Bay Park, com 2.700 acres (1.093 ha).",respostas_gpt5.5_mini,O maior parque municipal de a cidade,é,"o Pelham Bay Park, com 2.700 acres (1.093 ha)",4
"O maior parque municipal de a cidade é o Pelham Bay Park, com 2.700 acres (1.093 ha).",respostasGemini3.1Pro,O maior parque municipal de a cidade,é,"o Pelham Bay Park, com 2.700 acres (1.093 ha)",4
"A cidade de Nova York possui um alto grau de disparidade de renda, conforme indicado por o seu coeficiente de Gini de 0,5 para a cidade em geral e 0,6 para Manhattan.",PTOIE-Flair,A cidade de Nova York,possui,um alto grau de disparidade de renda,5
"A cidade de Nova York possui um alto grau de disparidade de renda, conforme indicado por o seu coeficiente de Gini de 0,5 para a cidade em geral e 0,6 para Manhattan.",respostaDPTOIE-PY,A cidade de Nova York,possui,um alto grau de disparidade de renda,5
"A cidade de Nova York possui um alto grau de disparidade de renda, conforme indicado por o seu coeficiente de Gini de 0,5 para a cidade em geral e 0,6 para Manhattan.",respostaGrok4.0Fast,A cidade de Nova York,possui,um alto grau de disparidade de renda,5
"A cidade de Nova York possui um alto grau de disparidade de renda, conforme indicado por o seu coeficiente de Gini de 0,5 para a cidade em geral e 0,6 para Manhattan.",respostas_gpt5.5_mini,A cidade de Nova York,possui,um alto grau de disparidade de renda,5
"A cidade de Nova York possui um alto grau de disparidade de renda, conforme indicado por o seu coeficiente de Gini de 0,5 para a cidade em geral e 0,6 para Manhattan.",respostasGemini3.1Pro,A cidade de Nova York,possui,um alto grau de disparidade de renda,5
"A frota de ônibus públicos de a cidade de Nova York é a maior de a América de o Norte, e o Port Authority Bus Terminal, o principal terminal de ônibus interurbano de a cidade, atende 7.000 ônibus e 200.000 passageiros diariamente, tornando-se a estação de ônibus mais movimentada de o mundo.",Claude_Sonnet5,o Port Authority Bus Terminal,atende,7.000 ônibus diariamente,3
"A frota de ônibus públicos de a cidade de Nova York é a maior de a América de o Norte, e o Port Authority Bus Terminal, o principal terminal de ônibus interurbano de a cidade, atende 7.000 ônibus e 200.000 passageiros diariamente, tornando-se a estação de ônibus mais movimentada de o mundo.",Claude_Sonnet5,o Port Authority Bus Terminal,atende,200.000 passageiros diariamente,3
"A frota de ônibus públicos de a cidade de Nova York é a maior de a América de o Norte, e o Port Authority Bus Terminal, o principal terminal de ônibus interurbano de a cidade, atende 7.000 ônibus e 200.000 passageiros diariamente, tornando-se a estação de ônibus mais movimentada de o mundo.",Claude_Sonnet5,o Port Authority Bus Terminal,é,o principal terminal de ônibus interurbano de a cidade,4
"A frota de ônibus públicos de a cidade de Nova York é a maior de a América de o Norte, e o Port Authority Bus Terminal, o principal terminal de ônibus interurbano de a cidade, atende 7.000 ônibus e 200.000 passageiros diariamente, tornando-se a estação de ônibus mais movimentada de o mundo.",respostaGrok4.0Fast,o Port Authority Bus Terminal,é,o principal terminal de ônibus interurbano de a cidade,4
"A frota de ônibus públicos de a cidade de Nova York é a maior de a América de o Norte, e o Port Authority Bus Terminal, o principal terminal de ônibus interurbano de a cidade, atende 7.000 ônibus e 200.000 passageiros diariamente, tornando-se a estação de ônibus mais movimentada de o mundo.",respostas_gpt5.5_mini,o Port Authority Bus Terminal,é,o principal terminal de ônibus interurbano de a cidade,4
"A frota de ônibus públicos de a cidade de Nova York é a maior de a América de o Norte, e o Port Authority Bus Terminal, o principal terminal de ônibus interurbano de a cidade, atende 7.000 ônibus e 200.000 passageiros diariamente, tornando-se a estação de ônibus mais movimentada de o mundo.",respostas_gpt5.5_mini,o Port Authority Bus Terminal,atende,7.000 ônibus,3
"A frota de ônibus públicos de a cidade de Nova York é a maior de a América de o Norte, e o Port Authority Bus Terminal, o principal terminal de ônibus interurbano de a cidade, atende 7.000 ônibus e 200.000 passageiros diariamente, tornando-se a estação de ônibus mais movimentada de o mundo.",respostas_gpt5.5_mini,o Port Authority Bus Terminal,atende,200.000 passageiros diariamente,3
"A frota de ônibus públicos de a cidade de Nova York é a maior de a América de o Norte, e o Port Authority Bus Terminal, o principal terminal de ônibus interurbano de a cidade, atende 7.000 ônibus e 200.000 passageiros diariamente, tornando-se a estação de ônibus mais movimentada de o mundo.",respostasGemini3.1Pro,o Port Authority Bus Terminal,atende,7.000 ônibus diariamente,3
"A frota de ônibus públicos de a cidade de Nova York é a maior de a América de o Norte, e o Port Authority Bus Terminal, o principal terminal de ônibus interurbano de a cidade, atende 7.000 ônibus e 200.000 passageiros diariamente, tornando-se a estação de ônibus mais movimentada de o mundo.",respostasGemini3.1Pro,o Port Authority Bus Terminal,atende,200.000 passageiros diariamente,3
"A frota de ônibus públicos de a cidade de Nova York é a maior de a América de o Norte, e o Port Authority Bus Terminal, o principal terminal de ônibus interurbano de a cidade, atende 7.000 ônibus e 200.000 passageiros diariamente, tornando-se a estação de ônibus mais movimentada de o mundo.",respostasGemini3.1Pro,o Port Authority Bus Terminal,é,o principal terminal de ônibus interurbano de a cidade,4
"Eu amo Nova Iorque (estilizado I ❤ NY) é um logotipo e uma música que são a base de uma campanha publicitária e são usados desde 1977 para promover o turismo em a cidade de Nova York e, posteriormente, também para promover o Estado de Nova York.",Claude_Sonnet5,Eu amo Nova Iorque,é,um logotipo,3
"Eu amo Nova Iorque (estilizado I ❤ NY) é um logotipo e uma música que são a base de uma campanha publicitária e são usados desde 1977 para promover o turismo em a cidade de Nova York e, posteriormente, também para promover o Estado de Nova York.",Claude_Sonnet5,Eu amo Nova Iorque,é,uma música,3
"Eu amo Nova Iorque (estilizado I ❤ NY) é um logotipo e uma música que são a base de uma campanha publicitária e são usados desde 1977 para promover o turismo em a cidade de Nova York e, posteriormente, também para promover o Estado de Nova York.",respostas_gpt5.5_mini,Eu amo Nova Iorque,é,um logotipo,3
"Eu amo Nova Iorque (estilizado I ❤ NY) é um logotipo e uma música que são a base de uma campanha publicitária e são usados desde 1977 para promover o turismo em a cidade de Nova York e, posteriormente, também para promover o Estado de Nova York.",respostas_gpt5.5_mini,Eu amo Nova Iorque,é,uma música,3
"Eu amo Nova Iorque (estilizado I ❤ NY) é um logotipo e uma música que são a base de uma campanha publicitária e são usados desde 1977 para promover o turismo em a cidade de Nova York e, posteriormente, também para promover o Estado de Nova York.",respostasGemini3.1Pro,Eu amo Nova Iorque,é,um logotipo,3
"Eu amo Nova Iorque (estilizado I ❤ NY) é um logotipo e uma música que são a base de uma campanha publicitária e são usados desde 1977 para promover o turismo em a cidade de Nova York e, posteriormente, também para promover o Estado de Nova York.",respostasGemini3.1Pro,Eu amo Nova Iorque,é,uma música,3
"A cidade de Nova York está localizada em um de os maiores portos naturais de o mundo, e os bairros de Manhattan e Staten Island são (principalmente) coterminosos com ilhas com os mesmos nomes, enquanto Queens e Brooklyn estão localizadas em a extremidade oeste de a maior Ilha Longa, e O Bronx está localizado em a ponta sul de o continente de o estado de Nova York.",Claude_Sonnet5,O Bronx,está localizado em,a ponta sul de o continente de o estado de Nova York,3
"A cidade de Nova York está localizada em um de os maiores portos naturais de o mundo, e os bairros de Manhattan e Staten Island são (principalmente) coterminosos com ilhas com os mesmos nomes, enquanto Queens e Brooklyn estão localizadas em a extremidade oeste de a maior Ilha Longa, e O Bronx está localizado em a ponta sul de o continente de o estado de Nova York.",respostas_gpt5.5_mini,O Bronx,está localizado,em a ponta sul de o continente de o estado de Nova York,3
"A cidade de Nova York está localizada em um de os maiores portos naturais de o mundo, e os bairros de Manhattan e Staten Island são (principalmente) coterminosos com ilhas com os mesmos nomes, enquanto Queens e Brooklyn estão localizadas em a extremidade oeste de a maior Ilha Longa, e O Bronx está localizado em a ponta sul de o continente de o estado de Nova York.",respostasGemini3.1Pro,O Bronx,está localizado,em a ponta sul de o continente de o estado de Nova York,3
"Desde 1990, uma peça baseada em o romance é realizada anualmente em a cidade natal de Harper Lee, em Monroeville, Alabama.:",Claude_Sonnet5,uma peça baseada em o romance,é realizada,"desde 1990 anualmente em a cidade natal de Harper Lee, em Monroeville, Alabama",4
"Desde 1990, uma peça baseada em o romance é realizada anualmente em a cidade natal de Harper Lee, em Monroeville, Alabama.:",respostaGrok4.0Fast,uma peça baseada em o romance,é realizada,"anualmente em a cidade natal de Harper Lee, em Monroeville, Alabama",4
"Desde 1990, uma peça baseada em o romance é realizada anualmente em a cidade natal de Harper Lee, em Monroeville, Alabama.:",respostas_gpt5.5_mini,uma peça baseada em o romance,é realizada,"anualmente em a cidade natal de Harper Lee, em Monroeville, Alabama",4
"Desde 1990, uma peça baseada em o romance é realizada anualmente em a cidade natal de Harper Lee, em Monroeville, Alabama.:",respostasGemini3.1Pro,uma peça baseada em o romance,é realizada,"anualmente em a cidade natal de Harper Lee, em Monroeville, Alabama, Desde 1990",4
"Em 1960, Capote e Lee viajaram juntos para o Kansas para investigar os vários assassinatos que foram a base de o romance de ficção não-ficção de Capote In Cold Blood.",Claude_Sonnet5,os vários assassinatos,foram,a base de o romance de ficção não-ficção de Capote In Cold Blood,3
"Em 1960, Capote e Lee viajaram juntos para o Kansas para investigar os vários assassinatos que foram a base de o romance de ficção não-ficção de Capote In Cold Blood.",respostas_gpt5.5_mini,os vários assassinatos,foram,a base de o romance de ficção não-ficção de Capote In Cold Blood,3
"Em 1960, Capote e Lee viajaram juntos para o Kansas para investigar os vários assassinatos que foram a base de o romance de ficção não-ficção de Capote In Cold Blood.",respostasGemini3.1Pro,os vários assassinatos,foram,a base de o romance de ficção não-ficção de Capote In Cold Blood,3
"O alabamiano nativo Allen Barra criticou Lee e o romance em o The Wall Street Journal, chamando o Atticus de repositório de epigramas de barril de cracker e o romance representa um mito coberto de açúcar de a história de o Alabama.",Claude_Sonnet5,o romance,representa,um mito coberto de açúcar de a história de o Alabama,5
"O alabamiano nativo Allen Barra criticou Lee e o romance em o The Wall Street Journal, chamando o Atticus de repositório de epigramas de barril de cracker e o romance representa um mito coberto de açúcar de a história de o Alabama.",respostaDPTOIE-PY,o romance,representa,um mito coberto de açúcar de a história de o Alabama,5
"O alabamiano nativo Allen Barra criticou Lee e o romance em o The Wall Street Journal, chamando o Atticus de repositório de epigramas de barril de cracker e o romance representa um mito coberto de açúcar de a história de o Alabama.",respostaGrok4.0Fast,o romance,representa,um mito coberto de açúcar de a história de o Alabama,5
"O alabamiano nativo Allen Barra criticou Lee e o romance em o The Wall Street Journal, chamando o Atticus de repositório de epigramas de barril de cracker e o romance representa um mito coberto de açúcar de a história de o Alabama.",respostas_gpt5.5_mini,o romance,representa,um mito coberto de açúcar de a história de o Alabama,5
"O alabamiano nativo Allen Barra criticou Lee e o romance em o The Wall Street Journal, chamando o Atticus de repositório de epigramas de barril de cracker e o romance representa um mito coberto de açúcar de a história de o Alabama.",respostasGemini3.1Pro,o romance,representa,um mito coberto de açúcar de a história de o Alabama,5
"Em 2010, houve preocupações entre as autoridades tadjiques de que o militarismo islâmico em o leste de o país estava em ascensão após a fuga de 25 militantes de uma prisão tadjique em agosto, uma emboscada que matou 28 soldados tadjiques em o vale de Rasht em setembro, e outra emboscada em o vale em outubro que matou 30 soldados, seguida de combates fora de Gharm que deixaram 3 militantes mortos.",Claude_Sonnet5,uma emboscada,matou,28 soldados tadjiques em o vale de Rasht em setembro,3
"Em 2010, houve preocupações entre as autoridades tadjiques de que o militarismo islâmico em o leste de o país estava em ascensão após a fuga de 25 militantes de uma prisão tadjique em agosto, uma emboscada que matou 28 soldados tadjiques em o vale de Rasht em setembro, e outra emboscada em o vale em outubro que matou 30 soldados, seguida de combates fora de Gharm que deixaram 3 militantes mortos.",Claude_Sonnet5,outra emboscada em o vale em outubro,matou,30 soldados,3
"Em 2010, houve preocupações entre as autoridades tadjiques de que o militarismo islâmico em o leste de o país estava em ascensão após a fuga de 25 militantes de uma prisão tadjique em agosto, uma emboscada que matou 28 soldados tadjiques em o vale de Rasht em setembro, e outra emboscada em o vale em outubro que matou 30 soldados, seguida de combates fora de Gharm que deixaram 3 militantes mortos.",Claude_Sonnet5,combates fora de Gharm,deixaram,3 militantes mortos,3
"Em 2010, houve preocupações entre as autoridades tadjiques de que o militarismo islâmico em o leste de o país estava em ascensão após a fuga de 25 militantes de uma prisão tadjique em agosto, uma emboscada que matou 28 soldados tadjiques em o vale de Rasht em setembro, e outra emboscada em o vale em outubro que matou 30 soldados, seguida de combates fora de Gharm que deixaram 3 militantes mortos.",respostas_gpt5.5_mini,uma emboscada,matou,28 soldados tadjiques em o vale de Rasht em setembro,3
"Em 2010, houve preocupações entre as autoridades tadjiques de que o militarismo islâmico em o leste de o país estava em ascensão após a fuga de 25 militantes de uma prisão tadjique em agosto, uma emboscada que matou 28 soldados tadjiques em o vale de Rasht em setembro, e outra emboscada em o vale em outubro que matou 30 soldados, seguida de combates fora de Gharm que deixaram 3 militantes mortos.",respostas_gpt5.5_mini,outra emboscada em o vale em outubro,matou,30 soldados,3
"Em 2010, houve preocupações entre as autoridades tadjiques de que o militarismo islâmico em o leste de o país estava em ascensão após a fuga de 25 militantes de uma prisão tadjique em agosto, uma emboscada que matou 28 soldados tadjiques em o vale de Rasht em setembro, e outra emboscada em o vale em outubro que matou 30 soldados, seguida de combates fora de Gharm que deixaram 3 militantes mortos.",respostas_gpt5.5_mini,combates fora de Gharm,deixaram,3 militantes mortos,3
"Em 2010, houve preocupações entre as autoridades tadjiques de que o militarismo islâmico em o leste de o país estava em ascensão após a fuga de 25 militantes de uma prisão tadjique em agosto, uma emboscada que matou 28 soldados tadjiques em o vale de Rasht em setembro, e outra emboscada em o vale em outubro que matou 30 soldados, seguida de combates fora de Gharm que deixaram 3 militantes mortos.",respostasGemini3.1Pro,uma emboscada,matou,28 soldados tadjiques em o vale de Rasht em setembro,3
"Em 2010, houve preocupações entre as autoridades tadjiques de que o militarismo islâmico em o leste de o país estava em ascensão após a fuga de 25 militantes de uma prisão tadjique em agosto, uma emboscada que matou 28 soldados tadjiques em o vale de Rasht em setembro, e outra emboscada em o vale em outubro que matou 30 soldados, seguida de combates fora de Gharm que deixaram 3 militantes mortos.",respostasGemini3.1Pro,outra emboscada em o vale em outubro,matou,30 soldados,3
"Em 2010, houve preocupações entre as autoridades tadjiques de que o militarismo islâmico em o leste de o país estava em ascensão após a fuga de 25 militantes de uma prisão tadjique em agosto, uma emboscada que matou 28 soldados tadjiques em o vale de Rasht em setembro, e outra emboscada em o vale em outubro que matou 30 soldados, seguida de combates fora de Gharm que deixaram 3 militantes mortos.",respostasGemini3.1Pro,combates fora de Gharm,deixaram,3 militantes mortos,3
"O Império Samanida, 819 a 999, restaurou o controle persa de a região e ampliou as cidades de Samarcanda e Bukhara (hoje as duas cidades fazem parte de o Uzbequistão), que se tornaram os centros culturais de o Irã e a região era conhecida como Khorasan.",Claude_Sonnet5,O Império Samanida,restaurou,o controle persa de a região,5
"O Império Samanida, 819 a 999, restaurou o controle persa de a região e ampliou as cidades de Samarcanda e Bukhara (hoje as duas cidades fazem parte de o Uzbequistão), que se tornaram os centros culturais de o Irã e a região era conhecida como Khorasan.",Claude_Sonnet5,O Império Samanida,ampliou,as cidades de Samarcanda,5
"O Império Samanida, 819 a 999, restaurou o controle persa de a região e ampliou as cidades de Samarcanda e Bukhara (hoje as duas cidades fazem parte de o Uzbequistão), que se tornaram os centros culturais de o Irã e a região era conhecida como Khorasan.",Claude_Sonnet5,as duas cidades,fazem parte de,o Uzbequistão,3
"O Império Samanida, 819 a 999, restaurou o controle persa de a região e ampliou as cidades de Samarcanda e Bukhara (hoje as duas cidades fazem parte de o Uzbequistão), que se tornaram os centros culturais de o Irã e a região era conhecida como Khorasan.",PTOIE-Flair,O Império Samanida,restaurou,o controle persa de a região,5
"O Império Samanida, 819 a 999, restaurou o controle persa de a região e ampliou as cidades de Samarcanda e Bukhara (hoje as duas cidades fazem parte de o Uzbequistão), que se tornaram os centros culturais de o Irã e a região era conhecida como Khorasan.",PTOIE-Flair,O Império Samanida,ampliou,as cidades de Samarcanda e Bukhara,5
"O Império Samanida, 819 a 999, restaurou o controle persa de a região e ampliou as cidades de Samarcanda e Bukhara (hoje as duas cidades fazem parte de o Uzbequistão), que se tornaram os centros culturais de o Irã e a região era conhecida como Khorasan.",respostaGrok4.0Fast,O Império Samanida,restaurou,o controle persa de a região,5
"O Império Samanida, 819 a 999, restaurou o controle persa de a região e ampliou as cidades de Samarcanda e Bukhara (hoje as duas cidades fazem parte de o Uzbequistão), que se tornaram os centros culturais de o Irã e a região era conhecida como Khorasan.",respostaGrok4.0Fast,O Império Samanida,ampliou,as cidades de Samarcanda e Bukhara,5
"O Império Samanida, 819 a 999, restaurou o controle persa de a região e ampliou as cidades de Samarcanda e Bukhara (hoje as duas cidades fazem parte de o Uzbequistão), que se tornaram os centros culturais de o Irã e a região era conhecida como Khorasan.",respostaGrok4.0Fast,as duas cidades,fazem parte de,o Uzbequistão,3
"O Império Samanida, 819 a 999, restaurou o controle persa de a região e ampliou as cidades de Samarcanda e Bukhara (hoje as duas cidades fazem parte de o Uzbequistão), que se tornaram os centros culturais de o Irã e a região era conhecida como Khorasan.",respostas_gpt5.5_mini,O Império Samanida,restaurou,o controle persa de a região,5
"O Império Samanida, 819 a 999, restaurou o controle persa de a região e ampliou as cidades de Samarcanda e Bukhara (hoje as duas cidades fazem parte de o Uzbequistão), que se tornaram os centros culturais de o Irã e a região era conhecida como Khorasan.",respostas_gpt5.5_mini,O Império Samanida,ampliou,as cidades de Samarcanda e Bukhara,5
"O Império Samanida, 819 a 999, restaurou o controle persa de a região e ampliou as cidades de Samarcanda e Bukhara (hoje as duas cidades fazem parte de o Uzbequistão), que se tornaram os centros culturais de o Irã e a região era conhecida como Khorasan.",respostasGemini3.1Pro,O Império Samanida,restaurou,o controle persa de a região,5
"O Império Samanida, 819 a 999, restaurou o controle persa de a região e ampliou as cidades de Samarcanda e Bukhara (hoje as duas cidades fazem parte de o Uzbequistão), que se tornaram os centros culturais de o Irã e a região era conhecida como Khorasan.",respostasGemini3.1Pro,O Império Samanida,ampliou,as cidades de Samarcanda,5
"O Império Samanida, 819 a 999, restaurou o controle persa de a região e ampliou as cidades de Samarcanda e Bukhara (hoje as duas cidades fazem parte de o Uzbequistão), que se tornaram os centros culturais de o Irã e a região era conhecida como Khorasan.",respostasGemini3.1Pro,hoje as duas cidades,fazem parte,de o Uzbequistão,3
"Durante o final de o século XIX, os jadidistas se estabeleceram como um movimento social islâmico em toda a região.",Claude_Sonnet5,os jadidistas,se estabeleceram como,durante o final de o século XIX um movimento social islâmico em toda a região,4
"Durante o final de o século XIX, os jadidistas se estabeleceram como um movimento social islâmico em toda a região.",respostaGrok4.0Fast,os jadidistas,se estabeleceram como,um movimento social islâmico em toda a região,4
"Durante o final de o século XIX, os jadidistas se estabeleceram como um movimento social islâmico em toda a região.",respostas_gpt5.5_mini,os jadidistas,se estabeleceram como,um movimento social islâmico em toda a região,4
"Durante o final de o século XIX, os jadidistas se estabeleceram como um movimento social islâmico em toda a região.",respostasGemini3.1Pro,os jadidistas,se estabeleceram como,um movimento social islâmico em toda a região Durante o final de o século XIX,4
"1916, quando manifestantes atacaram soldados russos em Khujand por uma ameaça de recrutamento forçado durante a Primeira Guerra Mundial.",Claude_Sonnet5,manifestantes,atacaram,soldados russos em Khujand por uma ameaça de recrutamento forçado durante a Primeira Guerra Mundial,6
"1916, quando manifestantes atacaram soldados russos em Khujand por uma ameaça de recrutamento forçado durante a Primeira Guerra Mundial.",PTOIE-Flair,manifestantes,atacaram,soldados russos em Khujand por uma ameaça de recrutamento forçado durante a Primeira Guerra Mundial,6
"1916, quando manifestantes atacaram soldados russos em Khujand por uma ameaça de recrutamento forçado durante a Primeira Guerra Mundial.",respostaDPTOIE-PY,manifestantes,atacaram,quando soldados russos em Khujand por uma ameaça de recrutamento forçado durante a Primeira Guerra Mundial,6
"1916, quando manifestantes atacaram soldados russos em Khujand por uma ameaça de recrutamento forçado durante a Primeira Guerra Mundial.",respostaGrok4.0Fast,manifestantes,atacaram,soldados russos em Khujand por uma ameaça de recrutamento forçado durante a Primeira Guerra Mundial,6
"1916, quando manifestantes atacaram soldados russos em Khujand por uma ameaça de recrutamento forçado durante a Primeira Guerra Mundial.",respostas_gpt5.5_mini,manifestantes,atacaram,soldados russos em Khujand por uma ameaça de recrutamento forçado durante a Primeira Guerra Mundial,6
"1916, quando manifestantes atacaram soldados russos em Khujand por uma ameaça de recrutamento forçado durante a Primeira Guerra Mundial.",respostasGemini3.1Pro,manifestantes,atacaram,soldados russos em Khujand por uma ameaça de recrutamento forçado durante a Primeira Guerra Mundial,6
"Com a ocupação de Napoleão, Portugal começou um declínio lento, mas inexorável, que durou até o século XX.",Claude_Sonnet5,Portugal,começou,"com a ocupação de Napoleão um declínio lento, mas inexorável",3
"Com a ocupação de Napoleão, Portugal começou um declínio lento, mas inexorável, que durou até o século XX.",Claude_Sonnet5,"um declínio lento, mas inexorável",durou,até o século XX,3
"Com a ocupação de Napoleão, Portugal começou um declínio lento, mas inexorável, que durou até o século XX.",respostaDPTOIE-PY,Portugal,começou,"Com a ocupação de Napoleão , um declínio lento , mas inexorável , durou até o século XX",3
"Com a ocupação de Napoleão, Portugal começou um declínio lento, mas inexorável, que durou até o século XX.",respostas_gpt5.5_mini,"um declínio lento, mas inexorável",durou,até o século XX,3
"Com a ocupação de Napoleão, Portugal começou um declínio lento, mas inexorável, que durou até o século XX.",respostasGemini3.1Pro,Portugal,começou,"um declínio lento, mas inexorável Com a ocupação de Napoleão",3
"Com a ocupação de Napoleão, Portugal começou um declínio lento, mas inexorável, que durou até o século XX.",respostasGemini3.1Pro,"um declínio lento, mas inexorável",durou,até o século XX,3
"Portugal mantém uma forma republicana semi-presidencial unitária de governo e é um país desenvolvido com uma economia avançada e um alto padrão de vida, tendo o 18º maior progresso social de o mundo, colocando-o a a frente de outros países de a Europa Ocidental como França, Espanha e Itália.",Claude_Sonnet5,Portugal,é,um país desenvolvido com uma economia avançada e um alto padrão de vida,4
"Portugal mantém uma forma republicana semi-presidencial unitária de governo e é um país desenvolvido com uma economia avançada e um alto padrão de vida, tendo o 18º maior progresso social de o mundo, colocando-o a a frente de outros países de a Europa Ocidental como França, Espanha e Itália.",Claude_Sonnet5,Portugal,tendo,o 18º maior progresso social de o mundo,3
"Portugal mantém uma forma republicana semi-presidencial unitária de governo e é um país desenvolvido com uma economia avançada e um alto padrão de vida, tendo o 18º maior progresso social de o mundo, colocando-o a a frente de outros países de a Europa Ocidental como França, Espanha e Itália.",respostaGrok4.0Fast,Portugal,é,um país desenvolvido com uma economia avançada e um alto padrão de vida,4
"Portugal mantém uma forma republicana semi-presidencial unitária de governo e é um país desenvolvido com uma economia avançada e um alto padrão de vida, tendo o 18º maior progresso social de o mundo, colocando-o a a frente de outros países de a Europa Ocidental como França, Espanha e Itália.",respostas_gpt5.5_mini,Portugal,é,um país desenvolvido com uma economia avançada e um alto padrão de vida,4
"Portugal mantém uma forma republicana semi-presidencial unitária de governo e é um país desenvolvido com uma economia avançada e um alto padrão de vida, tendo o 18º maior progresso social de o mundo, colocando-o a a frente de outros países de a Europa Ocidental como França, Espanha e Itália.",respostas_gpt5.5_mini,Portugal,tendo,o 18º maior progresso social de o mundo,3
"Portugal mantém uma forma republicana semi-presidencial unitária de governo e é um país desenvolvido com uma economia avançada e um alto padrão de vida, tendo o 18º maior progresso social de o mundo, colocando-o a a frente de outros países de a Europa Ocidental como França, Espanha e Itália.",respostasGemini3.1Pro,Portugal,é,um país desenvolvido com uma economia avançada e um alto padrão de vida,4
"Portugal mantém uma forma republicana semi-presidencial unitária de governo e é um país desenvolvido com uma economia avançada e um alto padrão de vida, tendo o 18º maior progresso social de o mundo, colocando-o a a frente de outros países de a Europa Ocidental como França, Espanha e Itália.",respostasGemini3.1Pro,Portugal,tendo,o 18º maior progresso social de o mundo,3
"Mais tarde, uma província de o norte de a Lusitânia foi formada, conhecida como Gallaecia, com capital em Bracara Augusta, hoje Braga.",Claude_Sonnet5,uma província de o norte de a Lusitânia,foi formada,mais tarde,3
"Mais tarde, uma província de o norte de a Lusitânia foi formada, conhecida como Gallaecia, com capital em Bracara Augusta, hoje Braga.",respostaDPTOIE-PY,uma província de o norte de a Lusitânia,foi formada,Mais tarde,3
"Mais tarde, uma província de o norte de a Lusitânia foi formada, conhecida como Gallaecia, com capital em Bracara Augusta, hoje Braga.",respostasGemini3.1Pro,uma província de o norte de a Lusitânia,foi formada,Mais tarde,3
Os berberes eram originalmente de as montanhas de o Atlas e Rif de o norte de a África e eram essencialmente nômades.,Claude_Sonnet5,Os berberes,eram,essencialmente nômades,5
Os berberes eram originalmente de as montanhas de o Atlas e Rif de o norte de a África e eram essencialmente nômades.,PTOIE-Flair,Os berberes,eram,essencialmente nômades,5
Os berberes eram originalmente de as montanhas de o Atlas e Rif de o norte de a África e eram essencialmente nômades.,respostaGrok4.0Fast,Os berberes,eram,essencialmente nômades,5
Os berberes eram originalmente de as montanhas de o Atlas e Rif de o norte de a África e eram essencialmente nômades.,respostas_gpt5.5_mini,Os berberes,eram,essencialmente nômades,5
Os berberes eram originalmente de as montanhas de o Atlas e Rif de o norte de a África e eram essencialmente nômades.,respostasGemini3.1Pro,Os berberes,eram,essencialmente nômades,5
"Mas as maiores reformas de Sebastião de Melo foram econômicas e financeiras, com a criação de várias empresas e guildas para regular todas as atividades comerciais.",Claude_Sonnet5,as maiores reformas de Sebastião de Melo,foram,"econômicas e financeiras, com a criação de várias empresas e guildas para regular todas as atividades comerciais",3
"Mas as maiores reformas de Sebastião de Melo foram econômicas e financeiras, com a criação de várias empresas e guildas para regular todas as atividades comerciais.",respostaDPTOIE-PY,as maiores reformas de Sebastião de Melo,foram,"econômicas e financeiras , com a criação de várias empresas e guildas regular todas as atividades comerciais",3
"Mas as maiores reformas de Sebastião de Melo foram econômicas e financeiras, com a criação de várias empresas e guildas para regular todas as atividades comerciais.",respostasGemini3.1Pro,as maiores reformas de Sebastião de Melo,foram,econômicas com a criação de várias empresas e guildas para regular todas as atividades comerciais,3
"Em 2001, Portugal descriminalizou a posse de todas as drogas que ainda são ilegais em outros países desenvolvidos, incluindo, entre outras, maconha, cocaína, heroína e LSD.",Claude_Sonnet5,Portugal,descriminalizou,em 2001 a posse de todas as drogas que ainda são ilegais em outros países desenvolvidos,5
"Em 2001, Portugal descriminalizou a posse de todas as drogas que ainda são ilegais em outros países desenvolvidos, incluindo, entre outras, maconha, cocaína, heroína e LSD.",respostaDPTOIE-PY,Portugal,descriminalizou,"Em 2001 , a posse de todas as drogas ainda são ilegais em outros países desenvolvidos , incluindo , entre outras , maconha , cocaína , heroína e LSD",5
"Em 2001, Portugal descriminalizou a posse de todas as drogas que ainda são ilegais em outros países desenvolvidos, incluindo, entre outras, maconha, cocaína, heroína e LSD.",respostaGrok4.0Fast,Portugal,descriminalizou,a posse de todas as drogas que ainda são ilegais em outros países desenvolvidos,5
"Em 2001, Portugal descriminalizou a posse de todas as drogas que ainda são ilegais em outros países desenvolvidos, incluindo, entre outras, maconha, cocaína, heroína e LSD.",respostas_gpt5.5_mini,Portugal,descriminalizou,a posse de todas as drogas que ainda são ilegais em outros países desenvolvidos,5
"Em 2001, Portugal descriminalizou a posse de todas as drogas que ainda são ilegais em outros países desenvolvidos, incluindo, entre outras, maconha, cocaína, heroína e LSD.",respostasGemini3.1Pro,Portugal,descriminalizou,"a posse de todas as drogas que ainda são ilegais em outros países desenvolvidos, incluindo, entre outras, maconha, cocaína, heroína e LSD Em 2001",5
"O banco central de Portugal é o Banco de Portugal, parte integrante de o Sistema Europeu de Bancos Centrais.",PTOIE-Flair,O banco central de Portugal,é,o Banco de Portugal,3
"O banco central de Portugal é o Banco de Portugal, parte integrante de o Sistema Europeu de Bancos Centrais.",respostas_gpt5.5_mini,O banco central de Portugal,é,o Banco de Portugal,3
"O banco central de Portugal é o Banco de Portugal, parte integrante de o Sistema Europeu de Bancos Centrais.",respostasGemini3.1Pro,O banco central de Portugal,é,o Banco de Portugal,3
"Os pontos turísticos mais procurados em Portugal são Lisboa, Algarve, Madeira, Porto e a cidade de Coimbra, também entre 4-5 milhões de peregrinos religiosos visitam Fátima a cada ano, onde supostamente ocorreram aparições de a Virgem Maria a três pastores em 1917.",Claude_Sonnet5,Os pontos turísticos mais procurados em Portugal,são,Lisboa,4
"Os pontos turísticos mais procurados em Portugal são Lisboa, Algarve, Madeira, Porto e a cidade de Coimbra, também entre 4-5 milhões de peregrinos religiosos visitam Fátima a cada ano, onde supostamente ocorreram aparições de a Virgem Maria a três pastores em 1917.",Claude_Sonnet5,Os pontos turísticos mais procurados em Portugal,são,Algarve,4
"Os pontos turísticos mais procurados em Portugal são Lisboa, Algarve, Madeira, Porto e a cidade de Coimbra, também entre 4-5 milhões de peregrinos religiosos visitam Fátima a cada ano, onde supostamente ocorreram aparições de a Virgem Maria a três pastores em 1917.",Claude_Sonnet5,Os pontos turísticos mais procurados em Portugal,são,Madeira,4
"Os pontos turísticos mais procurados em Portugal são Lisboa, Algarve, Madeira, Porto e a cidade de Coimbra, também entre 4-5 milhões de peregrinos religiosos visitam Fátima a cada ano, onde supostamente ocorreram aparições de a Virgem Maria a três pastores em 1917.",Claude_Sonnet5,Os pontos turísticos mais procurados em Portugal,são,Porto,4
"Os pontos turísticos mais procurados em Portugal são Lisboa, Algarve, Madeira, Porto e a cidade de Coimbra, também entre 4-5 milhões de peregrinos religiosos visitam Fátima a cada ano, onde supostamente ocorreram aparições de a Virgem Maria a três pastores em 1917.",Claude_Sonnet5,Os pontos turísticos mais procurados em Portugal,são,a cidade de Coimbra,4
"Os pontos turísticos mais procurados em Portugal são Lisboa, Algarve, Madeira, Porto e a cidade de Coimbra, também entre 4-5 milhões de peregrinos religiosos visitam Fátima a cada ano, onde supostamente ocorreram aparições de a Virgem Maria a três pastores em 1917.",respostaGrok4.0Fast,Os pontos turísticos mais procurados em Portugal,são,Lisboa,4
"Os pontos turísticos mais procurados em Portugal são Lisboa, Algarve, Madeira, Porto e a cidade de Coimbra, também entre 4-5 milhões de peregrinos religiosos visitam Fátima a cada ano, onde supostamente ocorreram aparições de a Virgem Maria a três pastores em 1917.",respostaGrok4.0Fast,Os pontos turísticos mais procurados em Portugal,são,Algarve,4
"Os pontos turísticos mais procurados em Portugal são Lisboa, Algarve, Madeira, Porto e a cidade de Coimbra, também entre 4-5 milhões de peregrinos religiosos visitam Fátima a cada ano, onde supostamente ocorreram aparições de a Virgem Maria a três pastores em 1917.",respostaGrok4.0Fast,Os pontos turísticos mais procurados em Portugal,são,Madeira,4
"Os pontos turísticos mais procurados em Portugal são Lisboa, Algarve, Madeira, Porto e a cidade de Coimbra, também entre 4-5 milhões de peregrinos religiosos visitam Fátima a cada ano, onde supostamente ocorreram aparições de a Virgem Maria a três pastores em 1917.",respostaGrok4.0Fast,Os pontos turísticos mais procurados em Portugal,são,Porto,4
"Os pontos turísticos mais procurados em Portugal são Lisboa, Algarve, Madeira, Porto e a cidade de Coimbra, também entre 4-5 milhões de peregrinos religiosos visitam Fátima a cada ano, onde supostamente ocorreram aparições de a Virgem Maria a três pastores em 1917.",respostaGrok4.0Fast,Os pontos turísticos mais procurados em Portugal,são,a cidade de Coimbra,4
"Os pontos turísticos mais procurados em Portugal são Lisboa, Algarve, Madeira, Porto e a cidade de Coimbra, também entre 4-5 milhões de peregrinos religiosos visitam Fátima a cada ano, onde supostamente ocorreram aparições de a Virgem Maria a três pastores em 1917.",respostas_gpt5.5_mini,Os pontos turísticos mais procurados em Portugal,são,Lisboa,4
"Os pontos turísticos mais procurados em Portugal são Lisboa, Algarve, Madeira, Porto e a cidade de Coimbra, também entre 4-5 milhões de peregrinos religiosos visitam Fátima a cada ano, onde supostamente ocorreram aparições de a Virgem Maria a três pastores em 1917.",respostas_gpt5.5_mini,Os pontos turísticos mais procurados em Portugal,são,Algarve,4
"Os pontos turísticos mais procurados em Portugal são Lisboa, Algarve, Madeira, Porto e a cidade de Coimbra, também entre 4-5 milhões de peregrinos religiosos visitam Fátima a cada ano, onde supostamente ocorreram aparições de a Virgem Maria a três pastores em 1917.",respostas_gpt5.5_mini,Os pontos turísticos mais procurados em Portugal,são,Madeira,4
"Os pontos turísticos mais procurados em Portugal são Lisboa, Algarve, Madeira, Porto e a cidade de Coimbra, também entre 4-5 milhões de peregrinos religiosos visitam Fátima a cada ano, onde supostamente ocorreram aparições de a Virgem Maria a três pastores em 1917.",respostas_gpt5.5_mini,Os pontos turísticos mais procurados em Portugal,são,Porto,4
"Os pontos turísticos mais procurados em Portugal são Lisboa, Algarve, Madeira, Porto e a cidade de Coimbra, também entre 4-5 milhões de peregrinos religiosos visitam Fátima a cada ano, onde supostamente ocorreram aparições de a Virgem Maria a três pastores em 1917.",respostas_gpt5.5_mini,Os pontos turísticos mais procurados em Portugal,são,a cidade de Coimbra,4
"Os pontos turísticos mais procurados em Portugal são Lisboa, Algarve, Madeira, Porto e a cidade de Coimbra, também entre 4-5 milhões de peregrinos religiosos visitam Fátima a cada ano, onde supostamente ocorreram aparições de a Virgem Maria a três pastores em 1917.",respostasGemini3.1Pro,Os pontos turísticos mais procurados em Portugal,são,Lisboa,4
"Os pontos turísticos mais procurados em Portugal são Lisboa, Algarve, Madeira, Porto e a cidade de Coimbra, também entre 4-5 milhões de peregrinos religiosos visitam Fátima a cada ano, onde supostamente ocorreram aparições de a Virgem Maria a três pastores em 1917.",respostasGemini3.1Pro,Os pontos turísticos mais procurados em Portugal,são,Algarve,4
"Os pontos turísticos mais procurados em Portugal são Lisboa, Algarve, Madeira, Porto e a cidade de Coimbra, também entre 4-5 milhões de peregrinos religiosos visitam Fátima a cada ano, onde supostamente ocorreram aparições de a Virgem Maria a três pastores em 1917.",respostasGemini3.1Pro,Os pontos turísticos mais procurados em Portugal,são,Madeira,4
"Os pontos turísticos mais procurados em Portugal são Lisboa, Algarve, Madeira, Porto e a cidade de Coimbra, também entre 4-5 milhões de peregrinos religiosos visitam Fátima a cada ano, onde supostamente ocorreram aparições de a Virgem Maria a três pastores em 1917.",respostasGemini3.1Pro,Os pontos turísticos mais procurados em Portugal,são,Porto,4
"Os pontos turísticos mais procurados em Portugal são Lisboa, Algarve, Madeira, Porto e a cidade de Coimbra, também entre 4-5 milhões de peregrinos religiosos visitam Fátima a cada ano, onde supostamente ocorreram aparições de a Virgem Maria a três pastores em 1917.",respostasGemini3.1Pro,Os pontos turísticos mais procurados em Portugal,são,a cidade de Coimbra,4
"Em 2007, Portugal tinha 10.617.575 habitantes, de os quais cerca de 332.137 eram imigrantes legais.",Claude_Sonnet5,Portugal,tinha,em 2007 10.617.575 habitantes,3
"Em 2007, Portugal tinha 10.617.575 habitantes, de os quais cerca de 332.137 eram imigrantes legais.",Claude_Sonnet5,cerca de 332.137,eram,imigrantes legais,3
"Em 2007, Portugal tinha 10.617.575 habitantes, de os quais cerca de 332.137 eram imigrantes legais.",respostas_gpt5.5_mini,Portugal,tinha,10.617.575 habitantes em 2007,3
"Em 2007, Portugal tinha 10.617.575 habitantes, de os quais cerca de 332.137 eram imigrantes legais.",respostas_gpt5.5_mini,cerca de 332.137,eram,imigrantes legais,3
"Em 2007, Portugal tinha 10.617.575 habitantes, de os quais cerca de 332.137 eram imigrantes legais.",respostasGemini3.1Pro,Portugal,tinha,10.617.575 habitantes Em 2007,3
"Em 2007, Portugal tinha 10.617.575 habitantes, de os quais cerca de 332.137 eram imigrantes legais.",respostasGemini3.1Pro,cerca de 332.137 de os quais,eram,imigrantes legais,3
Portugal liderou a exploração européia de o mundo e uma era de a descoberta.,Claude_Sonnet5,Portugal,liderou,uma era de a descoberta,3
Portugal liderou a exploração européia de o mundo e uma era de a descoberta.,respostas_gpt5.5_mini,Portugal,liderou,uma era de a descoberta,3
Portugal liderou a exploração européia de o mundo e uma era de a descoberta.,respostasGemini3.1Pro,Portugal,liderou,uma era de a descoberta,3
"Finalmente, uma pequena fração de mutações é benéfica, melhorando a aptidão de o organismo e é extremamente importante para a evolução, uma vez que sua seleção direcional leva a a evolução adaptativa.",Claude_Sonnet5,uma pequena fração de mutações,melhorando,a aptidão de o organismo,3
"Finalmente, uma pequena fração de mutações é benéfica, melhorando a aptidão de o organismo e é extremamente importante para a evolução, uma vez que sua seleção direcional leva a a evolução adaptativa.",Claude_Sonnet5,uma pequena fração de mutações,é,extremamente importante para a evolução,3
"Finalmente, uma pequena fração de mutações é benéfica, melhorando a aptidão de o organismo e é extremamente importante para a evolução, uma vez que sua seleção direcional leva a a evolução adaptativa.",respostaGrok4.0Fast,uma pequena fração de mutações,é,extremamente importante para a evolução,3
"Finalmente, uma pequena fração de mutações é benéfica, melhorando a aptidão de o organismo e é extremamente importante para a evolução, uma vez que sua seleção direcional leva a a evolução adaptativa.",respostas_gpt5.5_mini,uma pequena fração de mutações,melhorando,a aptidão de o organismo,3
"Finalmente, uma pequena fração de mutações é benéfica, melhorando a aptidão de o organismo e é extremamente importante para a evolução, uma vez que sua seleção direcional leva a a evolução adaptativa.",respostas_gpt5.5_mini,uma pequena fração de mutações,é,extremamente importante para a evolução,3
"Finalmente, uma pequena fração de mutações é benéfica, melhorando a aptidão de o organismo e é extremamente importante para a evolução, uma vez que sua seleção direcional leva a a evolução adaptativa.",respostasGemini3.1Pro,uma pequena fração de mutações,melhorando,a aptidão de o organismo,3
"O português é uma língua românica que se originou em o que hoje é a Galiza e o norte de Portugal, originária de o galego-português, que era a língua comum de o povo galego e português até a independência de Portugal.",Claude_Sonnet5,o galego-português,era,a língua comum de o povo galego e português até a independência de Portugal,3
"O português é uma língua românica que se originou em o que hoje é a Galiza e o norte de Portugal, originária de o galego-português, que era a língua comum de o povo galego e português até a independência de Portugal.",respostas_gpt5.5_mini,o galego-português,era,a língua comum de o povo galego e português até a independência de Portugal,3
"O português é uma língua românica que se originou em o que hoje é a Galiza e o norte de Portugal, originária de o galego-português, que era a língua comum de o povo galego e português até a independência de Portugal.",respostasGemini3.1Pro,o galego-português,era,a língua comum de o povo galego e português até a independência de Portugal,3
"O Ministério de a Saúde é responsável por desenvolver políticas de saúde, bem como gerenciar o SNS.",Claude_Sonnet5,O Ministério de a Saúde,é responsável por,gerenciar o SNS,4
"O Ministério de a Saúde é responsável por desenvolver políticas de saúde, bem como gerenciar o SNS.",respostaGrok4.0Fast,O Ministério de a Saúde,é responsável por,gerenciar o SNS,4
"O Ministério de a Saúde é responsável por desenvolver políticas de saúde, bem como gerenciar o SNS.",respostas_gpt5.5_mini,O Ministério de a Saúde,é responsável por,gerenciar o SNS,4
"O Ministério de a Saúde é responsável por desenvolver políticas de saúde, bem como gerenciar o SNS.",respostasGemini3.1Pro,O Ministério de a Saúde,é responsável por,gerenciar o SNS,4
"Kanye Omari West nasceu em 8 de junho de 1977 em Atlanta, Geórgia.",Claude_Sonnet5,Kanye Omari West,nasceu em,"8 de junho de 1977 em Atlanta, Geórgia",3
"Kanye Omari West nasceu em 8 de junho de 1977 em Atlanta, Geórgia.",PTOIE-Flair,Kanye Omari West,nasceu em,8 de junho de 1977,3
"Kanye Omari West nasceu em 8 de junho de 1977 em Atlanta, Geórgia.",respostaDPTOIE-PY,Kanye Omari West,nasceu,"em 8 de junho de 1977 em Atlanta , Geórgia",3
"Kanye Omari West nasceu em 8 de junho de 1977 em Atlanta, Geórgia.",respostaGrok4.0Fast,Kanye Omari West,nasceu em,"8 de junho de 1977 em Atlanta, Geórgia",3
"Kanye Omari West nasceu em 8 de junho de 1977 em Atlanta, Geórgia.",respostas_gpt5.5_mini,Kanye Omari West,nasceu,"em 8 de junho de 1977 em Atlanta, Geórgia",3
"Kanye Omari West nasceu em 8 de junho de 1977 em Atlanta, Geórgia.",respostasGemini3.1Pro,Kanye Omari West,nasceu,"em 8 de junho de 1977 em Atlanta, Geórgia",3
"O budismo mahayana, a o contrário, aspira a o estado de Buda através de o caminho de o bodhisattva, um estado em que alguém permanece neste ciclo para ajudar outros seres a alcançar o despertar.",Claude_Sonnet5,O budismo mahayana,aspira a,a o contrário o estado de Buda através de o caminho de o bodhisattva,4
"O budismo mahayana, a o contrário, aspira a o estado de Buda através de o caminho de o bodhisattva, um estado em que alguém permanece neste ciclo para ajudar outros seres a alcançar o despertar.",Claude_Sonnet5,alguém,permanece,neste ciclo para ajudar outros seres a alcançar o despertar,3
"O budismo mahayana, a o contrário, aspira a o estado de Buda através de o caminho de o bodhisattva, um estado em que alguém permanece neste ciclo para ajudar outros seres a alcançar o despertar.",respostaGrok4.0Fast,O budismo mahayana,aspira a,o estado de Buda através de o caminho de o bodhisattva,4
"O budismo mahayana, a o contrário, aspira a o estado de Buda através de o caminho de o bodhisattva, um estado em que alguém permanece neste ciclo para ajudar outros seres a alcançar o despertar.",respostas_gpt5.5_mini,O budismo mahayana,aspira a,o estado de Buda através de o caminho de o bodhisattva,4
"O budismo mahayana, a o contrário, aspira a o estado de Buda através de o caminho de o bodhisattva, um estado em que alguém permanece neste ciclo para ajudar outros seres a alcançar o despertar.",respostas_gpt5.5_mini,alguém,permanece,neste ciclo para ajudar outros seres a alcançar o despertar,3
"O budismo mahayana, a o contrário, aspira a o estado de Buda através de o caminho de o bodhisattva, um estado em que alguém permanece neste ciclo para ajudar outros seres a alcançar o despertar.",respostasGemini3.1Pro,O budismo mahayana,aspira a,"o estado de Buda através de o caminho de o bodhisattva, a o contrário",4
"O budismo mahayana, a o contrário, aspira a o estado de Buda através de o caminho de o bodhisattva, um estado em que alguém permanece neste ciclo para ajudar outros seres a alcançar o despertar.",respostasGemini3.1Pro,alguém,permanece,neste ciclo para ajudar outros seres a alcançar o despertar,3
"Nem todos os genes essenciais são genes de manutenção, uma vez que alguns genes essenciais são regulados por o desenvolvimento ou expressos em determinados momentos durante o ciclo de vida de o organismo.",Claude_Sonnet5,alguns genes essenciais,são expressos em,determinados momentos durante o ciclo de vida de o organismo,3
"Nem todos os genes essenciais são genes de manutenção, uma vez que alguns genes essenciais são regulados por o desenvolvimento ou expressos em determinados momentos durante o ciclo de vida de o organismo.",respostas_gpt5.5_mini,alguns genes essenciais,são expressos,em determinados momentos durante o ciclo de vida de o organismo,3
"Nem todos os genes essenciais são genes de manutenção, uma vez que alguns genes essenciais são regulados por o desenvolvimento ou expressos em determinados momentos durante o ciclo de vida de o organismo.",respostasGemini3.1Pro,alguns genes essenciais,são expressos,em determinados momentos durante o ciclo de vida de o organismo,3
"Dentro de o budismo, samsara é definido como o ciclo repetitivo contínuo de nascimento e morte que surge de a apreensão e fixação de seres comuns em um eu e experiências.",Claude_Sonnet5,o ciclo repetitivo contínuo de nascimento e morte,surge de,a apreensão de seres comuns em um eu e experiências,3
"Dentro de o budismo, samsara é definido como o ciclo repetitivo contínuo de nascimento e morte que surge de a apreensão e fixação de seres comuns em um eu e experiências.",respostas_gpt5.5_mini,o ciclo repetitivo contínuo de nascimento e morte,surge de,a apreensão e fixação de seres comuns em um eu e experiências,3
"Dentro de o budismo, samsara é definido como o ciclo repetitivo contínuo de nascimento e morte que surge de a apreensão e fixação de seres comuns em um eu e experiências.",respostasGemini3.1Pro,o ciclo repetitivo contínuo de nascimento e morte,surge de,a apreensão e fixação de seres comuns em um eu e experiências,3
"No contexto de as quatro nobres verdades, a origem de dukkha é comumente explicada como desejo (Pali tanha) condicionado por a ignorância (Pali avijja).",Claude_Sonnet5,a origem de dukkha,é comumente explicada como,no contexto de as quatro nobres verdades desejo (Pali tanha) condicionado por a ignorância (Pali avijja),4
"No contexto de as quatro nobres verdades, a origem de dukkha é comumente explicada como desejo (Pali tanha) condicionado por a ignorância (Pali avijja).",respostaGrok4.0Fast,a origem de dukkha,é comumente explicada como,desejo (Pali tanha) condicionado por a ignorância (Pali avijja),4
"No contexto de as quatro nobres verdades, a origem de dukkha é comumente explicada como desejo (Pali tanha) condicionado por a ignorância (Pali avijja).",respostas_gpt5.5_mini,a origem de dukkha,é comumente explicada como,desejo (Pali tanha) condicionado por a ignorância (Pali avijja),4
"No contexto de as quatro nobres verdades, a origem de dukkha é comumente explicada como desejo (Pali tanha) condicionado por a ignorância (Pali avijja).",respostasGemini3.1Pro,a origem de dukkha,é comumente explicada como,desejo (Pali tanha) condicionado por a ignorância (Pali avijja) No contexto de as quatro nobres verdades,4
O budismo nega uma divindade como O Criador e postula que divindades mundanas como Mahabrahma são mal interpretadas como criador.,Claude_Sonnet5,O budismo,postula,que divindades mundanas como Mahabrahma são mal interpretadas como criador,3
O budismo nega uma divindade como O Criador e postula que divindades mundanas como Mahabrahma são mal interpretadas como criador.,Claude_Sonnet5,divindades mundanas como Mahabrahma,são mal interpretadas como,criador,4
O budismo nega uma divindade como O Criador e postula que divindades mundanas como Mahabrahma são mal interpretadas como criador.,respostaGrok4.0Fast,divindades mundanas como Mahabrahma,são mal interpretadas como,criador,4
O budismo nega uma divindade como O Criador e postula que divindades mundanas como Mahabrahma são mal interpretadas como criador.,respostas_gpt5.5_mini,O budismo,postula,que divindades mundanas como Mahabrahma são mal interpretadas como criador,3
O budismo nega uma divindade como O Criador e postula que divindades mundanas como Mahabrahma são mal interpretadas como criador.,respostas_gpt5.5_mini,divindades mundanas como Mahabrahma,são mal interpretadas como,criador,4
O budismo nega uma divindade como O Criador e postula que divindades mundanas como Mahabrahma são mal interpretadas como criador.,respostasGemini3.1Pro,O budismo,postula,que divindades mundanas como Mahabrahma são mal interpretadas como criador,3
O budismo nega uma divindade como O Criador e postula que divindades mundanas como Mahabrahma são mal interpretadas como criador.,respostasGemini3.1Pro,divindades mundanas como Mahabrahma,são mal interpretadas como,criador,4
A segunda verdade é que a origem de dukkha pode ser conhecida.,Claude_Sonnet5,A segunda verdade,é,que a origem de dukkha pode ser conhecida,4
A segunda verdade é que a origem de dukkha pode ser conhecida.,respostaGrok4.0Fast,A segunda verdade,é,que a origem de dukkha pode ser conhecida,4
A segunda verdade é que a origem de dukkha pode ser conhecida.,respostas_gpt5.5_mini,A segunda verdade,é,que a origem de dukkha pode ser conhecida,4
A segunda verdade é que a origem de dukkha pode ser conhecida.,respostasGemini3.1Pro,A segunda verdade,é,que a origem de dukkha pode ser conhecida,4
"O ensinamento zen-budista geralmente é cheio de paradoxos, a fim de afrouxar o domínio de o ego e facilitar a penetração em o reino de o Eu Verdadeiro ou Eu Sem Forma, que é equiparado a o próprio Buda.",Claude_Sonnet5,o reino de o Eu Verdadeiro ou Eu Sem Forma,é equiparado a,o próprio Buda,3
"O ensinamento zen-budista geralmente é cheio de paradoxos, a fim de afrouxar o domínio de o ego e facilitar a penetração em o reino de o Eu Verdadeiro ou Eu Sem Forma, que é equiparado a o próprio Buda.",respostas_gpt5.5_mini,Eu Verdadeiro ou Eu Sem Forma,é equiparado a,o próprio Buda,3
"O ensinamento zen-budista geralmente é cheio de paradoxos, a fim de afrouxar o domínio de o ego e facilitar a penetração em o reino de o Eu Verdadeiro ou Eu Sem Forma, que é equiparado a o próprio Buda.",respostasGemini3.1Pro,o reino de o Eu Verdadeiro ou Eu Sem Forma,é equiparado a,o próprio Buda,3
"Desde então, Underwood vendeu 65 milhões de discos em todo o mundo e se tornou o concorrente de maior sucesso em os EUA, vendendo mais de 14 milhões de cópias de álbuns em os EUA e mais Underwood ganhou sete prêmios Grammy, o maior número de Grammys de um ex-aluno de o American Idol.",Claude_Sonnet5,Underwood,se tornou,o concorrente de maior sucesso em os EUA,4
"Desde então, Underwood vendeu 65 milhões de discos em todo o mundo e se tornou o concorrente de maior sucesso em os EUA, vendendo mais de 14 milhões de cópias de álbuns em os EUA e mais Underwood ganhou sete prêmios Grammy, o maior número de Grammys de um ex-aluno de o American Idol.",respostaGrok4.0Fast,Underwood,se tornou,o concorrente de maior sucesso em os EUA,4
"Desde então, Underwood vendeu 65 milhões de discos em todo o mundo e se tornou o concorrente de maior sucesso em os EUA, vendendo mais de 14 milhões de cópias de álbuns em os EUA e mais Underwood ganhou sete prêmios Grammy, o maior número de Grammys de um ex-aluno de o American Idol.",respostas_gpt5.5_mini,Underwood,se tornou,o concorrente de maior sucesso em os EUA,4
"Desde então, Underwood vendeu 65 milhões de discos em todo o mundo e se tornou o concorrente de maior sucesso em os EUA, vendendo mais de 14 milhões de cópias de álbuns em os EUA e mais Underwood ganhou sete prêmios Grammy, o maior número de Grammys de um ex-aluno de o American Idol.",respostasGemini3.1Pro,Underwood,se tornou,o concorrente de maior sucesso em os EUA,4
"De acordo com o vencedor de a quinta temporada, Taylor Hicks, que é de o estado de o Alabama, as pessoas de o sul têm muito orgulho... Então, elas são inflexíveis em apoiar os competidores que se saem bem de seu estado ou região.",Claude_Sonnet5,os competidores,se saem bem de,seu estado ou região,3
"De acordo com o vencedor de a quinta temporada, Taylor Hicks, que é de o estado de o Alabama, as pessoas de o sul têm muito orgulho... Então, elas são inflexíveis em apoiar os competidores que se saem bem de seu estado ou região.",respostas_gpt5.5_mini,os competidores,se saem bem,de seu estado ou região,3
"De acordo com o vencedor de a quinta temporada, Taylor Hicks, que é de o estado de o Alabama, as pessoas de o sul têm muito orgulho... Então, elas são inflexíveis em apoiar os competidores que se saem bem de seu estado ou região.",respostasGemini3.1Pro,os competidores,se saem bem de,seu estado ou região,3
A sexta temporada foi a primeira temporada em que os resultados médios mostram uma classificação mais alta de o que as etapas de a competição (diferente de as temporadas anteriores) e se tornou a segunda melhor classificação de a série após a temporada anterior.,Claude_Sonnet5,A sexta temporada,se tornou,a segunda melhor classificação de a série após a temporada anterior,3
A sexta temporada foi a primeira temporada em que os resultados médios mostram uma classificação mais alta de o que as etapas de a competição (diferente de as temporadas anteriores) e se tornou a segunda melhor classificação de a série após a temporada anterior.,respostas_gpt5.5_mini,A sexta temporada,se tornou,a segunda melhor classificação de a série após a temporada anterior,3
A sexta temporada foi a primeira temporada em que os resultados médios mostram uma classificação mais alta de o que as etapas de a competição (diferente de as temporadas anteriores) e se tornou a segunda melhor classificação de a série após a temporada anterior.,respostasGemini3.1Pro,A sexta temporada,se tornou,a segunda melhor classificação de a série após a temporada anterior,3
"Na turnê de a 12ª temporada, um semi-finalista que venceu uma cantada também foi adicionado a a turnê.",Claude_Sonnet5,um semi-finalista,venceu,uma cantada,4
"Na turnê de a 12ª temporada, um semi-finalista que venceu uma cantada também foi adicionado a a turnê.",PTOIE-Flair,um semi-finalista,venceu,uma cantada,4
"Na turnê de a 12ª temporada, um semi-finalista que venceu uma cantada também foi adicionado a a turnê.",respostas_gpt5.5_mini,um semi-finalista,venceu,uma cantada,4
"Na turnê de a 12ª temporada, um semi-finalista que venceu uma cantada também foi adicionado a a turnê.",respostasGemini3.1Pro,um semi-finalista,venceu,uma cantada,4
"A apresentadora de talk show ganhadora de o Emmy, Ellen Degeneres substituiu Paula Abdul nessa temporada, mas saiu depois de apenas uma temporada.",Claude_Sonnet5,Ellen Degeneres,é,A apresentadora de talk show ganhadora de o Emmy,3
"A apresentadora de talk show ganhadora de o Emmy, Ellen Degeneres substituiu Paula Abdul nessa temporada, mas saiu depois de apenas uma temporada.",Claude_Sonnet5,Ellen Degeneres,saiu,depois de apenas uma temporada,3
"A apresentadora de talk show ganhadora de o Emmy, Ellen Degeneres substituiu Paula Abdul nessa temporada, mas saiu depois de apenas uma temporada.",respostaGrok4.0Fast,Ellen Degeneres,é,A apresentadora de talk show ganhadora de o Emmy,3
"A apresentadora de talk show ganhadora de o Emmy, Ellen Degeneres substituiu Paula Abdul nessa temporada, mas saiu depois de apenas uma temporada.",respostas_gpt5.5_mini,Ellen Degeneres,saiu,depois de apenas uma temporada,3
"A apresentadora de talk show ganhadora de o Emmy, Ellen Degeneres substituiu Paula Abdul nessa temporada, mas saiu depois de apenas uma temporada.",respostasGemini3.1Pro,Ellen Degeneres,é,A apresentadora de talk show ganhadora de o Emmy,3
"A apresentadora de talk show ganhadora de o Emmy, Ellen Degeneres substituiu Paula Abdul nessa temporada, mas saiu depois de apenas uma temporada.",respostasGemini3.1Pro,Ellen Degeneres,saiu,depois de apenas uma temporada,3
"Em 1758, o taxonomista Linnaeus publicou em o Systema Naturae uma categorização de espécies que incluía as espécies de Canis.",Claude_Sonnet5,uma categorização de espécies,incluía,as espécies de Canis,3
"Em 1758, o taxonomista Linnaeus publicou em o Systema Naturae uma categorização de espécies que incluía as espécies de Canis.",respostas_gpt5.5_mini,uma categorização de espécies,incluía,as espécies de Canis,3
"Em 1758, o taxonomista Linnaeus publicou em o Systema Naturae uma categorização de espécies que incluía as espécies de Canis.",respostasGemini3.1Pro,uma categorização de espécies,incluía,as espécies de Canis,3
"Cazaquistão: O primeiro portador de tocha em Almaty, onde a tocha olímpica chegou por a primeira vez em 2 de abril, foi o presidente de o Nursultan Nazarbaev de o Cazaquistão.",Claude_Sonnet5,O primeiro portador de tocha em Almaty,foi,o presidente de o Nursultan Nazarbaev de o Cazaquistão,3
"Cazaquistão: O primeiro portador de tocha em Almaty, onde a tocha olímpica chegou por a primeira vez em 2 de abril, foi o presidente de o Nursultan Nazarbaev de o Cazaquistão.",respostas_gpt5.5_mini,O primeiro portador de tocha em Almaty,foi,o presidente de o Nursultan Nazarbaev de o Cazaquistão,3
"Cazaquistão: O primeiro portador de tocha em Almaty, onde a tocha olímpica chegou por a primeira vez em 2 de abril, foi o presidente de o Nursultan Nazarbaev de o Cazaquistão.",respostasGemini3.1Pro,O primeiro portador de tocha em Almaty,foi,o presidente de o Nursultan Nazarbaev de o Cazaquistão,3
"Rússia Em 5 de abril, a tocha olímpica chegou a São Petersburgo, em a Rússia.",Claude_Sonnet5,a tocha olímpica,chegou a,"em 5 de abril São Petersburgo, em a Rússia",3
"Rússia Em 5 de abril, a tocha olímpica chegou a São Petersburgo, em a Rússia.",respostaGrok4.0Fast,a tocha olímpica,chegou a,"São Petersburgo, em a Rússia",3
"Rússia Em 5 de abril, a tocha olímpica chegou a São Petersburgo, em a Rússia.",respostasGemini3.1Pro,a tocha olímpica,chegou a,"São Petersburgo, em a Rússia Em 5 de abril",3
"Em 1º de abril de 2008, o Conselho de Supervisores de São Francisco aprovou uma resolução que tratava de as questões de direitos humanos quando a tocha olímpica de Pequim chegasse a São Francisco em 9 de abril.",Claude_Sonnet5,o Conselho de Supervisores de São Francisco,aprovou,em 1º de abril de 2008 uma resolução que tratava de as questões de direitos humanos quando a tocha olímpica de Pequim chegasse a São Francisco em 9 de abril,3
"Em 1º de abril de 2008, o Conselho de Supervisores de São Francisco aprovou uma resolução que tratava de as questões de direitos humanos quando a tocha olímpica de Pequim chegasse a São Francisco em 9 de abril.",PTOIE-Flair,o Conselho de Supervisores de São Francisco,aprovou,uma resolução que tratava de as questões de direitos humanos,4
"Em 1º de abril de 2008, o Conselho de Supervisores de São Francisco aprovou uma resolução que tratava de as questões de direitos humanos quando a tocha olímpica de Pequim chegasse a São Francisco em 9 de abril.",respostaDPTOIE-PY,o Conselho de Supervisores de São Francisco,aprovou,"Em 1º de abril de 2008 , uma resolução tratava de as questões de direitos humanos quando chegasse a São Francisco em 9 de abril",3
"Em 1º de abril de 2008, o Conselho de Supervisores de São Francisco aprovou uma resolução que tratava de as questões de direitos humanos quando a tocha olímpica de Pequim chegasse a São Francisco em 9 de abril.",respostaGrok4.0Fast,o Conselho de Supervisores de São Francisco,aprovou,uma resolução que tratava de as questões de direitos humanos,4
"Em 1º de abril de 2008, o Conselho de Supervisores de São Francisco aprovou uma resolução que tratava de as questões de direitos humanos quando a tocha olímpica de Pequim chegasse a São Francisco em 9 de abril.",respostas_gpt5.5_mini,o Conselho de Supervisores de São Francisco,aprovou,uma resolução que tratava de as questões de direitos humanos,4
"Em 1º de abril de 2008, o Conselho de Supervisores de São Francisco aprovou uma resolução que tratava de as questões de direitos humanos quando a tocha olímpica de Pequim chegasse a São Francisco em 9 de abril.",respostasGemini3.1Pro,o Conselho de Supervisores de São Francisco,aprovou,uma resolução que tratava de as questões de direitos humanos Em 1º de abril de 2008,6
"A mídia indiana informou que o ministro de o Comércio de a Índia, Kamal Nath, cancelou uma viagem oficial a Pequim em protesto, apesar de fontes de a Nath e de a China terem negado.:",Claude_Sonnet5,A mídia indiana,informou,"que o ministro de o Comércio de a Índia, Kamal Nath, cancelou uma viagem oficial a Pequim em protesto",4
"A mídia indiana informou que o ministro de o Comércio de a Índia, Kamal Nath, cancelou uma viagem oficial a Pequim em protesto, apesar de fontes de a Nath e de a China terem negado.:",Claude_Sonnet5,Kamal Nath,é,o ministro de o Comércio de a Índia,3
"A mídia indiana informou que o ministro de o Comércio de a Índia, Kamal Nath, cancelou uma viagem oficial a Pequim em protesto, apesar de fontes de a Nath e de a China terem negado.:",respostaGrok4.0Fast,A mídia indiana,informou,"que o ministro de o Comércio de a Índia, Kamal Nath, cancelou uma viagem oficial a Pequim em protesto",4
"A mídia indiana informou que o ministro de o Comércio de a Índia, Kamal Nath, cancelou uma viagem oficial a Pequim em protesto, apesar de fontes de a Nath e de a China terem negado.:",respostaGrok4.0Fast,Kamal Nath,é,o ministro de o Comércio de a Índia,3
"A mídia indiana informou que o ministro de o Comércio de a Índia, Kamal Nath, cancelou uma viagem oficial a Pequim em protesto, apesar de fontes de a Nath e de a China terem negado.:",respostas_gpt5.5_mini,A mídia indiana,informou,"que o ministro de o Comércio de a Índia, Kamal Nath, cancelou uma viagem oficial a Pequim em protesto",4
"A mídia indiana informou que o ministro de o Comércio de a Índia, Kamal Nath, cancelou uma viagem oficial a Pequim em protesto, apesar de fontes de a Nath e de a China terem negado.:",respostasGemini3.1Pro,A mídia indiana,informou,"que o ministro de o Comércio de a Índia, Kamal Nath, cancelou uma viagem oficial a Pequim em protesto",4
"A mídia indiana informou que o ministro de o Comércio de a Índia, Kamal Nath, cancelou uma viagem oficial a Pequim em protesto, apesar de fontes de a Nath e de a China terem negado.:",respostasGemini3.1Pro,Kamal Nath,é,o ministro de o Comércio de a Índia,3
"A Organização de as Nações Unidas e sua agência infantil UNICEF retiraram sua equipe, dizendo que não tinha certeza de que o evento ajudaria sua missão de aumentar a conscientização sobre as condições de as crianças e em meio a preocupações de que o revezamento fosse usado como um golpe de propaganda.",Claude_Sonnet5,o evento,ajudaria,sua missão de aumentar a conscientização sobre as condições de as crianças,3
"A Organização de as Nações Unidas e sua agência infantil UNICEF retiraram sua equipe, dizendo que não tinha certeza de que o evento ajudaria sua missão de aumentar a conscientização sobre as condições de as crianças e em meio a preocupações de que o revezamento fosse usado como um golpe de propaganda.",respostas_gpt5.5_mini,o evento,ajudaria,sua missão de aumentar a conscientização sobre as condições de as crianças,3
"A Organização de as Nações Unidas e sua agência infantil UNICEF retiraram sua equipe, dizendo que não tinha certeza de que o evento ajudaria sua missão de aumentar a conscientização sobre as condições de as crianças e em meio a preocupações de que o revezamento fosse usado como um golpe de propaganda.",respostasGemini3.1Pro,o evento,ajudaria,sua missão de aumentar a conscientização sobre as condições de as crianças,3
"Em vez de ensinar pequenas partes de um grande número de assuntos, Whitehead advogou o ensino de relativamente poucos conceitos importantes que o aluno poderia vincular organicamente a muitas áreas diferentes de o conhecimento, descobrindo sua aplicação em a vida real.",Claude_Sonnet5,o aluno,poderia vincular organicamente,relativamente poucos conceitos importantes a muitas áreas diferentes de o conhecimento,3
"Em vez de ensinar pequenas partes de um grande número de assuntos, Whitehead advogou o ensino de relativamente poucos conceitos importantes que o aluno poderia vincular organicamente a muitas áreas diferentes de o conhecimento, descobrindo sua aplicação em a vida real.",Claude_Sonnet5,o aluno,descobrindo,sua aplicação em a vida real,3
"Em vez de ensinar pequenas partes de um grande número de assuntos, Whitehead advogou o ensino de relativamente poucos conceitos importantes que o aluno poderia vincular organicamente a muitas áreas diferentes de o conhecimento, descobrindo sua aplicação em a vida real.",respostas_gpt5.5_mini,o aluno,descobrindo,sua aplicação em a vida real,3
"Em vez de ensinar pequenas partes de um grande número de assuntos, Whitehead advogou o ensino de relativamente poucos conceitos importantes que o aluno poderia vincular organicamente a muitas áreas diferentes de o conhecimento, descobrindo sua aplicação em a vida real.",respostasGemini3.1Pro,o aluno,descobrindo,sua aplicação em a vida real,3
"Whitehead argumentou que a realidade consiste em processos e não em objetos materiais, e que os processos são melhor definidos por suas relações com outros processos, rejeitando assim a teoria de que a realidade é fundamentalmente construída por pedaços de matéria que existem independentemente um de o outro.",Claude_Sonnet5,os processos,são melhor definidos por,suas relações com outros processos,3
"Whitehead argumentou que a realidade consiste em processos e não em objetos materiais, e que os processos são melhor definidos por suas relações com outros processos, rejeitando assim a teoria de que a realidade é fundamentalmente construída por pedaços de matéria que existem independentemente um de o outro.",Claude_Sonnet5,Whitehead,rejeitando,a teoria de que a realidade é fundamentalmente construída por pedaços de matéria que existem independentemente um de o outro,3
"Whitehead argumentou que a realidade consiste em processos e não em objetos materiais, e que os processos são melhor definidos por suas relações com outros processos, rejeitando assim a teoria de que a realidade é fundamentalmente construída por pedaços de matéria que existem independentemente um de o outro.",respostas_gpt5.5_mini,os processos,são melhor definidos por,suas relações com outros processos,3
"Whitehead argumentou que a realidade consiste em processos e não em objetos materiais, e que os processos são melhor definidos por suas relações com outros processos, rejeitando assim a teoria de que a realidade é fundamentalmente construída por pedaços de matéria que existem independentemente um de o outro.",respostas_gpt5.5_mini,Whitehead,rejeitando,a teoria de que a realidade é fundamentalmente construída por pedaços de matéria que existem independentemente um de o outro,3
"Whitehead argumentou que a realidade consiste em processos e não em objetos materiais, e que os processos são melhor definidos por suas relações com outros processos, rejeitando assim a teoria de que a realidade é fundamentalmente construída por pedaços de matéria que existem independentemente um de o outro.",respostasGemini3.1Pro,Whitehead,rejeitando,assim a teoria de que a realidade é fundamentalmente construída por pedaços de matéria que existem independentemente um de o outro,3
"Whitehead argumentou que a realidade consiste em processos e não em objetos materiais, e que os processos são melhor definidos por suas relações com outros processos, rejeitando assim a teoria de que a realidade é fundamentalmente construída por pedaços de matéria que existem independentemente um de o outro.",respostasGemini3.1Pro,os processos,são melhor definidos por,suas relações com outros processos,3
"Em 1918, as responsabilidades acadêmicas de Whitehead começaram a se expandir seriamente, quando ele aceitou uma série de altos cargos administrativos dentro de o sistema de a Universidade de Londres, de os quais o Imperial College London era membro em a época.",Claude_Sonnet5,ele,aceitou,uma série de altos cargos administrativos dentro de o sistema de a Universidade de Londres,5
"Em 1918, as responsabilidades acadêmicas de Whitehead começaram a se expandir seriamente, quando ele aceitou uma série de altos cargos administrativos dentro de o sistema de a Universidade de Londres, de os quais o Imperial College London era membro em a época.",respostaDPTOIE-PY,ele,aceitou,"quando uma série de altos cargos administrativos dentro de o sistema de a Universidade de Londres , de os quais era membro em a época",5
"Em 1918, as responsabilidades acadêmicas de Whitehead começaram a se expandir seriamente, quando ele aceitou uma série de altos cargos administrativos dentro de o sistema de a Universidade de Londres, de os quais o Imperial College London era membro em a época.",respostaGrok4.0Fast,ele,aceitou,uma série de altos cargos administrativos dentro de o sistema de a Universidade de Londres,5
"Em 1918, as responsabilidades acadêmicas de Whitehead começaram a se expandir seriamente, quando ele aceitou uma série de altos cargos administrativos dentro de o sistema de a Universidade de Londres, de os quais o Imperial College London era membro em a época.",respostas_gpt5.5_mini,ele,aceitou,uma série de altos cargos administrativos dentro de o sistema de a Universidade de Londres,5
"Em 1918, as responsabilidades acadêmicas de Whitehead começaram a se expandir seriamente, quando ele aceitou uma série de altos cargos administrativos dentro de o sistema de a Universidade de Londres, de os quais o Imperial College London era membro em a época.",respostasGemini3.1Pro,ele,aceitou,uma série de altos cargos administrativos dentro de o sistema de a Universidade de Londres,5
"Embora a corrida tenha sido um fator que contribuiu para o momento de a morte de o IndyMac, a causa subjacente de a falha foi a maneira insegura e insalubre por a qual a economia foi operada.",Claude_Sonnet5,a corrida,tenha sido,um fator que contribuiu para o momento de a morte de o IndyMac,3
"Embora a corrida tenha sido um fator que contribuiu para o momento de a morte de o IndyMac, a causa subjacente de a falha foi a maneira insegura e insalubre por a qual a economia foi operada.",PTOIE-Flair,a corrida,tenha sido,um fator que contribuiu para o momento de a morte de o IndyMac,3
"Embora a corrida tenha sido um fator que contribuiu para o momento de a morte de o IndyMac, a causa subjacente de a falha foi a maneira insegura e insalubre por a qual a economia foi operada.",respostasGemini3.1Pro,a corrida,tenha sido,um fator que contribuiu para o momento de a morte de o IndyMac,3
"A recessão em os EUA, iniciada em dezembro de 2007, terminou em junho de 2009, de acordo com o Bureau Nacional de Pesquisa Econômica de os EUA (NBER) e a crise financeira parece ter terminado em a mesma época.",Claude_Sonnet5,a crise financeira,parece ter terminado em,a mesma época,4
"A recessão em os EUA, iniciada em dezembro de 2007, terminou em junho de 2009, de acordo com o Bureau Nacional de Pesquisa Econômica de os EUA (NBER) e a crise financeira parece ter terminado em a mesma época.",respostaDPTOIE-PY,a crise financeira,parece ter terminado,em a mesma época,4
"A recessão em os EUA, iniciada em dezembro de 2007, terminou em junho de 2009, de acordo com o Bureau Nacional de Pesquisa Econômica de os EUA (NBER) e a crise financeira parece ter terminado em a mesma época.",respostas_gpt5.5_mini,a crise financeira,parece ter terminado,em a mesma época,4
"A recessão em os EUA, iniciada em dezembro de 2007, terminou em junho de 2009, de acordo com o Bureau Nacional de Pesquisa Econômica de os EUA (NBER) e a crise financeira parece ter terminado em a mesma época.",respostasGemini3.1Pro,a crise financeira,parece ter terminado em,a mesma época,4
"Em um discurso de junho de 2008, o presidente e CEO de o Banco de a Reserva Federal de Nova York, Timothy Geithner - que em 2009 se tornou secretário de o Tesouro de os Estados Unidos - atribuiu uma culpa significativa a o congelamento de os mercados de crédito em uma corrida às entidades de o sistema bancário paralelo, também chamado de sistema bancário paralelo.",Claude_Sonnet5,Timothy Geithner,é,o presidente e CEO de o Banco de a Reserva Federal de Nova York,3
"Em um discurso de junho de 2008, o presidente e CEO de o Banco de a Reserva Federal de Nova York, Timothy Geithner - que em 2009 se tornou secretário de o Tesouro de os Estados Unidos - atribuiu uma culpa significativa a o congelamento de os mercados de crédito em uma corrida às entidades de o sistema bancário paralelo, também chamado de sistema bancário paralelo.",respostaGrok4.0Fast,Timothy Geithner,é,o presidente e CEO de o Banco de a Reserva Federal de Nova York,3
"Em um discurso de junho de 2008, o presidente e CEO de o Banco de a Reserva Federal de Nova York, Timothy Geithner - que em 2009 se tornou secretário de o Tesouro de os Estados Unidos - atribuiu uma culpa significativa a o congelamento de os mercados de crédito em uma corrida às entidades de o sistema bancário paralelo, também chamado de sistema bancário paralelo.",respostasGemini3.1Pro,Timothy Geithner,é,o presidente e CEO de o Banco de a Reserva Federal de Nova York,3
"os títulos lastreados em hipotecas comerciais, os lastreados em ativos e os CDOs atingiram o pico em 2006 em quase US $ 2 trilhões... Em 2009, a emissão privada foi de menos de US $ 150 bilhões, e quase toda a emissão em lastro foi suportada por o Programa TALF de o Federal Reserve para ajudar os financiadores de cartões de crédito, automóveis e pequenas empresas.",PTOIE-Flair,os lastreados em ativos e os CDOs,atingiram,o pico em 2006 em quase US $ 2 trilhões,3
"os títulos lastreados em hipotecas comerciais, os lastreados em ativos e os CDOs atingiram o pico em 2006 em quase US $ 2 trilhões... Em 2009, a emissão privada foi de menos de US $ 150 bilhões, e quase toda a emissão em lastro foi suportada por o Programa TALF de o Federal Reserve para ajudar os financiadores de cartões de crédito, automóveis e pequenas empresas.",respostaGrok4.0Fast,"os títulos lastreados em hipotecas comerciais, os lastreados em ativos e os CDOs",atingiram,o pico em 2006 em quase US $ 2 trilhões,3
Sassou também venceu a seguinte eleição presidencial em julho de 2009.,PTOIE-Flair,Sassou,venceu,a seguinte eleição presidencial em julho de 2009,3
Sassou também venceu a seguinte eleição presidencial em julho de 2009.,respostaGrok4.0Fast,Sassou,venceu,a seguinte eleição presidencial em julho de 2009,3
Sassou também venceu a seguinte eleição presidencial em julho de 2009.,respostas_gpt5.5_mini,Sassou,venceu,a seguinte eleição presidencial em julho de 2009,3
"Na constituição russa, o primeiro ministro é em a verdade intitulado Presidente de o governo, enquanto o primeiro ministro irlandês é chamado Taoiseach (que é traduzido para inglês como primeiro ministro), e em Israel ele é Rosh HaMemshalah, que significa chefe de o governo.",Claude_Sonnet5,Rosh HaMemshalah,significa,chefe de o governo,3
"Na constituição russa, o primeiro ministro é em a verdade intitulado Presidente de o governo, enquanto o primeiro ministro irlandês é chamado Taoiseach (que é traduzido para inglês como primeiro ministro), e em Israel ele é Rosh HaMemshalah, que significa chefe de o governo.",respostaGrok4.0Fast,o primeiro ministro,é intitulado,Presidente de o governo,3
"Na constituição russa, o primeiro ministro é em a verdade intitulado Presidente de o governo, enquanto o primeiro ministro irlandês é chamado Taoiseach (que é traduzido para inglês como primeiro ministro), e em Israel ele é Rosh HaMemshalah, que significa chefe de o governo.",respostas_gpt5.5_mini,o primeiro ministro,é intitulado,Presidente de o governo,3
"Na constituição russa, o primeiro ministro é em a verdade intitulado Presidente de o governo, enquanto o primeiro ministro irlandês é chamado Taoiseach (que é traduzido para inglês como primeiro ministro), e em Israel ele é Rosh HaMemshalah, que significa chefe de o governo.",respostas_gpt5.5_mini,Rosh HaMemshalah,significa,chefe de o governo,3
"Na constituição russa, o primeiro ministro é em a verdade intitulado Presidente de o governo, enquanto o primeiro ministro irlandês é chamado Taoiseach (que é traduzido para inglês como primeiro ministro), e em Israel ele é Rosh HaMemshalah, que significa chefe de o governo.",respostasGemini3.1Pro,o primeiro ministro,é intitulado,Presidente de o governo Na constituição russa,3
"Na constituição russa, o primeiro ministro é em a verdade intitulado Presidente de o governo, enquanto o primeiro ministro irlandês é chamado Taoiseach (que é traduzido para inglês como primeiro ministro), e em Israel ele é Rosh HaMemshalah, que significa chefe de o governo.",respostasGemini3.1Pro,Rosh HaMemshalah,significa,chefe de o governo,3
"O Exército Canadense é chefiado por o Comandante de o Exército Canadense e administrado por quatro divisões - a 2ª Divisão Canadense, a 3ª Divisão Canadense, a 4ª Divisão Canadense e a 5ª Divisão Canadense - o Sistema de Doutrina e Treinamento de o Exército Canadense e a Sede de o Exército Canadense.",Claude_Sonnet5,O Exército Canadense,é administrado por,o Sistema de Doutrina e Treinamento de o Exército Canadense,3
"O Exército Canadense é chefiado por o Comandante de o Exército Canadense e administrado por quatro divisões - a 2ª Divisão Canadense, a 3ª Divisão Canadense, a 4ª Divisão Canadense e a 5ª Divisão Canadense - o Sistema de Doutrina e Treinamento de o Exército Canadense e a Sede de o Exército Canadense.",Claude_Sonnet5,O Exército Canadense,é administrado por,a Sede de o Exército Canadense,3
"O Exército Canadense é chefiado por o Comandante de o Exército Canadense e administrado por quatro divisões - a 2ª Divisão Canadense, a 3ª Divisão Canadense, a 4ª Divisão Canadense e a 5ª Divisão Canadense - o Sistema de Doutrina e Treinamento de o Exército Canadense e a Sede de o Exército Canadense.",respostas_gpt5.5_mini,O Exército Canadense,é administrado,o Sistema de Doutrina e Treinamento de o Exército Canadense,3
"O Exército Canadense é chefiado por o Comandante de o Exército Canadense e administrado por quatro divisões - a 2ª Divisão Canadense, a 3ª Divisão Canadense, a 4ª Divisão Canadense e a 5ª Divisão Canadense - o Sistema de Doutrina e Treinamento de o Exército Canadense e a Sede de o Exército Canadense.",respostas_gpt5.5_mini,O Exército Canadense,é administrado,a Sede de o Exército Canadense,3
"O Exército Canadense é chefiado por o Comandante de o Exército Canadense e administrado por quatro divisões - a 2ª Divisão Canadense, a 3ª Divisão Canadense, a 4ª Divisão Canadense e a 5ª Divisão Canadense - o Sistema de Doutrina e Treinamento de o Exército Canadense e a Sede de o Exército Canadense.",respostasGemini3.1Pro,O Exército Canadense,é administrado por,o Sistema de Doutrina e Treinamento de o Exército Canadense,3
"O Exército Canadense é chefiado por o Comandante de o Exército Canadense e administrado por quatro divisões - a 2ª Divisão Canadense, a 3ª Divisão Canadense, a 4ª Divisão Canadense e a 5ª Divisão Canadense - o Sistema de Doutrina e Treinamento de o Exército Canadense e a Sede de o Exército Canadense.",respostasGemini3.1Pro,O Exército Canadense,é administrado por,a Sede de o Exército Canadense,3
"Todas as ordens de implantação e disposição de tropas, incluindo declarações de guerra, se enquadram em a prerrogativa real e são emitidas como Ordens em o Conselho, que devem ser assinadas por o monarca ou por o governador geral.",Claude_Sonnet5,Todas as ordens de implantação e disposição de tropas,são emitidas como,Ordens em o Conselho,3
"Todas as ordens de implantação e disposição de tropas, incluindo declarações de guerra, se enquadram em a prerrogativa real e são emitidas como Ordens em o Conselho, que devem ser assinadas por o monarca ou por o governador geral.",Claude_Sonnet5,Ordens em o Conselho,devem ser assinadas por,o monarca,3
"Todas as ordens de implantação e disposição de tropas, incluindo declarações de guerra, se enquadram em a prerrogativa real e são emitidas como Ordens em o Conselho, que devem ser assinadas por o monarca ou por o governador geral.",Claude_Sonnet5,Ordens em o Conselho,devem ser assinadas por,o governador geral,3
"Todas as ordens de implantação e disposição de tropas, incluindo declarações de guerra, se enquadram em a prerrogativa real e são emitidas como Ordens em o Conselho, que devem ser assinadas por o monarca ou por o governador geral.",respostas_gpt5.5_mini,Todas as ordens de implantação e disposição de tropas,são emitidas,como Ordens em o Conselho,3
"Todas as ordens de implantação e disposição de tropas, incluindo declarações de guerra, se enquadram em a prerrogativa real e são emitidas como Ordens em o Conselho, que devem ser assinadas por o monarca ou por o governador geral.",respostas_gpt5.5_mini,Ordens em o Conselho,devem ser assinadas,por o monarca,3
"Todas as ordens de implantação e disposição de tropas, incluindo declarações de guerra, se enquadram em a prerrogativa real e são emitidas como Ordens em o Conselho, que devem ser assinadas por o monarca ou por o governador geral.",respostas_gpt5.5_mini,Ordens em o Conselho,devem ser assinadas,por o governador geral,3
"Todas as ordens de implantação e disposição de tropas, incluindo declarações de guerra, se enquadram em a prerrogativa real e são emitidas como Ordens em o Conselho, que devem ser assinadas por o monarca ou por o governador geral.",respostasGemini3.1Pro,"Todas as ordens de implantação e disposição de tropas, incluindo declarações de guerra",são emitidas como,Ordens em o Conselho,3
"Todas as ordens de implantação e disposição de tropas, incluindo declarações de guerra, se enquadram em a prerrogativa real e são emitidas como Ordens em o Conselho, que devem ser assinadas por o monarca ou por o governador geral.",respostasGemini3.1Pro,Ordens em o Conselho,devem ser assinadas por,o monarca,3
"Todas as ordens de implantação e disposição de tropas, incluindo declarações de guerra, se enquadram em a prerrogativa real e são emitidas como Ordens em o Conselho, que devem ser assinadas por o monarca ou por o governador geral.",respostasGemini3.1Pro,Ordens em o Conselho,devem ser assinadas por,o governador geral,3
O Chefe de Justiça preside o Senado durante o julgamento de impeachment de um presidente.,Claude_Sonnet5,O Chefe de Justiça,preside,o Senado durante o julgamento de impeachment de um presidente,6
O Chefe de Justiça preside o Senado durante o julgamento de impeachment de um presidente.,PTOIE-Flair,O Chefe de Justiça,preside,o Senado durante o julgamento de impeachment de um presidente,6
O Chefe de Justiça preside o Senado durante o julgamento de impeachment de um presidente.,respostaDPTOIE-PY,O Chefe de Justiça,preside,o Senado durante o julgamento de impeachment de um presidente,6
O Chefe de Justiça preside o Senado durante o julgamento de impeachment de um presidente.,respostaGrok4.0Fast,O Chefe de Justiça,preside,o Senado durante o julgamento de impeachment de um presidente,6
O Chefe de Justiça preside o Senado durante o julgamento de impeachment de um presidente.,respostas_gpt5.5_mini,O Chefe de Justiça,preside,o Senado durante o julgamento de impeachment de um presidente,6
O Chefe de Justiça preside o Senado durante o julgamento de impeachment de um presidente.,respostasGemini3.1Pro,O Chefe de Justiça,preside,o Senado durante o julgamento de impeachment de um presidente,6
"Um exemplo de a segunda visão em nível estadual é encontrado em a visão de o Supremo Tribunal de a Flórida, que apenas o Supremo Tribunal de a Flórida pode licenciar e regular advogados que comparecem perante os tribunais de a Flórida, e somente o Supremo Tribunal de a Flórida pode definir regras para procedimentos em os tribunais de a Flórida.",Claude_Sonnet5,apenas o Supremo Tribunal de a Flórida,pode licenciar,advogados que comparecem perante os tribunais de a Flórida,3
"Um exemplo de a segunda visão em nível estadual é encontrado em a visão de o Supremo Tribunal de a Flórida, que apenas o Supremo Tribunal de a Flórida pode licenciar e regular advogados que comparecem perante os tribunais de a Flórida, e somente o Supremo Tribunal de a Flórida pode definir regras para procedimentos em os tribunais de a Flórida.",Claude_Sonnet5,apenas o Supremo Tribunal de a Flórida,pode regular,advogados que comparecem perante os tribunais de a Flórida,3
"Um exemplo de a segunda visão em nível estadual é encontrado em a visão de o Supremo Tribunal de a Flórida, que apenas o Supremo Tribunal de a Flórida pode licenciar e regular advogados que comparecem perante os tribunais de a Flórida, e somente o Supremo Tribunal de a Flórida pode definir regras para procedimentos em os tribunais de a Flórida.",respostas_gpt5.5_mini,o Supremo Tribunal de a Flórida,pode licenciar,advogados que comparecem perante os tribunais de a Flórida,3
"Um exemplo de a segunda visão em nível estadual é encontrado em a visão de o Supremo Tribunal de a Flórida, que apenas o Supremo Tribunal de a Flórida pode licenciar e regular advogados que comparecem perante os tribunais de a Flórida, e somente o Supremo Tribunal de a Flórida pode definir regras para procedimentos em os tribunais de a Flórida.",respostas_gpt5.5_mini,o Supremo Tribunal de a Flórida,pode regular,advogados que comparecem perante os tribunais de a Flórida,3
"Um exemplo de a segunda visão em nível estadual é encontrado em a visão de o Supremo Tribunal de a Flórida, que apenas o Supremo Tribunal de a Flórida pode licenciar e regular advogados que comparecem perante os tribunais de a Flórida, e somente o Supremo Tribunal de a Flórida pode definir regras para procedimentos em os tribunais de a Flórida.",respostasGemini3.1Pro,apenas o Supremo Tribunal de a Flórida,pode licenciar,advogados que comparecem perante os tribunais de a Flórida,3
"Um exemplo de a segunda visão em nível estadual é encontrado em a visão de o Supremo Tribunal de a Flórida, que apenas o Supremo Tribunal de a Flórida pode licenciar e regular advogados que comparecem perante os tribunais de a Flórida, e somente o Supremo Tribunal de a Flórida pode definir regras para procedimentos em os tribunais de a Flórida.",respostasGemini3.1Pro,apenas o Supremo Tribunal de a Flórida,pode regular,advogados que comparecem perante os tribunais de a Flórida,3
"Para satisfazer o ethos contemporâneo, um edifício deve ser construído de uma maneira ambientalmente amigável em termos de produção de seus materiais, seu impacto em o ambiente natural e construído de a área circundante e as demandas que ele faz sobre fontes de energia não sustentáveis para aquecimento, refrigeração, gerenciamento de água e resíduos e iluminação.",respostaDPTOIE-PY,um edifício,deve ser construído,"de uma maneira ambientalmente amigável em termos de produção de seus materiais , seu impacto em o ambiente natural e construído de a área circundante e as demandas que faz sobre fontes de energia não sustentáveis para aquecimento , refrigeração , gerenciamento de água e resíduos e iluminação",3
"Para satisfazer o ethos contemporâneo, um edifício deve ser construído de uma maneira ambientalmente amigável em termos de produção de seus materiais, seu impacto em o ambiente natural e construído de a área circundante e as demandas que ele faz sobre fontes de energia não sustentáveis para aquecimento, refrigeração, gerenciamento de água e resíduos e iluminação.",respostas_gpt5.5_mini,um edifício,deve ser construído,"de uma maneira ambientalmente amigável em termos de produção de seus materiais, seu impacto em o ambiente natural e construído de a área circundante e as demandas que ele faz sobre fontes de energia não sustentáveis para aquecimento, refrigeração, gerenciamento de água e resíduos e iluminação",3
"Para satisfazer o ethos contemporâneo, um edifício deve ser construído de uma maneira ambientalmente amigável em termos de produção de seus materiais, seu impacto em o ambiente natural e construído de a área circundante e as demandas que ele faz sobre fontes de energia não sustentáveis para aquecimento, refrigeração, gerenciamento de água e resíduos e iluminação.",respostasGemini3.1Pro,um edifício,deve ser construído de,"uma maneira ambientalmente amigável em termos de produção de seus materiais, seu impacto em o ambiente natural e construído de a área circundante e as demandas que ele faz sobre fontes de energia não sustentáveis para aquecimento, refrigeração, gerenciamento de água e resíduos e iluminação Para satisfazer o ethos contemporâneo",3
"Uma estrutura grande não pode mais ser o design de uma pessoa, mas deve ser o trabalho de muitos.",Claude_Sonnet5,Uma estrutura grande,deve ser,o trabalho de muitos,4
"Uma estrutura grande não pode mais ser o design de uma pessoa, mas deve ser o trabalho de muitos.",respostaGrok4.0Fast,Uma estrutura grande,deve ser,o trabalho de muitos,4
"Uma estrutura grande não pode mais ser o design de uma pessoa, mas deve ser o trabalho de muitos.",respostas_gpt5.5_mini,Uma estrutura grande,deve ser,o trabalho de muitos,4
"Uma estrutura grande não pode mais ser o design de uma pessoa, mas deve ser o trabalho de muitos.",respostasGemini3.1Pro,Uma estrutura grande,deve ser,o trabalho de muitos,4
"Como uma divisão dentro de a BBC, a Televisão era conhecida como BBC Vision por alguns anos em o início de o século 21, até que seu nome voltou a a Televisão em 2013.",Claude_Sonnet5,a Televisão,era conhecida como,como uma divisão dentro de a BBC BBC Vision por alguns anos em o início de o século 21,5
"Como uma divisão dentro de a BBC, a Televisão era conhecida como BBC Vision por alguns anos em o início de o século 21, até que seu nome voltou a a Televisão em 2013.",PTOIE-Flair,a Televisão,era conhecida como,BBC Vision por alguns anos em o início de o século 21,5
"Como uma divisão dentro de a BBC, a Televisão era conhecida como BBC Vision por alguns anos em o início de o século 21, até que seu nome voltou a a Televisão em 2013.",respostaDPTOIE-PY,a Televisão,era conhecida,"Como uma divisão dentro de a BBC , como BBC Vision por alguns anos em o início de o século 21",5
"Como uma divisão dentro de a BBC, a Televisão era conhecida como BBC Vision por alguns anos em o início de o século 21, até que seu nome voltou a a Televisão em 2013.",respostas_gpt5.5_mini,a Televisão,era conhecida,como BBC Vision por alguns anos em o início de o século 21,5
"Como uma divisão dentro de a BBC, a Televisão era conhecida como BBC Vision por alguns anos em o início de o século 21, até que seu nome voltou a a Televisão em 2013.",respostasGemini3.1Pro,a Televisão,era conhecida como,BBC Vision por alguns anos em o início de o século 21 Como uma divisão dentro de a BBC,5
"O professor de direito de a Universidade Columbia, Michael Dorf, observou que o possível processo de Schwarzenegger poderia finalmente lhe conceder o direito de concorrer a o cargo, observando A lei é muito clara, mas não é 100 % claro que os tribunais aplicariam essa lei em vez de deixá-la em liberdade.",Claude_Sonnet5,Michael Dorf,observou,que o possível processo de Schwarzenegger poderia finalmente lhe conceder o direito de concorrer a o cargo,4
"O professor de direito de a Universidade Columbia, Michael Dorf, observou que o possível processo de Schwarzenegger poderia finalmente lhe conceder o direito de concorrer a o cargo, observando A lei é muito clara, mas não é 100 % claro que os tribunais aplicariam essa lei em vez de deixá-la em liberdade.",Claude_Sonnet5,A lei,é,muito clara,3
"O professor de direito de a Universidade Columbia, Michael Dorf, observou que o possível processo de Schwarzenegger poderia finalmente lhe conceder o direito de concorrer a o cargo, observando A lei é muito clara, mas não é 100 % claro que os tribunais aplicariam essa lei em vez de deixá-la em liberdade.",respostaGrok4.0Fast,Michael Dorf,observou,que o possível processo de Schwarzenegger poderia finalmente lhe conceder o direito de concorrer a o cargo,4
"O professor de direito de a Universidade Columbia, Michael Dorf, observou que o possível processo de Schwarzenegger poderia finalmente lhe conceder o direito de concorrer a o cargo, observando A lei é muito clara, mas não é 100 % claro que os tribunais aplicariam essa lei em vez de deixá-la em liberdade.",respostas_gpt5.5_mini,Michael Dorf,observou,que o possível processo de Schwarzenegger poderia finalmente lhe conceder o direito de concorrer a o cargo,4
"O professor de direito de a Universidade Columbia, Michael Dorf, observou que o possível processo de Schwarzenegger poderia finalmente lhe conceder o direito de concorrer a o cargo, observando A lei é muito clara, mas não é 100 % claro que os tribunais aplicariam essa lei em vez de deixá-la em liberdade.",respostas_gpt5.5_mini,A lei,é,muito clara,3
"O professor de direito de a Universidade Columbia, Michael Dorf, observou que o possível processo de Schwarzenegger poderia finalmente lhe conceder o direito de concorrer a o cargo, observando A lei é muito clara, mas não é 100 % claro que os tribunais aplicariam essa lei em vez de deixá-la em liberdade.",respostasGemini3.1Pro,Michael Dorf,observou,que o possível processo de Schwarzenegger poderia finalmente lhe conceder o direito de concorrer a o cargo,4
"O professor de direito de a Universidade Columbia, Michael Dorf, observou que o possível processo de Schwarzenegger poderia finalmente lhe conceder o direito de concorrer a o cargo, observando A lei é muito clara, mas não é 100 % claro que os tribunais aplicariam essa lei em vez de deixá-la em liberdade.",respostasGemini3.1Pro,A lei,é,muito clara,3
"Schwarzenegger conheceu Maria Shriver em o torneio de tênis Robert F. Kennedy, em agosto de 1977, e teve um relacionamento com as duas mulheres até agosto de 1978, quando Moray (que conhecia seu relacionamento com Shriver) emitiu um ultimato.",Claude_Sonnet5,Schwarzenegger,teve,um relacionamento com as duas mulheres até agosto de 1978,4
"Schwarzenegger conheceu Maria Shriver em o torneio de tênis Robert F. Kennedy, em agosto de 1977, e teve um relacionamento com as duas mulheres até agosto de 1978, quando Moray (que conhecia seu relacionamento com Shriver) emitiu um ultimato.",Claude_Sonnet5,Moray,conhecia,seu relacionamento com Shriver,3
"Schwarzenegger conheceu Maria Shriver em o torneio de tênis Robert F. Kennedy, em agosto de 1977, e teve um relacionamento com as duas mulheres até agosto de 1978, quando Moray (que conhecia seu relacionamento com Shriver) emitiu um ultimato.",respostaGrok4.0Fast,Schwarzenegger,teve,um relacionamento com as duas mulheres,4
"Schwarzenegger conheceu Maria Shriver em o torneio de tênis Robert F. Kennedy, em agosto de 1977, e teve um relacionamento com as duas mulheres até agosto de 1978, quando Moray (que conhecia seu relacionamento com Shriver) emitiu um ultimato.",respostas_gpt5.5_mini,Schwarzenegger,teve,um relacionamento com as duas mulheres até agosto de 1978,4
"Schwarzenegger conheceu Maria Shriver em o torneio de tênis Robert F. Kennedy, em agosto de 1977, e teve um relacionamento com as duas mulheres até agosto de 1978, quando Moray (que conhecia seu relacionamento com Shriver) emitiu um ultimato.",respostas_gpt5.5_mini,Moray,conhecia,seu relacionamento com Shriver,3
"Schwarzenegger conheceu Maria Shriver em o torneio de tênis Robert F. Kennedy, em agosto de 1977, e teve um relacionamento com as duas mulheres até agosto de 1978, quando Moray (que conhecia seu relacionamento com Shriver) emitiu um ultimato.",respostasGemini3.1Pro,Schwarzenegger,teve,um relacionamento com as duas mulheres até agosto de 1978,4
"Schwarzenegger conheceu Maria Shriver em o torneio de tênis Robert F. Kennedy, em agosto de 1977, e teve um relacionamento com as duas mulheres até agosto de 1978, quando Moray (que conhecia seu relacionamento com Shriver) emitiu um ultimato.",respostasGemini3.1Pro,Moray,conhecia,seu relacionamento com Shriver,3
"Em 1620, os Padres Peregrinos partiram de Plymouth para o Novo Mundo e estabeleceram a Colônia de Plymouth - o segundo assentamento inglês em o que é hoje os Estados Unidos de a América.",Claude_Sonnet5,os Padres Peregrinos,estabeleceram,a Colônia de Plymouth,4
"Em 1620, os Padres Peregrinos partiram de Plymouth para o Novo Mundo e estabeleceram a Colônia de Plymouth - o segundo assentamento inglês em o que é hoje os Estados Unidos de a América.",respostaGrok4.0Fast,os Padres Peregrinos,estabeleceram,a Colônia de Plymouth,4
"Em 1620, os Padres Peregrinos partiram de Plymouth para o Novo Mundo e estabeleceram a Colônia de Plymouth - o segundo assentamento inglês em o que é hoje os Estados Unidos de a América.",respostas_gpt5.5_mini,os Padres Peregrinos,estabeleceram,a Colônia de Plymouth,4
"Em 1620, os Padres Peregrinos partiram de Plymouth para o Novo Mundo e estabeleceram a Colônia de Plymouth - o segundo assentamento inglês em o que é hoje os Estados Unidos de a América.",respostasGemini3.1Pro,os Padres Peregrinos,estabeleceram,a Colônia de Plymouth Em 1620,4
"No entanto, a FlyPlymouth planeja reabrir o aeroporto de a cidade até 2018, que fornecerá serviços diários para vários destinos, incluindo Londres.",Claude_Sonnet5,o aeroporto de a cidade,fornecerá,"serviços diários para vários destinos, incluindo Londres",3
"No entanto, a FlyPlymouth planeja reabrir o aeroporto de a cidade até 2018, que fornecerá serviços diários para vários destinos, incluindo Londres.",PTOIE-Flair,a FlyPlymouth,planeja reabrir,o aeroporto de a cidade até 2018,4
"No entanto, a FlyPlymouth planeja reabrir o aeroporto de a cidade até 2018, que fornecerá serviços diários para vários destinos, incluindo Londres.",respostaGrok4.0Fast,a FlyPlymouth,planeja reabrir,o aeroporto de a cidade até 2018,4
"No entanto, a FlyPlymouth planeja reabrir o aeroporto de a cidade até 2018, que fornecerá serviços diários para vários destinos, incluindo Londres.",respostas_gpt5.5_mini,a FlyPlymouth,planeja reabrir,o aeroporto de a cidade até 2018,4
"No entanto, a FlyPlymouth planeja reabrir o aeroporto de a cidade até 2018, que fornecerá serviços diários para vários destinos, incluindo Londres.",respostas_gpt5.5_mini,o aeroporto de a cidade,fornecerá,"serviços diários para vários destinos, incluindo Londres",3
"No entanto, a FlyPlymouth planeja reabrir o aeroporto de a cidade até 2018, que fornecerá serviços diários para vários destinos, incluindo Londres.",respostasGemini3.1Pro,a FlyPlymouth,planeja reabrir,o aeroporto de a cidade até 2018,4
"No entanto, a FlyPlymouth planeja reabrir o aeroporto de a cidade até 2018, que fornecerá serviços diários para vários destinos, incluindo Londres.",respostasGemini3.1Pro,o aeroporto de a cidade,fornecerá,"serviços diários para vários destinos, incluindo Londres",3
"Como os americanos tinham uma força aérea muito maior que a União Soviética e os Estados Unidos mantinham bases aéreas avançadas perto de o território soviético, em 1947 Stalin ordenou o desenvolvimento de mísseis balísticos intercontinentais (ICBMs) para combater a ameaça americana percebida.",Claude_Sonnet5,os americanos,tinham,uma força aérea muito maior que a União Soviética,5
"Como os americanos tinham uma força aérea muito maior que a União Soviética e os Estados Unidos mantinham bases aéreas avançadas perto de o território soviético, em 1947 Stalin ordenou o desenvolvimento de mísseis balísticos intercontinentais (ICBMs) para combater a ameaça americana percebida.",Claude_Sonnet5,Stalin,ordenou,em 1947 o desenvolvimento de mísseis balísticos intercontinentais (ICBMs) para combater a ameaça americana percebida,4
"Como os americanos tinham uma força aérea muito maior que a União Soviética e os Estados Unidos mantinham bases aéreas avançadas perto de o território soviético, em 1947 Stalin ordenou o desenvolvimento de mísseis balísticos intercontinentais (ICBMs) para combater a ameaça americana percebida.",PTOIE-Flair,os americanos,tinham,uma força aérea muito maior,5
"Como os americanos tinham uma força aérea muito maior que a União Soviética e os Estados Unidos mantinham bases aéreas avançadas perto de o território soviético, em 1947 Stalin ordenou o desenvolvimento de mísseis balísticos intercontinentais (ICBMs) para combater a ameaça americana percebida.",respostaDPTOIE-PY,os americanos,tinham,uma força aérea muito maior,5
"Como os americanos tinham uma força aérea muito maior que a União Soviética e os Estados Unidos mantinham bases aéreas avançadas perto de o território soviético, em 1947 Stalin ordenou o desenvolvimento de mísseis balísticos intercontinentais (ICBMs) para combater a ameaça americana percebida.",respostaDPTOIE-PY,Stalin,ordenou,em 1947 o desenvolvimento de mísseis balísticos intercontinentais ( ICBMs ),4
"Como os americanos tinham uma força aérea muito maior que a União Soviética e os Estados Unidos mantinham bases aéreas avançadas perto de o território soviético, em 1947 Stalin ordenou o desenvolvimento de mísseis balísticos intercontinentais (ICBMs) para combater a ameaça americana percebida.",respostaGrok4.0Fast,Stalin,ordenou,o desenvolvimento de mísseis balísticos intercontinentais (ICBMs),3
"Como os americanos tinham uma força aérea muito maior que a União Soviética e os Estados Unidos mantinham bases aéreas avançadas perto de o território soviético, em 1947 Stalin ordenou o desenvolvimento de mísseis balísticos intercontinentais (ICBMs) para combater a ameaça americana percebida.",respostas_gpt5.5_mini,os americanos,tinham,uma força aérea muito maior que a União Soviética,5
"Como os americanos tinham uma força aérea muito maior que a União Soviética e os Estados Unidos mantinham bases aéreas avançadas perto de o território soviético, em 1947 Stalin ordenou o desenvolvimento de mísseis balísticos intercontinentais (ICBMs) para combater a ameaça americana percebida.",respostas_gpt5.5_mini,Stalin,ordenou,o desenvolvimento de mísseis balísticos intercontinentais (ICBMs) para combater a ameaça americana percebida,4
"Como os americanos tinham uma força aérea muito maior que a União Soviética e os Estados Unidos mantinham bases aéreas avançadas perto de o território soviético, em 1947 Stalin ordenou o desenvolvimento de mísseis balísticos intercontinentais (ICBMs) para combater a ameaça americana percebida.",respostasGemini3.1Pro,Stalin,ordenou,o desenvolvimento de mísseis balísticos intercontinentais (ICBMs) para combater a ameaça americana percebida em 1947,4
"Como os americanos tinham uma força aérea muito maior que a União Soviética e os Estados Unidos mantinham bases aéreas avançadas perto de o território soviético, em 1947 Stalin ordenou o desenvolvimento de mísseis balísticos intercontinentais (ICBMs) para combater a ameaça americana percebida.",respostasGemini3.1Pro,os americanos,tinham,uma força aérea muito maior que a União Soviética,5
"O pub mais alto de o Reino Unido é o Tan Hill Inn, Yorkshire, a 528 m acima de o nível de o mar.",Claude_Sonnet5,O pub mais alto de o Reino Unido,é,"o Tan Hill Inn, Yorkshire, a 528 m acima de o nível de o mar",5
"O pub mais alto de o Reino Unido é o Tan Hill Inn, Yorkshire, a 528 m acima de o nível de o mar.",respostaDPTOIE-PY,O pub mais alto de o Reino Unido,é,"o Tan Hill Inn , Yorkshire , a 528 m acima de o nível de o mar",5
"O pub mais alto de o Reino Unido é o Tan Hill Inn, Yorkshire, a 528 m acima de o nível de o mar.",respostaGrok4.0Fast,O pub mais alto de o Reino Unido,é,"o Tan Hill Inn, Yorkshire, a 528 m acima de o nível de o mar",5
"O pub mais alto de o Reino Unido é o Tan Hill Inn, Yorkshire, a 528 m acima de o nível de o mar.",respostas_gpt5.5_mini,O pub mais alto de o Reino Unido,é,"o Tan Hill Inn, Yorkshire, a 528 m acima de o nível de o mar",5
"O pub mais alto de o Reino Unido é o Tan Hill Inn, Yorkshire, a 528 m acima de o nível de o mar.",respostasGemini3.1Pro,O pub mais alto de o Reino Unido,é,"o Tan Hill Inn, Yorkshire, a 528 m acima de o nível de o mar",5
"O executivo de a RCA Victor Records, Ted Wallerstein, convenceu o chefe de a CBS William S. Paley a comprar a ARC e Paley fez de Wallerstein o chefe de a recém-adquirida gravadora.",Claude_Sonnet5,O executivo de a RCA Victor Records,convenceu,o chefe de a CBS William S. Paley a comprar a ARC,3
"O executivo de a RCA Victor Records, Ted Wallerstein, convenceu o chefe de a CBS William S. Paley a comprar a ARC e Paley fez de Wallerstein o chefe de a recém-adquirida gravadora.",Claude_Sonnet5,Ted Wallerstein,é,O executivo de a RCA Victor Records,3
"O executivo de a RCA Victor Records, Ted Wallerstein, convenceu o chefe de a CBS William S. Paley a comprar a ARC e Paley fez de Wallerstein o chefe de a recém-adquirida gravadora.",Claude_Sonnet5,Ted Wallerstein,convenceu,o chefe de a CBS William S. Paley a comprar a ARC,4
"O executivo de a RCA Victor Records, Ted Wallerstein, convenceu o chefe de a CBS William S. Paley a comprar a ARC e Paley fez de Wallerstein o chefe de a recém-adquirida gravadora.",PTOIE-Flair,O executivo de a RCA Victor Records,convenceu,o chefe de a CBS William S. Paley,3
"O executivo de a RCA Victor Records, Ted Wallerstein, convenceu o chefe de a CBS William S. Paley a comprar a ARC e Paley fez de Wallerstein o chefe de a recém-adquirida gravadora.",respostaDPTOIE-PY,"O executivo de a RCA Victor Records , Ted Wallerstein",convenceu,o chefe de a CBS William S. Paley comprar a ARC,3
"O executivo de a RCA Victor Records, Ted Wallerstein, convenceu o chefe de a CBS William S. Paley a comprar a ARC e Paley fez de Wallerstein o chefe de a recém-adquirida gravadora.",respostaGrok4.0Fast,Ted Wallerstein,é,O executivo de a RCA Victor Records,3
"O executivo de a RCA Victor Records, Ted Wallerstein, convenceu o chefe de a CBS William S. Paley a comprar a ARC e Paley fez de Wallerstein o chefe de a recém-adquirida gravadora.",respostaGrok4.0Fast,Ted Wallerstein,convenceu,o chefe de a CBS William S. Paley a comprar a ARC,4
"O executivo de a RCA Victor Records, Ted Wallerstein, convenceu o chefe de a CBS William S. Paley a comprar a ARC e Paley fez de Wallerstein o chefe de a recém-adquirida gravadora.",respostas_gpt5.5_mini,Ted Wallerstein,convenceu,o chefe de a CBS William S. Paley a comprar a ARC,4
"O executivo de a RCA Victor Records, Ted Wallerstein, convenceu o chefe de a CBS William S. Paley a comprar a ARC e Paley fez de Wallerstein o chefe de a recém-adquirida gravadora.",respostasGemini3.1Pro,Ted Wallerstein,é,O executivo de a RCA Victor Records,3
"O executivo de a RCA Victor Records, Ted Wallerstein, convenceu o chefe de a CBS William S. Paley a comprar a ARC e Paley fez de Wallerstein o chefe de a recém-adquirida gravadora.",respostasGemini3.1Pro,Ted Wallerstein,convenceu,o chefe de a CBS William S. Paley a comprar a ARC,4
"A ABC vendeu sua divisão de discos para a MCA Records em 1979 e, em 1986, a empresa controladora de a NBC, RCA, foi vendida para a General Electric, que depois vendeu todas as outras unidades de a RCA, incluindo a divisão de discos (que foi comprada por a Ariola Records, mais tarde conhecida como BMG).",Claude_Sonnet5,a empresa controladora de a NBC,foi vendida para,em 1986 a General Electric,4
"A ABC vendeu sua divisão de discos para a MCA Records em 1979 e, em 1986, a empresa controladora de a NBC, RCA, foi vendida para a General Electric, que depois vendeu todas as outras unidades de a RCA, incluindo a divisão de discos (que foi comprada por a Ariola Records, mais tarde conhecida como BMG).",respostaGrok4.0Fast,"a empresa controladora de a NBC, RCA",foi vendida para,a General Electric,3
"A ABC vendeu sua divisão de discos para a MCA Records em 1979 e, em 1986, a empresa controladora de a NBC, RCA, foi vendida para a General Electric, que depois vendeu todas as outras unidades de a RCA, incluindo a divisão de discos (que foi comprada por a Ariola Records, mais tarde conhecida como BMG).",respostas_gpt5.5_mini,"a empresa controladora de a NBC, RCA",foi vendida,para a General Electric em 1986,3
"A ABC vendeu sua divisão de discos para a MCA Records em 1979 e, em 1986, a empresa controladora de a NBC, RCA, foi vendida para a General Electric, que depois vendeu todas as outras unidades de a RCA, incluindo a divisão de discos (que foi comprada por a Ariola Records, mais tarde conhecida como BMG).",respostasGemini3.1Pro,"a empresa controladora de a NBC, RCA",foi vendida para,a General Electric em 1986,4
"A Universidade Nazarena de o Sul, fundada por a Igreja de o Nazareno, é uma universidade localizada em o subúrbio de Betânia, cercada pelos limites de a cidade de Oklahoma City.",Claude_Sonnet5,A Universidade Nazarena de o Sul,é,"uma universidade localizada em o subúrbio de Betânia, cercada pelos limites de a cidade de Oklahoma City",3
"A Universidade Nazarena de o Sul, fundada por a Igreja de o Nazareno, é uma universidade localizada em o subúrbio de Betânia, cercada pelos limites de a cidade de Oklahoma City.",respostas_gpt5.5_mini,A Universidade Nazarena de o Sul,é,"uma universidade localizada em o subúrbio de Betânia, cercada pelos limites de a cidade de Oklahoma City",3
"A Universidade Nazarena de o Sul, fundada por a Igreja de o Nazareno, é uma universidade localizada em o subúrbio de Betânia, cercada pelos limites de a cidade de Oklahoma City.",respostasGemini3.1Pro,A Universidade Nazarena de o Sul,é,"uma universidade localizada em o subúrbio de Betânia, cercada pelos limites de a cidade de Oklahoma City",3
"Oklahoma City é servida por dois aeroportos principais, o Will Rogers World Airport e o muito menor Wiley Post Airport (aliás, os dois homenageados morreram em o mesmo acidente de avião em o Alasca) Will Rogers World Airport é o aeroporto comercial mais movimentado de o estado, com mais de 3,6 milhões passageiros anualmente.",Claude_Sonnet5,Oklahoma City,é servida por,"dois aeroportos principais, o Will Rogers World Airport",3
"Oklahoma City é servida por dois aeroportos principais, o Will Rogers World Airport e o muito menor Wiley Post Airport (aliás, os dois homenageados morreram em o mesmo acidente de avião em o Alasca) Will Rogers World Airport é o aeroporto comercial mais movimentado de o estado, com mais de 3,6 milhões passageiros anualmente.",Claude_Sonnet5,Will Rogers World Airport,é,"o aeroporto comercial mais movimentado de o estado, com mais de 3,6 milhões passageiros anualmente",4
"Oklahoma City é servida por dois aeroportos principais, o Will Rogers World Airport e o muito menor Wiley Post Airport (aliás, os dois homenageados morreram em o mesmo acidente de avião em o Alasca) Will Rogers World Airport é o aeroporto comercial mais movimentado de o estado, com mais de 3,6 milhões passageiros anualmente.",respostaDPTOIE-PY,Will Rogers World Airport,é,"o aeroporto comercial mais movimentado , com mais de 3,6 milhões passageiros anualmente",4
"Oklahoma City é servida por dois aeroportos principais, o Will Rogers World Airport e o muito menor Wiley Post Airport (aliás, os dois homenageados morreram em o mesmo acidente de avião em o Alasca) Will Rogers World Airport é o aeroporto comercial mais movimentado de o estado, com mais de 3,6 milhões passageiros anualmente.",respostas_gpt5.5_mini,Oklahoma City,é servida,"por dois aeroportos principais, o Will Rogers World Airport e o muito menor Wiley Post Airport",3
"Oklahoma City é servida por dois aeroportos principais, o Will Rogers World Airport e o muito menor Wiley Post Airport (aliás, os dois homenageados morreram em o mesmo acidente de avião em o Alasca) Will Rogers World Airport é o aeroporto comercial mais movimentado de o estado, com mais de 3,6 milhões passageiros anualmente.",respostas_gpt5.5_mini,Will Rogers World Airport,é,"o aeroporto comercial mais movimentado de o estado, com mais de 3,6 milhões passageiros anualmente",4
"Oklahoma City é servida por dois aeroportos principais, o Will Rogers World Airport e o muito menor Wiley Post Airport (aliás, os dois homenageados morreram em o mesmo acidente de avião em o Alasca) Will Rogers World Airport é o aeroporto comercial mais movimentado de o estado, com mais de 3,6 milhões passageiros anualmente.",respostasGemini3.1Pro,Oklahoma City,é servida por,"dois aeroportos principais, o Will Rogers World Airport e o muito menor Wiley Post Airport",3
"Oklahoma City é servida por dois aeroportos principais, o Will Rogers World Airport e o muito menor Wiley Post Airport (aliás, os dois homenageados morreram em o mesmo acidente de avião em o Alasca) Will Rogers World Airport é o aeroporto comercial mais movimentado de o estado, com mais de 3,6 milhões passageiros anualmente.",respostasGemini3.1Pro,Will Rogers World Airport,é,"o aeroporto comercial mais movimentado de o estado, com mais de 3,6 milhões passageiros anualmente",4
"A Universal possuía os direitos de o personagem Oswald, o Coelho de a Sorte, embora Walt Disney e Ub Iwerks tivessem criado Oswald, e seus filmes tivessem desfrutado de uma exibição teatral de sucesso.",Claude_Sonnet5,A Universal,possuía,"os direitos de o personagem Oswald, o Coelho de a Sorte",6
"A Universal possuía os direitos de o personagem Oswald, o Coelho de a Sorte, embora Walt Disney e Ub Iwerks tivessem criado Oswald, e seus filmes tivessem desfrutado de uma exibição teatral de sucesso.",Claude_Sonnet5,seus filmes,tivessem desfrutado de,uma exibição teatral de sucesso,3
"A Universal possuía os direitos de o personagem Oswald, o Coelho de a Sorte, embora Walt Disney e Ub Iwerks tivessem criado Oswald, e seus filmes tivessem desfrutado de uma exibição teatral de sucesso.",PTOIE-Flair,A Universal,possuía,os direitos de o personagem Oswald,6
"A Universal possuía os direitos de o personagem Oswald, o Coelho de a Sorte, embora Walt Disney e Ub Iwerks tivessem criado Oswald, e seus filmes tivessem desfrutado de uma exibição teatral de sucesso.",respostaDPTOIE-PY,A Universal,possuía,"os direitos de o personagem Oswald , o Coelho de a Sorte",6
"A Universal possuía os direitos de o personagem Oswald, o Coelho de a Sorte, embora Walt Disney e Ub Iwerks tivessem criado Oswald, e seus filmes tivessem desfrutado de uma exibição teatral de sucesso.",respostaDPTOIE-PY,seus filmes,tivessem desfrutado,de uma exibição teatral de sucesso,3
"A Universal possuía os direitos de o personagem Oswald, o Coelho de a Sorte, embora Walt Disney e Ub Iwerks tivessem criado Oswald, e seus filmes tivessem desfrutado de uma exibição teatral de sucesso.",respostaGrok4.0Fast,A Universal,possuía,"os direitos de o personagem Oswald, o Coelho de a Sorte",6
"A Universal possuía os direitos de o personagem Oswald, o Coelho de a Sorte, embora Walt Disney e Ub Iwerks tivessem criado Oswald, e seus filmes tivessem desfrutado de uma exibição teatral de sucesso.",respostas_gpt5.5_mini,A Universal,possuía,"os direitos de o personagem Oswald, o Coelho de a Sorte",6
"A Universal possuía os direitos de o personagem Oswald, o Coelho de a Sorte, embora Walt Disney e Ub Iwerks tivessem criado Oswald, e seus filmes tivessem desfrutado de uma exibição teatral de sucesso.",respostasGemini3.1Pro,A Universal,possuía,"os direitos de o personagem Oswald, o Coelho de a Sorte",6
"A Universal possuía os direitos de o personagem Oswald, o Coelho de a Sorte, embora Walt Disney e Ub Iwerks tivessem criado Oswald, e seus filmes tivessem desfrutado de uma exibição teatral de sucesso.",respostasGemini3.1Pro,seus filmes,tivessem desfrutado de,uma exibição teatral de sucesso,3
"A cantora adolescente Deanna Durbin estrelou o primeiro filme americano de Pasternak, Three Smart Girls (1936).",Claude_Sonnet5,A cantora adolescente Deanna Durbin,estrelou,"o primeiro filme americano de Pasternak, Three Smart Girls (1936)",5
"A cantora adolescente Deanna Durbin estrelou o primeiro filme americano de Pasternak, Three Smart Girls (1936).",respostaDPTOIE-PY,A cantora adolescente Deanna Durbin,estrelou,"o primeiro filme americano de Pasternak , Three Smart Girls ( 1936 )",5
"A cantora adolescente Deanna Durbin estrelou o primeiro filme americano de Pasternak, Three Smart Girls (1936).",respostaGrok4.0Fast,A cantora adolescente Deanna Durbin,estrelou,"o primeiro filme americano de Pasternak, Three Smart Girls (1936)",5
"A cantora adolescente Deanna Durbin estrelou o primeiro filme americano de Pasternak, Three Smart Girls (1936).",respostas_gpt5.5_mini,A cantora adolescente Deanna Durbin,estrelou,"o primeiro filme americano de Pasternak, Three Smart Girls (1936)",5
"A cantora adolescente Deanna Durbin estrelou o primeiro filme americano de Pasternak, Three Smart Girls (1936).",respostasGemini3.1Pro,A cantora adolescente Deanna Durbin,estrelou,"o primeiro filme americano de Pasternak, Three Smart Girls (1936)",5
"Posteriormente, a Universal Pictures adquiriu os direitos de distribuição em os Estados Unidos de vários filmes de o StudioCanal, como Mulholland Drive (que recebeu uma indicação a o Oscar) e Brotherhood of the Wolf (que se tornou o segundo filme em francês de maior bilheteria em os Estados Unidos desde 1980).",Claude_Sonnet5,Mulholland Drive,recebeu,uma indicação a o Oscar,3
"Posteriormente, a Universal Pictures adquiriu os direitos de distribuição em os Estados Unidos de vários filmes de o StudioCanal, como Mulholland Drive (que recebeu uma indicação a o Oscar) e Brotherhood of the Wolf (que se tornou o segundo filme em francês de maior bilheteria em os Estados Unidos desde 1980).",Claude_Sonnet5,Brotherhood of the Wolf,se tornou,o segundo filme em francês de maior bilheteria em os Estados Unidos desde 1980,3
"Posteriormente, a Universal Pictures adquiriu os direitos de distribuição em os Estados Unidos de vários filmes de o StudioCanal, como Mulholland Drive (que recebeu uma indicação a o Oscar) e Brotherhood of the Wolf (que se tornou o segundo filme em francês de maior bilheteria em os Estados Unidos desde 1980).",respostas_gpt5.5_mini,Mulholland Drive,recebeu,uma indicação a o Oscar,3
"Posteriormente, a Universal Pictures adquiriu os direitos de distribuição em os Estados Unidos de vários filmes de o StudioCanal, como Mulholland Drive (que recebeu uma indicação a o Oscar) e Brotherhood of the Wolf (que se tornou o segundo filme em francês de maior bilheteria em os Estados Unidos desde 1980).",respostas_gpt5.5_mini,Brotherhood of the Wolf,se tornou,o segundo filme em francês de maior bilheteria em os Estados Unidos desde 1980,3
"Posteriormente, a Universal Pictures adquiriu os direitos de distribuição em os Estados Unidos de vários filmes de o StudioCanal, como Mulholland Drive (que recebeu uma indicação a o Oscar) e Brotherhood of the Wolf (que se tornou o segundo filme em francês de maior bilheteria em os Estados Unidos desde 1980).",respostasGemini3.1Pro,Mulholland Drive,recebeu,uma indicação a o Oscar,3
"Posteriormente, a Universal Pictures adquiriu os direitos de distribuição em os Estados Unidos de vários filmes de o StudioCanal, como Mulholland Drive (que recebeu uma indicação a o Oscar) e Brotherhood of the Wolf (que se tornou o segundo filme em francês de maior bilheteria em os Estados Unidos desde 1980).",respostasGemini3.1Pro,Brotherhood of the Wolf,se tornou,o segundo filme em francês de maior bilheteria em os Estados Unidos desde 1980,3
"Alexander Bell nasceu em Edimburgo, Escócia, em 3 de março de 1847.",respostaDPTOIE-PY,Alexander Bell,nasceu,"em Edimburgo , Escócia , em 3 de março de 1847",3
"Alexander Bell nasceu em Edimburgo, Escócia, em 3 de março de 1847.",respostas_gpt5.5_mini,Alexander Bell,nasceu,"em Edimburgo, Escócia, em 3 de março de 1847",3
"Alexander Bell nasceu em Edimburgo, Escócia, em 3 de março de 1847.",respostasGemini3.1Pro,Alexander Bell,nasceu,"em Edimburgo, Escócia, em 3 de março de 1847",3
"Em 1865, quando a família Bell se mudou para Londres, Bell retornou a Weston House como assistente de mestre e, em suas horas vagas, continuou as experiências sonoras com o mínimo de equipamento de laboratório.",Claude_Sonnet5,Bell,continuou,em suas horas vagas as experiências sonoras com o mínimo de equipamento de laboratório,3
"Em 1865, quando a família Bell se mudou para Londres, Bell retornou a Weston House como assistente de mestre e, em suas horas vagas, continuou as experiências sonoras com o mínimo de equipamento de laboratório.",respostas_gpt5.5_mini,Bell,continuou,as experiências sonoras com o mínimo de equipamento de laboratório,3
"Em 1865, quando a família Bell se mudou para Londres, Bell retornou a Weston House como assistente de mestre e, em suas horas vagas, continuou as experiências sonoras com o mínimo de equipamento de laboratório.",respostasGemini3.1Pro,Bell,continuou,as experiências sonoras com o mínimo de equipamento de laboratório em suas horas vagas,3
"Depois que a família se estabeleceu, Bell e seu pai fizeram planos para estabelecer uma prática de ensino e, em 1871, ele acompanhou seu pai a Montreal, onde foi oferecido a Melville uma posição para ensinar seu Sistema de Fala Visível.",Claude_Sonnet5,ele,acompanhou,em 1871 seu pai a Montreal,4
"Depois que a família se estabeleceu, Bell e seu pai fizeram planos para estabelecer uma prática de ensino e, em 1871, ele acompanhou seu pai a Montreal, onde foi oferecido a Melville uma posição para ensinar seu Sistema de Fala Visível.",respostaDPTOIE-PY,ele,acompanhou,"em 1871 , seu pai a Montreal , onde foi oferecido a Melville",3
"Depois que a família se estabeleceu, Bell e seu pai fizeram planos para estabelecer uma prática de ensino e, em 1871, ele acompanhou seu pai a Montreal, onde foi oferecido a Melville uma posição para ensinar seu Sistema de Fala Visível.",respostas_gpt5.5_mini,ele,acompanhou,seu pai a Montreal,3
"Depois que a família se estabeleceu, Bell e seu pai fizeram planos para estabelecer uma prática de ensino e, em 1871, ele acompanhou seu pai a Montreal, onde foi oferecido a Melville uma posição para ensinar seu Sistema de Fala Visível.",respostasGemini3.1Pro,ele,acompanhou,seu pai a Montreal em 1871,4
"Em 10 de novembro de 2014, o presidente Barack Obama recomendou que a FCC reclassificasse o serviço de Internet de banda larga como um serviço de telecomunicações, a fim de preservar a neutralidade de a rede.",Claude_Sonnet5,a FCC,reclassificasse,"o serviço de Internet de banda larga como um serviço de telecomunicações, a fim de preservar a neutralidade de a rede",5
"Em 10 de novembro de 2014, o presidente Barack Obama recomendou que a FCC reclassificasse o serviço de Internet de banda larga como um serviço de telecomunicações, a fim de preservar a neutralidade de a rede.",PTOIE-Flair,a FCC,reclassificasse,o serviço de Internet de banda larga como um serviço de telecomunicações,5
"Em 10 de novembro de 2014, o presidente Barack Obama recomendou que a FCC reclassificasse o serviço de Internet de banda larga como um serviço de telecomunicações, a fim de preservar a neutralidade de a rede.",respostaDPTOIE-PY,a FCC,reclassificasse,o serviço de Internet de banda larga como um serviço de telecomunicações,5
"Em 10 de novembro de 2014, o presidente Barack Obama recomendou que a FCC reclassificasse o serviço de Internet de banda larga como um serviço de telecomunicações, a fim de preservar a neutralidade de a rede.",respostas_gpt5.5_mini,a FCC,reclassificasse,o serviço de Internet de banda larga como um serviço de telecomunicações,5
"Em 10 de novembro de 2014, o presidente Barack Obama recomendou que a FCC reclassificasse o serviço de Internet de banda larga como um serviço de telecomunicações, a fim de preservar a neutralidade de a rede.",respostasGemini3.1Pro,a FCC,reclassificasse,"o serviço de Internet de banda larga como um serviço de telecomunicações, a fim de preservar a neutralidade de a rede",5
"Em 26 de fevereiro de 2015, a FCC decidiu a favor de a neutralidade de a rede, adotando o Título II (operadora comum) de a Lei de Comunicações de 1934 e a Seção 706 de a Lei de Telecomunicações de 1996 em a Internet.",Claude_Sonnet5,a FCC,adotando,o Título II (operadora comum) de a Lei de Comunicações de 1934 em a Internet,3
"Em 26 de fevereiro de 2015, a FCC decidiu a favor de a neutralidade de a rede, adotando o Título II (operadora comum) de a Lei de Comunicações de 1934 e a Seção 706 de a Lei de Telecomunicações de 1996 em a Internet.",Claude_Sonnet5,a FCC,adotando,a Seção 706 de a Lei de Telecomunicações de 1996 em a Internet,3
"Em 26 de fevereiro de 2015, a FCC decidiu a favor de a neutralidade de a rede, adotando o Título II (operadora comum) de a Lei de Comunicações de 1934 e a Seção 706 de a Lei de Telecomunicações de 1996 em a Internet.",PTOIE-Flair,a FCC,decidiu,a favor de a neutralidade de a rede,3
"Em 26 de fevereiro de 2015, a FCC decidiu a favor de a neutralidade de a rede, adotando o Título II (operadora comum) de a Lei de Comunicações de 1934 e a Seção 706 de a Lei de Telecomunicações de 1996 em a Internet.",respostaGrok4.0Fast,a FCC,decidiu,a favor de a neutralidade de a rede,3
"Em 26 de fevereiro de 2015, a FCC decidiu a favor de a neutralidade de a rede, adotando o Título II (operadora comum) de a Lei de Comunicações de 1934 e a Seção 706 de a Lei de Telecomunicações de 1996 em a Internet.",respostas_gpt5.5_mini,a FCC,decidiu,a favor de a neutralidade de a rede,3
"Em 26 de fevereiro de 2015, a FCC decidiu a favor de a neutralidade de a rede, adotando o Título II (operadora comum) de a Lei de Comunicações de 1934 e a Seção 706 de a Lei de Telecomunicações de 1996 em a Internet.",respostas_gpt5.5_mini,a FCC,adotando,o Título II (operadora comum) de a Lei de Comunicações de 1934 e a Seção 706 de a Lei de Telecomunicações de 1996 em a Internet,3
"Em 26 de fevereiro de 2015, a FCC decidiu a favor de a neutralidade de a rede, adotando o Título II (operadora comum) de a Lei de Comunicações de 1934 e a Seção 706 de a Lei de Telecomunicações de 1996 em a Internet.",respostasGemini3.1Pro,a FCC,adotando,o Título II (operadora comum) de a Lei de Comunicações de 1934 em a Internet,3
"Em 26 de fevereiro de 2015, a FCC decidiu a favor de a neutralidade de a rede, adotando o Título II (operadora comum) de a Lei de Comunicações de 1934 e a Seção 706 de a Lei de Telecomunicações de 1996 em a Internet.",respostasGemini3.1Pro,a FCC,adotando,a Seção 706 de a Lei de Telecomunicações de 1996 em a Internet,3
"Ao sair de a Universidade de Oxford, em 1676, Edmond Halley visitou Santa Helena e montou um observatório astronômico com um telescópio aéreo de 7,3 metros de comprimento com a intenção de estudar estrelas de o Hemisfério Sul.",Claude_Sonnet5,Edmond Halley,montou,"um observatório astronômico com um telescópio aéreo de 7,3 metros de comprimento com a intenção de estudar estrelas de o Hemisfério Sul",3
"Ao sair de a Universidade de Oxford, em 1676, Edmond Halley visitou Santa Helena e montou um observatório astronômico com um telescópio aéreo de 7,3 metros de comprimento com a intenção de estudar estrelas de o Hemisfério Sul.",respostas_gpt5.5_mini,Edmond Halley,montou,"um observatório astronômico com um telescópio aéreo de 7,3 metros de comprimento",3
"Ao sair de a Universidade de Oxford, em 1676, Edmond Halley visitou Santa Helena e montou um observatório astronômico com um telescópio aéreo de 7,3 metros de comprimento com a intenção de estudar estrelas de o Hemisfério Sul.",respostasGemini3.1Pro,Edmond Halley,montou,"um observatório astronômico com um telescópio aéreo de 7,3 metros de comprimento com a intenção de estudar estrelas de o Hemisfério Sul",3
"Em 1840, Santa Helena tornou-se uma estação de abastecimento de o Esquadrão Britânico de a África Ocidental, impedindo a escravidão em o Brasil (principalmente), e muitos milhares de escravos foram libertados em a ilha.",Claude_Sonnet5,muitos milhares de escravos,foram libertados em,a ilha,3
"Em 1840, Santa Helena tornou-se uma estação de abastecimento de o Esquadrão Britânico de a África Ocidental, impedindo a escravidão em o Brasil (principalmente), e muitos milhares de escravos foram libertados em a ilha.",respostas_gpt5.5_mini,muitos milhares de escravos,foram libertados,em a ilha,3
"Em 1840, Santa Helena tornou-se uma estação de abastecimento de o Esquadrão Britânico de a África Ocidental, impedindo a escravidão em o Brasil (principalmente), e muitos milhares de escravos foram libertados em a ilha.",respostasGemini3.1Pro,muitos milhares de escravos,foram libertados,em a ilha,3
"A maioria de os residentes pertence a a Comunhão Anglicana e é membro de a Diocese de Santa Helena, que tem seu próprio bispo e inclui a Ilha de a Ascensão.",Claude_Sonnet5,a Diocese de Santa Helena,tem,seu próprio bispo,3
"A maioria de os residentes pertence a a Comunhão Anglicana e é membro de a Diocese de Santa Helena, que tem seu próprio bispo e inclui a Ilha de a Ascensão.",Claude_Sonnet5,a Diocese de Santa Helena,inclui,a Ilha de a Ascensão,3
"A maioria de os residentes pertence a a Comunhão Anglicana e é membro de a Diocese de Santa Helena, que tem seu próprio bispo e inclui a Ilha de a Ascensão.",respostas_gpt5.5_mini,a Diocese de Santa Helena,tem,seu próprio bispo,3
"A maioria de os residentes pertence a a Comunhão Anglicana e é membro de a Diocese de Santa Helena, que tem seu próprio bispo e inclui a Ilha de a Ascensão.",respostas_gpt5.5_mini,a Diocese de Santa Helena,inclui,a Ilha de a Ascensão,3
"A maioria de os residentes pertence a a Comunhão Anglicana e é membro de a Diocese de Santa Helena, que tem seu próprio bispo e inclui a Ilha de a Ascensão.",respostasGemini3.1Pro,a Diocese de Santa Helena,tem,seu próprio bispo,3
"A maioria de os residentes pertence a a Comunhão Anglicana e é membro de a Diocese de Santa Helena, que tem seu próprio bispo e inclui a Ilha de a Ascensão.",respostasGemini3.1Pro,a Diocese de Santa Helena,inclui,a Ilha de a Ascensão,3
A Rádio comunitária Saint FM assumiu os canais de rádio desocupados por a Saint FM e foi lançada em 10 de março de 2013.,Claude_Sonnet5,A Rádio comunitária Saint FM,foi lançada em,10 de março de 2013,4
A Rádio comunitária Saint FM assumiu os canais de rádio desocupados por a Saint FM e foi lançada em 10 de março de 2013.,respostaGrok4.0Fast,A Rádio comunitária Saint FM,foi lançada em,10 de março de 2013,4
A Rádio comunitária Saint FM assumiu os canais de rádio desocupados por a Saint FM e foi lançada em 10 de março de 2013.,respostas_gpt5.5_mini,A Rádio comunitária Saint FM,foi lançada,em 10 de março de 2013,4
A Rádio comunitária Saint FM assumiu os canais de rádio desocupados por a Saint FM e foi lançada em 10 de março de 2013.,respostasGemini3.1Pro,A Rádio comunitária Saint FM,foi lançada em,10 de março de 2013,4
"Em Wahgi, as consoantes são aspiradas apenas em a posição final.",PTOIE-Flair,as consoantes,são aspiradas,em a posição final,4
"Em Wahgi, as consoantes são aspiradas apenas em a posição final.",respostaDPTOIE-PY,as consoantes,são aspiradas,"Em Wahgi , apenas em a posição final",4
"Em Wahgi, as consoantes são aspiradas apenas em a posição final.",respostaGrok4.0Fast,as consoantes,são aspiradas,apenas em a posição final,4
"Em Wahgi, as consoantes são aspiradas apenas em a posição final.",respostas_gpt5.5_mini,as consoantes,são aspiradas,apenas em a posição final,4
Maxwell observou que a capacidade térmica específica de o H2 se afasta inexplicavelmente de a de um gás diatômico abaixo de a temperatura ambiente e começa a se assemelhar cada vez mais a a de um gás monatômico a temperaturas criogênicas.,Claude_Sonnet5,Maxwell,observou,que a capacidade térmica específica de o H2 se afasta inexplicavelmente de a de um gás diatômico abaixo de a temperatura ambiente,4
Maxwell observou que a capacidade térmica específica de o H2 se afasta inexplicavelmente de a de um gás diatômico abaixo de a temperatura ambiente e começa a se assemelhar cada vez mais a a de um gás monatômico a temperaturas criogênicas.,Claude_Sonnet5,a capacidade térmica específica de o H2,começa a se assemelhar cada vez mais a,a de um gás monatômico a temperaturas criogênicas,3
Maxwell observou que a capacidade térmica específica de o H2 se afasta inexplicavelmente de a de um gás diatômico abaixo de a temperatura ambiente e começa a se assemelhar cada vez mais a a de um gás monatômico a temperaturas criogênicas.,respostaGrok4.0Fast,Maxwell,observou,que a capacidade térmica específica de o H2 se afasta inexplicavelmente de a de um gás diatômico,4
Maxwell observou que a capacidade térmica específica de o H2 se afasta inexplicavelmente de a de um gás diatômico abaixo de a temperatura ambiente e começa a se assemelhar cada vez mais a a de um gás monatômico a temperaturas criogênicas.,respostas_gpt5.5_mini,Maxwell,observou,que a capacidade térmica específica de o H2 se afasta inexplicavelmente de a de um gás diatômico abaixo de a temperatura ambiente e começa a se assemelhar cada vez mais a a de um gás monatômico a temperaturas criogênicas,4
Maxwell observou que a capacidade térmica específica de o H2 se afasta inexplicavelmente de a de um gás diatômico abaixo de a temperatura ambiente e começa a se assemelhar cada vez mais a a de um gás monatômico a temperaturas criogênicas.,respostas_gpt5.5_mini,a capacidade térmica específica de o H2,começa a se assemelhar,a a de um gás monatômico a temperaturas criogênicas,3
Maxwell observou que a capacidade térmica específica de o H2 se afasta inexplicavelmente de a de um gás diatômico abaixo de a temperatura ambiente e começa a se assemelhar cada vez mais a a de um gás monatômico a temperaturas criogênicas.,respostasGemini3.1Pro,Maxwell,observou,que a capacidade térmica específica de o H2 se afasta inexplicavelmente de a de um gás diatômico abaixo de a temperatura ambiente,4
Maxwell observou que a capacidade térmica específica de o H2 se afasta inexplicavelmente de a de um gás diatômico abaixo de a temperatura ambiente e começa a se assemelhar cada vez mais a a de um gás monatômico a temperaturas criogênicas.,respostasGemini3.1Pro,a capacidade térmica específica de o H2,começa a se assemelhar cada vez mais a,a de um gás monatômico a temperaturas criogênicas,3
"Uma corrente de baixa tensão é percorrida por a água e o oxigênio gasoso se forma em o ânodo, enquanto o hidrogênio gasoso se forma em o cátodo.",Claude_Sonnet5,o hidrogênio gasoso,se forma em,o cátodo,4
"Uma corrente de baixa tensão é percorrida por a água e o oxigênio gasoso se forma em o ânodo, enquanto o hidrogênio gasoso se forma em o cátodo.",respostaGrok4.0Fast,o hidrogênio gasoso,se forma em,o cátodo,4
"Uma corrente de baixa tensão é percorrida por a água e o oxigênio gasoso se forma em o ânodo, enquanto o hidrogênio gasoso se forma em o cátodo.",respostas_gpt5.5_mini,o hidrogênio gasoso,se forma em,o cátodo,4
"Uma corrente de baixa tensão é percorrida por a água e o oxigênio gasoso se forma em o ânodo, enquanto o hidrogênio gasoso se forma em o cátodo.",respostasGemini3.1Pro,o hidrogênio gasoso,se forma em,o cátodo,4
"Andreessen, líder de a equipe Mosaic em o Centro Nacional de Aplicações de Supercomputação (NCSA), logo fundou sua própria empresa, chamada Netscape, e lançou o Netscape Navigator, influenciado por o Mosaic, em 1994, que rapidamente se tornou o navegador mais popular de o mundo, respondendo por 90 % de todo o uso de a Web em o auge (consulte a participação de navegadores em a Web).",Claude_Sonnet5,Andreessen,é,líder de a equipe Mosaic em o Centro Nacional de Aplicações de Supercomputação (NCSA),3
"Andreessen, líder de a equipe Mosaic em o Centro Nacional de Aplicações de Supercomputação (NCSA), logo fundou sua própria empresa, chamada Netscape, e lançou o Netscape Navigator, influenciado por o Mosaic, em 1994, que rapidamente se tornou o navegador mais popular de o mundo, respondendo por 90 % de todo o uso de a Web em o auge (consulte a participação de navegadores em a Web).",respostaGrok4.0Fast,Andreessen,é,líder de a equipe Mosaic em o Centro Nacional de Aplicações de Supercomputação (NCSA),3
"Andreessen, líder de a equipe Mosaic em o Centro Nacional de Aplicações de Supercomputação (NCSA), logo fundou sua própria empresa, chamada Netscape, e lançou o Netscape Navigator, influenciado por o Mosaic, em 1994, que rapidamente se tornou o navegador mais popular de o mundo, respondendo por 90 % de todo o uso de a Web em o auge (consulte a participação de navegadores em a Web).",respostaGrok4.0Fast,Andreessen,fundou,"sua própria empresa, chamada Netscape",3
"Andreessen, líder de a equipe Mosaic em o Centro Nacional de Aplicações de Supercomputação (NCSA), logo fundou sua própria empresa, chamada Netscape, e lançou o Netscape Navigator, influenciado por o Mosaic, em 1994, que rapidamente se tornou o navegador mais popular de o mundo, respondendo por 90 % de todo o uso de a Web em o auge (consulte a participação de navegadores em a Web).",respostas_gpt5.5_mini,Andreessen,fundou,"sua própria empresa, chamada Netscape",3
"Andreessen, líder de a equipe Mosaic em o Centro Nacional de Aplicações de Supercomputação (NCSA), logo fundou sua própria empresa, chamada Netscape, e lançou o Netscape Navigator, influenciado por o Mosaic, em 1994, que rapidamente se tornou o navegador mais popular de o mundo, respondendo por 90 % de todo o uso de a Web em o auge (consulte a participação de navegadores em a Web).",respostasGemini3.1Pro,Andreessen,é,líder de a equipe Mosaic em o Centro Nacional de Aplicações de Supercomputação (NCSA),3
"Andreessen, líder de a equipe Mosaic em o Centro Nacional de Aplicações de Supercomputação (NCSA), logo fundou sua própria empresa, chamada Netscape, e lançou o Netscape Navigator, influenciado por o Mosaic, em 1994, que rapidamente se tornou o navegador mais popular de o mundo, respondendo por 90 % de todo o uso de a Web em o auge (consulte a participação de navegadores em a Web).",respostasGemini3.1Pro,Andreessen,fundou,"sua própria empresa, chamada Netscape",3
Boston (pronuncia-se i / ˈbɒstən /) é a capital e maior cidade de a Commonwealth of Massachusetts em os Estados Unidos.,Claude_Sonnet5,Boston,é,a capital de a Commonwealth of Massachusetts em os Estados Unidos,3
Boston (pronuncia-se i / ˈbɒstən /) é a capital e maior cidade de a Commonwealth of Massachusetts em os Estados Unidos.,respostas_gpt5.5_mini,Boston,é,maior cidade de a Commonwealth of Massachusetts em os Estados Unidos,3
Boston (pronuncia-se i / ˈbɒstən /) é a capital e maior cidade de a Commonwealth of Massachusetts em os Estados Unidos.,respostasGemini3.1Pro,Boston,é,maior cidade de a Commonwealth of Massachusetts em os Estados Unidos,3
"Na época em que Boston foi declarada como cidade, a população era de 46.226 habitantes, enquanto a área de a cidade era de apenas 12 km2.",Claude_Sonnet5,a população,era de,46.226 habitantes,3
"Na época em que Boston foi declarada como cidade, a população era de 46.226 habitantes, enquanto a área de a cidade era de apenas 12 km2.",Claude_Sonnet5,a área de a cidade,era de,apenas 12 km2,3
"Na época em que Boston foi declarada como cidade, a população era de 46.226 habitantes, enquanto a área de a cidade era de apenas 12 km2.",respostaGrok4.0Fast,a população,era de,46.226 habitantes,3
"Na época em que Boston foi declarada como cidade, a população era de 46.226 habitantes, enquanto a área de a cidade era de apenas 12 km2.",respostas_gpt5.5_mini,a população,era de,46.226 habitantes,3
"Na época em que Boston foi declarada como cidade, a população era de 46.226 habitantes, enquanto a área de a cidade era de apenas 12 km2.",respostas_gpt5.5_mini,a área de a cidade,era de,apenas 12 km2,3
"Na época em que Boston foi declarada como cidade, a população era de 46.226 habitantes, enquanto a área de a cidade era de apenas 12 km2.",respostasGemini3.1Pro,a área de a cidade,era de,apenas 12 km2,3
"O rio Charles separa Boston de Watertown e a maioria de Cambridge, e a massa de Boston de seu próprio bairro de Charlestown.",Claude_Sonnet5,O rio Charles,separa,Boston de a maioria de Cambridge,3
"O rio Charles separa Boston de Watertown e a maioria de Cambridge, e a massa de Boston de seu próprio bairro de Charlestown.",Claude_Sonnet5,O rio Charles,separa,a massa de Boston de seu próprio bairro de Charlestown,5
"O rio Charles separa Boston de Watertown e a maioria de Cambridge, e a massa de Boston de seu próprio bairro de Charlestown.",PTOIE-Flair,O rio Charles,separa,"Boston de Watertown e a maioria de Cambridge, e a massa de Boston de seu próprio bairro de Charlestown",5
"O rio Charles separa Boston de Watertown e a maioria de Cambridge, e a massa de Boston de seu próprio bairro de Charlestown.",respostaDPTOIE-PY,O rio Charles,separa,"Boston de Watertown e a maioria de Cambridge , e a massa de Boston de seu próprio bairro de Charlestown",5
"O rio Charles separa Boston de Watertown e a maioria de Cambridge, e a massa de Boston de seu próprio bairro de Charlestown.",respostas_gpt5.5_mini,O rio Charles,separa,a maioria de Cambridge,3
"O rio Charles separa Boston de Watertown e a maioria de Cambridge, e a massa de Boston de seu próprio bairro de Charlestown.",respostas_gpt5.5_mini,O rio Charles,separa,a massa de Boston de seu próprio bairro de Charlestown,5
"O rio Charles separa Boston de Watertown e a maioria de Cambridge, e a massa de Boston de seu próprio bairro de Charlestown.",respostasGemini3.1Pro,O rio Charles,separa,Boston de a maioria de Cambridge,3
"O rio Charles separa Boston de Watertown e a maioria de Cambridge, e a massa de Boston de seu próprio bairro de Charlestown.",respostasGemini3.1Pro,O rio Charles,separa,a massa de Boston de seu próprio bairro de Charlestown,5
"O mês mais frio é janeiro, com uma média de 29,0 ° F (-1,7 ° C).",Claude_Sonnet5,O mês mais frio,é,"janeiro, com uma média de 29,0 ° F (-1,7 ° C)",3
"O mês mais frio é janeiro, com uma média de 29,0 ° F (-1,7 ° C).",respostaDPTOIE-PY,O mês mais frio,é,"janeiro , com uma média de 29,0 ° F ( -1,7 ° C )",3
"O mês mais frio é janeiro, com uma média de 29,0 ° F (-1,7 ° C).",respostasGemini3.1Pro,O mês mais frio,é,"janeiro, com uma média de 29,0 ° F (-1,7 ° C)",3
"O Boston Red Sox, membro fundador de a Liga Americana de Major League Baseball em 1901, joga seus jogos em casa em o Fenway Park, perto de Kenmore Square, em a seção Fenway de a cidade.",Claude_Sonnet5,O Boston Red Sox,joga,"seus jogos em casa em o Fenway Park, perto de Kenmore Square, em a seção Fenway de a cidade",3
"O Boston Red Sox, membro fundador de a Liga Americana de Major League Baseball em 1901, joga seus jogos em casa em o Fenway Park, perto de Kenmore Square, em a seção Fenway de a cidade.",Claude_Sonnet5,O Boston Red Sox,é,membro fundador de a Liga Americana de Major League Baseball em 1901,3
"O Boston Red Sox, membro fundador de a Liga Americana de Major League Baseball em 1901, joga seus jogos em casa em o Fenway Park, perto de Kenmore Square, em a seção Fenway de a cidade.",respostaDPTOIE-PY,"O Boston Red Sox , membro fundador",joga,"seus jogos em casa em o Fenway Park , perto de Kenmore Square , em a seção Fenway de a cidade",3
"O Boston Red Sox, membro fundador de a Liga Americana de Major League Baseball em 1901, joga seus jogos em casa em o Fenway Park, perto de Kenmore Square, em a seção Fenway de a cidade.",respostas_gpt5.5_mini,O Boston Red Sox,é,membro fundador de a Liga Americana de Major League Baseball em 1901,3
"O Boston Red Sox, membro fundador de a Liga Americana de Major League Baseball em 1901, joga seus jogos em casa em o Fenway Park, perto de Kenmore Square, em a seção Fenway de a cidade.",respostasGemini3.1Pro,O Boston Red Sox,é,membro fundador de a Liga Americana de Major League Baseball em 1901,3
"O Boston Red Sox, membro fundador de a Liga Americana de Major League Baseball em 1901, joga seus jogos em casa em o Fenway Park, perto de Kenmore Square, em a seção Fenway de a cidade.",respostasGemini3.1Pro,O Boston Red Sox,joga,"seus jogos em casa em o Fenway Park, perto de Kenmore Square, em a seção Fenway de a cidade",3
"O mês mais quente é Julho, com temperatura média de 73,4 ° F (23,0 ° C).",Claude_Sonnet5,O mês mais quente,é,"Julho, com temperatura média de 73,4 ° F (23,0 ° C)",3
"O mês mais quente é Julho, com temperatura média de 73,4 ° F (23,0 ° C).",respostaDPTOIE-PY,O mês mais quente,é,"Julho , com temperatura média de 73,4 ° F ( 23,0 ° C )",3
"O mês mais quente é Julho, com temperatura média de 73,4 ° F (23,0 ° C).",respostasGemini3.1Pro,O mês mais quente,é,"Julho, com temperatura média de 73,4 ° F (23,0 ° C)",3
"A órbita de o Compass-M1 é quase circular, tem uma altitude de 21.150 km e uma inclinação de 55,5 graus.",Claude_Sonnet5,A órbita de o Compass-M1,tem,uma altitude de 21.150 km,4
"A órbita de o Compass-M1 é quase circular, tem uma altitude de 21.150 km e uma inclinação de 55,5 graus.",Claude_Sonnet5,A órbita de o Compass-M1,tem,"uma inclinação de 55,5 graus",4
"A órbita de o Compass-M1 é quase circular, tem uma altitude de 21.150 km e uma inclinação de 55,5 graus.",PTOIE-Flair,A órbita de o Compass-M1,tem,"uma altitude de 21.150 km e uma inclinação de 55,5 graus",4
"A órbita de o Compass-M1 é quase circular, tem uma altitude de 21.150 km e uma inclinação de 55,5 graus.",respostas_gpt5.5_mini,A órbita de o Compass-M1,tem,uma altitude de 21.150 km,4
"A órbita de o Compass-M1 é quase circular, tem uma altitude de 21.150 km e uma inclinação de 55,5 graus.",respostas_gpt5.5_mini,A órbita de o Compass-M1,tem,"uma inclinação de 55,5 graus",4
"A órbita de o Compass-M1 é quase circular, tem uma altitude de 21.150 km e uma inclinação de 55,5 graus.",respostasGemini3.1Pro,A órbita de o Compass-M1,tem,uma altitude de 21.150 km,4
"A órbita de o Compass-M1 é quase circular, tem uma altitude de 21.150 km e uma inclinação de 55,5 graus.",respostasGemini3.1Pro,A órbita de o Compass-M1,tem,"uma inclinação de 55,5 graus",4
"Logo após a Revolução Francesa (1789), a Primeira República Francesa proibiu o uso oficial e adotou políticas discriminatórias contra as línguas não padronizadas de a França (patois), como catalão, alsaciano, bretão, occitânico, flamengo e basco.",Claude_Sonnet5,a Primeira República Francesa,proibiu,logo após a Revolução Francesa (1789) o uso oficial,3
"Logo após a Revolução Francesa (1789), a Primeira República Francesa proibiu o uso oficial e adotou políticas discriminatórias contra as línguas não padronizadas de a França (patois), como catalão, alsaciano, bretão, occitânico, flamengo e basco.",Claude_Sonnet5,a Primeira República Francesa,adotou,"políticas discriminatórias contra as línguas não padronizadas de a França (patois), como catalão",3
"Logo após a Revolução Francesa (1789), a Primeira República Francesa proibiu o uso oficial e adotou políticas discriminatórias contra as línguas não padronizadas de a França (patois), como catalão, alsaciano, bretão, occitânico, flamengo e basco.",respostaDPTOIE-PY,a Primeira República Francesa,proibiu,"Logo após a Revolução Francesa ( 1789 ) , o uso oficial",3
"Logo após a Revolução Francesa (1789), a Primeira República Francesa proibiu o uso oficial e adotou políticas discriminatórias contra as línguas não padronizadas de a França (patois), como catalão, alsaciano, bretão, occitânico, flamengo e basco.",respostas_gpt5.5_mini,a Primeira República Francesa,adotou,políticas discriminatórias contra as línguas não padronizadas de a França (patois),3
"Logo após a Revolução Francesa (1789), a Primeira República Francesa proibiu o uso oficial e adotou políticas discriminatórias contra as línguas não padronizadas de a França (patois), como catalão, alsaciano, bretão, occitânico, flamengo e basco.",respostasGemini3.1Pro,a Primeira República Francesa,proibiu,o uso oficial Logo após a Revolução Francesa (1789),3
"Logo após a Revolução Francesa (1789), a Primeira República Francesa proibiu o uso oficial e adotou políticas discriminatórias contra as línguas não padronizadas de a França (patois), como catalão, alsaciano, bretão, occitânico, flamengo e basco.",respostasGemini3.1Pro,a Primeira República Francesa,adotou,políticas discriminatórias contra as línguas não padronizadas de a França (patois) Logo após a Revolução Francesa (1789),3
"Uma definição operacional ampla às vezes é usada para abranger a complexidade desses fenômenos diversos, onde um gene é definido como uma união de sequências genômicas que codificam um conjunto coerente de produtos funcionais potencialmente sobrepostos.",Claude_Sonnet5,um gene,é definido como,uma união de sequências genômicas que codificam um conjunto coerente de produtos funcionais potencialmente sobrepostos,3
"Uma definição operacional ampla às vezes é usada para abranger a complexidade desses fenômenos diversos, onde um gene é definido como uma união de sequências genômicas que codificam um conjunto coerente de produtos funcionais potencialmente sobrepostos.",respostas_gpt5.5_mini,um gene,é definido como,uma união de sequências genômicas que codificam um conjunto coerente de produtos funcionais potencialmente sobrepostos,3
"Uma definição operacional ampla às vezes é usada para abranger a complexidade desses fenômenos diversos, onde um gene é definido como uma união de sequências genômicas que codificam um conjunto coerente de produtos funcionais potencialmente sobrepostos.",respostasGemini3.1Pro,Uma definição operacional ampla,é usada para,abranger a complexidade desses fenômenos diversos,3
"Uma definição operacional ampla às vezes é usada para abranger a complexidade desses fenômenos diversos, onde um gene é definido como uma união de sequências genômicas que codificam um conjunto coerente de produtos funcionais potencialmente sobrepostos.",respostasGemini3.1Pro,um gene,é definido como,uma união de sequências genômicas que codificam um conjunto coerente de produtos funcionais potencialmente sobrepostos,3
"A partir de o século XVI, a literatura catalã sofreu um declínio, a língua ficou sob a influência de o espanhol e as aulas de urbano e literário tornaram-se bilíngues.",Claude_Sonnet5,as aulas de urbano,tornaram-se,bilíngues,3
"A partir de o século XVI, a literatura catalã sofreu um declínio, a língua ficou sob a influência de o espanhol e as aulas de urbano e literário tornaram-se bilíngues.",respostas_gpt5.5_mini,as aulas de urbano e literário,tornaram-se,bilíngues,3
"A partir de o século XVI, a literatura catalã sofreu um declínio, a língua ficou sob a influência de o espanhol e as aulas de urbano e literário tornaram-se bilíngues.",respostasGemini3.1Pro,as aulas de urbano e literário,tornaram-se,bilíngues,3
"Equipe principal de alguns de os jogadores mais conceituados de a AFL, incluindo George LaFrance e Gary e Alvin Rettig, além de ser uma segunda chance de carreira para o quarterback Art Schlichter, o Drive jogava regularmente antes de lotar o estádio Joe Louis Arena, e foi a o ArenaBowl todos os anos de sua existência (1988-1993).",Claude_Sonnet5,o Drive,foi a,o ArenaBowl todos os anos de sua existência (1988-1993),3
"Equipe principal de alguns de os jogadores mais conceituados de a AFL, incluindo George LaFrance e Gary e Alvin Rettig, além de ser uma segunda chance de carreira para o quarterback Art Schlichter, o Drive jogava regularmente antes de lotar o estádio Joe Louis Arena, e foi a o ArenaBowl todos os anos de sua existência (1988-1993).",respostas_gpt5.5_mini,o Drive,foi a,o ArenaBowl todos os anos de sua existência (1988-1993),3
"Equipe principal de alguns de os jogadores mais conceituados de a AFL, incluindo George LaFrance e Gary e Alvin Rettig, além de ser uma segunda chance de carreira para o quarterback Art Schlichter, o Drive jogava regularmente antes de lotar o estádio Joe Louis Arena, e foi a o ArenaBowl todos os anos de sua existência (1988-1993).",respostasGemini3.1Pro,o Drive,foi a o,ArenaBowl todos os anos de sua existência (1988-1993),3
"Nos eucariotos, a transcrição ocorre em o núcleo, onde o DNA de a célula é armazenado.",Claude_Sonnet5,o DNA de a célula,é armazenado,em o núcleo,3
"Nos eucariotos, a transcrição ocorre em o núcleo, onde o DNA de a célula é armazenado.",respostas_gpt5.5_mini,o DNA de a célula,é armazenado,em o núcleo,3
"Nos eucariotos, a transcrição ocorre em o núcleo, onde o DNA de a célula é armazenado.",respostasGemini3.1Pro,o DNA de a célula,é armazenado,em o núcleo,3
"O início de a década de 1990 marcou o abrandamento de o R&B urbano, a o mesmo tempo em que o rock alternativo surgiu e o pop tradicional teve um ressurgimento significativo.",Claude_Sonnet5,o pop tradicional,teve,um ressurgimento significativo,4
"O início de a década de 1990 marcou o abrandamento de o R&B urbano, a o mesmo tempo em que o rock alternativo surgiu e o pop tradicional teve um ressurgimento significativo.",respostaDPTOIE-PY,o pop tradicional,teve,um ressurgimento significativo,4
"O início de a década de 1990 marcou o abrandamento de o R&B urbano, a o mesmo tempo em que o rock alternativo surgiu e o pop tradicional teve um ressurgimento significativo.",respostas_gpt5.5_mini,o pop tradicional,teve,um ressurgimento significativo,4
"O início de a década de 1990 marcou o abrandamento de o R&B urbano, a o mesmo tempo em que o rock alternativo surgiu e o pop tradicional teve um ressurgimento significativo.",respostasGemini3.1Pro,o pop tradicional,teve,um ressurgimento significativo,4
"Denominado o equivalente acústico a o Prozac, contemporâneo adulto suave, uma versão mais voltada para adultos de o AC, nasceu em o final de a década de 1970 e cresceu em o início de os anos 80.",Claude_Sonnet5,contemporâneo adulto suave,nasceu em,o final de a década de 1970,3
"Denominado o equivalente acústico a o Prozac, contemporâneo adulto suave, uma versão mais voltada para adultos de o AC, nasceu em o final de a década de 1970 e cresceu em o início de os anos 80.",respostaGrok4.0Fast,contemporâneo adulto suave,nasceu em,o final de a década de 1970,3
"Denominado o equivalente acústico a o Prozac, contemporâneo adulto suave, uma versão mais voltada para adultos de o AC, nasceu em o final de a década de 1970 e cresceu em o início de os anos 80.",respostasGemini3.1Pro,contemporâneo adulto suave,nasceu em,o final de a década de 1970,3
"Desde 1560, em o entanto, o edifício não é mais uma abadia nem uma catedral, tendo o status de Igreja de a Inglaterra Peculiar Real - uma igreja responsável diretamente por o soberano.",Claude_Sonnet5,o edifício,tendo,o status de Igreja de a Inglaterra Peculiar Real,3
"Desde 1560, em o entanto, o edifício não é mais uma abadia nem uma catedral, tendo o status de Igreja de a Inglaterra Peculiar Real - uma igreja responsável diretamente por o soberano.",respostas_gpt5.5_mini,o edifício,tendo,o status de Igreja de a Inglaterra Peculiar Real,3
"Desde 1560, em o entanto, o edifício não é mais uma abadia nem uma catedral, tendo o status de Igreja de a Inglaterra Peculiar Real - uma igreja responsável diretamente por o soberano.",respostasGemini3.1Pro,o edifício,tendo,o status de Igreja de a Inglaterra Peculiar Real,3
"A Abadia de Westminster, formalmente denominada Igreja Colegiada de São Pedro em Westminster, é uma grande igreja de a abadia, principalmente gótica, em a Cidade de Westminster, Londres, localizada a oeste de o Palácio de Westminster.",Claude_Sonnet5,A Abadia de Westminster,é,"uma grande igreja de a abadia, principalmente gótica, em a Cidade de Westminster, Londres",4
"A Abadia de Westminster, formalmente denominada Igreja Colegiada de São Pedro em Westminster, é uma grande igreja de a abadia, principalmente gótica, em a Cidade de Westminster, Londres, localizada a oeste de o Palácio de Westminster.",respostaDPTOIE-PY,A Abadia de Westminster,é,"uma grande igreja de a abadia , principalmente gótica , em a Cidade de Westminster , Londres , localizada a oeste de o Palácio de Westminster",4
"A Abadia de Westminster, formalmente denominada Igreja Colegiada de São Pedro em Westminster, é uma grande igreja de a abadia, principalmente gótica, em a Cidade de Westminster, Londres, localizada a oeste de o Palácio de Westminster.",respostas_gpt5.5_mini,A Abadia de Westminster,é,"uma grande igreja de a abadia, principalmente gótica, em a Cidade de Westminster, Londres",4
"A Abadia de Westminster, formalmente denominada Igreja Colegiada de São Pedro em Westminster, é uma grande igreja de a abadia, principalmente gótica, em a Cidade de Westminster, Londres, localizada a oeste de o Palácio de Westminster.",respostasGemini3.1Pro,A Abadia de Westminster,é,"uma grande igreja de a abadia, principalmente gótica, em a Cidade de Westminster, Londres",4
"Hoje, com uma longa tradição cultural e forte apoio de instituições educacionais locais, Nanjing é comumente vista como uma cidade de a cultura e uma de as cidades mais agradáveis para se viver em a China.",PTOIE-Flair,Nanjing,é comumente vista,como uma cidade de a cultura e uma de as cidades mais agradáveis,3
"Hoje, com uma longa tradição cultural e forte apoio de instituições educacionais locais, Nanjing é comumente vista como uma cidade de a cultura e uma de as cidades mais agradáveis para se viver em a China.",respostas_gpt5.5_mini,Nanjing,é comumente vista como,uma de as cidades mais agradáveis para se viver em a China,3
"Hoje, com uma longa tradição cultural e forte apoio de instituições educacionais locais, Nanjing é comumente vista como uma cidade de a cultura e uma de as cidades mais agradáveis para se viver em a China.",respostasGemini3.1Pro,Nanjing,é comumente vista como,uma de as cidades mais agradáveis para se viver em a China,3
"A Ópera Kun em a província de Jiangsu é um de os melhores teatros de Kunqu, a mais antiga arte de palco de a China.",Claude_Sonnet5,Kunqu,é,a mais antiga arte de palco de a China,3
"A Ópera Kun em a província de Jiangsu é um de os melhores teatros de Kunqu, a mais antiga arte de palco de a China.",respostas_gpt5.5_mini,Kunqu,é,a mais antiga arte de palco de a China,3
"A Ópera Kun em a província de Jiangsu é um de os melhores teatros de Kunqu, a mais antiga arte de palco de a China.",respostasGemini3.1Pro,Kunqu,é,a mais antiga arte de palco de a China,3
"E as pessoas são até chamadas de Nanjing rabanete grande, o que significa que não são sofisticadas, apaixonadas e conservadoras.",Claude_Sonnet5,as pessoas,são até chamadas de,Nanjing rabanete grande,4
"E as pessoas são até chamadas de Nanjing rabanete grande, o que significa que não são sofisticadas, apaixonadas e conservadoras.",PTOIE-Flair,as pessoas,são até chamadas de,Nanjing rabanete grande,4
"E as pessoas são até chamadas de Nanjing rabanete grande, o que significa que não são sofisticadas, apaixonadas e conservadoras.",respostaDPTOIE-PY,as pessoas,são chamadas,até de Nanjing rabanete grande,3
"E as pessoas são até chamadas de Nanjing rabanete grande, o que significa que não são sofisticadas, apaixonadas e conservadoras.",respostaGrok4.0Fast,as pessoas,são chamadas de,Nanjing rabanete grande,5
"E as pessoas são até chamadas de Nanjing rabanete grande, o que significa que não são sofisticadas, apaixonadas e conservadoras.",respostas_gpt5.5_mini,as pessoas,são chamadas de,Nanjing rabanete grande,5
"Uma de as fontes mais interessantes é a Kindlifresserbrunnen (alemão de Bernese fonte de comensal de as crianças, mas muitas vezes traduzida como fonte de ogro), que se afirma representar um judeu, o deus grego Chronos ou uma figura Fastnacht que assusta crianças desobedientes.",Claude_Sonnet5,uma figura Fastnacht,assusta,crianças desobedientes,3
"Uma de as fontes mais interessantes é a Kindlifresserbrunnen (alemão de Bernese fonte de comensal de as crianças, mas muitas vezes traduzida como fonte de ogro), que se afirma representar um judeu, o deus grego Chronos ou uma figura Fastnacht que assusta crianças desobedientes.",respostas_gpt5.5_mini,uma figura Fastnacht,assusta,crianças desobedientes,3
"Uma de as fontes mais interessantes é a Kindlifresserbrunnen (alemão de Bernese fonte de comensal de as crianças, mas muitas vezes traduzida como fonte de ogro), que se afirma representar um judeu, o deus grego Chronos ou uma figura Fastnacht que assusta crianças desobedientes.",respostasGemini3.1Pro,uma figura Fastnacht,assusta,crianças desobedientes,3
"Berna também é a capital de o Cantão de Berna, o segundo mais populoso de os cantões de a Suíça.",Claude_Sonnet5,o Cantão de Berna,é,o segundo mais populoso de os cantões de a Suíça,3
"Berna também é a capital de o Cantão de Berna, o segundo mais populoso de os cantões de a Suíça.",PTOIE-Flair,Berna,é,a capital de o Cantão de Berna,4
"Berna também é a capital de o Cantão de Berna, o segundo mais populoso de os cantões de a Suíça.",respostaGrok4.0Fast,Berna,é,a capital de o Cantão de Berna,4
"Berna também é a capital de o Cantão de Berna, o segundo mais populoso de os cantões de a Suíça.",respostas_gpt5.5_mini,Berna,é,a capital de o Cantão de Berna,4
"Berna também é a capital de o Cantão de Berna, o segundo mais populoso de os cantões de a Suíça.",respostas_gpt5.5_mini,o Cantão de Berna,é,o segundo mais populoso de os cantões de a Suíça,3
"Berna também é a capital de o Cantão de Berna, o segundo mais populoso de os cantões de a Suíça.",respostasGemini3.1Pro,Berna,é,a capital de o Cantão de Berna,4
"Berna também é a capital de o Cantão de Berna, o segundo mais populoso de os cantões de a Suíça.",respostasGemini3.1Pro,o Cantão de Berna,é,o segundo mais populoso de os cantões de a Suíça,3
"Em 16 de março de 2011, o cargueiro MS Oliva encalhou em a Ilha Nightingale, derramando toneladas de óleo combustível pesado em o oceano, deixando uma mancha de óleo ameaçando a população de a ilha de pinguins rockhopper.",Claude_Sonnet5,o cargueiro MS Oliva,derramando,toneladas de óleo combustível pesado em o oceano,3
"Em 16 de março de 2011, o cargueiro MS Oliva encalhou em a Ilha Nightingale, derramando toneladas de óleo combustível pesado em o oceano, deixando uma mancha de óleo ameaçando a população de a ilha de pinguins rockhopper.",Claude_Sonnet5,uma mancha de óleo,ameaçando,a população de a ilha de pinguins rockhopper,3
"Em 16 de março de 2011, o cargueiro MS Oliva encalhou em a Ilha Nightingale, derramando toneladas de óleo combustível pesado em o oceano, deixando uma mancha de óleo ameaçando a população de a ilha de pinguins rockhopper.",respostas_gpt5.5_mini,o cargueiro MS Oliva,derramando,toneladas de óleo combustível pesado em o oceano,3
"Em 16 de março de 2011, o cargueiro MS Oliva encalhou em a Ilha Nightingale, derramando toneladas de óleo combustível pesado em o oceano, deixando uma mancha de óleo ameaçando a população de a ilha de pinguins rockhopper.",respostas_gpt5.5_mini,uma mancha de óleo,ameaçando,a população de a ilha de pinguins rockhopper,3
"Em 16 de março de 2011, o cargueiro MS Oliva encalhou em a Ilha Nightingale, derramando toneladas de óleo combustível pesado em o oceano, deixando uma mancha de óleo ameaçando a população de a ilha de pinguins rockhopper.",respostasGemini3.1Pro,o cargueiro MS Oliva,derramando,toneladas de óleo combustível pesado em o oceano,3
"Em 16 de março de 2011, o cargueiro MS Oliva encalhou em a Ilha Nightingale, derramando toneladas de óleo combustível pesado em o oceano, deixando uma mancha de óleo ameaçando a população de a ilha de pinguins rockhopper.",respostasGemini3.1Pro,uma mancha de óleo,ameaçando,a população de a ilha de pinguins rockhopper,3
"A Ilha Nightingale não tem água fresca, então os pingüins foram transportados para Tristão de a Cunha para limpeza.",Claude_Sonnet5,os pingüins,foram transportados para,Tristão de a Cunha para limpeza,5
"A Ilha Nightingale não tem água fresca, então os pingüins foram transportados para Tristão de a Cunha para limpeza.",respostaDPTOIE-PY,os pingüins,foram transportados,então para Tristão de a Cunha para limpeza,5
"A Ilha Nightingale não tem água fresca, então os pingüins foram transportados para Tristão de a Cunha para limpeza.",respostaGrok4.0Fast,os pingüins,foram transportados para,Tristão de a Cunha para limpeza,5
"A Ilha Nightingale não tem água fresca, então os pingüins foram transportados para Tristão de a Cunha para limpeza.",respostas_gpt5.5_mini,os pingüins,foram transportados para,Tristão de a Cunha para limpeza,5
"A Ilha Nightingale não tem água fresca, então os pingüins foram transportados para Tristão de a Cunha para limpeza.",respostasGemini3.1Pro,os pingüins,foram transportados para,Tristão de a Cunha para limpeza,5
"O primeiro colono permanente foi Jonathan Lambert, de Salem, Massachusetts, Estados Unidos, que chegou às ilhas em Dezembro de 1810 com dois outros homens.",Claude_Sonnet5,O primeiro colono permanente,foi,"Jonathan Lambert, de Salem, Massachusetts, Estados Unidos",4
"O primeiro colono permanente foi Jonathan Lambert, de Salem, Massachusetts, Estados Unidos, que chegou às ilhas em Dezembro de 1810 com dois outros homens.",Claude_Sonnet5,Jonathan Lambert,chegou,às ilhas em Dezembro de 1810 com dois outros homens,3
"O primeiro colono permanente foi Jonathan Lambert, de Salem, Massachusetts, Estados Unidos, que chegou às ilhas em Dezembro de 1810 com dois outros homens.",respostaGrok4.0Fast,O primeiro colono permanente,foi,"Jonathan Lambert, de Salem, Massachusetts, Estados Unidos",4
"O primeiro colono permanente foi Jonathan Lambert, de Salem, Massachusetts, Estados Unidos, que chegou às ilhas em Dezembro de 1810 com dois outros homens.",respostas_gpt5.5_mini,O primeiro colono permanente,foi,"Jonathan Lambert, de Salem, Massachusetts, Estados Unidos",4
"O primeiro colono permanente foi Jonathan Lambert, de Salem, Massachusetts, Estados Unidos, que chegou às ilhas em Dezembro de 1810 com dois outros homens.",respostas_gpt5.5_mini,Jonathan Lambert,chegou,às ilhas em Dezembro de 1810 com dois outros homens,3
"O primeiro colono permanente foi Jonathan Lambert, de Salem, Massachusetts, Estados Unidos, que chegou às ilhas em Dezembro de 1810 com dois outros homens.",respostasGemini3.1Pro,O primeiro colono permanente,foi,"Jonathan Lambert, de Salem, Massachusetts, Estados Unidos",4
"O primeiro colono permanente foi Jonathan Lambert, de Salem, Massachusetts, Estados Unidos, que chegou às ilhas em Dezembro de 1810 com dois outros homens.",respostasGemini3.1Pro,Jonathan Lambert,chegou,às ilhas em Dezembro de 1810 com dois outros homens,3
"Durante a Segunda Guerra Mundial, o Kansas foi uma de as 131 faculdades e universidades nacionais que participaram de o Programa de Treinamento V-12 Navy College, que ofereceu a os alunos o caminho para uma comissão de a Marinha.",Claude_Sonnet5,o Kansas,foi,durante a Segunda Guerra Mundial uma de as 131 faculdades e universidades nacionais,3
"A Escola de Negócios de a Universidade de o Kansas é uma escola pública de negócios localizada em o campus principal de a Universidade de o Kansas em Lawrence, Kansas.",Claude_Sonnet5,A Escola de Negócios de a Universidade de o Kansas,é,"uma escola pública de negócios localizada em o campus principal de a Universidade de o Kansas em Lawrence, Kansas",4
"A Escola de Negócios de a Universidade de o Kansas é uma escola pública de negócios localizada em o campus principal de a Universidade de o Kansas em Lawrence, Kansas.",respostaDPTOIE-PY,A Escola de Negócios de a Universidade de o Kansas,é,"uma escola pública de negócios localizada em o campus principal de a Universidade de o Kansas em Lawrence , Kansas",4
"A Escola de Negócios de a Universidade de o Kansas é uma escola pública de negócios localizada em o campus principal de a Universidade de o Kansas em Lawrence, Kansas.",respostas_gpt5.5_mini,A Escola de Negócios de a Universidade de o Kansas,é,"uma escola pública de negócios localizada em o campus principal de a Universidade de o Kansas em Lawrence, Kansas",4
"A Escola de Negócios de a Universidade de o Kansas é uma escola pública de negócios localizada em o campus principal de a Universidade de o Kansas em Lawrence, Kansas.",respostasGemini3.1Pro,A Escola de Negócios de a Universidade de o Kansas,é,"uma escola pública de negócios localizada em o campus principal de a Universidade de o Kansas em Lawrence, Kansas",4
O departamento de computação acadêmica de a KU participou ativamente de a configuração de a Internet e é o desenvolvedor de o navegador de a Web baseado em texto de o Lynx.,Claude_Sonnet5,O departamento de computação acadêmica de a KU,é,o desenvolvedor de o navegador de a Web baseado em texto de o Lynx,3
O departamento de computação acadêmica de a KU participou ativamente de a configuração de a Internet e é o desenvolvedor de o navegador de a Web baseado em texto de o Lynx.,respostas_gpt5.5_mini,O departamento de computação acadêmica de a KU,é,o desenvolvedor de o navegador de a Web baseado em texto de o Lynx,3
O departamento de computação acadêmica de a KU participou ativamente de a configuração de a Internet e é o desenvolvedor de o navegador de a Web baseado em texto de o Lynx.,respostasGemini3.1Pro,O departamento de computação acadêmica de a KU,é,o desenvolvedor de o navegador de a Web baseado em texto de o Lynx,3
A KU Endowment foi fundada em 1891 como a primeira fundação de a América para uma universidade pública,Claude_Sonnet5,A KU Endowment,foi fundada em,1891 como a primeira fundação de a América para uma universidade pública,6
A KU Endowment foi fundada em 1891 como a primeira fundação de a América para uma universidade pública,PTOIE-Flair,A KU Endowment,foi fundada em,1891 como a primeira fundação de a América para uma universidade pública,6
A KU Endowment foi fundada em 1891 como a primeira fundação de a América para uma universidade pública,respostaDPTOIE-PY,A KU Endowment,foi fundada,em 1891 como a primeira fundação de a América para uma universidade pública,6
A KU Endowment foi fundada em 1891 como a primeira fundação de a América para uma universidade pública,respostaGrok4.0Fast,A KU Endowment,foi fundada em,1891 como a primeira fundação de a América para uma universidade pública,6
A KU Endowment foi fundada em 1891 como a primeira fundação de a América para uma universidade pública,respostas_gpt5.5_mini,A KU Endowment,foi fundada,em 1891 como a primeira fundação de a América para uma universidade pública,6
A KU Endowment foi fundada em 1891 como a primeira fundação de a América para uma universidade pública,respostasGemini3.1Pro,A KU Endowment,foi fundada em,1891 como a primeira fundação de a América para uma universidade pública,6
Algumas formas de corrupção - agora chamadas de corrupção institucional - são diferenciadas de suborno e outros tipos de óbvios ganhos pessoais.,Claude_Sonnet5,Algumas formas de corrupção,são diferenciadas de,outros tipos de óbvios ganhos pessoais,4
Algumas formas de corrupção - agora chamadas de corrupção institucional - são diferenciadas de suborno e outros tipos de óbvios ganhos pessoais.,respostaDPTOIE-PY,Algumas formas de corrupção,são diferenciadas,de suborno e outros tipos de óbvios ganhos pessoais,4
Algumas formas de corrupção - agora chamadas de corrupção institucional - são diferenciadas de suborno e outros tipos de óbvios ganhos pessoais.,respostaGrok4.0Fast,Algumas formas de corrupção,são diferenciadas de,suborno e outros tipos de óbvios ganhos pessoais,4
Algumas formas de corrupção - agora chamadas de corrupção institucional - são diferenciadas de suborno e outros tipos de óbvios ganhos pessoais.,respostasGemini3.1Pro,Algumas formas de corrupção,são diferenciadas de,outros tipos de óbvios ganhos pessoais,4
"No caso de a África, um de os fatores para esse comportamento foi a instabilidade política e o fato de que novos governos frequentemente confiscaram corrupticamente o governo anterior.",Claude_Sonnet5,novos governos,frequentemente confiscaram corrupticamente,o governo anterior,3
"No caso de a África, um de os fatores para esse comportamento foi a instabilidade política e o fato de que novos governos frequentemente confiscaram corrupticamente o governo anterior.",respostas_gpt5.5_mini,novos governos,frequentemente confiscaram corrupticamente,o governo anterior,3
"No caso de a África, um de os fatores para esse comportamento foi a instabilidade política e o fato de que novos governos frequentemente confiscaram corrupticamente o governo anterior.",respostasGemini3.1Pro,novos governos,frequentemente confiscaram corrupticamente,o governo anterior,3
"O termo é aplicado com mais freqüência a padrões regionais de fala, mas um dialeto também pode ser definido por outros fatores, como classe social.",Claude_Sonnet5,um dialeto,também pode ser definido por,"outros fatores, como classe social",4
"O termo é aplicado com mais freqüência a padrões regionais de fala, mas um dialeto também pode ser definido por outros fatores, como classe social.",PTOIE-Flair,O termo,é aplicado com,mais freqüência a padrões regionais de fala,4
"O termo é aplicado com mais freqüência a padrões regionais de fala, mas um dialeto também pode ser definido por outros fatores, como classe social.",respostaDPTOIE-PY,O termo,é aplicado,com mais freqüência a padrões regionais de fala,4
"O termo é aplicado com mais freqüência a padrões regionais de fala, mas um dialeto também pode ser definido por outros fatores, como classe social.",respostaGrok4.0Fast,um dialeto,pode ser definido por,"outros fatores, como classe social",4
"O termo é aplicado com mais freqüência a padrões regionais de fala, mas um dialeto também pode ser definido por outros fatores, como classe social.",respostas_gpt5.5_mini,O termo,é aplicado,com mais freqüência a padrões regionais de fala,4
"O termo é aplicado com mais freqüência a padrões regionais de fala, mas um dialeto também pode ser definido por outros fatores, como classe social.",respostas_gpt5.5_mini,um dialeto,pode ser definido,"por outros fatores, como classe social",4
"O termo é aplicado com mais freqüência a padrões regionais de fala, mas um dialeto também pode ser definido por outros fatores, como classe social.",respostasGemini3.1Pro,O termo,é aplicado com,mais freqüência a padrões regionais de fala,4
"O termo é aplicado com mais freqüência a padrões regionais de fala, mas um dialeto também pode ser definido por outros fatores, como classe social.",respostasGemini3.1Pro,um dialeto,também pode ser definido por,"outros fatores, como classe social",4
"O termo dialeto (de Latim dialectus, dialectos, de a palavra grega antiga διάλεκτος diálektos, discurso, de διά diá, através e λέγω legō, eu falo) é usado de duas maneiras distintas para se referir a dois tipos diferentes de fenômenos linguísticos.",Claude_Sonnet5,O termo dialeto,é usado de,duas maneiras distintas para se referir a dois tipos diferentes de fenômenos linguísticos,3
"O termo dialeto (de Latim dialectus, dialectos, de a palavra grega antiga διάλεκτος diálektos, discurso, de διά diá, através e λέγω legō, eu falo) é usado de duas maneiras distintas para se referir a dois tipos diferentes de fenômenos linguísticos.",respostas_gpt5.5_mini,O termo dialeto,é usado,de duas maneiras distintas para se referir a dois tipos diferentes de fenômenos linguísticos,3
"O termo dialeto (de Latim dialectus, dialectos, de a palavra grega antiga διάλεκτος diálektos, discurso, de διά diá, através e λέγω legō, eu falo) é usado de duas maneiras distintas para se referir a dois tipos diferentes de fenômenos linguísticos.",respostasGemini3.1Pro,O termo dialeto,é usado de,duas maneiras distintas para se referir a dois tipos diferentes de fenômenos linguísticos,3
"O termo música clássica não apareceu até o início de o século 19, em uma tentativa de canonizar distintamente o período de Johann Sebastian Bach a Beethoven como uma idade de ouro.",Claude_Sonnet5,O termo música clássica,não apareceu até,"o início de o século 19, em uma tentativa de canonizar distintamente o período de Johann Sebastian Bach a Beethoven como uma idade de ouro",3
"O termo música clássica não apareceu até o início de o século 19, em uma tentativa de canonizar distintamente o período de Johann Sebastian Bach a Beethoven como uma idade de ouro.",respostaDPTOIE-PY,O termo música clássica,não apareceu,"até o início de o século 19 , em uma tentativa canonizar distintamente o período de Johann Sebastian Bach a Beethoven como uma idade de ouro",3
"O termo música clássica não apareceu até o início de o século 19, em uma tentativa de canonizar distintamente o período de Johann Sebastian Bach a Beethoven como uma idade de ouro.",respostasGemini3.1Pro,O termo música clássica,não apareceu até,"o início de o século 19, em uma tentativa de canonizar distintamente o período de Johann Sebastian Bach a Beethoven como uma idade de ouro",3
"Menander Protector menciona um Daurentius (577-579) que matou um enviado avar de Khagan Bayan I. Os ávaros pediram a os eslavos que aceitassem a soberania de os ávaros, mas ele recusou e é relatado como dizendo Outros não conquistam nossa terra, conquistamos os deles - assim será sempre para nós",PTOIE-Flair,Menander Protector,menciona,um Daurentius,3
"Menander Protector menciona um Daurentius (577-579) que matou um enviado avar de Khagan Bayan I. Os ávaros pediram a os eslavos que aceitassem a soberania de os ávaros, mas ele recusou e é relatado como dizendo Outros não conquistam nossa terra, conquistamos os deles - assim será sempre para nós",respostas_gpt5.5_mini,Menander Protector,menciona,um Daurentius (577-579),3
"Menander Protector menciona um Daurentius (577-579) que matou um enviado avar de Khagan Bayan I. Os ávaros pediram a os eslavos que aceitassem a soberania de os ávaros, mas ele recusou e é relatado como dizendo Outros não conquistam nossa terra, conquistamos os deles - assim será sempre para nós",respostasGemini3.1Pro,Menander Protector,menciona,um Daurentius (577-579),3
"O proto-eslavo, a suposta língua ancestral de todas as línguas eslavas, é um descendente de o proto-indo-europeu comum, através de um estágio balto-eslavo, em o qual desenvolveu numerosas isoglosses lexicais e morfofonológicas com as línguas bálticas.",Claude_Sonnet5,O proto-eslavo,desenvolveu,em um estágio balto-eslavo numerosas isoglosses lexicais e morfofonológicas com as línguas bálticas,3
"O proto-eslavo, a suposta língua ancestral de todas as línguas eslavas, é um descendente de o proto-indo-europeu comum, através de um estágio balto-eslavo, em o qual desenvolveu numerosas isoglosses lexicais e morfofonológicas com as línguas bálticas.",respostas_gpt5.5_mini,o proto-eslavo,desenvolveu,numerosas isoglosses lexicais e morfofonológicas com as línguas bálticas,3
"O proto-eslavo, a suposta língua ancestral de todas as línguas eslavas, é um descendente de o proto-indo-europeu comum, através de um estágio balto-eslavo, em o qual desenvolveu numerosas isoglosses lexicais e morfofonológicas com as línguas bálticas.",respostasGemini3.1Pro,O proto-eslavo,desenvolveu,numerosas isoglosses lexicais com as línguas bálticas em o qual,3
Os gorais de o sul de a Polônia e de o norte de a Eslováquia são parcialmente descendentes de os vlachs de língua românica que migraram para a região de os Séculos 14 a 17 e foram absorvidos por a população local.,Claude_Sonnet5,os vlachs de língua românica,foram absorvidos por,a população local,3
Os gorais de o sul de a Polônia e de o norte de a Eslováquia são parcialmente descendentes de os vlachs de língua românica que migraram para a região de os Séculos 14 a 17 e foram absorvidos por a população local.,respostas_gpt5.5_mini,os vlachs de língua românica,foram absorvidos,por a população local,3
Os gorais de o sul de a Polônia e de o norte de a Eslováquia são parcialmente descendentes de os vlachs de língua românica que migraram para a região de os Séculos 14 a 17 e foram absorvidos por a população local.,respostasGemini3.1Pro,os vlachs de língua românica,foram absorvidos por,a população local,3
"Josip Broz nasceu em 7 de maio de 1892 em Kumrovec, em a região croata de Hrvatsko Zagorje, em a Áustria-Hungria.",Claude_Sonnet5,Josip Broz,nasceu em,"7 de maio de 1892 em Kumrovec, em a região croata de Hrvatsko Zagorje, em a Áustria-Hungria",3
"Josip Broz nasceu em 7 de maio de 1892 em Kumrovec, em a região croata de Hrvatsko Zagorje, em a Áustria-Hungria.",PTOIE-Flair,Josip Broz,nasceu em,"7 de maio de 1892 em Kumrovec, em a região croata de Hrvatsko Zagorje",3
"Josip Broz nasceu em 7 de maio de 1892 em Kumrovec, em a região croata de Hrvatsko Zagorje, em a Áustria-Hungria.",respostasGemini3.1Pro,Josip Broz,nasceu em,"7 de maio de 1892 em Kumrovec, em a região croata de Hrvatsko Zagorje, em a Áustria-Hungria",3
"Em 1937, Stalin assassinou o secretário-geral de a CPY, Milan Gorkić, em Moscou.",Claude_Sonnet5,o secretário-geral de a CPY,é,Milan Gorkić,3
"Em 1937, Stalin assassinou o secretário-geral de a CPY, Milan Gorkić, em Moscou.",Claude_Sonnet5,Milan Gorkić,é,o secretário-geral de a CPY,3
"Em 1937, Stalin assassinou o secretário-geral de a CPY, Milan Gorkić, em Moscou.",respostaDPTOIE-PY,Stalin,assassinou,"Em 1937 , o secretário-geral de a CPY , Milan Gorkić , em Moscou",4
"Em 1937, Stalin assassinou o secretário-geral de a CPY, Milan Gorkić, em Moscou.",respostaGrok4.0Fast,Stalin,assassinou,"o secretário-geral de a CPY, Milan Gorkić, em Moscou",4
"Em 1937, Stalin assassinou o secretário-geral de a CPY, Milan Gorkić, em Moscou.",respostas_gpt5.5_mini,Stalin,assassinou,"o secretário-geral de a CPY, Milan Gorkić, em Moscou",4
"Em 1937, Stalin assassinou o secretário-geral de a CPY, Milan Gorkić, em Moscou.",respostas_gpt5.5_mini,o secretário-geral de a CPY,é,Milan Gorkić,3
"Em 1937, Stalin assassinou o secretário-geral de a CPY, Milan Gorkić, em Moscou.",respostas_gpt5.5_mini,Milan Gorkić,é,o secretário-geral de a CPY,3
"Em 1937, Stalin assassinou o secretário-geral de a CPY, Milan Gorkić, em Moscou.",respostasGemini3.1Pro,Stalin,assassinou,"o secretário-geral de a CPY, Milan Gorkić, em Moscou Em 1937",4
"Em 1937, Stalin assassinou o secretário-geral de a CPY, Milan Gorkić, em Moscou.",respostasGemini3.1Pro,o secretário-geral de a CPY,é,Milan Gorkić,3
"Em 1937, Stalin assassinou o secretário-geral de a CPY, Milan Gorkić, em Moscou.",respostasGemini3.1Pro,Milan Gorkić,é,o secretário-geral de a CPY,3
"Em 28 de setembro de 1944, a Agência Telegráfica de a União Soviética (TASS) informou que Tito assinou um acordo com a União Soviética que permitia a entrada temporária de tropas soviéticas em o território iugoslavo, o que permitia a o Exército Vermelho auxiliar em as operações em as áreas nordeste de o país.",Claude_Sonnet5,a Agência Telegráfica de a União Soviética,informou,em 28 de setembro de 1944 que Tito assinou um acordo com a União Soviética,4
"Em 28 de setembro de 1944, a Agência Telegráfica de a União Soviética (TASS) informou que Tito assinou um acordo com a União Soviética que permitia a entrada temporária de tropas soviéticas em o território iugoslavo, o que permitia a o Exército Vermelho auxiliar em as operações em as áreas nordeste de o país.",respostaGrok4.0Fast,a Agência Telegráfica de a União Soviética (TASS),informou,que Tito assinou um acordo com a União Soviética,4
"Em 28 de setembro de 1944, a Agência Telegráfica de a União Soviética (TASS) informou que Tito assinou um acordo com a União Soviética que permitia a entrada temporária de tropas soviéticas em o território iugoslavo, o que permitia a o Exército Vermelho auxiliar em as operações em as áreas nordeste de o país.",respostas_gpt5.5_mini,a Agência Telegráfica de a União Soviética (TASS),informou,que Tito assinou um acordo com a União Soviética,4
"Em 28 de setembro de 1944, a Agência Telegráfica de a União Soviética (TASS) informou que Tito assinou um acordo com a União Soviética que permitia a entrada temporária de tropas soviéticas em o território iugoslavo, o que permitia a o Exército Vermelho auxiliar em as operações em as áreas nordeste de o país.",respostasGemini3.1Pro,a Agência Telegráfica de a União Soviética (TASS),informou,que Tito assinou um acordo com a União Soviética Em 28 de setembro de 1944,4
"Em 1949, a crise quase se transformou em um conflito armado, enquanto as forças húngaras e soviéticas se aglomeravam em a fronteira jugoslava de o norte.",Claude_Sonnet5,as forças húngaras,se aglomeravam em,a fronteira jugoslava de o norte,3
"Em 1949, a crise quase se transformou em um conflito armado, enquanto as forças húngaras e soviéticas se aglomeravam em a fronteira jugoslava de o norte.",respostas_gpt5.5_mini,as forças húngaras e soviéticas,se aglomeravam,em a fronteira jugoslava de o norte,3
"Em 1949, a crise quase se transformou em um conflito armado, enquanto as forças húngaras e soviéticas se aglomeravam em a fronteira jugoslava de o norte.",respostasGemini3.1Pro,as forças húngaras,se aglomeravam em,a fronteira jugoslava de o norte,3
"Após a morte de Stalin, Tito rejeitou o convite de a URSS para uma visita para discutir a normalização de as relações entre duas nações.",Claude_Sonnet5,Tito,rejeitou,após a morte de Stalin o convite de a URSS para uma visita para discutir a normalização de as relações entre duas nações,3
"Após a morte de Stalin, Tito rejeitou o convite de a URSS para uma visita para discutir a normalização de as relações entre duas nações.",respostaDPTOIE-PY,Tito,rejeitou,"Após a morte de Stalin , o convite de a URSS para uma visita discutir a normalização de as relações entre duas nações",3
"Após a morte de Stalin, Tito rejeitou o convite de a URSS para uma visita para discutir a normalização de as relações entre duas nações.",respostasGemini3.1Pro,Tito,rejeitou,o convite de a URSS para uma visita para discutir a normalização de as relações entre duas nações Após a morte de Stalin,3
"Em 1936, quando Tito ficou em o Hotel Lux, em Moscou, conheceu a camarada austríaca Lucia Bauer.",Claude_Sonnet5,Tito,conheceu,a camarada austríaca Lucia Bauer,4
"Em 1936, quando Tito ficou em o Hotel Lux, em Moscou, conheceu a camarada austríaca Lucia Bauer.",respostaGrok4.0Fast,Tito,conheceu,a camarada austríaca Lucia Bauer,4
"Em 1936, quando Tito ficou em o Hotel Lux, em Moscou, conheceu a camarada austríaca Lucia Bauer.",respostas_gpt5.5_mini,Tito,conheceu,a camarada austríaca Lucia Bauer,4
"Em 1936, quando Tito ficou em o Hotel Lux, em Moscou, conheceu a camarada austríaca Lucia Bauer.",respostasGemini3.1Pro,Tito,conheceu,a camarada austríaca Lucia Bauer Em 1936,4
"Tito tinha apenas 59 anos, quando ela tinha 27 anos, quando finalmente se casaram em abril de 1952, com o chefe de segurança de o estado Aleksandar Ranković como padrinho.",Claude_Sonnet5,ela,tinha,27 anos,4
"Tito tinha apenas 59 anos, quando ela tinha 27 anos, quando finalmente se casaram em abril de 1952, com o chefe de segurança de o estado Aleksandar Ranković como padrinho.",respostaDPTOIE-PY,ela,tinha,quando 27 anos,4
"Tito tinha apenas 59 anos, quando ela tinha 27 anos, quando finalmente se casaram em abril de 1952, com o chefe de segurança de o estado Aleksandar Ranković como padrinho.",respostas_gpt5.5_mini,ela,tinha,27 anos,4
"Tito tinha apenas 59 anos, quando ela tinha 27 anos, quando finalmente se casaram em abril de 1952, com o chefe de segurança de o estado Aleksandar Ranković como padrinho.",respostasGemini3.1Pro,ela,tinha,27 anos,4
"Seu pai, Franjo Broz (26 de novembro de 1860 - 16 de dezembro de 1936), era croata, enquanto sua mãe Marija (25 de março de 1864 - 14 de janeiro de 1918) era esloveno.",Claude_Sonnet5,sua mãe,era,esloveno,4
"Seu pai, Franjo Broz (26 de novembro de 1860 - 16 de dezembro de 1936), era croata, enquanto sua mãe Marija (25 de março de 1864 - 14 de janeiro de 1918) era esloveno.",respostaDPTOIE-PY,"Seu pai , Franjo Broz",era,croata,3
"Seu pai, Franjo Broz (26 de novembro de 1860 - 16 de dezembro de 1936), era croata, enquanto sua mãe Marija (25 de março de 1864 - 14 de janeiro de 1918) era esloveno.",respostaGrok4.0Fast,"Seu pai, Franjo Broz",era,croata,3
"Seu pai, Franjo Broz (26 de novembro de 1860 - 16 de dezembro de 1936), era croata, enquanto sua mãe Marija (25 de março de 1864 - 14 de janeiro de 1918) era esloveno.",respostaGrok4.0Fast,sua mãe Marija,era,esloveno,4
"Seu pai, Franjo Broz (26 de novembro de 1860 - 16 de dezembro de 1936), era croata, enquanto sua mãe Marija (25 de março de 1864 - 14 de janeiro de 1918) era esloveno.",respostas_gpt5.5_mini,sua mãe,era,esloveno,4
"Seu pai, Franjo Broz (26 de novembro de 1860 - 16 de dezembro de 1936), era croata, enquanto sua mãe Marija (25 de março de 1864 - 14 de janeiro de 1918) era esloveno.",respostasGemini3.1Pro,"Seu pai, Franjo Broz",era,croata,3
"Seu pai, Franjo Broz (26 de novembro de 1860 - 16 de dezembro de 1936), era croata, enquanto sua mãe Marija (25 de março de 1864 - 14 de janeiro de 1918) era esloveno.",respostasGemini3.1Pro,sua mãe Marija,era,esloveno,4
"Na Segunda Guerra Mundial, os Estados Unidos, durante a campanha de Gilbert e Marshall, invadiram e ocuparam as ilhas em 1944, destruindo ou isolando as guarnições japonesas.",Claude_Sonnet5,os Estados Unidos,destruindo,as guarnições japonesas,3
"Na Segunda Guerra Mundial, os Estados Unidos, durante a campanha de Gilbert e Marshall, invadiram e ocuparam as ilhas em 1944, destruindo ou isolando as guarnições japonesas.",Claude_Sonnet5,os Estados Unidos,isolando,as guarnições japonesas,3
"Na Segunda Guerra Mundial, os Estados Unidos, durante a campanha de Gilbert e Marshall, invadiram e ocuparam as ilhas em 1944, destruindo ou isolando as guarnições japonesas.",respostas_gpt5.5_mini,os Estados Unidos,destruindo,as guarnições japonesas,3
"Na Segunda Guerra Mundial, os Estados Unidos, durante a campanha de Gilbert e Marshall, invadiram e ocuparam as ilhas em 1944, destruindo ou isolando as guarnições japonesas.",respostas_gpt5.5_mini,os Estados Unidos,isolando,as guarnições japonesas,3
"Na Segunda Guerra Mundial, os Estados Unidos, durante a campanha de Gilbert e Marshall, invadiram e ocuparam as ilhas em 1944, destruindo ou isolando as guarnições japonesas.",respostasGemini3.1Pro,os Estados Unidos,destruindo,as guarnições japonesas,3
"Na Segunda Guerra Mundial, os Estados Unidos, durante a campanha de Gilbert e Marshall, invadiram e ocuparam as ilhas em 1944, destruindo ou isolando as guarnições japonesas.",respostasGemini3.1Pro,os Estados Unidos,isolando,as guarnições japonesas,3
"Mais de dois terços de a população vive em a capital, Majuro e Ebeye, o centro urbano secundário, localizado em o Atol de Kwajalein.",Claude_Sonnet5,Mais de dois terços de a população,vive em,"a capital, Majuro",3
"Mais de dois terços de a população vive em a capital, Majuro e Ebeye, o centro urbano secundário, localizado em o Atol de Kwajalein.",respostaGrok4.0Fast,Mais de dois terços de a população,vive em,"a capital, Majuro e Ebeye",3
"Mais de dois terços de a população vive em a capital, Majuro e Ebeye, o centro urbano secundário, localizado em o Atol de Kwajalein.",respostasGemini3.1Pro,Mais de dois terços de a população,vive em,"a capital, Majuro",3
"Fortalezas chamadas grόd foram construídas onde o culto religioso era poderoso, onde as provações eram conduzidas e onde os clãs se reuniam diante de o perigo.",Claude_Sonnet5,Fortalezas chamadas grόd,foram construídas,onde o culto religioso era poderoso,3
"Fortalezas chamadas grόd foram construídas onde o culto religioso era poderoso, onde as provações eram conduzidas e onde os clãs se reuniam diante de o perigo.",respostas_gpt5.5_mini,Fortalezas chamadas grόd,foram construídas,onde o culto religioso era poderoso,3
"Fortalezas chamadas grόd foram construídas onde o culto religioso era poderoso, onde as provações eram conduzidas e onde os clãs se reuniam diante de o perigo.",respostasGemini3.1Pro,Fortalezas chamadas grόd,foram construídas,onde o culto religioso era poderoso,3
"No livro 8, Enéias se alia a o rei Evander, que ocupa o futuro local de Roma, e recebe novas armaduras e um escudo representando a história romana.",Claude_Sonnet5,o rei Evander,ocupa,o futuro local de Roma,4
"No livro 8, Enéias se alia a o rei Evander, que ocupa o futuro local de Roma, e recebe novas armaduras e um escudo representando a história romana.",Claude_Sonnet5,Enéias,recebe,um escudo representando a história romana,3
"No livro 8, Enéias se alia a o rei Evander, que ocupa o futuro local de Roma, e recebe novas armaduras e um escudo representando a história romana.",PTOIE-Flair,o rei Evander,ocupa,o futuro local de Roma,4
"No livro 8, Enéias se alia a o rei Evander, que ocupa o futuro local de Roma, e recebe novas armaduras e um escudo representando a história romana.",respostas_gpt5.5_mini,o rei Evander,ocupa,o futuro local de Roma,4
"No livro 8, Enéias se alia a o rei Evander, que ocupa o futuro local de Roma, e recebe novas armaduras e um escudo representando a história romana.",respostas_gpt5.5_mini,Enéias,recebe,novas armaduras e um escudo representando a história romana,3
"No livro 8, Enéias se alia a o rei Evander, que ocupa o futuro local de Roma, e recebe novas armaduras e um escudo representando a história romana.",respostasGemini3.1Pro,o rei Evander,ocupa,o futuro local de Roma,4
"No livro 8, Enéias se alia a o rei Evander, que ocupa o futuro local de Roma, e recebe novas armaduras e um escudo representando a história romana.",respostasGemini3.1Pro,Enéias,recebe,um escudo representando a história romana No livro 8,3
"A estrutura de o nappe de fundo é de origem européia continental, sobre a qual são empilhados nappes de sedimentos marinhos, rematados por nappes derivados de a chapa africana",Claude_Sonnet5,nappes de sedimentos marinhos,são empilhados sobre,A estrutura de o nappe de fundo,3
"A estrutura de o nappe de fundo é de origem européia continental, sobre a qual são empilhados nappes de sedimentos marinhos, rematados por nappes derivados de a chapa africana",respostaDPTOIE-PY,A estrutura de o nappe,é,de origem européia continental,3
"A estrutura de o nappe de fundo é de origem européia continental, sobre a qual são empilhados nappes de sedimentos marinhos, rematados por nappes derivados de a chapa africana",respostaGrok4.0Fast,A estrutura de o nappe de fundo,é,de origem européia continental,3
"A estrutura de o nappe de fundo é de origem européia continental, sobre a qual são empilhados nappes de sedimentos marinhos, rematados por nappes derivados de a chapa africana",respostas_gpt5.5_mini,A estrutura de o nappe de fundo,é,de origem européia continental,3
"A estrutura de o nappe de fundo é de origem européia continental, sobre a qual são empilhados nappes de sedimentos marinhos, rematados por nappes derivados de a chapa africana",respostas_gpt5.5_mini,nappes de sedimentos marinhos,são empilhados,sobre a estrutura de o nappe de fundo,3
"A estrutura de o nappe de fundo é de origem européia continental, sobre a qual são empilhados nappes de sedimentos marinhos, rematados por nappes derivados de a chapa africana",respostasGemini3.1Pro,nappes de sedimentos marinhos,são empilhados,sobre a estrutura de o nappe de fundo,3
"Agassiz estudou o movimento de as geleiras em a década de 1840 em a Geleira Unteraar, onde descobriu que a geleira se movia 100 m (328 pés) por ano, mais rapidamente em o meio de o que em as bordas.",Claude_Sonnet5,Agassiz,descobriu,"que a geleira se movia 100 m (328 pés) por ano, mais rapidamente em o meio de o que em as bordas",4
"Agassiz estudou o movimento de as geleiras em a década de 1840 em a Geleira Unteraar, onde descobriu que a geleira se movia 100 m (328 pés) por ano, mais rapidamente em o meio de o que em as bordas.",Claude_Sonnet5,a geleira,se movia,"100 m (328 pés) por ano, mais rapidamente em o meio de o que em as bordas",3
"Agassiz estudou o movimento de as geleiras em a década de 1840 em a Geleira Unteraar, onde descobriu que a geleira se movia 100 m (328 pés) por ano, mais rapidamente em o meio de o que em as bordas.",respostaGrok4.0Fast,Agassiz,descobriu,que a geleira se movia 100 m (328 pés) por ano,4
"Agassiz estudou o movimento de as geleiras em a década de 1840 em a Geleira Unteraar, onde descobriu que a geleira se movia 100 m (328 pés) por ano, mais rapidamente em o meio de o que em as bordas.",respostas_gpt5.5_mini,Agassiz,descobriu,"que a geleira se movia 100 m (328 pés) por ano, mais rapidamente em o meio de o que em as bordas",4
"Agassiz estudou o movimento de as geleiras em a década de 1840 em a Geleira Unteraar, onde descobriu que a geleira se movia 100 m (328 pés) por ano, mais rapidamente em o meio de o que em as bordas.",respostas_gpt5.5_mini,a geleira,se movia,"100 m (328 pés) por ano, mais rapidamente em o meio de o que em as bordas",3
"Agassiz estudou o movimento de as geleiras em a década de 1840 em a Geleira Unteraar, onde descobriu que a geleira se movia 100 m (328 pés) por ano, mais rapidamente em o meio de o que em as bordas.",respostasGemini3.1Pro,Agassiz,descobriu,"que a geleira se movia 100 m (328 pés) por ano, mais rapidamente em o meio de o que em as bordas",4
"Agassiz estudou o movimento de as geleiras em a década de 1840 em a Geleira Unteraar, onde descobriu que a geleira se movia 100 m (328 pés) por ano, mais rapidamente em o meio de o que em as bordas.",respostasGemini3.1Pro,a geleira,se movia,"100 m (328 pés) por ano, mais rapidamente em o meio de o que em as bordas",3
"As plantas alpinas são agrupadas por habitat e tipo de solo, que pode ser calcário ou não calcário.",Claude_Sonnet5,tipo de solo,pode ser,calcário,3
"As plantas alpinas são agrupadas por habitat e tipo de solo, que pode ser calcário ou não calcário.",Claude_Sonnet5,tipo de solo,pode ser,não calcário,3
"As plantas alpinas são agrupadas por habitat e tipo de solo, que pode ser calcário ou não calcário.",respostas_gpt5.5_mini,tipo de solo,pode ser,calcário,3
"As plantas alpinas são agrupadas por habitat e tipo de solo, que pode ser calcário ou não calcário.",respostas_gpt5.5_mini,tipo de solo,pode ser,não calcário,3
"As plantas alpinas são agrupadas por habitat e tipo de solo, que pode ser calcário ou não calcário.",respostasGemini3.1Pro,tipo de solo,pode ser,calcário,3
"As plantas alpinas são agrupadas por habitat e tipo de solo, que pode ser calcário ou não calcário.",respostasGemini3.1Pro,tipo de solo,pode ser,não calcário,3
"Durante essas visitas, Shelley escreveu o poema Mont Blanc, Byron escreveu O Prisioneiro de Chillon e o dramático poema Manfred, e Mary Shelley, que achou a paisagem avassaladora, concebeu a idéia de o romance Frankenstein em sua vila às margens de o rio.",Claude_Sonnet5,Byron,escreveu,durante essas visitas O Prisioneiro de Chillon,4
"Durante essas visitas, Shelley escreveu o poema Mont Blanc, Byron escreveu O Prisioneiro de Chillon e o dramático poema Manfred, e Mary Shelley, que achou a paisagem avassaladora, concebeu a idéia de o romance Frankenstein em sua vila às margens de o rio.",Claude_Sonnet5,Mary Shelley,achou,a paisagem avassaladora,3
"Durante essas visitas, Shelley escreveu o poema Mont Blanc, Byron escreveu O Prisioneiro de Chillon e o dramático poema Manfred, e Mary Shelley, que achou a paisagem avassaladora, concebeu a idéia de o romance Frankenstein em sua vila às margens de o rio.",respostaGrok4.0Fast,Byron,escreveu,O Prisioneiro de Chillon,4
"Durante essas visitas, Shelley escreveu o poema Mont Blanc, Byron escreveu O Prisioneiro de Chillon e o dramático poema Manfred, e Mary Shelley, que achou a paisagem avassaladora, concebeu a idéia de o romance Frankenstein em sua vila às margens de o rio.",respostas_gpt5.5_mini,Byron,escreveu,O Prisioneiro de Chillon,4
"Durante essas visitas, Shelley escreveu o poema Mont Blanc, Byron escreveu O Prisioneiro de Chillon e o dramático poema Manfred, e Mary Shelley, que achou a paisagem avassaladora, concebeu a idéia de o romance Frankenstein em sua vila às margens de o rio.",respostas_gpt5.5_mini,Mary Shelley,achou,a paisagem avassaladora,3
"Durante essas visitas, Shelley escreveu o poema Mont Blanc, Byron escreveu O Prisioneiro de Chillon e o dramático poema Manfred, e Mary Shelley, que achou a paisagem avassaladora, concebeu a idéia de o romance Frankenstein em sua vila às margens de o rio.",respostasGemini3.1Pro,Byron,escreveu,O Prisioneiro de Chillon Durante essas visitas,4
"Durante essas visitas, Shelley escreveu o poema Mont Blanc, Byron escreveu O Prisioneiro de Chillon e o dramático poema Manfred, e Mary Shelley, que achou a paisagem avassaladora, concebeu a idéia de o romance Frankenstein em sua vila às margens de o rio.",respostasGemini3.1Pro,Mary Shelley,achou,a paisagem avassaladora,3
"A cozinha é separada de a área de estar (chamada stube, a área de a casa aquecida por um fogão) e os quartos de o segundo andar se beneficiam de o aumento de o calor.",Claude_Sonnet5,os quartos de o segundo andar,se beneficiam de,o aumento de o calor,3
"A cozinha é separada de a área de estar (chamada stube, a área de a casa aquecida por um fogão) e os quartos de o segundo andar se beneficiam de o aumento de o calor.",respostaDPTOIE-PY,A cozinha,é separada,"de a área estar ( chamada stube , a área de a casa aquecida por um fogão )",3
"A cozinha é separada de a área de estar (chamada stube, a área de a casa aquecida por um fogão) e os quartos de o segundo andar se beneficiam de o aumento de o calor.",respostas_gpt5.5_mini,A cozinha,é separada,"de a área de estar (chamada stube, a área de a casa aquecida por um fogão)",3
"A cozinha é separada de a área de estar (chamada stube, a área de a casa aquecida por um fogão) e os quartos de o segundo andar se beneficiam de o aumento de o calor.",respostas_gpt5.5_mini,os quartos de o segundo andar,se beneficiam,de o aumento de o calor,3
"A cozinha é separada de a área de estar (chamada stube, a área de a casa aquecida por um fogão) e os quartos de o segundo andar se beneficiam de o aumento de o calor.",respostasGemini3.1Pro,A cozinha,é separada de,"a área de estar (chamada stube, a área de a casa aquecida por um fogão)",3
"A cozinha é separada de a área de estar (chamada stube, a área de a casa aquecida por um fogão) e os quartos de o segundo andar se beneficiam de o aumento de o calor.",respostasGemini3.1Pro,os quartos de o segundo andar,se beneficiam de,o aumento de o calor,3
Os cristais alpinos foram estudados e coletados por centenas de anos e começaram a ser classificados em o século 18.,Claude_Sonnet5,Os cristais alpinos,foram estudados,por centenas de anos,3
Os cristais alpinos foram estudados e coletados por centenas de anos e começaram a ser classificados em o século 18.,Claude_Sonnet5,Os cristais alpinos,foram coletados,por centenas de anos,3
Os cristais alpinos foram estudados e coletados por centenas de anos e começaram a ser classificados em o século 18.,Claude_Sonnet5,Os cristais alpinos,começaram a ser classificados em,o século 18,3
Os cristais alpinos foram estudados e coletados por centenas de anos e começaram a ser classificados em o século 18.,respostas_gpt5.5_mini,Os cristais alpinos,foram estudados,por centenas de anos,3
Os cristais alpinos foram estudados e coletados por centenas de anos e começaram a ser classificados em o século 18.,respostas_gpt5.5_mini,Os cristais alpinos,foram coletados,por centenas de anos,3
Os cristais alpinos foram estudados e coletados por centenas de anos e começaram a ser classificados em o século 18.,respostas_gpt5.5_mini,Os cristais alpinos,começaram a ser classificados,em o século 18,3
Os cristais alpinos foram estudados e coletados por centenas de anos e começaram a ser classificados em o século 18.,respostasGemini3.1Pro,Os cristais alpinos,foram estudados,por centenas de anos,3
Os cristais alpinos foram estudados e coletados por centenas de anos e começaram a ser classificados em o século 18.,respostasGemini3.1Pro,Os cristais alpinos,foram coletados,por centenas de anos,3
Os cristais alpinos foram estudados e coletados por centenas de anos e começaram a ser classificados em o século 18.,respostasGemini3.1Pro,Os cristais alpinos,começaram a ser classificados em,o século 18,3
A área alpina flutua bastante por causa de as flutuações regionais em as linhas de as árvores.,PTOIE-Flair,A área alpina,flutua,bastante por causa de as flutuações regionais,4
A área alpina flutua bastante por causa de as flutuações regionais em as linhas de as árvores.,respostaDPTOIE-PY,A área alpina,flutua,bastante por causa de as flutuações regionais em as linhas de as árvores,4
A área alpina flutua bastante por causa de as flutuações regionais em as linhas de as árvores.,respostas_gpt5.5_mini,A área alpina,flutua,bastante por causa de as flutuações regionais em as linhas de as árvores,4
A área alpina flutua bastante por causa de as flutuações regionais em as linhas de as árvores.,respostasGemini3.1Pro,A área alpina,flutua,bastante por causa de as flutuações regionais em as linhas de as árvores,4
Um cromossomo consiste em uma única hélice de DNA muito longa em a qual milhares de genes são codificados.,Claude_Sonnet5,milhares de genes,são codificados,em uma única hélice de DNA muito longa,3
Um cromossomo consiste em uma única hélice de DNA muito longa em a qual milhares de genes são codificados.,respostas_gpt5.5_mini,milhares de genes,são codificados,em uma única hélice de DNA muito longa,3
Um cromossomo consiste em uma única hélice de DNA muito longa em a qual milhares de genes são codificados.,respostasGemini3.1Pro,milhares de genes,são codificados em,uma única hélice de DNA muito longa,3
"João Bernardo Nino Vieira foi eleito em 2005 como Presidente de a Guiné-Bissau como independente, sendo declarado vencedor de o segundo turno por o CNE (Comitê Nacional de Eleições).",Claude_Sonnet5,João Bernardo Nino Vieira,foi eleito em,2005 como Presidente de a Guiné-Bissau como independente,5
"João Bernardo Nino Vieira foi eleito em 2005 como Presidente de a Guiné-Bissau como independente, sendo declarado vencedor de o segundo turno por o CNE (Comitê Nacional de Eleições).",respostaDPTOIE-PY,João Bernardo Nino Vieira,foi eleito,em 2005 como Presidente de a Guiné-Bissau como independente,5
"João Bernardo Nino Vieira foi eleito em 2005 como Presidente de a Guiné-Bissau como independente, sendo declarado vencedor de o segundo turno por o CNE (Comitê Nacional de Eleições).",respostaGrok4.0Fast,João Bernardo Nino Vieira,foi eleito em,2005 como Presidente de a Guiné-Bissau,5
"João Bernardo Nino Vieira foi eleito em 2005 como Presidente de a Guiné-Bissau como independente, sendo declarado vencedor de o segundo turno por o CNE (Comitê Nacional de Eleições).",respostas_gpt5.5_mini,João Bernardo Nino Vieira,foi eleito,em 2005 como Presidente de a Guiné-Bissau como independente,5
"João Bernardo Nino Vieira foi eleito em 2005 como Presidente de a Guiné-Bissau como independente, sendo declarado vencedor de o segundo turno por o CNE (Comitê Nacional de Eleições).",respostasGemini3.1Pro,João Bernardo Nino Vieira,foi eleito como,Presidente de a Guiné-Bissau como independente em 2005,5
