sentence,modelo_exemplo,arg1,rel,arg2,n_modelos_concordando
"A universidade é afiliada a a Congregação de a Santa Cruz (em latim Congregatio a Sancta Cruce, pós-nominais abreviados",Claude_Sonnet5,a Congregação de a Santa Cruz,é chamada em latim,Congregatio a Sancta Cruce,3
"A universidade é afiliada a a Congregação de a Santa Cruz (em latim Congregatio a Sancta Cruce, pós-nominais abreviados",respostaGrok4.0Fast,Congregação de a Santa Cruz,é em latim,Congregatio a Sancta Cruce,3
"A universidade é afiliada a a Congregação de a Santa Cruz (em latim Congregatio a Sancta Cruce, pós-nominais abreviados",respostasGemini3.1Pro,a Congregação de a Santa Cruz,é em latim,Congregatio a Sancta Cruce,3
"Michael J. Shea, formado em 1904, escreveu a música, e seu irmão, John F. Shea, que se formou em 1906 e 1908, escreveu a letra original.",Claude_Sonnet5,John F. Shea,se formou em,1906,3
"Michael J. Shea, formado em 1904, escreveu a música, e seu irmão, John F. Shea, que se formou em 1906 e 1908, escreveu a letra original.",Claude_Sonnet5,John F. Shea,se formou em,1908,3
"Michael J. Shea, formado em 1904, escreveu a música, e seu irmão, John F. Shea, que se formou em 1906 e 1908, escreveu a letra original.",Claude_Sonnet5,John F. Shea,escreveu,a letra original,4
"Michael J. Shea, formado em 1904, escreveu a música, e seu irmão, John F. Shea, que se formou em 1906 e 1908, escreveu a letra original.",respostaGrok4.0Fast,John F. Shea,se formou em,1906,3
"Michael J. Shea, formado em 1904, escreveu a música, e seu irmão, John F. Shea, que se formou em 1906 e 1908, escreveu a letra original.",respostaGrok4.0Fast,John F. Shea,se formou em,1908,3
"Michael J. Shea, formado em 1904, escreveu a música, e seu irmão, John F. Shea, que se formou em 1906 e 1908, escreveu a letra original.",respostaGrok4.0Fast,John F. Shea,escreveu,a letra original,4
"Michael J. Shea, formado em 1904, escreveu a música, e seu irmão, John F. Shea, que se formou em 1906 e 1908, escreveu a letra original.",respostas_gpt5.5_mini,John F. Shea,escreveu,a letra original,4
"Michael J. Shea, formado em 1904, escreveu a música, e seu irmão, John F. Shea, que se formou em 1906 e 1908, escreveu a letra original.",respostasGemini3.1Pro,John F. Shea,escreveu,a letra original,4
"Michael J. Shea, formado em 1904, escreveu a música, e seu irmão, John F. Shea, que se formou em 1906 e 1908, escreveu a letra original.",respostasGemini3.1Pro,John F. Shea,se formou em,1906,3
"Michael J. Shea, formado em 1904, escreveu a música, e seu irmão, John F. Shea, que se formou em 1906 e 1908, escreveu a letra original.",respostasGemini3.1Pro,John F. Shea,se formou em,1908,3
"A Universidade de Notre Dame du Lac (ou simplesmente Notre Dame / ˌnoʊtərˈdeɪm / NOH-tər-DAYM) é uma Universidade Católica de Pesquisa localizada a o lado de South Bend, Indiana, em os Estados Unidos.",Claude_Sonnet5,A Universidade de Notre Dame du Lac,é localizada ao lado de,"South Bend, Indiana",3
"A Universidade de Notre Dame du Lac (ou simplesmente Notre Dame / ˌnoʊtərˈdeɪm / NOH-tər-DAYM) é uma Universidade Católica de Pesquisa localizada a o lado de South Bend, Indiana, em os Estados Unidos.",Claude_Sonnet5,A Universidade de Notre Dame du Lac,é localizada em,os Estados Unidos,4
"A Universidade de Notre Dame du Lac (ou simplesmente Notre Dame / ˌnoʊtərˈdeɪm / NOH-tər-DAYM) é uma Universidade Católica de Pesquisa localizada a o lado de South Bend, Indiana, em os Estados Unidos.",respostaGrok4.0Fast,A Universidade de Notre Dame du Lac,é localizada ao lado de,"South Bend, Indiana",3
"A Universidade de Notre Dame du Lac (ou simplesmente Notre Dame / ˌnoʊtərˈdeɪm / NOH-tər-DAYM) é uma Universidade Católica de Pesquisa localizada a o lado de South Bend, Indiana, em os Estados Unidos.",respostaGrok4.0Fast,A Universidade de Notre Dame du Lac,é localizada em,os Estados Unidos,4
"A Universidade de Notre Dame du Lac (ou simplesmente Notre Dame / ˌnoʊtərˈdeɪm / NOH-tər-DAYM) é uma Universidade Católica de Pesquisa localizada a o lado de South Bend, Indiana, em os Estados Unidos.",respostas_gpt5.5_mini,A Universidade de Notre Dame du Lac,está localizada ao lado de,"South Bend, Indiana",3
"A Universidade de Notre Dame du Lac (ou simplesmente Notre Dame / ˌnoʊtərˈdeɪm / NOH-tər-DAYM) é uma Universidade Católica de Pesquisa localizada a o lado de South Bend, Indiana, em os Estados Unidos.",respostas_gpt5.5_mini,A Universidade de Notre Dame du Lac,está localizada em,os Estados Unidos,4
"A Universidade de Notre Dame du Lac (ou simplesmente Notre Dame / ˌnoʊtərˈdeɪm / NOH-tər-DAYM) é uma Universidade Católica de Pesquisa localizada a o lado de South Bend, Indiana, em os Estados Unidos.",respostasGemini3.1Pro,A Universidade de Notre Dame du Lac,está localizada em,os Estados Unidos,4
"Em fevereiro de 2013, Beyoncé disse que Madonna a inspirou a assumir o controle de sua própria carreira.",Claude_Sonnet5,Beyoncé,disse,que Madonna inspirou Beyoncé a assumir o controle de sua própria carreira,3
"Em fevereiro de 2013, Beyoncé disse que Madonna a inspirou a assumir o controle de sua própria carreira.",respostaGrok4.0Fast,Beyoncé,disse,que Madonna a inspirou a assumir o controle de sua própria carreira,3
"Em fevereiro de 2013, Beyoncé disse que Madonna a inspirou a assumir o controle de sua própria carreira.",respostasGemini3.1Pro,Beyoncé,disse,que Madonna a inspirou a assumir o controle de sua própria carreira,3
"Em 2013, foi anunciado que Beyoncé trabalharia com Salma Hayek e Frida Giannini em uma campanha de a Gucci Chime for Change, que visa espalhar o empoderamento feminino.",Claude_Sonnet5,uma campanha da Gucci Chime for Change,visa espalhar,o empoderamento feminino,4
"Em 2013, foi anunciado que Beyoncé trabalharia com Salma Hayek e Frida Giannini em uma campanha de a Gucci Chime for Change, que visa espalhar o empoderamento feminino.",respostaGrok4.0Fast,a campanha de a Gucci Chime for Change,visa espalhar,o empoderamento feminino,4
"Em 2013, foi anunciado que Beyoncé trabalharia com Salma Hayek e Frida Giannini em uma campanha de a Gucci Chime for Change, que visa espalhar o empoderamento feminino.",respostas_gpt5.5_mini,a campanha de a Gucci Chime for Change,visa espalhar,o empoderamento feminino,4
"Em 2013, foi anunciado que Beyoncé trabalharia com Salma Hayek e Frida Giannini em uma campanha de a Gucci Chime for Change, que visa espalhar o empoderamento feminino.",respostasGemini3.1Pro,a Gucci Chime for Change,visa espalhar,o empoderamento feminino,4
"O Aeroporto Internacional de Bozeman Yellowstone é o aeroporto mais movimentado de o estado de Montana, superando o Aeroporto Internacional Billings Logan em a primavera de 2013",Claude_Sonnet5,O Aeroporto Internacional de Bozeman Yellowstone,superou,o Aeroporto Internacional Billings Logan,3
"O Aeroporto Internacional de Bozeman Yellowstone é o aeroporto mais movimentado de o estado de Montana, superando o Aeroporto Internacional Billings Logan em a primavera de 2013",respostas_gpt5.5_mini,O Aeroporto Internacional de Bozeman Yellowstone,superou,O Aeroporto Internacional Billings Logan,3
"O Aeroporto Internacional de Bozeman Yellowstone é o aeroporto mais movimentado de o estado de Montana, superando o Aeroporto Internacional Billings Logan em a primavera de 2013",respostasGemini3.1Pro,O Aeroporto Internacional de Bozeman Yellowstone,superou,o Aeroporto Internacional Billings Logan,3
"Na primavera de 1834, Chopin participou de o Festival de Música de o Baixo Reno em Aix-la-Chapelle com Hiller, e foi lá que Chopin conheceu Felix Mendelssohn.",Claude_Sonnet5,Chopin,conheceu,Felix Mendelssohn,4
"Na primavera de 1834, Chopin participou de o Festival de Música de o Baixo Reno em Aix-la-Chapelle com Hiller, e foi lá que Chopin conheceu Felix Mendelssohn.",respostaGrok4.0Fast,Chopin,conheceu,Felix Mendelssohn,4
"Na primavera de 1834, Chopin participou de o Festival de Música de o Baixo Reno em Aix-la-Chapelle com Hiller, e foi lá que Chopin conheceu Felix Mendelssohn.",respostas_gpt5.5_mini,Chopin,conheceu,Felix Mendelssohn,4
"Na primavera de 1834, Chopin participou de o Festival de Música de o Baixo Reno em Aix-la-Chapelle com Hiller, e foi lá que Chopin conheceu Felix Mendelssohn.",respostasGemini3.1Pro,Chopin,conheceu,Felix Mendelssohn,4
"Mais tarde naquela manhã, o marido de Solange, Clésinger, fez a máscara mortuária de Chopin e um giro de a mão esquerda.",Claude_Sonnet5,Clésinger,fez,a máscara mortuária de Chopin,4
"Mais tarde naquela manhã, o marido de Solange, Clésinger, fez a máscara mortuária de Chopin e um giro de a mão esquerda.",Claude_Sonnet5,Clésinger,fez,um giro da mão esquerda de Chopin,4
"Mais tarde naquela manhã, o marido de Solange, Clésinger, fez a máscara mortuária de Chopin e um giro de a mão esquerda.",respostaGrok4.0Fast,Clésinger,fez,a máscara mortuária de Chopin,4
"Mais tarde naquela manhã, o marido de Solange, Clésinger, fez a máscara mortuária de Chopin e um giro de a mão esquerda.",respostaGrok4.0Fast,Clésinger,fez,um giro de a mão esquerda,4
"Mais tarde naquela manhã, o marido de Solange, Clésinger, fez a máscara mortuária de Chopin e um giro de a mão esquerda.",respostas_gpt5.5_mini,Clésinger,fez,a máscara mortuária de Chopin,4
"Mais tarde naquela manhã, o marido de Solange, Clésinger, fez a máscara mortuária de Chopin e um giro de a mão esquerda.",respostas_gpt5.5_mini,Clésinger,fez,um giro de a mão esquerda,4
"Mais tarde naquela manhã, o marido de Solange, Clésinger, fez a máscara mortuária de Chopin e um giro de a mão esquerda.",respostasGemini3.1Pro,Clésinger,fez,a máscara mortuária de Chopin,4
"Mais tarde naquela manhã, o marido de Solange, Clésinger, fez a máscara mortuária de Chopin e um giro de a mão esquerda.",respostasGemini3.1Pro,Clésinger,fez,um giro de a mão esquerda,4
"No entanto, depois que Altan Khan (1507-1582) - líder de os mongóis Tümed que derrubou a hegemonia de a confederação Oirat Mongol sobre as estepes - fez as pazes com a dinastia Ming em 1571, ele persuadiu os Ming a reabrir seus mercados de fronteira em 1573.",Claude_Sonnet5,Altan Khan,derrubou,a hegemonia da confederação Oirat Mongol sobre as estepes,3
"No entanto, depois que Altan Khan (1507-1582) - líder de os mongóis Tümed que derrubou a hegemonia de a confederação Oirat Mongol sobre as estepes - fez as pazes com a dinastia Ming em 1571, ele persuadiu os Ming a reabrir seus mercados de fronteira em 1573.",respostaGrok4.0Fast,Altan Khan,derrubou,a hegemonia de a confederação Oirat Mongol sobre as estepes,3
"No entanto, depois que Altan Khan (1507-1582) - líder de os mongóis Tümed que derrubou a hegemonia de a confederação Oirat Mongol sobre as estepes - fez as pazes com a dinastia Ming em 1571, ele persuadiu os Ming a reabrir seus mercados de fronteira em 1573.",respostaGrok4.0Fast,Altan Khan,persuadiu,os Ming a reabrir seus mercados de fronteira em 1573,3
"No entanto, depois que Altan Khan (1507-1582) - líder de os mongóis Tümed que derrubou a hegemonia de a confederação Oirat Mongol sobre as estepes - fez as pazes com a dinastia Ming em 1571, ele persuadiu os Ming a reabrir seus mercados de fronteira em 1573.",respostas_gpt5.5_mini,Altan Khan,derrubou,a hegemonia de a confederação Oirat Mongol sobre as estepes,3
"No entanto, depois que Altan Khan (1507-1582) - líder de os mongóis Tümed que derrubou a hegemonia de a confederação Oirat Mongol sobre as estepes - fez as pazes com a dinastia Ming em 1571, ele persuadiu os Ming a reabrir seus mercados de fronteira em 1573.",respostas_gpt5.5_mini,Altan Khan,persuadiu,os Ming a reabrir seus mercados de fronteira,3
"No entanto, depois que Altan Khan (1507-1582) - líder de os mongóis Tümed que derrubou a hegemonia de a confederação Oirat Mongol sobre as estepes - fez as pazes com a dinastia Ming em 1571, ele persuadiu os Ming a reabrir seus mercados de fronteira em 1573.",respostasGemini3.1Pro,Altan Khan,persuadiu,os Ming a reabrir seus mercados de fronteira,3
"Güshi Khan aceitou seu papel de protetor e, de 1637 a 1640, ele não apenas derrotou os inimigos de os Gelugpas em as regiões Amdo e Kham, mas também reassentou toda a sua tribo em Amdo.",Claude_Sonnet5,Güshi Khan,reassentou,toda a sua tribo,3
"Güshi Khan aceitou seu papel de protetor e, de 1637 a 1640, ele não apenas derrotou os inimigos de os Gelugpas em as regiões Amdo e Kham, mas também reassentou toda a sua tribo em Amdo.",respostaGrok4.0Fast,Güshi Khan,reassentou,toda a sua tribo em Amdo,3
"Güshi Khan aceitou seu papel de protetor e, de 1637 a 1640, ele não apenas derrotou os inimigos de os Gelugpas em as regiões Amdo e Kham, mas também reassentou toda a sua tribo em Amdo.",respostas_gpt5.5_mini,Güshi Khan,reassentou,toda a sua tribo em Amdo,3
"As versões de seis e sete faixas de a trilha sonora de o jogo foram lançadas em 19 de novembro de 2006, como parte de uma promoção de o Nintendo Power e acompanhadas de réplicas de a Master Sword e de o Hylian Shield.",Claude_Sonnet5,As versões de seis e sete faixas da trilha sonora do jogo,foram lançadas como parte de,uma promoção do Nintendo Power,4
"As versões de seis e sete faixas de a trilha sonora de o jogo foram lançadas em 19 de novembro de 2006, como parte de uma promoção de o Nintendo Power e acompanhadas de réplicas de a Master Sword e de o Hylian Shield.",respostaGrok4.0Fast,As versões de seis e sete faixas de a trilha sonora de o jogo,foram lançadas como parte de,uma promoção de o Nintendo Power,4
"As versões de seis e sete faixas de a trilha sonora de o jogo foram lançadas em 19 de novembro de 2006, como parte de uma promoção de o Nintendo Power e acompanhadas de réplicas de a Master Sword e de o Hylian Shield.",respostas_gpt5.5_mini,As versões de seis e sete faixas de a trilha sonora de o jogo,foram lançadas como parte de,uma promoção de o Nintendo Power,4
"As versões de seis e sete faixas de a trilha sonora de o jogo foram lançadas em 19 de novembro de 2006, como parte de uma promoção de o Nintendo Power e acompanhadas de réplicas de a Master Sword e de o Hylian Shield.",respostasGemini3.1Pro,As versões de seis e sete faixas de a trilha sonora de o jogo,foram lançadas como,parte de uma promoção de o Nintendo Power,4
"Enquanto isso, um trem de carga que transportava 13 tanques de gasolina descarrilou em Condado de Hui, Gansu, e pegou fogo depois que o trilho foi distorcido.",Claude_Sonnet5,um trem de carga,transportava,13 tanques de gasolina,3
"Enquanto isso, um trem de carga que transportava 13 tanques de gasolina descarrilou em Condado de Hui, Gansu, e pegou fogo depois que o trilho foi distorcido.",respostas_gpt5.5_mini,um trem de carga,transportava,13 tanques de gasolina,3
"Enquanto isso, um trem de carga que transportava 13 tanques de gasolina descarrilou em Condado de Hui, Gansu, e pegou fogo depois que o trilho foi distorcido.",respostasGemini3.1Pro,um trem de carga,transportava,13 tanques de gasolina,3
Os Estados Unidos compartilharam algumas de suas imagens de satélite de as áreas atingidas por o terremoto com as Autoridades chinesas.,Claude_Sonnet5,Os Estados Unidos,compartilharam,algumas de suas imagens de satélite das áreas atingidas pelo terremoto,3
Os Estados Unidos compartilharam algumas de suas imagens de satélite de as áreas atingidas por o terremoto com as Autoridades chinesas.,respostaGrok4.0Fast,Os Estados Unidos,compartilharam,algumas de suas imagens de satélite de as áreas atingidas por o terremoto com as Autoridades chinesas,3
Os Estados Unidos compartilharam algumas de suas imagens de satélite de as áreas atingidas por o terremoto com as Autoridades chinesas.,respostas_gpt5.5_mini,Os Estados Unidos,compartilharam,algumas de suas imagens de satélite de as áreas atingidas por o terremoto,3
"Nova York - freqüentemente chamada Cidade de Nova York ou Cidade de Nova York para distingui-la de o Estado de Nova York, de o qual faz parte - é a cidade mais populosa de os Estados Unidos e o centro de a área metropolitana de Nova York, o principal portal de imigração legal para os Estados Unidos e uma de as aglomerações urbanas mais populosas de o mundo.",Claude_Sonnet5,Nova York,é frequentemente chamada,Cidade de Nova York,4
"Nova York - freqüentemente chamada Cidade de Nova York ou Cidade de Nova York para distingui-la de o Estado de Nova York, de o qual faz parte - é a cidade mais populosa de os Estados Unidos e o centro de a área metropolitana de Nova York, o principal portal de imigração legal para os Estados Unidos e uma de as aglomerações urbanas mais populosas de o mundo.",Claude_Sonnet5,Nova York,é,o centro da área metropolitana de Nova York,3
"Nova York - freqüentemente chamada Cidade de Nova York ou Cidade de Nova York para distingui-la de o Estado de Nova York, de o qual faz parte - é a cidade mais populosa de os Estados Unidos e o centro de a área metropolitana de Nova York, o principal portal de imigração legal para os Estados Unidos e uma de as aglomerações urbanas mais populosas de o mundo.",Claude_Sonnet5,Nova York,é,o principal portal de imigração legal para os Estados Unidos,3
"Nova York - freqüentemente chamada Cidade de Nova York ou Cidade de Nova York para distingui-la de o Estado de Nova York, de o qual faz parte - é a cidade mais populosa de os Estados Unidos e o centro de a área metropolitana de Nova York, o principal portal de imigração legal para os Estados Unidos e uma de as aglomerações urbanas mais populosas de o mundo.",respostaGrok4.0Fast,Nova York,é frequentemente chamada,Cidade de Nova York,4
"Nova York - freqüentemente chamada Cidade de Nova York ou Cidade de Nova York para distingui-la de o Estado de Nova York, de o qual faz parte - é a cidade mais populosa de os Estados Unidos e o centro de a área metropolitana de Nova York, o principal portal de imigração legal para os Estados Unidos e uma de as aglomerações urbanas mais populosas de o mundo.",respostaGrok4.0Fast,Nova York,é,o centro de a área metropolitana de Nova York,3
"Nova York - freqüentemente chamada Cidade de Nova York ou Cidade de Nova York para distingui-la de o Estado de Nova York, de o qual faz parte - é a cidade mais populosa de os Estados Unidos e o centro de a área metropolitana de Nova York, o principal portal de imigração legal para os Estados Unidos e uma de as aglomerações urbanas mais populosas de o mundo.",respostaGrok4.0Fast,Nova York,é,o principal portal de imigração legal para os Estados Unidos,3
"Nova York - freqüentemente chamada Cidade de Nova York ou Cidade de Nova York para distingui-la de o Estado de Nova York, de o qual faz parte - é a cidade mais populosa de os Estados Unidos e o centro de a área metropolitana de Nova York, o principal portal de imigração legal para os Estados Unidos e uma de as aglomerações urbanas mais populosas de o mundo.",respostas_gpt5.5_mini,Nova York,é frequentemente chamada de,Cidade de Nova York,3
"Nova York - freqüentemente chamada Cidade de Nova York ou Cidade de Nova York para distingui-la de o Estado de Nova York, de o qual faz parte - é a cidade mais populosa de os Estados Unidos e o centro de a área metropolitana de Nova York, o principal portal de imigração legal para os Estados Unidos e uma de as aglomerações urbanas mais populosas de o mundo.",respostas_gpt5.5_mini,Nova York,é,o centro de a área metropolitana de Nova York,3
"Nova York - freqüentemente chamada Cidade de Nova York ou Cidade de Nova York para distingui-la de o Estado de Nova York, de o qual faz parte - é a cidade mais populosa de os Estados Unidos e o centro de a área metropolitana de Nova York, o principal portal de imigração legal para os Estados Unidos e uma de as aglomerações urbanas mais populosas de o mundo.",respostas_gpt5.5_mini,Nova York,é,o principal portal de imigração legal para os Estados Unidos,3
"Nova York - freqüentemente chamada Cidade de Nova York ou Cidade de Nova York para distingui-la de o Estado de Nova York, de o qual faz parte - é a cidade mais populosa de os Estados Unidos e o centro de a área metropolitana de Nova York, o principal portal de imigração legal para os Estados Unidos e uma de as aglomerações urbanas mais populosas de o mundo.",respostasGemini3.1Pro,Nova York,é freqüentemente chamada,Cidade de Nova York,3
"A Batalha de Long Island, a maior batalha de a Guerra Revolucionária Americana, foi travada em agosto de 1776, inteiramente em o bairro moderno de o Brooklyn.",Claude_Sonnet5,A Batalha de Long Island,foi travada inteiramente em,o bairro moderno do Brooklyn,4
"A Batalha de Long Island, a maior batalha de a Guerra Revolucionária Americana, foi travada em agosto de 1776, inteiramente em o bairro moderno de o Brooklyn.",respostaGrok4.0Fast,A Batalha de Long Island,é,a maior batalha de a Guerra Revolucionária Americana,3
"A Batalha de Long Island, a maior batalha de a Guerra Revolucionária Americana, foi travada em agosto de 1776, inteiramente em o bairro moderno de o Brooklyn.",respostaGrok4.0Fast,A Batalha de Long Island,foi travada em,o bairro moderno de o Brooklyn,4
"A Batalha de Long Island, a maior batalha de a Guerra Revolucionária Americana, foi travada em agosto de 1776, inteiramente em o bairro moderno de o Brooklyn.",respostas_gpt5.5_mini,A Batalha de Long Island,é,a maior batalha de a Guerra Revolucionária Americana,3
"A Batalha de Long Island, a maior batalha de a Guerra Revolucionária Americana, foi travada em agosto de 1776, inteiramente em o bairro moderno de o Brooklyn.",respostas_gpt5.5_mini,A Batalha de Long Island,foi travada em,o bairro moderno de o Brooklyn,4
"A Batalha de Long Island, a maior batalha de a Guerra Revolucionária Americana, foi travada em agosto de 1776, inteiramente em o bairro moderno de o Brooklyn.",respostasGemini3.1Pro,A Batalha de Long Island,é,a maior batalha de a Guerra Revolucionária Americana,3
"A Batalha de Long Island, a maior batalha de a Guerra Revolucionária Americana, foi travada em agosto de 1776, inteiramente em o bairro moderno de o Brooklyn.",respostasGemini3.1Pro,A Batalha de Long Island,foi travada em,o bairro moderno de o Brooklyn,4
"O ponto mais alto de a cidade é Todt Hill, em Staten Island, que, a 124,9 m acima de o nível de o mar, é o ponto mais alto de a costa leste de o sul de o Maine.",Claude_Sonnet5,Todt Hill,é,o ponto mais alto da costa leste do sul do Maine,3
"O ponto mais alto de a cidade é Todt Hill, em Staten Island, que, a 124,9 m acima de o nível de o mar, é o ponto mais alto de a costa leste de o sul de o Maine.",respostaGrok4.0Fast,Todt Hill,é,o ponto mais alto de a costa leste de o sul de o Maine,3
"O ponto mais alto de a cidade é Todt Hill, em Staten Island, que, a 124,9 m acima de o nível de o mar, é o ponto mais alto de a costa leste de o sul de o Maine.",respostas_gpt5.5_mini,Todt Hill,é,o ponto mais alto de a costa leste de o sul de o Maine,3
"A cidade de Nova York possui um alto grau de disparidade de renda, conforme indicado por o seu coeficiente de Gini de 0,5 para a cidade em geral e 0,6 para Manhattan.",Claude_Sonnet5,A cidade de Nova York,possui,um alto grau de disparidade de renda,4
"A cidade de Nova York possui um alto grau de disparidade de renda, conforme indicado por o seu coeficiente de Gini de 0,5 para a cidade em geral e 0,6 para Manhattan.",respostaGrok4.0Fast,A cidade de Nova York,possui,um alto grau de disparidade de renda,4
"A cidade de Nova York possui um alto grau de disparidade de renda, conforme indicado por o seu coeficiente de Gini de 0,5 para a cidade em geral e 0,6 para Manhattan.",respostas_gpt5.5_mini,A cidade de Nova York,possui,um alto grau de disparidade de renda,4
"A cidade de Nova York possui um alto grau de disparidade de renda, conforme indicado por o seu coeficiente de Gini de 0,5 para a cidade em geral e 0,6 para Manhattan.",respostasGemini3.1Pro,A cidade de Nova York,possui,um alto grau de disparidade de renda,4
"A frota de ônibus públicos de a cidade de Nova York é a maior de a América de o Norte, e o Port Authority Bus Terminal, o principal terminal de ônibus interurbano de a cidade, atende 7.000 ônibus e 200.000 passageiros diariamente, tornando-se a estação de ônibus mais movimentada de o mundo.",Claude_Sonnet5,o Port Authority Bus Terminal,é,o principal terminal de ônibus interurbano da cidade,4
"A frota de ônibus públicos de a cidade de Nova York é a maior de a América de o Norte, e o Port Authority Bus Terminal, o principal terminal de ônibus interurbano de a cidade, atende 7.000 ônibus e 200.000 passageiros diariamente, tornando-se a estação de ônibus mais movimentada de o mundo.",Claude_Sonnet5,o Port Authority Bus Terminal,é,a estação de ônibus mais movimentada do mundo,3
"A frota de ônibus públicos de a cidade de Nova York é a maior de a América de o Norte, e o Port Authority Bus Terminal, o principal terminal de ônibus interurbano de a cidade, atende 7.000 ônibus e 200.000 passageiros diariamente, tornando-se a estação de ônibus mais movimentada de o mundo.",respostaGrok4.0Fast,o Port Authority Bus Terminal,é,o principal terminal de ônibus interurbano de a cidade,4
"A frota de ônibus públicos de a cidade de Nova York é a maior de a América de o Norte, e o Port Authority Bus Terminal, o principal terminal de ônibus interurbano de a cidade, atende 7.000 ônibus e 200.000 passageiros diariamente, tornando-se a estação de ônibus mais movimentada de o mundo.",respostaGrok4.0Fast,o Port Authority Bus Terminal,é,a estação de ônibus mais movimentada de o mundo,3
"A frota de ônibus públicos de a cidade de Nova York é a maior de a América de o Norte, e o Port Authority Bus Terminal, o principal terminal de ônibus interurbano de a cidade, atende 7.000 ônibus e 200.000 passageiros diariamente, tornando-se a estação de ônibus mais movimentada de o mundo.",respostas_gpt5.5_mini,o Port Authority Bus Terminal,é,o principal terminal de ônibus interurbano de a cidade,4
"A frota de ônibus públicos de a cidade de Nova York é a maior de a América de o Norte, e o Port Authority Bus Terminal, o principal terminal de ônibus interurbano de a cidade, atende 7.000 ônibus e 200.000 passageiros diariamente, tornando-se a estação de ônibus mais movimentada de o mundo.",respostas_gpt5.5_mini,o Port Authority Bus Terminal,é,a estação de ônibus mais movimentada de o mundo,3
"A frota de ônibus públicos de a cidade de Nova York é a maior de a América de o Norte, e o Port Authority Bus Terminal, o principal terminal de ônibus interurbano de a cidade, atende 7.000 ônibus e 200.000 passageiros diariamente, tornando-se a estação de ônibus mais movimentada de o mundo.",respostasGemini3.1Pro,o Port Authority Bus Terminal,é,o principal terminal de ônibus interurbano de a cidade,4
"Eu amo Nova Iorque (estilizado I ❤ NY) é um logotipo e uma música que são a base de uma campanha publicitária e são usados desde 1977 para promover o turismo em a cidade de Nova York e, posteriormente, também para promover o Estado de Nova York.",Claude_Sonnet5,Eu amo Nova Iorque,é a base de,uma campanha publicitária,3
"Eu amo Nova Iorque (estilizado I ❤ NY) é um logotipo e uma música que são a base de uma campanha publicitária e são usados desde 1977 para promover o turismo em a cidade de Nova York e, posteriormente, também para promover o Estado de Nova York.",respostaGrok4.0Fast,Eu amo Nova Iorque,é a base de,uma campanha publicitária,3
"Eu amo Nova Iorque (estilizado I ❤ NY) é um logotipo e uma música que são a base de uma campanha publicitária e são usados desde 1977 para promover o turismo em a cidade de Nova York e, posteriormente, também para promover o Estado de Nova York.",respostas_gpt5.5_mini,Eu amo Nova Iorque,são a base de,uma campanha publicitária,3
"Em 2010, houve preocupações entre as autoridades tadjiques de que o militarismo islâmico em o leste de o país estava em ascensão após a fuga de 25 militantes de uma prisão tadjique em agosto, uma emboscada que matou 28 soldados tadjiques em o vale de Rasht em setembro, e outra emboscada em o vale em outubro que matou 30 soldados, seguida de combates fora de Gharm que deixaram 3 militantes mortos.",Claude_Sonnet5,uma emboscada,matou,28 soldados tadjiques,3
"Em 2010, houve preocupações entre as autoridades tadjiques de que o militarismo islâmico em o leste de o país estava em ascensão após a fuga de 25 militantes de uma prisão tadjique em agosto, uma emboscada que matou 28 soldados tadjiques em o vale de Rasht em setembro, e outra emboscada em o vale em outubro que matou 30 soldados, seguida de combates fora de Gharm que deixaram 3 militantes mortos.",respostas_gpt5.5_mini,uma emboscada,matou,28 soldados tadjiques,3
"Em 2010, houve preocupações entre as autoridades tadjiques de que o militarismo islâmico em o leste de o país estava em ascensão após a fuga de 25 militantes de uma prisão tadjique em agosto, uma emboscada que matou 28 soldados tadjiques em o vale de Rasht em setembro, e outra emboscada em o vale em outubro que matou 30 soldados, seguida de combates fora de Gharm que deixaram 3 militantes mortos.",respostasGemini3.1Pro,uma emboscada,matou,28 soldados tadjiques,3
"O Império Samanida, 819 a 999, restaurou o controle persa de a região e ampliou as cidades de Samarcanda e Bukhara (hoje as duas cidades fazem parte de o Uzbequistão), que se tornaram os centros culturais de o Irã e a região era conhecida como Khorasan.",Claude_Sonnet5,Samarcanda e Bukhara,se tornaram,os centros culturais do Irã,3
"O Império Samanida, 819 a 999, restaurou o controle persa de a região e ampliou as cidades de Samarcanda e Bukhara (hoje as duas cidades fazem parte de o Uzbequistão), que se tornaram os centros culturais de o Irã e a região era conhecida como Khorasan.",respostaGrok4.0Fast,O Império Samanida,restaurou,o controle persa de a região,3
"O Império Samanida, 819 a 999, restaurou o controle persa de a região e ampliou as cidades de Samarcanda e Bukhara (hoje as duas cidades fazem parte de o Uzbequistão), que se tornaram os centros culturais de o Irã e a região era conhecida como Khorasan.",respostaGrok4.0Fast,O Império Samanida,ampliou,as cidades de Samarcanda e Bukhara,3
"O Império Samanida, 819 a 999, restaurou o controle persa de a região e ampliou as cidades de Samarcanda e Bukhara (hoje as duas cidades fazem parte de o Uzbequistão), que se tornaram os centros culturais de o Irã e a região era conhecida como Khorasan.",respostaGrok4.0Fast,Samarcanda e Bukhara,se tornaram,os centros culturais de o Irã,3
"O Império Samanida, 819 a 999, restaurou o controle persa de a região e ampliou as cidades de Samarcanda e Bukhara (hoje as duas cidades fazem parte de o Uzbequistão), que se tornaram os centros culturais de o Irã e a região era conhecida como Khorasan.",respostas_gpt5.5_mini,O Império Samanida,restaurou,o controle persa de a região,3
"O Império Samanida, 819 a 999, restaurou o controle persa de a região e ampliou as cidades de Samarcanda e Bukhara (hoje as duas cidades fazem parte de o Uzbequistão), que se tornaram os centros culturais de o Irã e a região era conhecida como Khorasan.",respostas_gpt5.5_mini,O Império Samanida,ampliou,as cidades de Samarcanda e Bukhara,3
"O Império Samanida, 819 a 999, restaurou o controle persa de a região e ampliou as cidades de Samarcanda e Bukhara (hoje as duas cidades fazem parte de o Uzbequistão), que se tornaram os centros culturais de o Irã e a região era conhecida como Khorasan.",respostas_gpt5.5_mini,Samarcanda e Bukhara,se tornaram,os centros culturais de o Irã,3
"O Império Samanida, 819 a 999, restaurou o controle persa de a região e ampliou as cidades de Samarcanda e Bukhara (hoje as duas cidades fazem parte de o Uzbequistão), que se tornaram os centros culturais de o Irã e a região era conhecida como Khorasan.",respostasGemini3.1Pro,O Império Samanida,restaurou,o controle persa de a região,3
"O Império Samanida, 819 a 999, restaurou o controle persa de a região e ampliou as cidades de Samarcanda e Bukhara (hoje as duas cidades fazem parte de o Uzbequistão), que se tornaram os centros culturais de o Irã e a região era conhecida como Khorasan.",respostasGemini3.1Pro,O Império Samanida,ampliou,as cidades de Samarcanda e Bukhara,3
"Durante o final de o século XIX, os jadidistas se estabeleceram como um movimento social islâmico em toda a região.",Claude_Sonnet5,os jadidistas,se estabeleceram em,toda a região,3
"Durante o final de o século XIX, os jadidistas se estabeleceram como um movimento social islâmico em toda a região.",respostaGrok4.0Fast,os jadidistas,se estabeleceram em,toda a região,3
"Durante o final de o século XIX, os jadidistas se estabeleceram como um movimento social islâmico em toda a região.",respostas_gpt5.5_mini,os jadidistas,se estabeleceram em,toda a região,3
"Com a ocupação de Napoleão, Portugal começou um declínio lento, mas inexorável, que durou até o século XX.",Claude_Sonnet5,Portugal,começou,"um declínio lento, mas inexorável",3
"Com a ocupação de Napoleão, Portugal começou um declínio lento, mas inexorável, que durou até o século XX.",Claude_Sonnet5,"o declínio lento, mas inexorável de Portugal",durou até,o século XX,3
"Com a ocupação de Napoleão, Portugal começou um declínio lento, mas inexorável, que durou até o século XX.",respostas_gpt5.5_mini,Portugal,começou,"um declínio lento, mas inexorável",3
"Com a ocupação de Napoleão, Portugal começou um declínio lento, mas inexorável, que durou até o século XX.",respostas_gpt5.5_mini,"um declínio lento, mas inexorável",durou até,o século XX,3
"Com a ocupação de Napoleão, Portugal começou um declínio lento, mas inexorável, que durou até o século XX.",respostasGemini3.1Pro,Portugal,começou,"um declínio lento, mas inexorável",3
"Com a ocupação de Napoleão, Portugal começou um declínio lento, mas inexorável, que durou até o século XX.",respostasGemini3.1Pro,"um declínio lento, mas inexorável",durou até,o século XX,3
"Portugal mantém uma forma republicana semi-presidencial unitária de governo e é um país desenvolvido com uma economia avançada e um alto padrão de vida, tendo o 18º maior progresso social de o mundo, colocando-o a a frente de outros países de a Europa Ocidental como França, Espanha e Itália.",Claude_Sonnet5,Portugal,tem,o 18º maior progresso social do mundo,4
"Portugal mantém uma forma republicana semi-presidencial unitária de governo e é um país desenvolvido com uma economia avançada e um alto padrão de vida, tendo o 18º maior progresso social de o mundo, colocando-o a a frente de outros países de a Europa Ocidental como França, Espanha e Itália.",respostaGrok4.0Fast,Portugal,tem,o 18º maior progresso social de o mundo,4
"Portugal mantém uma forma republicana semi-presidencial unitária de governo e é um país desenvolvido com uma economia avançada e um alto padrão de vida, tendo o 18º maior progresso social de o mundo, colocando-o a a frente de outros países de a Europa Ocidental como França, Espanha e Itália.",respostas_gpt5.5_mini,Portugal,tem,o 18º maior progresso social do mundo,4
"Portugal mantém uma forma republicana semi-presidencial unitária de governo e é um país desenvolvido com uma economia avançada e um alto padrão de vida, tendo o 18º maior progresso social de o mundo, colocando-o a a frente de outros países de a Europa Ocidental como França, Espanha e Itália.",respostasGemini3.1Pro,Portugal,tem,o 18º maior progresso social de o mundo,4
"Mais tarde, uma província de o norte de a Lusitânia foi formada, conhecida como Gallaecia, com capital em Bracara Augusta, hoje Braga.",Claude_Sonnet5,uma província do norte da Lusitânia,era conhecida como,Gallaecia,3
"Mais tarde, uma província de o norte de a Lusitânia foi formada, conhecida como Gallaecia, com capital em Bracara Augusta, hoje Braga.",Claude_Sonnet5,Gallaecia,tinha capital em,Bracara Augusta,3
"Mais tarde, uma província de o norte de a Lusitânia foi formada, conhecida como Gallaecia, com capital em Bracara Augusta, hoje Braga.",respostaGrok4.0Fast,uma província de o norte de a Lusitânia,é conhecida como,Gallaecia,3
"Mais tarde, uma província de o norte de a Lusitânia foi formada, conhecida como Gallaecia, com capital em Bracara Augusta, hoje Braga.",respostasGemini3.1Pro,uma província de o norte de a Lusitânia,é conhecida como,Gallaecia,3
"O período de Taifa terminou com a conquista de os almorávidas que vieram de o Marrocos em 1086, conquistando uma vitória decisiva em a Batalha de Sagrajas, seguida um século depois em 1147, após o segundo período de Taifa, pelos Almohads, também de Marraquexe.",Claude_Sonnet5,os almorávidas,vieram de,o Marrocos,3
"O período de Taifa terminou com a conquista de os almorávidas que vieram de o Marrocos em 1086, conquistando uma vitória decisiva em a Batalha de Sagrajas, seguida um século depois em 1147, após o segundo período de Taifa, pelos Almohads, também de Marraquexe.",respostas_gpt5.5_mini,os almorávidas,vieram de,o Marrocos,3
"O período de Taifa terminou com a conquista de os almorávidas que vieram de o Marrocos em 1086, conquistando uma vitória decisiva em a Batalha de Sagrajas, seguida um século depois em 1147, após o segundo período de Taifa, pelos Almohads, também de Marraquexe.",respostasGemini3.1Pro,os almorávidas,vieram de,o Marrocos,3
Os berberes eram originalmente de as montanhas de o Atlas e Rif de o norte de a África e eram essencialmente nômades.,respostaGrok4.0Fast,Os berberes,eram originalmente de,as montanhas de o Atlas e Rif de o norte de a África,3
Os berberes eram originalmente de as montanhas de o Atlas e Rif de o norte de a África e eram essencialmente nômades.,respostas_gpt5.5_mini,Os berberes,eram originalmente de,as montanhas do Atlas e Rif do norte da África,3
Os berberes eram originalmente de as montanhas de o Atlas e Rif de o norte de a África e eram essencialmente nômades.,respostasGemini3.1Pro,Os berberes,eram originalmente de,as montanhas de o Atlas e Rif de o norte de a África,3
"O banco central de Portugal é o Banco de Portugal, parte integrante de o Sistema Europeu de Bancos Centrais.",Claude_Sonnet5,O banco central de Portugal,é,o Banco de Portugal,4
"O banco central de Portugal é o Banco de Portugal, parte integrante de o Sistema Europeu de Bancos Centrais.",respostaGrok4.0Fast,O banco central de Portugal,é,o Banco de Portugal,4
"O banco central de Portugal é o Banco de Portugal, parte integrante de o Sistema Europeu de Bancos Centrais.",respostas_gpt5.5_mini,O banco central de Portugal,é,o Banco de Portugal,4
"O banco central de Portugal é o Banco de Portugal, parte integrante de o Sistema Europeu de Bancos Centrais.",respostasGemini3.1Pro,O banco central de Portugal,é,o Banco de Portugal,4
As universidades portuguesas existem desde 1290,Claude_Sonnet5,As universidades portuguesas,existem desde,1290,4
As universidades portuguesas existem desde 1290,respostaGrok4.0Fast,As universidades portuguesas,existem desde,1290,4
As universidades portuguesas existem desde 1290,respostas_gpt5.5_mini,As universidades portuguesas,existem desde,1290,4
As universidades portuguesas existem desde 1290,respostasGemini3.1Pro,As universidades portuguesas,existem desde,1290,4
Portugal liderou a exploração européia de o mundo e uma era de a descoberta.,Claude_Sonnet5,Portugal,liderou,uma era da descoberta,3
Portugal liderou a exploração européia de o mundo e uma era de a descoberta.,respostas_gpt5.5_mini,Portugal,liderou,uma era da descoberta,3
Portugal liderou a exploração européia de o mundo e uma era de a descoberta.,respostasGemini3.1Pro,Portugal,liderou,uma era de a descoberta,3
"O português é uma língua românica que se originou em o que hoje é a Galiza e o norte de Portugal, originária de o galego-português, que era a língua comum de o povo galego e português até a independência de Portugal.",Claude_Sonnet5,O português,se originou em,o que hoje é a Galiza e o norte de Portugal,3
"O português é uma língua românica que se originou em o que hoje é a Galiza e o norte de Portugal, originária de o galego-português, que era a língua comum de o povo galego e português até a independência de Portugal.",Claude_Sonnet5,O português,é originário de,o galego-português,3
"O português é uma língua românica que se originou em o que hoje é a Galiza e o norte de Portugal, originária de o galego-português, que era a língua comum de o povo galego e português até a independência de Portugal.",respostas_gpt5.5_mini,O português,é originário de,o galego-português,3
"O português é uma língua românica que se originou em o que hoje é a Galiza e o norte de Portugal, originária de o galego-português, que era a língua comum de o povo galego e português até a independência de Portugal.",respostasGemini3.1Pro,O português,se originou em,a Galiza e o norte de Portugal,3
"O português é uma língua românica que se originou em o que hoje é a Galiza e o norte de Portugal, originária de o galego-português, que era a língua comum de o povo galego e português até a independência de Portugal.",respostasGemini3.1Pro,O português,é originária de,o galego-português,3
"O Ministério de a Saúde é responsável por desenvolver políticas de saúde, bem como gerenciar o SNS.",Claude_Sonnet5,O Ministério da Saúde,é responsável por gerenciar,o SNS,3
"O Ministério de a Saúde é responsável por desenvolver políticas de saúde, bem como gerenciar o SNS.",respostas_gpt5.5_mini,O Ministério da Saúde,é responsável por gerenciar,o SNS,3
"O Ministério de a Saúde é responsável por desenvolver políticas de saúde, bem como gerenciar o SNS.",respostasGemini3.1Pro,O Ministério de a Saúde,é responsável por,gerenciar o SNS,3
"Kanye Omari West nasceu em 8 de junho de 1977 em Atlanta, Geórgia.",Claude_Sonnet5,Kanye Omari West,nasceu em,8 de junho de 1977,4
"Kanye Omari West nasceu em 8 de junho de 1977 em Atlanta, Geórgia.",respostaGrok4.0Fast,Kanye Omari West,nasceu em,"8 de junho de 1977 em Atlanta, Geórgia",4
"Kanye Omari West nasceu em 8 de junho de 1977 em Atlanta, Geórgia.",respostas_gpt5.5_mini,Kanye Omari West,nasceu em,8 de junho de 1977,4
"Kanye Omari West nasceu em 8 de junho de 1977 em Atlanta, Geórgia.",respostasGemini3.1Pro,Kanye Omari West,nasceu em,8 de junho de 1977,4
"O budismo mahayana, a o contrário, aspira a o estado de Buda através de o caminho de o bodhisattva, um estado em que alguém permanece neste ciclo para ajudar outros seres a alcançar o despertar.",Claude_Sonnet5,O budismo mahayana,aspira a,o estado de Buda,3
"O budismo mahayana, a o contrário, aspira a o estado de Buda através de o caminho de o bodhisattva, um estado em que alguém permanece neste ciclo para ajudar outros seres a alcançar o despertar.",respostaGrok4.0Fast,O budismo mahayana,aspira a,o estado de Buda,3
"O budismo mahayana, a o contrário, aspira a o estado de Buda através de o caminho de o bodhisattva, um estado em que alguém permanece neste ciclo para ajudar outros seres a alcançar o despertar.",respostasGemini3.1Pro,O budismo mahayana,aspira a,o estado de Buda através de o caminho de o bodhisattva,3
A segunda verdade é que a origem de dukkha pode ser conhecida.,Claude_Sonnet5,A segunda verdade,é,que a origem de dukkha pode ser conhecida,4
A segunda verdade é que a origem de dukkha pode ser conhecida.,respostaGrok4.0Fast,A segunda verdade,é,que a origem de dukkha pode ser conhecida,4
A segunda verdade é que a origem de dukkha pode ser conhecida.,respostas_gpt5.5_mini,A segunda verdade,é,que a origem de dukkha pode ser conhecida,4
A segunda verdade é que a origem de dukkha pode ser conhecida.,respostasGemini3.1Pro,A segunda verdade,é,que a origem de dukkha pode ser conhecida,4
O programa foi renomeado como American Idol The Search for a Superstar e estreou em o verão de 2002.,Claude_Sonnet5,O programa,estreou em,o verão de 2002,3
O programa foi renomeado como American Idol The Search for a Superstar e estreou em o verão de 2002.,respostas_gpt5.5_mini,O programa,estreou em,o verão de 2002,3
O programa foi renomeado como American Idol The Search for a Superstar e estreou em o verão de 2002.,respostasGemini3.1Pro,O programa,estreou em,o verão de 2002,3
"Desde então, Underwood vendeu 65 milhões de discos em todo o mundo e se tornou o concorrente de maior sucesso em os EUA, vendendo mais de 14 milhões de cópias de álbuns em os EUA e mais Underwood ganhou sete prêmios Grammy, o maior número de Grammys de um ex-aluno de o American Idol.",Claude_Sonnet5,Underwood,se tornou,o concorrente de maior sucesso nos EUA,3
"Desde então, Underwood vendeu 65 milhões de discos em todo o mundo e se tornou o concorrente de maior sucesso em os EUA, vendendo mais de 14 milhões de cópias de álbuns em os EUA e mais Underwood ganhou sete prêmios Grammy, o maior número de Grammys de um ex-aluno de o American Idol.",respostas_gpt5.5_mini,Underwood,se tornou,o concorrente de maior sucesso em os EUA,3
"Desde então, Underwood vendeu 65 milhões de discos em todo o mundo e se tornou o concorrente de maior sucesso em os EUA, vendendo mais de 14 milhões de cópias de álbuns em os EUA e mais Underwood ganhou sete prêmios Grammy, o maior número de Grammys de um ex-aluno de o American Idol.",respostasGemini3.1Pro,Underwood,se tornou,o concorrente de maior sucesso em os EUA,3
"A apresentadora de talk show ganhadora de o Emmy, Ellen Degeneres substituiu Paula Abdul nessa temporada, mas saiu depois de apenas uma temporada.",Claude_Sonnet5,Ellen Degeneres,saiu depois de,apenas uma temporada,3
"A apresentadora de talk show ganhadora de o Emmy, Ellen Degeneres substituiu Paula Abdul nessa temporada, mas saiu depois de apenas uma temporada.",respostas_gpt5.5_mini,Ellen Degeneres,saiu depois de,apenas uma temporada,3
"A apresentadora de talk show ganhadora de o Emmy, Ellen Degeneres substituiu Paula Abdul nessa temporada, mas saiu depois de apenas uma temporada.",respostasGemini3.1Pro,Ellen Degeneres,saiu depois de,apenas uma temporada,3
"Em 1758, o taxonomista Linnaeus publicou em o Systema Naturae uma categorização de espécies que incluía as espécies de Canis.",Claude_Sonnet5,uma categorização de espécies,incluía,as espécies de Canis,3
"Em 1758, o taxonomista Linnaeus publicou em o Systema Naturae uma categorização de espécies que incluía as espécies de Canis.",respostas_gpt5.5_mini,uma categorização de espécies,incluía,as espécies de Canis,3
"Em 1758, o taxonomista Linnaeus publicou em o Systema Naturae uma categorização de espécies que incluía as espécies de Canis.",respostasGemini3.1Pro,uma categorização de espécies,incluía,as espécies de Canis,3
"Cazaquistão: O primeiro portador de tocha em Almaty, onde a tocha olímpica chegou por a primeira vez em 2 de abril, foi o presidente de o Nursultan Nazarbaev de o Cazaquistão.",Claude_Sonnet5,O primeiro portador de tocha em Almaty,foi,o presidente Nursultan Nazarbaev do Cazaquistão,4
"Cazaquistão: O primeiro portador de tocha em Almaty, onde a tocha olímpica chegou por a primeira vez em 2 de abril, foi o presidente de o Nursultan Nazarbaev de o Cazaquistão.",respostaGrok4.0Fast,o primeiro portador de tocha em Almaty,foi,o presidente Nursultan Nazarbaev de o Cazaquistão,4
"Cazaquistão: O primeiro portador de tocha em Almaty, onde a tocha olímpica chegou por a primeira vez em 2 de abril, foi o presidente de o Nursultan Nazarbaev de o Cazaquistão.",respostas_gpt5.5_mini,O primeiro portador de tocha em Almaty,foi,o presidente de o Cazaquistão Nursultan Nazarbaev,4
"Cazaquistão: O primeiro portador de tocha em Almaty, onde a tocha olímpica chegou por a primeira vez em 2 de abril, foi o presidente de o Nursultan Nazarbaev de o Cazaquistão.",respostasGemini3.1Pro,O primeiro portador de tocha em Almaty,foi,o presidente de o Nursultan Nazarbaev de o Cazaquistão,4
"Em 1918, as responsabilidades acadêmicas de Whitehead começaram a se expandir seriamente, quando ele aceitou uma série de altos cargos administrativos dentro de o sistema de a Universidade de Londres, de os quais o Imperial College London era membro em a época.",Claude_Sonnet5,Whitehead,aceitou,uma série de altos cargos administrativos dentro do sistema da Universidade de Londres,3
"Em 1918, as responsabilidades acadêmicas de Whitehead começaram a se expandir seriamente, quando ele aceitou uma série de altos cargos administrativos dentro de o sistema de a Universidade de Londres, de os quais o Imperial College London era membro em a época.",respostaGrok4.0Fast,Whitehead,aceitou,uma série de altos cargos administrativos dentro de o sistema de a Universidade de Londres,3
"Em 1918, as responsabilidades acadêmicas de Whitehead começaram a se expandir seriamente, quando ele aceitou uma série de altos cargos administrativos dentro de o sistema de a Universidade de Londres, de os quais o Imperial College London era membro em a época.",respostas_gpt5.5_mini,Whitehead,aceitou,uma série de altos cargos administrativos dentro de o sistema de a Universidade de Londres,3
"os títulos lastreados em hipotecas comerciais, os lastreados em ativos e os CDOs atingiram o pico em 2006 em quase US $ 2 trilhões... Em 2009, a emissão privada foi de menos de US $ 150 bilhões, e quase toda a emissão em lastro foi suportada por o Programa TALF de o Federal Reserve para ajudar os financiadores de cartões de crédito, automóveis e pequenas empresas.",Claude_Sonnet5,"os títulos lastreados em hipotecas comerciais, os lastreados em ativos e os CDOs",atingiram o pico em,2006,3
"os títulos lastreados em hipotecas comerciais, os lastreados em ativos e os CDOs atingiram o pico em 2006 em quase US $ 2 trilhões... Em 2009, a emissão privada foi de menos de US $ 150 bilhões, e quase toda a emissão em lastro foi suportada por o Programa TALF de o Federal Reserve para ajudar os financiadores de cartões de crédito, automóveis e pequenas empresas.",respostas_gpt5.5_mini,os títulos lastreados em hipotecas comerciais,atingiram o pico em,2006,3
"os títulos lastreados em hipotecas comerciais, os lastreados em ativos e os CDOs atingiram o pico em 2006 em quase US $ 2 trilhões... Em 2009, a emissão privada foi de menos de US $ 150 bilhões, e quase toda a emissão em lastro foi suportada por o Programa TALF de o Federal Reserve para ajudar os financiadores de cartões de crédito, automóveis e pequenas empresas.",respostasGemini3.1Pro,os títulos lastreados em hipotecas comerciais,atingiram o pico em,2006,3
"Todas as ordens de implantação e disposição de tropas, incluindo declarações de guerra, se enquadram em a prerrogativa real e são emitidas como Ordens em o Conselho, que devem ser assinadas por o monarca ou por o governador geral.",Claude_Sonnet5,Todas as ordens de implantação e disposição de tropas,são emitidas como,Ordens em o Conselho,3
"Todas as ordens de implantação e disposição de tropas, incluindo declarações de guerra, se enquadram em a prerrogativa real e são emitidas como Ordens em o Conselho, que devem ser assinadas por o monarca ou por o governador geral.",Claude_Sonnet5,as Ordens em o Conselho,devem ser assinadas por,o monarca,3
"Todas as ordens de implantação e disposição de tropas, incluindo declarações de guerra, se enquadram em a prerrogativa real e são emitidas como Ordens em o Conselho, que devem ser assinadas por o monarca ou por o governador geral.",Claude_Sonnet5,as Ordens em o Conselho,devem ser assinadas por,o governador geral,3
"Todas as ordens de implantação e disposição de tropas, incluindo declarações de guerra, se enquadram em a prerrogativa real e são emitidas como Ordens em o Conselho, que devem ser assinadas por o monarca ou por o governador geral.",respostas_gpt5.5_mini,"Todas as ordens de implantação e disposição de tropas, incluindo declarações de guerra",são emitidas como,Ordens em o Conselho,3
"Todas as ordens de implantação e disposição de tropas, incluindo declarações de guerra, se enquadram em a prerrogativa real e são emitidas como Ordens em o Conselho, que devem ser assinadas por o monarca ou por o governador geral.",respostas_gpt5.5_mini,Ordens em o Conselho,devem ser assinadas por,o monarca,3
"Todas as ordens de implantação e disposição de tropas, incluindo declarações de guerra, se enquadram em a prerrogativa real e são emitidas como Ordens em o Conselho, que devem ser assinadas por o monarca ou por o governador geral.",respostas_gpt5.5_mini,Ordens em o Conselho,devem ser assinadas por,o governador geral,3
"Todas as ordens de implantação e disposição de tropas, incluindo declarações de guerra, se enquadram em a prerrogativa real e são emitidas como Ordens em o Conselho, que devem ser assinadas por o monarca ou por o governador geral.",respostasGemini3.1Pro,Ordens em o Conselho,devem ser assinadas por,o monarca,3
"Todas as ordens de implantação e disposição de tropas, incluindo declarações de guerra, se enquadram em a prerrogativa real e são emitidas como Ordens em o Conselho, que devem ser assinadas por o monarca ou por o governador geral.",respostasGemini3.1Pro,Todas as ordens de implantação e disposição de tropas,são emitidas como,Ordens em o Conselho,3
"Todas as ordens de implantação e disposição de tropas, incluindo declarações de guerra, se enquadram em a prerrogativa real e são emitidas como Ordens em o Conselho, que devem ser assinadas por o monarca ou por o governador geral.",respostasGemini3.1Pro,Ordens em o Conselho,devem ser assinadas por,o governador geral,3
"O professor de direito de a Universidade Columbia, Michael Dorf, observou que o possível processo de Schwarzenegger poderia finalmente lhe conceder o direito de concorrer a o cargo, observando A lei é muito clara, mas não é 100 % claro que os tribunais aplicariam essa lei em vez de deixá-la em liberdade.",Claude_Sonnet5,Michael Dorf,é,o professor de direito da Universidade Columbia,3
"O professor de direito de a Universidade Columbia, Michael Dorf, observou que o possível processo de Schwarzenegger poderia finalmente lhe conceder o direito de concorrer a o cargo, observando A lei é muito clara, mas não é 100 % claro que os tribunais aplicariam essa lei em vez de deixá-la em liberdade.",respostas_gpt5.5_mini,Michael Dorf,é,o professor de direito da Universidade Columbia,3
"O professor de direito de a Universidade Columbia, Michael Dorf, observou que o possível processo de Schwarzenegger poderia finalmente lhe conceder o direito de concorrer a o cargo, observando A lei é muito clara, mas não é 100 % claro que os tribunais aplicariam essa lei em vez de deixá-la em liberdade.",respostasGemini3.1Pro,Michael Dorf,é,professor de direito de a Universidade Columbia,3
"Em 1620, os Padres Peregrinos partiram de Plymouth para o Novo Mundo e estabeleceram a Colônia de Plymouth - o segundo assentamento inglês em o que é hoje os Estados Unidos de a América.",Claude_Sonnet5,os Padres Peregrinos,partiram de,Plymouth,4
"Em 1620, os Padres Peregrinos partiram de Plymouth para o Novo Mundo e estabeleceram a Colônia de Plymouth - o segundo assentamento inglês em o que é hoje os Estados Unidos de a América.",Claude_Sonnet5,os Padres Peregrinos,estabeleceram,a Colônia de Plymouth,4
"Em 1620, os Padres Peregrinos partiram de Plymouth para o Novo Mundo e estabeleceram a Colônia de Plymouth - o segundo assentamento inglês em o que é hoje os Estados Unidos de a América.",respostaGrok4.0Fast,os Padres Peregrinos,partiram de,Plymouth,4
"Em 1620, os Padres Peregrinos partiram de Plymouth para o Novo Mundo e estabeleceram a Colônia de Plymouth - o segundo assentamento inglês em o que é hoje os Estados Unidos de a América.",respostaGrok4.0Fast,os Padres Peregrinos,estabeleceram,a Colônia de Plymouth,4
"Em 1620, os Padres Peregrinos partiram de Plymouth para o Novo Mundo e estabeleceram a Colônia de Plymouth - o segundo assentamento inglês em o que é hoje os Estados Unidos de a América.",respostas_gpt5.5_mini,os Padres Peregrinos,partiram de,Plymouth,4
"Em 1620, os Padres Peregrinos partiram de Plymouth para o Novo Mundo e estabeleceram a Colônia de Plymouth - o segundo assentamento inglês em o que é hoje os Estados Unidos de a América.",respostas_gpt5.5_mini,os Padres Peregrinos,estabeleceram,a Colônia de Plymouth,4
"Em 1620, os Padres Peregrinos partiram de Plymouth para o Novo Mundo e estabeleceram a Colônia de Plymouth - o segundo assentamento inglês em o que é hoje os Estados Unidos de a América.",respostasGemini3.1Pro,os Padres Peregrinos,estabeleceram,a Colônia de Plymouth,4
"Em 1620, os Padres Peregrinos partiram de Plymouth para o Novo Mundo e estabeleceram a Colônia de Plymouth - o segundo assentamento inglês em o que é hoje os Estados Unidos de a América.",respostasGemini3.1Pro,os Padres Peregrinos,partiram de,Plymouth,4
"No entanto, a FlyPlymouth planeja reabrir o aeroporto de a cidade até 2018, que fornecerá serviços diários para vários destinos, incluindo Londres.",respostasGemini3.1Pro,a FlyPlymouth,planeja reabrir,o aeroporto de a cidade,3
"Como os americanos tinham uma força aérea muito maior que a União Soviética e os Estados Unidos mantinham bases aéreas avançadas perto de o território soviético, em 1947 Stalin ordenou o desenvolvimento de mísseis balísticos intercontinentais (ICBMs) para combater a ameaça americana percebida.",Claude_Sonnet5,os americanos,tinham,uma força aérea muito maior que a União Soviética,3
"Como os americanos tinham uma força aérea muito maior que a União Soviética e os Estados Unidos mantinham bases aéreas avançadas perto de o território soviético, em 1947 Stalin ordenou o desenvolvimento de mísseis balísticos intercontinentais (ICBMs) para combater a ameaça americana percebida.",Claude_Sonnet5,Stalin,ordenou,o desenvolvimento de mísseis balísticos intercontinentais (ICBMs),3
"Como os americanos tinham uma força aérea muito maior que a União Soviética e os Estados Unidos mantinham bases aéreas avançadas perto de o território soviético, em 1947 Stalin ordenou o desenvolvimento de mísseis balísticos intercontinentais (ICBMs) para combater a ameaça americana percebida.",respostaGrok4.0Fast,Stalin,ordenou,o desenvolvimento de mísseis balísticos intercontinentais em 1947,3
"Como os americanos tinham uma força aérea muito maior que a União Soviética e os Estados Unidos mantinham bases aéreas avançadas perto de o território soviético, em 1947 Stalin ordenou o desenvolvimento de mísseis balísticos intercontinentais (ICBMs) para combater a ameaça americana percebida.",respostas_gpt5.5_mini,os americanos,tinham,uma força aérea muito maior que a União Soviética,3
"Como os americanos tinham uma força aérea muito maior que a União Soviética e os Estados Unidos mantinham bases aéreas avançadas perto de o território soviético, em 1947 Stalin ordenou o desenvolvimento de mísseis balísticos intercontinentais (ICBMs) para combater a ameaça americana percebida.",respostas_gpt5.5_mini,Stalin,ordenou,o desenvolvimento de mísseis balísticos intercontinentais (ICBMs),3
"Como os americanos tinham uma força aérea muito maior que a União Soviética e os Estados Unidos mantinham bases aéreas avançadas perto de o território soviético, em 1947 Stalin ordenou o desenvolvimento de mísseis balísticos intercontinentais (ICBMs) para combater a ameaça americana percebida.",respostasGemini3.1Pro,os americanos,tinham,uma força aérea muito maior que a União Soviética,3
"O executivo de a RCA Victor Records, Ted Wallerstein, convenceu o chefe de a CBS William S. Paley a comprar a ARC e Paley fez de Wallerstein o chefe de a recém-adquirida gravadora.",Claude_Sonnet5,Ted Wallerstein,convenceu,William S. Paley,3
"O executivo de a RCA Victor Records, Ted Wallerstein, convenceu o chefe de a CBS William S. Paley a comprar a ARC e Paley fez de Wallerstein o chefe de a recém-adquirida gravadora.",respostas_gpt5.5_mini,Ted Wallerstein,convenceu,William S. Paley,3
"O executivo de a RCA Victor Records, Ted Wallerstein, convenceu o chefe de a CBS William S. Paley a comprar a ARC e Paley fez de Wallerstein o chefe de a recém-adquirida gravadora.",respostasGemini3.1Pro,Ted Wallerstein,convenceu,William S. Paley,3
"A Universidade Nazarena de o Sul, fundada por a Igreja de o Nazareno, é uma universidade localizada em o subúrbio de Betânia, cercada pelos limites de a cidade de Oklahoma City.",Claude_Sonnet5,A Universidade Nazarena do Sul,foi fundada por,a Igreja do Nazareno,3
"A Universidade Nazarena de o Sul, fundada por a Igreja de o Nazareno, é uma universidade localizada em o subúrbio de Betânia, cercada pelos limites de a cidade de Oklahoma City.",respostas_gpt5.5_mini,A Universidade Nazarena de o Sul,foi fundada por,a Igreja de o Nazareno,3
"A Universidade Nazarena de o Sul, fundada por a Igreja de o Nazareno, é uma universidade localizada em o subúrbio de Betânia, cercada pelos limites de a cidade de Oklahoma City.",respostasGemini3.1Pro,A Universidade Nazarena de o Sul,é fundada por,a Igreja de o Nazareno,3
"Oklahoma City é o lar de o maior distrito escolar de o estado, as Escolas Públicas de Oklahoma City.",Claude_Sonnet5,Oklahoma City,é o lar de,o maior distrito escolar do estado,4
"Oklahoma City é o lar de o maior distrito escolar de o estado, as Escolas Públicas de Oklahoma City.",Claude_Sonnet5,o maior distrito escolar do estado,é,as Escolas Públicas de Oklahoma City,3
"Oklahoma City é o lar de o maior distrito escolar de o estado, as Escolas Públicas de Oklahoma City.",respostaGrok4.0Fast,Oklahoma City,é o lar de,o maior distrito escolar de o estado,4
"Oklahoma City é o lar de o maior distrito escolar de o estado, as Escolas Públicas de Oklahoma City.",respostas_gpt5.5_mini,Oklahoma City,é o lar de,o maior distrito escolar do estado,4
"Oklahoma City é o lar de o maior distrito escolar de o estado, as Escolas Públicas de Oklahoma City.",respostas_gpt5.5_mini,o maior distrito escolar do estado,é,as Escolas Públicas de Oklahoma City,3
"Oklahoma City é o lar de o maior distrito escolar de o estado, as Escolas Públicas de Oklahoma City.",respostasGemini3.1Pro,Oklahoma City,é o lar de,o maior distrito escolar de o estado,4
"Oklahoma City é o lar de o maior distrito escolar de o estado, as Escolas Públicas de Oklahoma City.",respostasGemini3.1Pro,o maior distrito escolar de o estado,é,as Escolas Públicas de Oklahoma City,3
"Oklahoma City é servida por dois aeroportos principais, o Will Rogers World Airport e o muito menor Wiley Post Airport (aliás, os dois homenageados morreram em o mesmo acidente de avião em o Alasca) Will Rogers World Airport é o aeroporto comercial mais movimentado de o estado, com mais de 3,6 milhões passageiros anualmente.",Claude_Sonnet5,Will Rogers World Airport,é,o aeroporto comercial mais movimentado do estado,3
"Oklahoma City é servida por dois aeroportos principais, o Will Rogers World Airport e o muito menor Wiley Post Airport (aliás, os dois homenageados morreram em o mesmo acidente de avião em o Alasca) Will Rogers World Airport é o aeroporto comercial mais movimentado de o estado, com mais de 3,6 milhões passageiros anualmente.",respostas_gpt5.5_mini,Will Rogers World Airport,é,o aeroporto comercial mais movimentado de o estado,3
"Oklahoma City é servida por dois aeroportos principais, o Will Rogers World Airport e o muito menor Wiley Post Airport (aliás, os dois homenageados morreram em o mesmo acidente de avião em o Alasca) Will Rogers World Airport é o aeroporto comercial mais movimentado de o estado, com mais de 3,6 milhões passageiros anualmente.",respostasGemini3.1Pro,Will Rogers World Airport,é,o aeroporto comercial mais movimentado de o estado,3
"Oklahoma City é o lar de várias equipes de esportes profissionais, incluindo o Oklahoma City Trovão de a National Basketball Association.",Claude_Sonnet5,Oklahoma City,é o lar de,várias equipes de esportes profissionais,4
"Oklahoma City é o lar de várias equipes de esportes profissionais, incluindo o Oklahoma City Trovão de a National Basketball Association.",respostaGrok4.0Fast,Oklahoma City,é o lar de,várias equipes de esportes profissionais,4
"Oklahoma City é o lar de várias equipes de esportes profissionais, incluindo o Oklahoma City Trovão de a National Basketball Association.",respostas_gpt5.5_mini,Oklahoma City,é o lar de,várias equipes de esportes profissionais,4
"Oklahoma City é o lar de várias equipes de esportes profissionais, incluindo o Oklahoma City Trovão de a National Basketball Association.",respostasGemini3.1Pro,Oklahoma City,é o lar de,várias equipes de esportes profissionais,4
"O UNFPA trabalha em parceria com os governos, juntamente com outras agências de as Nações Unidas, comunidades, ONGs, fundações e setor privado, para aumentar a conscientização e mobilizar o apoio e os recursos necessários para cumprir sua missão de promover os direitos e a saúde de as mulheres e jovens.",Claude_Sonnet5,O UNFPA,trabalha em parceria com,os governos,4
"O UNFPA trabalha em parceria com os governos, juntamente com outras agências de as Nações Unidas, comunidades, ONGs, fundações e setor privado, para aumentar a conscientização e mobilizar o apoio e os recursos necessários para cumprir sua missão de promover os direitos e a saúde de as mulheres e jovens.",respostaGrok4.0Fast,O UNFPA,trabalha em parceria com,os governos,4
"O UNFPA trabalha em parceria com os governos, juntamente com outras agências de as Nações Unidas, comunidades, ONGs, fundações e setor privado, para aumentar a conscientização e mobilizar o apoio e os recursos necessários para cumprir sua missão de promover os direitos e a saúde de as mulheres e jovens.",respostas_gpt5.5_mini,O UNFPA,trabalha em parceria com,os governos,4
"O UNFPA trabalha em parceria com os governos, juntamente com outras agências de as Nações Unidas, comunidades, ONGs, fundações e setor privado, para aumentar a conscientização e mobilizar o apoio e os recursos necessários para cumprir sua missão de promover os direitos e a saúde de as mulheres e jovens.",respostasGemini3.1Pro,O UNFPA,trabalha em parceria com,os governos,4
"Em 30 de dezembro de 1922, o Primeiro Congresso de os Sovietes de a URSS aprovou o Tratado sobre a Criação de a URSS, por o qual a Rússia se uniu a a República Socialista Soviética de a Ucrânia, República Socialista Soviética de a Bielorrússia e República Socialista Federal Soviética de a Transcaucásia.",Claude_Sonnet5,a Rússia,se uniu a,a República Socialista Soviética da Ucrânia,3
"Em 30 de dezembro de 1922, o Primeiro Congresso de os Sovietes de a URSS aprovou o Tratado sobre a Criação de a URSS, por o qual a Rússia se uniu a a República Socialista Soviética de a Ucrânia, República Socialista Soviética de a Bielorrússia e República Socialista Federal Soviética de a Transcaucásia.",respostas_gpt5.5_mini,a Rússia,se uniu a,a República Socialista Soviética de a Ucrânia,3
"Em 30 de dezembro de 1922, o Primeiro Congresso de os Sovietes de a URSS aprovou o Tratado sobre a Criação de a URSS, por o qual a Rússia se uniu a a República Socialista Soviética de a Ucrânia, República Socialista Soviética de a Bielorrússia e República Socialista Federal Soviética de a Transcaucásia.",respostasGemini3.1Pro,a Rússia,se uniu a,a República Socialista Soviética de a Ucrânia,3
"A Universal possuía os direitos de o personagem Oswald, o Coelho de a Sorte, embora Walt Disney e Ub Iwerks tivessem criado Oswald, e seus filmes tivessem desfrutado de uma exibição teatral de sucesso.",respostaGrok4.0Fast,A Universal,possuía,"os direitos de o personagem Oswald, o Coelho de a Sorte",3
"Na esperança de construir um império de entretenimento em torno de a Universal, a Seagram comprou a PolyGram em 1999 e outras propriedades de entretenimento, mas os lucros flutuantes característicos de Hollywood não substituíram o fluxo de renda confiável obtido com as ações anteriormente detidas em a DuPont.",Claude_Sonnet5,a Seagram,comprou,a PolyGram,3
"Na esperança de construir um império de entretenimento em torno de a Universal, a Seagram comprou a PolyGram em 1999 e outras propriedades de entretenimento, mas os lucros flutuantes característicos de Hollywood não substituíram o fluxo de renda confiável obtido com as ações anteriormente detidas em a DuPont.",respostas_gpt5.5_mini,a Seagram,comprou,a PolyGram,3
"Na esperança de construir um império de entretenimento em torno de a Universal, a Seagram comprou a PolyGram em 1999 e outras propriedades de entretenimento, mas os lucros flutuantes característicos de Hollywood não substituíram o fluxo de renda confiável obtido com as ações anteriormente detidas em a DuPont.",respostasGemini3.1Pro,a Seagram,comprou,a PolyGram,3
"Posteriormente, a Universal Pictures adquiriu os direitos de distribuição em os Estados Unidos de vários filmes de o StudioCanal, como Mulholland Drive (que recebeu uma indicação a o Oscar) e Brotherhood of the Wolf (que se tornou o segundo filme em francês de maior bilheteria em os Estados Unidos desde 1980).",Claude_Sonnet5,Mulholland Drive,recebeu,uma indicação ao Oscar,3
"Posteriormente, a Universal Pictures adquiriu os direitos de distribuição em os Estados Unidos de vários filmes de o StudioCanal, como Mulholland Drive (que recebeu uma indicação a o Oscar) e Brotherhood of the Wolf (que se tornou o segundo filme em francês de maior bilheteria em os Estados Unidos desde 1980).",respostas_gpt5.5_mini,Mulholland Drive,recebeu,uma indicação a o Oscar,3
"Posteriormente, a Universal Pictures adquiriu os direitos de distribuição em os Estados Unidos de vários filmes de o StudioCanal, como Mulholland Drive (que recebeu uma indicação a o Oscar) e Brotherhood of the Wolf (que se tornou o segundo filme em francês de maior bilheteria em os Estados Unidos desde 1980).",respostasGemini3.1Pro,Mulholland Drive,recebeu,uma indicação a o Oscar,3
"Alexander Bell nasceu em Edimburgo, Escócia, em 3 de março de 1847.",Claude_Sonnet5,Alexander Bell,nasceu em,3 de março de 1847,4
"Alexander Bell nasceu em Edimburgo, Escócia, em 3 de março de 1847.",respostaGrok4.0Fast,Alexander Bell,nasceu em,"Edimburgo, Escócia, em 3 de março de 1847",4
"Alexander Bell nasceu em Edimburgo, Escócia, em 3 de março de 1847.",respostas_gpt5.5_mini,Alexander Bell,nasceu em,3 de março de 1847,4
"Alexander Bell nasceu em Edimburgo, Escócia, em 3 de março de 1847.",respostasGemini3.1Pro,Alexander Bell,nasceu em,3 de março de 1847,4
"Em 1840, Santa Helena tornou-se uma estação de abastecimento de o Esquadrão Britânico de a África Ocidental, impedindo a escravidão em o Brasil (principalmente), e muitos milhares de escravos foram libertados em a ilha.",Claude_Sonnet5,muitos milhares de escravos,foram libertados em,a ilha,3
"Em 1840, Santa Helena tornou-se uma estação de abastecimento de o Esquadrão Britânico de a África Ocidental, impedindo a escravidão em o Brasil (principalmente), e muitos milhares de escravos foram libertados em a ilha.",respostas_gpt5.5_mini,muitos milhares de escravos,foram libertados em,a ilha,3
"Em 1840, Santa Helena tornou-se uma estação de abastecimento de o Esquadrão Britânico de a África Ocidental, impedindo a escravidão em o Brasil (principalmente), e muitos milhares de escravos foram libertados em a ilha.",respostasGemini3.1Pro,muitos milhares de escravos,foram libertados em,a ilha,3
"A maioria de os residentes pertence a a Comunhão Anglicana e é membro de a Diocese de Santa Helena, que tem seu próprio bispo e inclui a Ilha de a Ascensão.",Claude_Sonnet5,A maioria dos residentes,é membro de,a Diocese de Santa Helena,3
"A maioria de os residentes pertence a a Comunhão Anglicana e é membro de a Diocese de Santa Helena, que tem seu próprio bispo e inclui a Ilha de a Ascensão.",respostas_gpt5.5_mini,A maioria de os residentes,é membro de,a Diocese de Santa Helena,3
"A maioria de os residentes pertence a a Comunhão Anglicana e é membro de a Diocese de Santa Helena, que tem seu próprio bispo e inclui a Ilha de a Ascensão.",respostasGemini3.1Pro,A maioria de os residentes,é membro de,a Diocese de Santa Helena,3
As despesas públicas aumentaram de 10 milhões de libras em 2001-02 para 12 milhões de libras em 2005-06 para 28 milhões de libras em 2012-13.,Claude_Sonnet5,As despesas públicas,aumentaram para,12 milhões de libras em 2005-06,3
As despesas públicas aumentaram de 10 milhões de libras em 2001-02 para 12 milhões de libras em 2005-06 para 28 milhões de libras em 2012-13.,respostaGrok4.0Fast,As despesas públicas,aumentaram para,28 milhões de libras em 2012-13,3
As despesas públicas aumentaram de 10 milhões de libras em 2001-02 para 12 milhões de libras em 2005-06 para 28 milhões de libras em 2012-13.,respostas_gpt5.5_mini,As despesas públicas,aumentaram para,12 milhões de libras em 2005-06,3
A Rádio comunitária Saint FM assumiu os canais de rádio desocupados por a Saint FM e foi lançada em 10 de março de 2013.,Claude_Sonnet5,A Rádio comunitária Saint FM,foi lançada em,10 de março de 2013,3
A Rádio comunitária Saint FM assumiu os canais de rádio desocupados por a Saint FM e foi lançada em 10 de março de 2013.,respostaGrok4.0Fast,A Rádio comunitária Saint FM,foi lançada em,10 de março de 2013,3
A Rádio comunitária Saint FM assumiu os canais de rádio desocupados por a Saint FM e foi lançada em 10 de março de 2013.,respostas_gpt5.5_mini,A Rádio comunitária Saint FM,foi lançada em,10 de março de 2013,3
"O Boston Red Sox, membro fundador de a Liga Americana de Major League Baseball em 1901, joga seus jogos em casa em o Fenway Park, perto de Kenmore Square, em a seção Fenway de a cidade.",Claude_Sonnet5,O Boston Red Sox,joga seus jogos em casa em,o Fenway Park,3
"O Boston Red Sox, membro fundador de a Liga Americana de Major League Baseball em 1901, joga seus jogos em casa em o Fenway Park, perto de Kenmore Square, em a seção Fenway de a cidade.",respostaGrok4.0Fast,O Boston Red Sox,joga seus jogos em casa em,o Fenway Park,3
"O Boston Red Sox, membro fundador de a Liga Americana de Major League Baseball em 1901, joga seus jogos em casa em o Fenway Park, perto de Kenmore Square, em a seção Fenway de a cidade.",respostas_gpt5.5_mini,O Boston Red Sox,joga seus jogos em casa em,o Fenway Park,3
"O Ateneu de Boston (uma de as bibliotecas independentes mais antigas de os Estados Unidos), o Museu Infantil de Boston, o Bull & Finch Pub (cujo prédio é conhecido por o programa de televisão Cheers), o Museum of Science e o New England Aquarium estão dentro de a cidade.",Claude_Sonnet5,O Ateneu de Boston,é,uma das bibliotecas independentes mais antigas dos Estados Unidos,3
"O Ateneu de Boston (uma de as bibliotecas independentes mais antigas de os Estados Unidos), o Museu Infantil de Boston, o Bull & Finch Pub (cujo prédio é conhecido por o programa de televisão Cheers), o Museum of Science e o New England Aquarium estão dentro de a cidade.",respostaGrok4.0Fast,O Ateneu de Boston,é,uma de as bibliotecas independentes mais antigas de os Estados Unidos,3
"O Ateneu de Boston (uma de as bibliotecas independentes mais antigas de os Estados Unidos), o Museu Infantil de Boston, o Bull & Finch Pub (cujo prédio é conhecido por o programa de televisão Cheers), o Museum of Science e o New England Aquarium estão dentro de a cidade.",respostas_gpt5.5_mini,O Ateneu de Boston,é,uma de as bibliotecas independentes mais antigas de os Estados Unidos,3
"Um de os eventos esportivos mais conhecidos de a cidade é uma maratona de Boston, a corrida de 42,2 km que é a maratona anual mais antiga de o mundo, realizada em o dia de os patriotas em abril.",Claude_Sonnet5,a maratona de Boston,é,a maratona anual mais antiga do mundo,3
"Um de os eventos esportivos mais conhecidos de a cidade é uma maratona de Boston, a corrida de 42,2 km que é a maratona anual mais antiga de o mundo, realizada em o dia de os patriotas em abril.",respostaGrok4.0Fast,uma maratona de Boston,é,a maratona anual mais antiga de o mundo,3
"Um de os eventos esportivos mais conhecidos de a cidade é uma maratona de Boston, a corrida de 42,2 km que é a maratona anual mais antiga de o mundo, realizada em o dia de os patriotas em abril.",respostas_gpt5.5_mini,uma maratona de Boston,é,a maratona anual mais antiga de o mundo,3
"Henrique III reconstruiu a abadia em homenagem a um santo real, Eduardo, o Confessor, cujas relíquias foram colocadas em um santuário em o santuário.",Claude_Sonnet5,Henrique III,reconstruiu,a abadia,3
"Henrique III reconstruiu a abadia em homenagem a um santo real, Eduardo, o Confessor, cujas relíquias foram colocadas em um santuário em o santuário.",respostaGrok4.0Fast,Henrique III,reconstruiu,a abadia,3
"Henrique III reconstruiu a abadia em homenagem a um santo real, Eduardo, o Confessor, cujas relíquias foram colocadas em um santuário em o santuário.",respostas_gpt5.5_mini,Henrique III,reconstruiu,a abadia,3
"Em maio de 2008, os Arquivos Nacionais anunciaram um contrato de cinco anos para digitalizar os registros selecionados, incluindo a Coleção Federal de o Censo Federal de os EUA, de 1790 a 1930, as listas de passageiros de 1820 a 1960 e os rascunhos de os cartões de registro de a Primeira e de a Segunda Guerra Mundial.",Claude_Sonnet5,os registros selecionados,incluem,as listas de passageiros de 1820 a 1960,3
"Em maio de 2008, os Arquivos Nacionais anunciaram um contrato de cinco anos para digitalizar os registros selecionados, incluindo a Coleção Federal de o Censo Federal de os EUA, de 1790 a 1930, as listas de passageiros de 1820 a 1960 e os rascunhos de os cartões de registro de a Primeira e de a Segunda Guerra Mundial.",Claude_Sonnet5,os registros selecionados,incluem,os rascunhos dos cartões de registro da Primeira e da Segunda Guerra Mundial,3
"Em maio de 2008, os Arquivos Nacionais anunciaram um contrato de cinco anos para digitalizar os registros selecionados, incluindo a Coleção Federal de o Censo Federal de os EUA, de 1790 a 1930, as listas de passageiros de 1820 a 1960 e os rascunhos de os cartões de registro de a Primeira e de a Segunda Guerra Mundial.",respostas_gpt5.5_mini,os registros selecionados,incluem,as listas de passageiros,3
"Em maio de 2008, os Arquivos Nacionais anunciaram um contrato de cinco anos para digitalizar os registros selecionados, incluindo a Coleção Federal de o Censo Federal de os EUA, de 1790 a 1930, as listas de passageiros de 1820 a 1960 e os rascunhos de os cartões de registro de a Primeira e de a Segunda Guerra Mundial.",respostas_gpt5.5_mini,os registros selecionados,incluem,os rascunhos de os cartões de registro de a Primeira e de a Segunda Guerra Mundial,3
"Em maio de 2008, os Arquivos Nacionais anunciaram um contrato de cinco anos para digitalizar os registros selecionados, incluindo a Coleção Federal de o Censo Federal de os EUA, de 1790 a 1930, as listas de passageiros de 1820 a 1960 e os rascunhos de os cartões de registro de a Primeira e de a Segunda Guerra Mundial.",respostasGemini3.1Pro,os registros selecionados,incluem,"a Coleção Federal de o Censo Federal de os EUA, de 1790 a 1930",3
"Em maio de 2008, os Arquivos Nacionais anunciaram um contrato de cinco anos para digitalizar os registros selecionados, incluindo a Coleção Federal de o Censo Federal de os EUA, de 1790 a 1930, as listas de passageiros de 1820 a 1960 e os rascunhos de os cartões de registro de a Primeira e de a Segunda Guerra Mundial.",respostasGemini3.1Pro,os registros selecionados,incluem,as listas de passageiros de 1820 a 1960,3
"Em maio de 2008, os Arquivos Nacionais anunciaram um contrato de cinco anos para digitalizar os registros selecionados, incluindo a Coleção Federal de o Censo Federal de os EUA, de 1790 a 1930, as listas de passageiros de 1820 a 1960 e os rascunhos de os cartões de registro de a Primeira e de a Segunda Guerra Mundial.",respostasGemini3.1Pro,os registros selecionados,incluem,os rascunhos de os cartões de registro de a Primeira e de a Segunda Guerra Mundial,3
"A Ilha Nightingale não tem água fresca, então os pingüins foram transportados para Tristão de a Cunha para limpeza.",respostaGrok4.0Fast,os pingüins,foram transportados para,Tristão de a Cunha,3
"A Ilha Nightingale não tem água fresca, então os pingüins foram transportados para Tristão de a Cunha para limpeza.",respostas_gpt5.5_mini,os pingüins,foram transportados para,Tristão de a Cunha,3
"A Ilha Nightingale não tem água fresca, então os pingüins foram transportados para Tristão de a Cunha para limpeza.",respostasGemini3.1Pro,os pingüins,foram transportados para,Tristão de a Cunha,3
"A Escola de Negócios de a Universidade de o Kansas é uma escola pública de negócios localizada em o campus principal de a Universidade de o Kansas em Lawrence, Kansas.",Claude_Sonnet5,A Escola de Negócios da Universidade do Kansas,está localizada em,o campus principal da Universidade do Kansas,3
"A Escola de Negócios de a Universidade de o Kansas é uma escola pública de negócios localizada em o campus principal de a Universidade de o Kansas em Lawrence, Kansas.",respostas_gpt5.5_mini,A Escola de Negócios da Universidade do Kansas,está localizada em,o campus principal da Universidade do Kansas,3
"A Escola de Negócios de a Universidade de o Kansas é uma escola pública de negócios localizada em o campus principal de a Universidade de o Kansas em Lawrence, Kansas.",respostasGemini3.1Pro,A Escola de Negócios de a Universidade de o Kansas,está localizada em,o campus principal de a Universidade de o Kansas,3
"A Escola de Engenharia KU é uma escola pública de engenharia credenciada por a ABET, localizada em o campus principal.",Claude_Sonnet5,A Escola de Engenharia KU,é credenciada por,a ABET,3
"A Escola de Engenharia KU é uma escola pública de engenharia credenciada por a ABET, localizada em o campus principal.",Claude_Sonnet5,A Escola de Engenharia KU,está localizada em,o campus principal,3
"A Escola de Engenharia KU é uma escola pública de engenharia credenciada por a ABET, localizada em o campus principal.",respostas_gpt5.5_mini,A Escola de Engenharia KU,é credenciada por,a ABET,3
"A Escola de Engenharia KU é uma escola pública de engenharia credenciada por a ABET, localizada em o campus principal.",respostas_gpt5.5_mini,A Escola de Engenharia KU,está localizada em,o campus principal,3
"A Escola de Engenharia KU é uma escola pública de engenharia credenciada por a ABET, localizada em o campus principal.",respostasGemini3.1Pro,A Escola de Engenharia KU,é credenciada por,a ABET,3
"A Escola de Engenharia KU é uma escola pública de engenharia credenciada por a ABET, localizada em o campus principal.",respostasGemini3.1Pro,A Escola de Engenharia KU,está localizada em,o campus principal,3
A KU Endowment foi fundada em 1891 como a primeira fundação de a América para uma universidade pública,Claude_Sonnet5,A KU Endowment,foi fundada como,a primeira fundação da América para uma universidade pública,3
A KU Endowment foi fundada em 1891 como a primeira fundação de a América para uma universidade pública,respostas_gpt5.5_mini,A KU Endowment,foi fundada como,a primeira fundação da América para uma universidade pública,3
A KU Endowment foi fundada em 1891 como a primeira fundação de a América para uma universidade pública,respostasGemini3.1Pro,A KU Endowment,foi fundada como,a primeira fundação de a América para uma universidade pública,3
Algumas formas de corrupção - agora chamadas de corrupção institucional - são diferenciadas de suborno e outros tipos de óbvios ganhos pessoais.,Claude_Sonnet5,Algumas formas de corrupção,agora são chamadas de,corrupção institucional,3
Algumas formas de corrupção - agora chamadas de corrupção institucional - são diferenciadas de suborno e outros tipos de óbvios ganhos pessoais.,Claude_Sonnet5,Algumas formas de corrupção,são diferenciadas de,outros tipos de óbvios ganhos pessoais,3
Algumas formas de corrupção - agora chamadas de corrupção institucional - são diferenciadas de suborno e outros tipos de óbvios ganhos pessoais.,respostas_gpt5.5_mini,Algumas formas de corrupção,são chamadas de,corrupção institucional,3
Algumas formas de corrupção - agora chamadas de corrupção institucional - são diferenciadas de suborno e outros tipos de óbvios ganhos pessoais.,respostas_gpt5.5_mini,Algumas formas de corrupção,são diferenciadas de,outros tipos de óbvios ganhos pessoais,3
Algumas formas de corrupção - agora chamadas de corrupção institucional - são diferenciadas de suborno e outros tipos de óbvios ganhos pessoais.,respostasGemini3.1Pro,Algumas formas de corrupção,são chamadas de,corrupção institucional,3
Algumas formas de corrupção - agora chamadas de corrupção institucional - são diferenciadas de suborno e outros tipos de óbvios ganhos pessoais.,respostasGemini3.1Pro,Algumas formas de corrupção,são diferenciadas de,outros tipos de óbvios ganhos pessoais,3
"No caso de a África, um de os fatores para esse comportamento foi a instabilidade política e o fato de que novos governos frequentemente confiscaram corrupticamente o governo anterior.",Claude_Sonnet5,um dos fatores para esse comportamento na África,foi,o fato de que novos governos frequentemente confiscaram corruptamente o governo anterior,3
"No caso de a África, um de os fatores para esse comportamento foi a instabilidade política e o fato de que novos governos frequentemente confiscaram corrupticamente o governo anterior.",respostas_gpt5.5_mini,um de os fatores para esse comportamento,foi,o fato de que novos governos frequentemente confiscaram corrupticamente o governo anterior,3
"No caso de a África, um de os fatores para esse comportamento foi a instabilidade política e o fato de que novos governos frequentemente confiscaram corrupticamente o governo anterior.",respostasGemini3.1Pro,um de os fatores para esse comportamento,foi,o fato de que novos governos frequentemente confiscaram corrupticamente o governo anterior,3
"O termo é aplicado com mais freqüência a padrões regionais de fala, mas um dialeto também pode ser definido por outros fatores, como classe social.",respostaGrok4.0Fast,um dialeto,pode ser definido por,outros fatores,3
"O termo é aplicado com mais freqüência a padrões regionais de fala, mas um dialeto também pode ser definido por outros fatores, como classe social.",respostas_gpt5.5_mini,um dialeto,pode ser definido por,outros fatores,3
"O termo é aplicado com mais freqüência a padrões regionais de fala, mas um dialeto também pode ser definido por outros fatores, como classe social.",respostasGemini3.1Pro,um dialeto,pode ser definido por,outros fatores,3
"O termo dialeto (de Latim dialectus, dialectos, de a palavra grega antiga διάλεκτος diálektos, discurso, de διά diá, através e λέγω legō, eu falo) é usado de duas maneiras distintas para se referir a dois tipos diferentes de fenômenos linguísticos.",Claude_Sonnet5,O termo dialeto,é usado de duas maneiras distintas para se referir a,dois tipos diferentes de fenômenos linguísticos,3
"O termo dialeto (de Latim dialectus, dialectos, de a palavra grega antiga διάλεκτος diálektos, discurso, de διά diá, através e λέγω legō, eu falo) é usado de duas maneiras distintas para se referir a dois tipos diferentes de fenômenos linguísticos.",respostas_gpt5.5_mini,O termo dialeto,é usado para se referir a,dois tipos diferentes de fenômenos linguísticos,3
"O termo dialeto (de Latim dialectus, dialectos, de a palavra grega antiga διάλεκτος diálektos, discurso, de διά diá, através e λέγω legō, eu falo) é usado de duas maneiras distintas para se referir a dois tipos diferentes de fenômenos linguísticos.",respostasGemini3.1Pro,O termo dialeto,é usado para se referir a,dois tipos diferentes de fenômenos linguísticos,3
"Menander Protector menciona um Daurentius (577-579) que matou um enviado avar de Khagan Bayan I. Os ávaros pediram a os eslavos que aceitassem a soberania de os ávaros, mas ele recusou e é relatado como dizendo Outros não conquistam nossa terra, conquistamos os deles - assim será sempre para nós",Claude_Sonnet5,Menander Protector,menciona,um Daurentius,3
"Menander Protector menciona um Daurentius (577-579) que matou um enviado avar de Khagan Bayan I. Os ávaros pediram a os eslavos que aceitassem a soberania de os ávaros, mas ele recusou e é relatado como dizendo Outros não conquistam nossa terra, conquistamos os deles - assim será sempre para nós",Claude_Sonnet5,Daurentius,matou,um enviado avar de Khagan Bayan I,3
"Menander Protector menciona um Daurentius (577-579) que matou um enviado avar de Khagan Bayan I. Os ávaros pediram a os eslavos que aceitassem a soberania de os ávaros, mas ele recusou e é relatado como dizendo Outros não conquistam nossa terra, conquistamos os deles - assim será sempre para nós",respostaGrok4.0Fast,Daurentius,matou,um enviado avar de Khagan Bayan I,3
"Menander Protector menciona um Daurentius (577-579) que matou um enviado avar de Khagan Bayan I. Os ávaros pediram a os eslavos que aceitassem a soberania de os ávaros, mas ele recusou e é relatado como dizendo Outros não conquistam nossa terra, conquistamos os deles - assim será sempre para nós",respostas_gpt5.5_mini,Menander Protector,menciona,um Daurentius,3
"Menander Protector menciona um Daurentius (577-579) que matou um enviado avar de Khagan Bayan I. Os ávaros pediram a os eslavos que aceitassem a soberania de os ávaros, mas ele recusou e é relatado como dizendo Outros não conquistam nossa terra, conquistamos os deles - assim será sempre para nós",respostas_gpt5.5_mini,Daurentius,matou,um enviado avar de Khagan Bayan I,3
"Menander Protector menciona um Daurentius (577-579) que matou um enviado avar de Khagan Bayan I. Os ávaros pediram a os eslavos que aceitassem a soberania de os ávaros, mas ele recusou e é relatado como dizendo Outros não conquistam nossa terra, conquistamos os deles - assim será sempre para nós",respostasGemini3.1Pro,Menander Protector,menciona,um Daurentius,3
"O proto-eslavo, a suposta língua ancestral de todas as línguas eslavas, é um descendente de o proto-indo-europeu comum, através de um estágio balto-eslavo, em o qual desenvolveu numerosas isoglosses lexicais e morfofonológicas com as línguas bálticas.",Claude_Sonnet5,O proto-eslavo,é,a suposta língua ancestral de todas as línguas eslavas,3
"O proto-eslavo, a suposta língua ancestral de todas as línguas eslavas, é um descendente de o proto-indo-europeu comum, através de um estágio balto-eslavo, em o qual desenvolveu numerosas isoglosses lexicais e morfofonológicas com as línguas bálticas.",respostas_gpt5.5_mini,O proto-eslavo,é,a suposta língua ancestral de todas as línguas eslavas,3
"O proto-eslavo, a suposta língua ancestral de todas as línguas eslavas, é um descendente de o proto-indo-europeu comum, através de um estágio balto-eslavo, em o qual desenvolveu numerosas isoglosses lexicais e morfofonológicas com as línguas bálticas.",respostasGemini3.1Pro,O proto-eslavo,é,a suposta língua ancestral de todas as línguas eslavas,3
Os gorais de o sul de a Polônia e de o norte de a Eslováquia são parcialmente descendentes de os vlachs de língua românica que migraram para a região de os Séculos 14 a 17 e foram absorvidos por a população local.,Claude_Sonnet5,os vlachs de língua românica,migraram para,a região,3
Os gorais de o sul de a Polônia e de o norte de a Eslováquia são parcialmente descendentes de os vlachs de língua românica que migraram para a região de os Séculos 14 a 17 e foram absorvidos por a população local.,Claude_Sonnet5,os vlachs de língua românica,foram absorvidos por,a população local,3
Os gorais de o sul de a Polônia e de o norte de a Eslováquia são parcialmente descendentes de os vlachs de língua românica que migraram para a região de os Séculos 14 a 17 e foram absorvidos por a população local.,respostas_gpt5.5_mini,os vlachs de língua românica,migraram para,a região,3
Os gorais de o sul de a Polônia e de o norte de a Eslováquia são parcialmente descendentes de os vlachs de língua românica que migraram para a região de os Séculos 14 a 17 e foram absorvidos por a população local.,respostas_gpt5.5_mini,os vlachs de língua românica,foram absorvidos por,a população local,3
Os gorais de o sul de a Polônia e de o norte de a Eslováquia são parcialmente descendentes de os vlachs de língua românica que migraram para a região de os Séculos 14 a 17 e foram absorvidos por a população local.,respostasGemini3.1Pro,os vlachs de língua românica,migraram para,a região,3
Os gorais de o sul de a Polônia e de o norte de a Eslováquia são parcialmente descendentes de os vlachs de língua românica que migraram para a região de os Séculos 14 a 17 e foram absorvidos por a população local.,respostasGemini3.1Pro,os vlachs de língua românica,foram absorvidos por,a população local,3
"Josip Broz nasceu em 7 de maio de 1892 em Kumrovec, em a região croata de Hrvatsko Zagorje, em a Áustria-Hungria.",Claude_Sonnet5,Josip Broz,nasceu em,Kumrovec,3
"Josip Broz nasceu em 7 de maio de 1892 em Kumrovec, em a região croata de Hrvatsko Zagorje, em a Áustria-Hungria.",respostas_gpt5.5_mini,Josip Broz,nasceu em,Kumrovec,3
"Josip Broz nasceu em 7 de maio de 1892 em Kumrovec, em a região croata de Hrvatsko Zagorje, em a Áustria-Hungria.",respostasGemini3.1Pro,Josip Broz,nasceu em,Kumrovec,3
"Em 1936, quando Tito ficou em o Hotel Lux, em Moscou, conheceu a camarada austríaca Lucia Bauer.",Claude_Sonnet5,Tito,conheceu,a camarada austríaca Lucia Bauer,4
"Em 1936, quando Tito ficou em o Hotel Lux, em Moscou, conheceu a camarada austríaca Lucia Bauer.",respostaGrok4.0Fast,Tito,conheceu,a camarada austríaca Lucia Bauer,4
"Em 1936, quando Tito ficou em o Hotel Lux, em Moscou, conheceu a camarada austríaca Lucia Bauer.",respostas_gpt5.5_mini,Tito,conheceu,a camarada austríaca Lucia Bauer,4
"Em 1936, quando Tito ficou em o Hotel Lux, em Moscou, conheceu a camarada austríaca Lucia Bauer.",respostasGemini3.1Pro,Tito,conheceu,a camarada austríaca Lucia Bauer,4
"Na Segunda Guerra Mundial, os Estados Unidos, durante a campanha de Gilbert e Marshall, invadiram e ocuparam as ilhas em 1944, destruindo ou isolando as guarnições japonesas.",Claude_Sonnet5,os Estados Unidos,invadiram,as ilhas,3
"Na Segunda Guerra Mundial, os Estados Unidos, durante a campanha de Gilbert e Marshall, invadiram e ocuparam as ilhas em 1944, destruindo ou isolando as guarnições japonesas.",Claude_Sonnet5,os Estados Unidos,ocuparam,as ilhas,3
"Na Segunda Guerra Mundial, os Estados Unidos, durante a campanha de Gilbert e Marshall, invadiram e ocuparam as ilhas em 1944, destruindo ou isolando as guarnições japonesas.",respostas_gpt5.5_mini,Os Estados Unidos,invadiram,as ilhas,3
"Na Segunda Guerra Mundial, os Estados Unidos, durante a campanha de Gilbert e Marshall, invadiram e ocuparam as ilhas em 1944, destruindo ou isolando as guarnições japonesas.",respostas_gpt5.5_mini,Os Estados Unidos,ocuparam,as ilhas,3
"Na Segunda Guerra Mundial, os Estados Unidos, durante a campanha de Gilbert e Marshall, invadiram e ocuparam as ilhas em 1944, destruindo ou isolando as guarnições japonesas.",respostasGemini3.1Pro,os Estados Unidos,invadiram,as ilhas,3
"Na Segunda Guerra Mundial, os Estados Unidos, durante a campanha de Gilbert e Marshall, invadiram e ocuparam as ilhas em 1944, destruindo ou isolando as guarnições japonesas.",respostasGemini3.1Pro,os Estados Unidos,ocuparam,as ilhas,3
"Mais de dois terços de a população vive em a capital, Majuro e Ebeye, o centro urbano secundário, localizado em o Atol de Kwajalein.",Claude_Sonnet5,Mais de dois terços da população,vive em,Ebeye,3
"Mais de dois terços de a população vive em a capital, Majuro e Ebeye, o centro urbano secundário, localizado em o Atol de Kwajalein.",Claude_Sonnet5,Ebeye,é,o centro urbano secundário,3
"Mais de dois terços de a população vive em a capital, Majuro e Ebeye, o centro urbano secundário, localizado em o Atol de Kwajalein.",Claude_Sonnet5,Ebeye,está localizado em,o Atol de Kwajalein,3
"Mais de dois terços de a população vive em a capital, Majuro e Ebeye, o centro urbano secundário, localizado em o Atol de Kwajalein.",respostas_gpt5.5_mini,Mais de dois terços da população,vive em,Ebeye,3
"Mais de dois terços de a população vive em a capital, Majuro e Ebeye, o centro urbano secundário, localizado em o Atol de Kwajalein.",respostas_gpt5.5_mini,Ebeye,é,o centro urbano secundário,3
"Mais de dois terços de a população vive em a capital, Majuro e Ebeye, o centro urbano secundário, localizado em o Atol de Kwajalein.",respostas_gpt5.5_mini,Ebeye,está localizado em,o Atol de Kwajalein,3
"Mais de dois terços de a população vive em a capital, Majuro e Ebeye, o centro urbano secundário, localizado em o Atol de Kwajalein.",respostasGemini3.1Pro,Mais de dois terços de a população,vive em,Ebeye,3
"Mais de dois terços de a população vive em a capital, Majuro e Ebeye, o centro urbano secundário, localizado em o Atol de Kwajalein.",respostasGemini3.1Pro,Ebeye,é,o centro urbano secundário,3
"Mais de dois terços de a população vive em a capital, Majuro e Ebeye, o centro urbano secundário, localizado em o Atol de Kwajalein.",respostasGemini3.1Pro,Ebeye,está localizado em,o Atol de Kwajalein,3
"Os direitos de os nobres ortodoxos eram nominalmente iguais a os de Nobreza polaca e lituana, mas havia uma pressão cultural para se converter a o catolicismo, que foi grandemente facilitada em 1596 por a União de Brest.",Claude_Sonnet5,a pressão cultural para se converter ao catolicismo,foi grandemente facilitada por,a União de Brest,3
"Os direitos de os nobres ortodoxos eram nominalmente iguais a os de Nobreza polaca e lituana, mas havia uma pressão cultural para se converter a o catolicismo, que foi grandemente facilitada em 1596 por a União de Brest.",respostas_gpt5.5_mini,a pressão cultural para se converter ao catolicismo,foi grandemente facilitada por,a União de Brest,3
"Os direitos de os nobres ortodoxos eram nominalmente iguais a os de Nobreza polaca e lituana, mas havia uma pressão cultural para se converter a o catolicismo, que foi grandemente facilitada em 1596 por a União de Brest.",respostasGemini3.1Pro,a pressão cultural para se converter a o catolicismo,foi grandemente facilitada em 1596 por,a União de Brest,3
"No livro 8, Enéias se alia a o rei Evander, que ocupa o futuro local de Roma, e recebe novas armaduras e um escudo representando a história romana.",Claude_Sonnet5,o rei Evander,ocupa,o futuro local de Roma,3
"No livro 8, Enéias se alia a o rei Evander, que ocupa o futuro local de Roma, e recebe novas armaduras e um escudo representando a história romana.",Claude_Sonnet5,Enéias,recebe,novas armaduras,3
"No livro 8, Enéias se alia a o rei Evander, que ocupa o futuro local de Roma, e recebe novas armaduras e um escudo representando a história romana.",Claude_Sonnet5,Enéias,recebe,um escudo representando a história romana,3
"No livro 8, Enéias se alia a o rei Evander, que ocupa o futuro local de Roma, e recebe novas armaduras e um escudo representando a história romana.",respostas_gpt5.5_mini,o rei Evander,ocupa,o futuro local de Roma,3
"No livro 8, Enéias se alia a o rei Evander, que ocupa o futuro local de Roma, e recebe novas armaduras e um escudo representando a história romana.",respostas_gpt5.5_mini,Enéias,recebe,novas armaduras,3
"No livro 8, Enéias se alia a o rei Evander, que ocupa o futuro local de Roma, e recebe novas armaduras e um escudo representando a história romana.",respostas_gpt5.5_mini,Enéias,recebe,um escudo representando a história romana,3
"No livro 8, Enéias se alia a o rei Evander, que ocupa o futuro local de Roma, e recebe novas armaduras e um escudo representando a história romana.",respostasGemini3.1Pro,o rei Evander,ocupa,o futuro local de Roma,3
"No livro 8, Enéias se alia a o rei Evander, que ocupa o futuro local de Roma, e recebe novas armaduras e um escudo representando a história romana.",respostasGemini3.1Pro,Enéias,recebe,novas armaduras,3
"No livro 8, Enéias se alia a o rei Evander, que ocupa o futuro local de Roma, e recebe novas armaduras e um escudo representando a história romana.",respostasGemini3.1Pro,Enéias,recebe,um escudo representando a história romana,3
"A estrutura de o nappe de fundo é de origem européia continental, sobre a qual são empilhados nappes de sedimentos marinhos, rematados por nappes derivados de a chapa africana",Claude_Sonnet5,nappes de sedimentos marinhos,são empilhados sobre,a estrutura do nappe de fundo,3
"A estrutura de o nappe de fundo é de origem européia continental, sobre a qual são empilhados nappes de sedimentos marinhos, rematados por nappes derivados de a chapa africana",Claude_Sonnet5,nappes de sedimentos marinhos,são rematados por,nappes derivados da chapa africana,3
"A estrutura de o nappe de fundo é de origem européia continental, sobre a qual são empilhados nappes de sedimentos marinhos, rematados por nappes derivados de a chapa africana",respostas_gpt5.5_mini,nappes de sedimentos marinhos,são empilhados sobre,a estrutura de o nappe de fundo,3
"A estrutura de o nappe de fundo é de origem européia continental, sobre a qual são empilhados nappes de sedimentos marinhos, rematados por nappes derivados de a chapa africana",respostas_gpt5.5_mini,nappes de sedimentos marinhos,são rematados por,nappes derivados de a chapa africana,3
"A estrutura de o nappe de fundo é de origem européia continental, sobre a qual são empilhados nappes de sedimentos marinhos, rematados por nappes derivados de a chapa africana",respostasGemini3.1Pro,nappes de sedimentos marinhos,são empilhados sobre,a estrutura de o nappe de fundo,3
"A estrutura de o nappe de fundo é de origem européia continental, sobre a qual são empilhados nappes de sedimentos marinhos, rematados por nappes derivados de a chapa africana",respostasGemini3.1Pro,nappes de sedimentos marinhos,são rematados por,nappes derivados de a chapa africana,3
"As plantas alpinas são agrupadas por habitat e tipo de solo, que pode ser calcário ou não calcário.",Claude_Sonnet5,As plantas alpinas,são agrupadas por,habitat,3
"As plantas alpinas são agrupadas por habitat e tipo de solo, que pode ser calcário ou não calcário.",respostas_gpt5.5_mini,As plantas alpinas,são agrupadas por,habitat,3
"As plantas alpinas são agrupadas por habitat e tipo de solo, que pode ser calcário ou não calcário.",respostasGemini3.1Pro,As plantas alpinas,são agrupadas por,habitat,3
"Durante essas visitas, Shelley escreveu o poema Mont Blanc, Byron escreveu O Prisioneiro de Chillon e o dramático poema Manfred, e Mary Shelley, que achou a paisagem avassaladora, concebeu a idéia de o romance Frankenstein em sua vila às margens de o rio.",Claude_Sonnet5,Byron,escreveu,O Prisioneiro de Chillon,3
"Durante essas visitas, Shelley escreveu o poema Mont Blanc, Byron escreveu O Prisioneiro de Chillon e o dramático poema Manfred, e Mary Shelley, que achou a paisagem avassaladora, concebeu a idéia de o romance Frankenstein em sua vila às margens de o rio.",Claude_Sonnet5,Byron,escreveu,o dramático poema Manfred,3
"Durante essas visitas, Shelley escreveu o poema Mont Blanc, Byron escreveu O Prisioneiro de Chillon e o dramático poema Manfred, e Mary Shelley, que achou a paisagem avassaladora, concebeu a idéia de o romance Frankenstein em sua vila às margens de o rio.",Claude_Sonnet5,Mary Shelley,achou,a paisagem avassaladora,3
"Durante essas visitas, Shelley escreveu o poema Mont Blanc, Byron escreveu O Prisioneiro de Chillon e o dramático poema Manfred, e Mary Shelley, que achou a paisagem avassaladora, concebeu a idéia de o romance Frankenstein em sua vila às margens de o rio.",Claude_Sonnet5,Mary Shelley,concebeu,a idéia do romance Frankenstein,3
"Durante essas visitas, Shelley escreveu o poema Mont Blanc, Byron escreveu O Prisioneiro de Chillon e o dramático poema Manfred, e Mary Shelley, que achou a paisagem avassaladora, concebeu a idéia de o romance Frankenstein em sua vila às margens de o rio.",respostas_gpt5.5_mini,Byron,escreveu,O Prisioneiro de Chillon,3
"Durante essas visitas, Shelley escreveu o poema Mont Blanc, Byron escreveu O Prisioneiro de Chillon e o dramático poema Manfred, e Mary Shelley, que achou a paisagem avassaladora, concebeu a idéia de o romance Frankenstein em sua vila às margens de o rio.",respostas_gpt5.5_mini,Byron,escreveu,o dramático poema Manfred,3
"Durante essas visitas, Shelley escreveu o poema Mont Blanc, Byron escreveu O Prisioneiro de Chillon e o dramático poema Manfred, e Mary Shelley, que achou a paisagem avassaladora, concebeu a idéia de o romance Frankenstein em sua vila às margens de o rio.",respostas_gpt5.5_mini,Mary Shelley,achou,a paisagem avassaladora,3
"Durante essas visitas, Shelley escreveu o poema Mont Blanc, Byron escreveu O Prisioneiro de Chillon e o dramático poema Manfred, e Mary Shelley, que achou a paisagem avassaladora, concebeu a idéia de o romance Frankenstein em sua vila às margens de o rio.",respostas_gpt5.5_mini,Mary Shelley,concebeu,a idéia de o romance Frankenstein,3
"Durante essas visitas, Shelley escreveu o poema Mont Blanc, Byron escreveu O Prisioneiro de Chillon e o dramático poema Manfred, e Mary Shelley, que achou a paisagem avassaladora, concebeu a idéia de o romance Frankenstein em sua vila às margens de o rio.",respostasGemini3.1Pro,Byron,escreveu,O Prisioneiro de Chillon,3
"Durante essas visitas, Shelley escreveu o poema Mont Blanc, Byron escreveu O Prisioneiro de Chillon e o dramático poema Manfred, e Mary Shelley, que achou a paisagem avassaladora, concebeu a idéia de o romance Frankenstein em sua vila às margens de o rio.",respostasGemini3.1Pro,Byron,escreveu,o dramático poema Manfred,3
"Durante essas visitas, Shelley escreveu o poema Mont Blanc, Byron escreveu O Prisioneiro de Chillon e o dramático poema Manfred, e Mary Shelley, que achou a paisagem avassaladora, concebeu a idéia de o romance Frankenstein em sua vila às margens de o rio.",respostasGemini3.1Pro,Mary Shelley,achou,a paisagem avassaladora,3
"Durante essas visitas, Shelley escreveu o poema Mont Blanc, Byron escreveu O Prisioneiro de Chillon e o dramático poema Manfred, e Mary Shelley, que achou a paisagem avassaladora, concebeu a idéia de o romance Frankenstein em sua vila às margens de o rio.",respostasGemini3.1Pro,Mary Shelley,concebeu,a idéia de o romance Frankenstein,3
"A cozinha é separada de a área de estar (chamada stube, a área de a casa aquecida por um fogão) e os quartos de o segundo andar se beneficiam de o aumento de o calor.",Claude_Sonnet5,a área de estar,é chamada,stube,3
"A cozinha é separada de a área de estar (chamada stube, a área de a casa aquecida por um fogão) e os quartos de o segundo andar se beneficiam de o aumento de o calor.",Claude_Sonnet5,os quartos do segundo andar,se beneficiam de,o aumento do calor,3
"A cozinha é separada de a área de estar (chamada stube, a área de a casa aquecida por um fogão) e os quartos de o segundo andar se beneficiam de o aumento de o calor.",respostas_gpt5.5_mini,a área de estar,é chamada,stube,3
"A cozinha é separada de a área de estar (chamada stube, a área de a casa aquecida por um fogão) e os quartos de o segundo andar se beneficiam de o aumento de o calor.",respostas_gpt5.5_mini,os quartos de o segundo andar,se beneficiam de,o aumento de o calor,3
"A cozinha é separada de a área de estar (chamada stube, a área de a casa aquecida por um fogão) e os quartos de o segundo andar se beneficiam de o aumento de o calor.",respostasGemini3.1Pro,a área de estar,é chamada,stube,3
"A cozinha é separada de a área de estar (chamada stube, a área de a casa aquecida por um fogão) e os quartos de o segundo andar se beneficiam de o aumento de o calor.",respostasGemini3.1Pro,os quartos de o segundo andar,se beneficiam de,o aumento de o calor,3
Os cristais alpinos foram estudados e coletados por centenas de anos e começaram a ser classificados em o século 18.,Claude_Sonnet5,Os cristais alpinos,começaram a ser classificados em,o século 18,3
Os cristais alpinos foram estudados e coletados por centenas de anos e começaram a ser classificados em o século 18.,respostas_gpt5.5_mini,Os cristais alpinos,começaram a ser classificados em,o século 18,3
Os cristais alpinos foram estudados e coletados por centenas de anos e começaram a ser classificados em o século 18.,respostasGemini3.1Pro,Os cristais alpinos,começaram a ser classificados em,o século 18,3
"A expressão de os genes codificados em o DNA começa por a transcrição de o gene para o RNA, um segundo tipo de ácido nucleico muito semelhante a o DNA, mas cujos monômeros contêm a ribose de o açúcar em vez de a desoxirribose.",Claude_Sonnet5,o RNA,é,um segundo tipo de ácido nucleico muito semelhante ao DNA,3
"A expressão de os genes codificados em o DNA começa por a transcrição de o gene para o RNA, um segundo tipo de ácido nucleico muito semelhante a o DNA, mas cujos monômeros contêm a ribose de o açúcar em vez de a desoxirribose.",respostas_gpt5.5_mini,o RNA,é,um segundo tipo de ácido nucleico muito semelhante a o DNA,3
"A expressão de os genes codificados em o DNA começa por a transcrição de o gene para o RNA, um segundo tipo de ácido nucleico muito semelhante a o DNA, mas cujos monômeros contêm a ribose de o açúcar em vez de a desoxirribose.",respostasGemini3.1Pro,o RNA,é,um segundo tipo de ácido nucleico muito semelhante a o DNA,3
Um cromossomo consiste em uma única hélice de DNA muito longa em a qual milhares de genes são codificados.,Claude_Sonnet5,milhares de genes,são codificados em,a única hélice de DNA muito longa,3
Um cromossomo consiste em uma única hélice de DNA muito longa em a qual milhares de genes são codificados.,respostas_gpt5.5_mini,milhares de genes,são codificados em,uma única hélice de DNA muito longa,3
Um cromossomo consiste em uma única hélice de DNA muito longa em a qual milhares de genes são codificados.,respostasGemini3.1Pro,milhares de genes,são codificados em,uma única hélice de DNA muito longa,3
"De acordo com a revisão de 2010 de a Perspectiva Mundial de a População de a ONU, a população de a Guiné-Bissau era de 1.515.000 em 2010, em comparação com 518.000 em 1950.",Claude_Sonnet5,a população da Guiné-Bissau,era de,518.000 em 1950,3
"De acordo com a revisão de 2010 de a Perspectiva Mundial de a População de a ONU, a população de a Guiné-Bissau era de 1.515.000 em 2010, em comparação com 518.000 em 1950.",respostas_gpt5.5_mini,a população de a Guiné-Bissau,era de,518.000 em 1950,3
"De acordo com a revisão de 2010 de a Perspectiva Mundial de a População de a ONU, a população de a Guiné-Bissau era de 1.515.000 em 2010, em comparação com 518.000 em 1950.",respostasGemini3.1Pro,a população de a Guiné-Bissau,era de,518.000 em 1950,3
